108131048,36121418
108161597,36143810
108174890,36155717
108239483,36203774
108415436,36295052
108611873,36421574
108620318,36427808
108650771,36449366
108790415,36506471
108792758,36508925
108894479,36571427
108909821,36584852
108976037,36619178
108995483,36630500
108997541,36632570
109000451,36635429
109004339,36638573
109030091,36657014
109048632,36672346
109095839,36708821
109129700,36731789
109161680,36755198
109268598,36837780
109487973,36991554
109509330,37005003
109630305,37091034
109679091,37125216
109705173,37144965
109709835,37148682
109717176,37153749
109742061,37173393
109760988,37184697
109794993,37206243
109848020,37243280
109915978,37286407
110009284,37348585
110056438,37380319
110061844,37384048
110068228,37387525
110110402,37417213
110126785,37425667
110129503,37427185
110144821,37435768
110155498,37441951
110155612,37442026
110169208,37449814
110188804,37460899
110214388,37484134
110261776,37508137
110378434,37585402
110448373,37642651
110455009,37649371
110517760,37697293
110567005,37730848
110600073,37751646
110622282,37767552
110636406,37776180
110662899,37794801
110680815,37808697
110689023,37814358
110691870,37817622
110695914,37820955
110730744,37843023
110858901,37919037
110883975,37935657
110913498,37951035
110919129,37953207
110926560,37961259
110970195,37988259
111022653,38017227
111031251,38022489
111035802,38024994
111064941,38056143
111090951,38068989
111169116,38116596
111341805,38236203
111523562,38359562
111540662,38372816
111540671,38372822
111548726,38378129
111599669,38416352
111627626,38436290
111651362,38455697
111651365,38455715
111651371,38455796
111651374,38455856
111776789,38539292
111797267,38552684
111802538,38559326
111822401,38574695
111830285,38579990
111868040,38605475
111880896,38611842
111926967,38641662
111965589,38749740
111967062,38669433
111997137,38688816
112004661,38694183
112034220,38717148
112034418,38723505
112041717,38722674
112042569,38723781
112098429,38760954
112113444,38769081
112133298,38781540
112138782,38785068
112145781,38790678
112174059,38805420
112180599,38809860
112197441,38822661
112219827,38835663
112226181,38839284
112228956,38841672
112261197,38859348
112262808,38860782
112277349,38853585
112278540,38865963
112281873,38868114
112283493,38870073
112285338,38871444
112315296,38891352
112329516,38899233
112353651,38909988
112366653,38918559
112389780,38930766
112405890,38939784
112407897,38941800
112426791,38953950
112427373,38954256
112437681,38963067
112454217,38971947
112458981,38973447
112466013,38977209
112481313,38987670
112483404,38988600
112496727,38996391
112511715,39005907
112518858,39009894
112522266,39012276
112590393,39062046
112595355,39066132
112625931,39084933
112672749,39115923
112677552,39120879
112677804,39121344
112677807,39121341
112750776,39154890
112770408,39168684
112771062,39169086
112788885,39178326
112789629,39178800
112804371,39188529
112807590,39191724
112811781,39195876
112812771,39196809
112820313,39202113
112826202,39206382
112845882,39218652
112873884,39234405
112876134,39235983
112893660,39244926
112895157,41913714
112906815,39252984
112910466,39255450
112917789,39259821
112922460,39263346
112927389,39267324
112945188,40017039
112947393,39282144
112974147,39301026
112993092,39313491
112994220,39314298
113007624,39322149
113014503,39327882
113021487,39332145
113040927,39343656
113042292,39344289
113049216,39349449
113049963,39349920
113059113,39355755
113059890,39356349
113062632,39358320
113071416,39366672
113101596,39387795
113134347,39404473
113148085,39412369
113151007,39416125
113163973,39422155
113205739,39451012
113237458,39472411
113242684,39476242
113248177,39479356
113254162,39483649
113266570,39491593
113288203,39505864
113297419,39511390
113297773,39511633
113299378,39512770
113307184,39519397
113315107,39525193
113315539,39525619
113353800,39606084
113356476,39556524
113371386,39564927
113378985,39569739
113387913,39575373
113389620,39576072
113400315,39583440
113419041,39595689
113433258,39606000
113447382,39616866
113448735,39618849
113467971,39635430
113469525,39636972
113469564,39637071
113480106,39644508
113496249,39653103
113521293,39668658
113532648,39676107
113558541,39694056
113558580,39694065
113558799,39694146
113571819,39704787
113576940,39709215
113585094,39714108
113588625,39717567
113596152,39726006
113624958,39747759
113630886,39752874
113650617,39766923
113665764,39774924
113683095,39787134
113701899,39801795
113705049,39804117
113724027,39819342
113733420,39827232
113749749,39840822
113761500,39849729
113762340,39850395
113763825,39851415
113765115,39852588
113769471,39856185
113776398,39861054
113782854,39864639
113789991,39870426
113836263,39884673
113836680,39884922
113876280,39905109
113881134,39908892
113882385,39909954
113885418,39913710
113888424,39917757
113902350,39925458
113941410,39949194
113959947,39961323
113965578,39965190
113966541,39965823
113974155,39971076
113983122,39977103
113990073,39980478
114007032,39991488
114009630,39993336
114014817,39997125
114020706,40001766
114020997,40038081
114044886,40019931
114048378,40021632
114057912,40029918
114071874,40036308
114095454,40051236
114120309,40061466
114144522,40074543
114151347,40077297
114183612,40096230
114189486,40099308
114197427,40105461
114200196,40107936
114200391,40108317
114203106,40111158
114214191,40118685
114226437,40125645
114226803,40125813
114231972,40127982
114232209,40128156
114251583,40137939
114263697,40146162
114269286,40150122
114271413,40150599
114286305,40161444
114318903,40186950
114319437,40198137
114321324,40189185
114336102,40200228
114340929,40205211
114350373,40212273
114355713,40215903
114359865,40216704
114378591,40226373
114383232,40228560
114383631,40228905
114385914,40230807
114386268,40230921
114399153,40238694
114440481,40261866
114449403,40270398
114464994,40281270
114485619,40293648
114496515,40300029
114501759,40302759
114520518,40313697
114522900,40315041
114523062,40315149
114529224,40319379
114529284,40319334
114535059,40322964
114536931,40324425
114539457,40326600
114552507,40335771
114563463,40344111
114565386,40345566
114574185,40354782
114576372,40356348
114582387,40360740
114590157,40367250
114592710,40369164
114600609,40374393
114606198,40378029
114610212,40380786
114625179,40390416
114625497,40390659
114626556,40391475
114626706,40391544
114667038,40418295
114685539,40603474
114710448,40441977
114711957,40443477
114721746,40451520
114722358,40452093
114727062,40456026
114730743,41103970
114734361,40477281
114740031,40463988
114745530,40468062
114755019,40473444
114764499,40480569
114777759,40489956
114780822,40492353
114799395,40503177
114802782,40505490
114804789,40506633
114808323,40508880
114827970,40522992
114840822,40532988
114848310,40539576
114857967,40548015
114863952,40552620
114870645,40557003
114879012,40561908
114884460,40566567
114887019,40567968
114943087,40592344
114952294,40600447
114952765,40601161
114960472,40605433
114962404,40606729
114966622,40611157
114974440,40620139
114975607,40620742
114982165,40626442
114999199,40639918
115000798,40641325
115016764,40655572
115018870,40656427
115026370,40660936
115028683,40662640
115034197,40665232
115035034,40665952
115048246,40676569
115054510,40679689
115059799,40682164
115066507,40687252
115077376,40694326
115078288,40695040
115078609,40695343
115079683,40696579
115085539,40701715
115093594,40708144
115096081,40710079
115126012,40731886
115126936,40732459
115127119,40732633
115136572,40738057
115146562,40745575
115151308,40748179
115164631,40757389
115164667,40757422
115177600,40766203
115183723,40770802
115209070,40792339
115209823,40792834
115210798,40793350
115216213,40799644
115217374,40800883
115219849,40803709
115234363,40814890
115240252,40818889
115244356,40821775
115250578,40824958
115253308,40827415
115254976,40828750
115284754,40847311
115286881,40848412
115289224,40850215
115299361,40855480
115306537,40858258
115306633,40858282
115316194,40864549
115327450,40871557
115331704,40875610
115331968,40875739
115333084,40876426
115341085,40881631
115342519,40882723
115343437,40883578
115344910,40884970
115358611,40896376
115361305,40897912
115365961,40901347
115378255,40910065
115380880,40912438
115382410,40913332
115382593,40913497
115388143,40918510
115408960,40932580
115416886,40936570
115420606,40942558
115431538,40949899
115433686,40951351
115437574,40954744
115437829,40955140
115437859,40955173
115438048,40955296
115459102,40962124
115460386,40963273
115471402,40972207
115483618,40977646
115487074,40982962
115488889,40984642
115502314,40995739
115508734,41000884
115517572,41007484
115518268,41007817
115522120,41010544
115524649,41012374
115538491,41020351
115554691,41031040
115556872,41032207
115557772,41033155
115558771,41033989
115559773,41035057
115562374,41007277
115564036,41037316
115573903,41044939
115576516,41047174
115577536,41048293
115581235,41050879
115582390,41051944
115592611,41059648
115599559,41065018
115600519,41065753
115603381,41068837
115610500,41074528
115612072,41091793
115625239,41085232
115625956,41086105
115638037,41095033
115638260,41095156
115640209,41096326
115645273,41098693
115645315,41098699
115646212,41099008
115646620,41099317
115656775,41104588
115656790,41104672
115659121,41105803
115669258,41107768
115692190,41118505
115694815,41119297
115701589,41112334
115707712,41123764
115707721,41123713
115708852,41124628
115708978,41124730
115716001,41128231
115718719,41129917
115729876,41135461
115733221,41137945
115746454,41147698
115747105,41148271
115750009,41151316
115752022,41153191
115752382,41153524
115763659,41160730
115768507,41164900
115777087,41171230
115805014,41187841
115810183,41207575
115810282,41191525
115815850,41194708
115823710,41199850
115825894,41201794
115829941,41204608
115838287,41212582
115840162,41213680
115846207,41218189
115855912,41222815
115880170,41227087
115880689,41227567
115890610,41234104
115896880,41237692
115897057,41237884
115915588,41252644
115918492,41254300
115925716,41260447
115929460,41263690
115929754,41263927
115936519,41267404
115940053,41269210
115961932,41277427
115978594,41280649
115980247,41283892
115981480,41284924
115983505,41285560
115985983,41286790
115988260,41288359
115989814,41289526
115991992,41291116
115993570,41293642
115999939,41297071
116000152,41297185
116000236,41298670
116014018,41309686
116019304,41310679
116026375,41315125
116028868,41317003
116030392,41317480
116044696,41326258
116052085,41332030
116053744,41333389
116060317,41336155
116067640,41342695
116073406,41348827
116081659,41353723
116088646,41360350
116091883,41363089
116100721,41371162
116104558,41372989
116104573,41372962
116104576,41372974
116104897,41373298
116116939,41381458
116133574,41386702
116135071,41388352
116137234,41389492
116152213,41402428
116157895,41406853
116167327,41409427
116179495,41414770
116183920,41418184
116185552,41419237
116187754,41421079
116187904,41421238
116192740,41424850
116194540,41426302
116197327,41427667
116198311,41423884
116199643,41435635
116200804,41429464
116202256,41430532
116203156,41431174
116204005,41432029
116206204,41433676
116221744,41443198
116225398,41446954
116229172,41450464
116230906,41452294
116237677,41455630
116239624,41457187
116241628,41458996
116242285,41459629
116243023,41460007
116243470,41460778
116247958,41464285
116248507,41465005
116249185,41465560
116250619,41467246
116256100,41471407
116263678,41477011
116266607,41479178
116267046,41479434
116267688,41479710
116273709,41484114
116276781,41485848
116279667,41488128
116280636,41488938
116281122,41489391
116284635,41492769
116285508,41493468
116298612,41501982
116304756,41507466
116305014,41507784
116305677,41508381
116310618,41510721
116311884,41511426
116320170,41519364
116321457,41520711
116334702,41529369
116337693,41531799
116337966,41532309
116350164,41540661
116350632,41541147
116354079,41544993
116354145,41545062
116358279,41548401
116365230,41552931
116366007,41553798
116369538,41557104
116369619,41557176
116372865,41559813
116388210,41573649
116392230,41576790
116399502,41581629
116400315,41581983
116423214,41596161
116433480,41602782
116443731,41606943
116443893,41607072
116446626,41607810
116450373,41610555
116451213,41610780
116451426,41610879
116456076,41612562
116477280,41620689
116477421,41620758
116505573,41624478
116505600,41624487
116515188,41633748
116517132,41635686
116518734,41636922
116533743,41642247
116536308,41642763
116537736,41643537
116539389,41645418
116541240,41646840
116577393,41663922
116577489,41664054
116581368,41667285
116599578,41678130
116599761,41678223
116600136,41678409
116601264,41679717
116603220,41681949
116603709,41682582
116611059,41687460
116615745,41689881
116615922,41689887
116617278,41690976
116618181,41692422
116621649,41695350
116623206,41696874
116644077,41703099
116649276,41707245
116655837,41710845
116660940,41715363
116675496,41722803
116686632,41727831
116688960,41729775
116690268,41730987
116695560,41736078
116696448,41737029
116700642,41739936
116703339,41741355
116704338,41742177
116708247,41745588
116709420,41710017
116709834,41746677
116710065,41746788
116710614,41747241
116714433,41749386
116721468,41752002
116721630,41752083
116722182,41752479
116722314,41752611
116726370,41755974
116733276,41761326
116744052,41768973
116745978,41770584
116746761,41771292
116748078,41772174
116749857,41773131
116759511,41776674
116759544,41776512
116761434,41778357
116762424,41779413
116767380,41782845
116772477,41786577
116778489,41789187
116779296,41789736
116782494,41791986
116782938,41792226
116787915,41795685
116792607,41799672
116793252,41797143
116798091,41802894
116799231,41804217
116801853,41807508
116802480,41808504
116803800,41809584
116808144,41814513
116811021,41817324
116812059,41818488
116812266,41818767
116813973,41820789
116815428,41822238
116820009,41825208
116820318,41825748
116821344,41826357
116821557,41826498
116821701,41826639
116821731,41826651
116823258,41828091
116824974,41830638
116829306,41834361
116856747,41840559
116862564,41844303
116866443,41845959
116868561,41848104
116869020,41848698
116873106,41853054
116873691,41853741
116883375,41855445
116890386,41857599
116891607,41858052
116895792,41859780
116909358,41865963
116909529,41866011
116909550,41866047
116912097,41867838
116916654,41870730
116922507,41873841
116930499,41882439
116931540,41883357
116934420,41886063
116939226,41898375
116942097,41889957
116944194,41891760
116944842,41892351
116945436,41892855
116962161,41904288
116962200,41904318
116964483,41906349
116967894,41908659
116973393,41912148
116973432,41912175
116979114,41916072
116981199,41918934
116983131,41920545
116983623,41920893
116984310,41921439
116984943,41922282
116987280,41924106
116988519,41924964
116993832,41923233
116994279,41944578
116994498,42015687
116996640,41929512
117005520,41936361
117009261,41938764
117012366,41940831
117020907,41946240
117029028,41950884
117031497,41952795
117033558,41954241
117034659,41954976
117042297,41961258
117042516,41961438
117044607,41963187
117045807,41964369
117059262,41973672
117064518,41978832
117065823,41980218
117066513,41980665
117067473,41981322
117068955,41982399
117073374,41984376
117073797,41984778
117075879,41985789
117078327,41987526
117079233,41988054
117080193,41988879
117080796,41989179
117084102,41991639
117091590,42176640
117094032,41996517
117100143,42001209
117100632,42001899
117102402,42002952
117108225,42006282
117109977,42007887
117110841,42008349
117112086,42009357
117112143,42009438
117112383,42009630
117113298,42010293
117114096,42010746
117114120,42010752
117116364,42011862
117117297,42012423
117117528,42012657
117123150,42015942
117125169,42017307
117125856,42017820
117128355,42019755
117128865,42020049
117129357,42020481
117129444,42020577
117132657,42022611
117132849,42022839
117134661,42023766
117136602,42027855
117137247,42024978
117137703,42025542
117144999,42031500
117146241,42032184
117151383,42035124
117153078,42036750
117154644,42038268
117155643,42038931
117155931,42039510
117157188,42040734
117159783,42042990
117164910,42052245
117168855,42056571
117169152,42056778
117169278,42056799
117169461,42057006
117171939,42059835
117175161,42063039
117175698,42063360
117179340,42065208
117181317,42066204
117184758,42068118
117185412,42068904
117187869,42070593
117188193,42070893
117188370,42071187
117197253,42077454
117198852,42078231
117199842,42079125
117203079,42082260
117204495,42083205
117204687,42083466
117207828,42084870
117210630,42086697
117213423,42088575
117215934,42091749
117217011,42089220
117220566,42094926
117224031,42097176
117225693,42097833
117227871,42099009
117228111,42099111
117229116,42099855
117239016,42106497
117240933,42107334
117243687,42109125
117243828,42109245
117243894,42109275
117245205,42110223
117245283,42110238
117247095,42111666
117247485,42111945
117248574,42112707
117249297,42101838
117251907,42115806
117258234,42119889
117258756,42120240
117259419,42120783
117261657,42123633
117264507,42126597
117264810,42126888
117265428,42127497
117266094,42128385
117271248,42131799
117272214,42132732
117275565,42135789
117277332,42137691
117277809,42137895
117277893,42138165
117277932,42138189
117277953,42138195
117279033,42139176
117280251,42140088
117294108,42152919
117294972,42153630
117294993,42153609
117295221,42153798
117297552,42155385
117298080,42155739
117302040,42158739
117309000,42163164
117310077,42163845
117314598,42167085
117315027,42167724
117315153,42167859
117317439,42169671
117317514,42169731
117320862,42171312
117327198,42175716
117329193,42177084
117332151,42179925
117333828,42180855
117336504,42182373
117340809,42184326
117340914,42184314
117341661,42184797
117342957,42185649
117347739,42189438
117350097,42190932
117350244,42190950
117356775,42196722
117357525,42199095
117360951,42201216
117363918,42203514
117364962,42204633
117377466,42213045
117378480,42215199
117383427,42219315
117384336,42219918
117384681,42220311
117384984,42220476
117386577,42222009
117389667,42223554
117390714,42224508
117392814,42226146
117396462,42229287
117397437,42230370
117397656,42230529
117400989,42233427
117404061,42236076
117407778,42238062
117408327,42238341
117412782,42241905
117414993,42243291
117415662,42243861
117418035,42245844
117422685,42248316
117423615,42249285
117424503,42249735
117428040,42238314
117429234,42254259
117429324,42254250
117429447,42254385
117431334,42256284
117439830,42261561
117440763,42262356
117440880,42262485
117441165,42262584
117444288,42265275
117452484,42270087
117452832,42270303
117453675,42270933
117454677,42272262
117455664,42272913
117458163,42274476
117464478,42276921
117467145,42277914
117468330,42278361
117470604,42279834
117470910,42280035
117471066,42280116
117471357,42280335
117472902,42281634
117473493,42282000
117475368,42283308
117476565,42283935
117476841,42284121
117480900,42286398
117481842,42286938
117481923,42286947
117482601,42287493
117483048,42288003
117483258,42288318
117485520,42290295
117488292,42293736
117489909,42295635
117493050,42298128
117494022,42299229
117498486,42302085
117500649,42304248
117503259,42306684
117503301,42306690
117504150,42307494
117505641,42309060
117506793,42310215
117507615,42310860
117507996,42311088
117509214,42311817
117514611,42316224
117515799,42316944
117516768,42317475
117522123,42355551
117528393,42326721
117531276,42327309
117534321,42328905
117534522,42328965
117534651,42329121
117538155,42331689
117539253,42332613
117545046,42336108
117545064,42336111
117545265,42336213
117550725,42341568
117553311,42344106
117554058,42344490
117554148,42344475
117554601,42344688
117555267,42344667
117566055,42350940
117567153,42352014
117567708,42352416
117568095,42352641
117568494,42352941
117569424,42353541
117570645,42354528
117571716,42355587
117572244,42356124
117574584,42357405
117580146,42360870
117580842,42361422
117582963,42362970
117590004,42368850
117590808,42349149
117595290,42372054
117596025,42372990
117596787,42373770
117599469,42376503
117600150,42377037
117602214,42378633
117603696,42379977
117610818,42383940
117612012,42384966
117613812,42387735
117614070,42387957
117614988,42388722
117615717,42389421
117616188,42639267
117619068,42393003
117619539,42393291
117619878,42393639
117620199,42393768
117621366,42394851
117621687,42395139
117625500,42397245
117626181,42397746
117626700,42398016
117629760,42400149
117632199,42402489
117634497,42404151
117634740,42404136
117636144,42405270
117639111,42407223
117639732,42407517
117640782,42408051
117640878,42408198
117641664,42408507
117643950,42409389
117648468,42412929
117649071,42413661
117649074,42413685
117649536,42413955
117652941,42416469
117653664,42416757
117655896,42418059
117660345,42418644
117667818,42422358
117667866,42422328
117670062,42423345
117670782,42423723
117670803,42423738
117672012,42424584
117672618,42425202
117688167,42432174
117688320,42432249
117690372,42433620
117692370,42435318
117696621,42437847
117712740,42439185
117716634,42440295
117717483,42441033
117717555,42441081
117717996,42441405
117719007,42442227
117721851,42443577
117723843,42444852
117734286,42446301
117740073,42447444
117741276,42448572
117741336,42448605
117741426,42448644
117743532,42449676
117744660,42451017
117750903,42455478
117752637,42456738
117754041,42457488
117779715,42458982
117780561,42459357
117781794,42460071
117783450,42461193
117783831,42461772
117786411,42462807
117786948,42462882
117787359,42463023
117788637,42464031
117791574,42466719
117807813,42471330
117817734,42473769
117819207,42474945
117820335,42475311
117820353,42475359
117820458,42475416
117821892,42476589
117822024,42476664
117822372,42486909
117822387,42486891
117822408,42486900
117823008,42477564
117823299,42477930
117824550,42478650
117825285,42479085
117825453,42477282
117825981,42479448
117828507,42479862
117829629,42487851
117830100,42480717
117830169,42480741
117830901,42481173
117831018,42481239
117832200,42481869
117832299,42481899
117836769,42484836
117841974,42486591
117845595,42487863
117845883,42488109
117845898,42488115
117846081,42488310
117847782,42489978
117849558,42490752
117849759,42490812
117849921,42491121
117851433,42492108
117854040,42494067
117859194,42496473
117859737,42496665
117859974,42496833
117861999,42498108
117863271,42498630
117868233,42502161
117868491,42502326
117870573,42503478
117871176,42503763
117877683,42504948
117879309,42505846
117879312,42505873
117881952,42507987
117883092,42509199
117883161,42509226
117883227,42509247
117888063,42512697
117888288,42512751
117902397,42563715
117907944,42515799
117915318,42519075
117917619,42520938
117918603,42519054
117918633,42521745
117933006,42524136
117934485,42525147
117935571,42526242
117939240,42528786
117939534,42528882
117939615,42529098
117940662,42529962
117940788,42529989
117940824,42530070
117941697,42530880
117942105,42531441
117942471,42531906
117942663,42531945
117948948,42536397
117950286,42537261
117950295,42537336
117954786,42542463
117955323,42542895
117956802,42545394
117956988,42545523
117958695,42547104
117959166,42547353
117960744,42548478
117975165,42550791
117976404,42551826
117977385,42552522
117979128,42554406
117979647,42554826
117980211,42555417
117981882,42555294
117984396,42557910
117984738,42558108
117987585,42558798
117987588,42558816
117988431,42559221
117997068,42562260
118000047,42563817
118000434,42564048
118000827,42564399
118004676,42566769
118007646,42568212
118010991,42568932
118011570,42569373
118011699,42569544
118021173,42574584
118022358,42575286
118022436,42575355
118038930,42582567
118038981,42582657
118039743,42583425
118043268,42585246
118048047,42586950
118057038,42588945
118064790,42590883
118067031,42592077
118067817,42592749
118071588,42596286
118071714,42596331
118071963,42596613
118072908,42597588
118073970,42598416
118074360,42598725
118074363,42598710
118074945,42599055
118075053,42599178
118081260,42601491
118089501,42602838
118102215,42606351
118108905,42608223
118110324,42608892
118112097,42610053
118112751,42610521
118120062,42612576
118122012,42613782
118122765,42614589
118122771,42615354
118124073,42615924
118124433,42616293
118124868,42616656
118127193,42619095
118127742,42619812
118129701,42621594
118129944,42621834
118130295,42621903
118136550,42623964
118139121,42625773
118147872,42626970
118148304,42627375
118149033,42627951
118149267,42628098
118151460,42630225
118153977,42633528
118155903,42636276
118156455,42637020
118160493,42642867
118170273,42648966
118175097,42652890
118175199,42653136
118175619,42653469
118176135,42653823
118183938,42656085
118185336,42657282
118185441,42657348
118200186,42658620
118204860,42659265
118209207,42660471
118214889,42662988
118215531,42663240
118222887,42665571
118226691,42666693
118228089,42666924
118228752,42667200
118228977,42667428
118238847,42668193
118243299,42670092
118245354,42671751
118246803,42673158
118254417,42678297
118263219,42685341
118264158,42686001
118264278,42686064
118265982,42687702
118268292,42689610
118270407,42690951
118272837,42691677
118280859,42697836
118281525,42698238
118282743,42699087
118283709,42699513
118287084,42701601
118289043,42702321
118291218,42703866
118291749,42704301
118292082,42704535
118292220,42704754
118293078,42705468
118294878,42709338
118295424,42709581
118298418,42713565
118303116,42715167
118303464,42715245
118308282,42716025
118312215,42717150
118318284,42717549
118326831,42719382
118327539,42719835
118330134,42720606
118330404,42722469
118332759,42724929
118334616,42726711
118335048,42727047
118335159,42727125
118337640,42729924
118340835,42730869
118344108,42732588
118344333,42732810
118345089,42733350
118345371,42733452
118352103,42736701
118352268,42736833
118353528,42738027
118353681,42738270
118354665,42739113
118356450,42740367
118358256,42742011
118358463,42742200
118358982,42742578
118359516,42742905
118359840,42743142
118369296,42747930
118371330,42750210
118371411,42750294
118373208,42752601
118373238,42752673
118376184,42755379
118377330,42756582
118378314,42757488
118379022,42758172
118381383,42759498
118382184,42760266
118383087,42761097
118383360,42761217
118383390,42761298
118383936,42761730
118385049,42762819
118388814,42765495
118390785,42767412
118391340,42767685
118391772,42767766
118395642,42768864
118395774,42768939
118397367,42769875
118398243,42770535
118399359,42771681
118400316,42772500
118400370,42772551
118400376,42772455
118400571,42772734
118400880,42772929
118403760,42775599
118406544,42777309
118407819,42778344
118408740,42779187
118409715,42779955
118410237,42781440
118411680,42782898
118412508,42783474
118412646,42783606
118413318,42784695
118416828,42787047
118417629,42788034
118417746,42788151
118418826,42789168
118419525,42789927
118421697,42792456
118423002,42793920
118423044,42793968
118423671,42794616
118427724,42797562
118430508,42799479
118434006,42802977
118434645,42803730
118438758,42807372
118438791,42807405
118439349,42807906
118441896,42809988
118443072,42810561
118443657,42810936
118443936,42811257
118444317,42811509
118445175,42812523
118446108,42813288
118455579,42819321
118455846,42819411
118456023,42819519
118456140,42819591
118456869,42820170
118459104,42821178
118461114,42822450
118464807,42825279
118471758,42848406
118472055,42829956
118472130,42829977
118475490,42832572
118475793,42832884
118479033,42835119
118479333,42835281
118482534,42837246
118482687,42837378
118483302,42837930
118484352,42838827
118484841,42839328
118485330,42839676
118485891,42840399
118486554,42841191
118492188,42844827
118493946,42845997
118494036,42846036
118494558,42846378
118496592,42848298
118499796,42851295
118501341,42852636
118502226,42853647
118504428,42855462
118506891,42856992
118506957,42857049
118509429,42858462
118509507,42858603
118509552,42858621
118510026,42859047
118511328,42860502
118513056,42862602
118513419,42863052
118513527,42863142
118514313,42863685
118516050,42864780
118525347,42872928
118525722,42873237
118525767,42873246
118526016,42873597
118526502,42874107
118527438,42894891
118527714,42875373
118529028,42876621
118529541,42877050
118530996,42878631
118532100,42879246
118532229,42879285
118532340,42879351
118537743,42881883
118538373,42882321
118538646,42882726
118538943,42883143
118539957,42883899
118540224,42884085
118540500,42884334
118541538,42884604
118541598,42884652
118542789,42885900
118544268,42887202
118551642,42891801
118551705,42891849
118552434,42892305
118553442,42893067
118553868,42893421
118553958,42893553
118554096,42894717
118554339,42893889
118554456,42894123
118555017,42894549
118555986,42895362
118556898,42896415
118557156,42896577
118557744,42896901
118562841,42900357
118563894,43074348
118564503,42901710
118564704,42901833
118564827,42901950
118566114,42903402
118566132,42903399
118566507,42903735
118566891,42904119
118568007,42905166
118568127,42905238
118568313,42905442
118568415,42905505
118569681,42906447
118569741,42906591
118570896,42907308
118570995,42907329
118571019,42907335
118571046,42907353
118572636,42908487
118573383,42908940
118573482,42909012
118574352,42909471
118576293,42907254
118577142,42912198
118579704,42914340
118580082,42914646
118581630,42916320
118582626,42917055
118582644,42917244
118583589,42918387
118584747,42919869
118584801,42919842
118584963,42920103
118585725,42921003
118585728,42919494
118594890,42928173
118595628,42928740
118596081,42929211
118597158,42930444
118597920,42931437
118598301,42931899
118598304,42931875
118598454,42931935
118598802,42932223
118598838,42932259
118599303,42932712
118599405,42932877
118599630,42933081
118602204,42935364
118602465,42936309
118602495,42936411
118603344,42937236
118604109,42937776
118604241,42937866
118605438,42939126
118606224,42939675
118608126,42940884
118609296,42941424
118609893,43017213
118613454,42943404
118614561,42944409
118614945,42944769
118615116,42944835
118616217,42945999
118616727,42946506
118617384,42947103
118618125,42947760
118618242,42947865
118618956,42948618
118619010,42948681
118621479,42950016
118622757,42950667
118624140,42951531
118625949,42951939
118629480,42954390
118630395,42955197
118630641,42955299
118630746,42955500
118631289,42955923
118631763,42956112
118632750,42956841
118632855,42956949
118634316,42958056
118634406,42958167
118634832,42958419
118635255,42958533
118636326,42960501
118636587,42960684
118638420,42962484
118642140,42965589
118642872,42966171
118643967,42967083
118644372,42967167
118644714,42967704
118645734,42968598
118645860,42968637
118645896,42968490
118650447,42971580
118650753,42972138
118651194,42972645
118654641,42975378
118657485,42977565
118657860,42977835
118657902,42977082
118657980,42977859
118658007,42977937
118658445,42978066
118659150,42978408
118659741,42978714
118661499,42979620
118667286,42983301
118667511,42983496
118668273,42983118
118668369,42984450
118668378,42984381
118669410,42985218
118670994,42986052
118672815,42987204
118673067,42987408
118673196,42987522
118673331,42988482
118674024,42989244
118674030,42989298
118674345,42989553
118674561,42989694
118674951,42989904
118674987,42989970
118679058,42992442
118682631,42995121
118687416,42999342
118687731,42999597
118688061,42999987
118690143,43002339
118691934,43003785
118692540,43004313
118694391,43005816
118694892,43006287
118695756,43004250
118699512,43009035
118700526,43009719
118700592,43009845
118702290,43011300
118702824,43011666
118703175,43011837
118705128,43013865
118706379,43014894
118708146,43016472
118709463,43017468
118709466,43017507
118709697,43017693
118710426,43018260
118711188,43018875
118711440,43018953
118712946,43020081
118713879,43020639
118714413,43020900
118714890,43021323
118715070,43021401
118716876,43022052
118717281,43022145
118718334,43022916
118719873,43025133
118720185,43025367
118720200,43025730
118720467,43026054
118721478,43026900
118722741,43027041
118723350,43027695
118723659,43028808
118723800,43028913
118724748,43029687
118726647,43031121
118726899,43031343
118726968,43031400
118727574,43031925
118730625,43034382
118731522,43034976
118732098,43035525
118733703,43038681
118734180,43039545
118734579,43039995
118735785,43041126
118736082,43041906
118736613,43042296
118736892,43042542
118737081,43042749
118739211,43044855
118739784,43045524
118739898,43045785
118741110,43046796
118741227,43047105
118741749,43047348
118742679,43048200
118743378,43048674
118743510,43048794
118743591,43048845
118744311,43049616
118744827,43049913
118745145,43049871
118745892,43050519
118746309,43050867
118746708,43051146
118747200,43051512
118748946,43052295
118749837,43052733
118751334,43053528
118751580,43053699
118752855,43054698
118752879,43054638
118754571,43056081
118755216,43056657
118756425,43057953
118757124,43058472
118757490,43058637
118757760,43058922
118757889,43058985
118757937,43059027
118758228,43059291
118758279,43059300
118759212,43059726
118762914,43062711
118763766,43063269
118765704,43064232
118766367,43065051
118768032,43066116
118768119,43066551
118768476,43066872
118769916,43068543
118769976,43068549
118770099,43068609
118770795,43068981
118771056,43068960
118771341,43069179
118773114,43070925
118774158,43071666
118775103,43071999
118775589,43072269
118777728,43073175
118777749,43073325
118779387,43074027
118781991,43075446
118782309,43083468
118783287,43076712
118785177,43078257
118787832,43080513
118788042,43080642
118789311,43081773
118790139,43082379
118792374,43084410
118793505,43084980
118795302,43085700
118795521,43085871
118795695,43086108
118796247,43086810
118798059,43088514
118798497,43089072
118799040,43090026
118799289,43090236
118800366,43091607
118800927,43092102
118800975,43092174
118801287,43092429
118801494,43092780
118802469,43093488
118802778,43093887
118803543,43094457
118803639,43094529
118805976,43097742
118806306,43098552
118806498,43098912
118807095,43099419
118811421,43103223
118813380,43104198
118815279,43105737
118815846,43106148
118817415,43107609
118817496,43107675
118817571,43107744
118817736,43107840
118818423,43108500
118818645,43108611
118819431,43109571
118819632,43109760
118821594,43111911
118822275,43112616
118822917,43113354
118823094,43113666
118825005,43115292
118825038,43115307
118825542,43116003
118827708,43117461
118828344,43118760
118829007,43119135
118829364,43119414
118830183,43119885
118834014,43122201
118834500,43122456
118834917,43122696
118835370,43123044
118836810,43124250
118837020,43124412
118837677,43124904
118837725,43125033
118837842,43125120
118837926,43125156
118838091,43125249
118839087,43126068
118840512,43126902
118840572,43127166
118840695,43133859
118840710,43127262
118841178,43127553
118843755,43129368
118844178,43129509
118845534,43130526
118845549,43130547
118845567,43130571
118846155,43130934
118848003,43131729
118848687,43123299
118848873,43132266
118849080,43132344
118849236,43132533
118849557,43132701
118849650,43132827
118849842,43132920
118850586,43133742
118851030,43134108
118851090,43134192
118851165,43134261
118851591,43134684
118851651,43134798
118851684,43134819
118851909,43135071
118851912,43135065
118851930,43135083
118852779,43135719
118853508,43136166
118853640,43136436
118854687,43137591
118855071,43138098
118855575,43138632
118855812,43138737
118856811,43139622
118858737,43140987
118860228,43142130
118860378,43142247
118860381,43142250
118862583,43143216
118863393,43143840
118864095,43144293
118864107,43144320
118864143,43144311
118864146,43144344
118865874,43153581
118866363,43145520
118866462,43145667
118867149,43146306
118869042,43146927
118869213,43147065
118869411,43147236
118869831,43147632
118869927,43147734
118870209,43147944
118871676,43149168
118873176,43149813
118873977,43150308
118875375,43151157
118878225,43153410
118879527,43154445
118879812,43154562
118883259,43157685
118884294,43158714
118885932,43159815
118887507,43162401
118889142,43163796
118892304,43165188
118893228,43165704
118893396,43165758
118893783,43107630
118893894,43166205
118895160,43167138
118896087,43167786
118896384,43168188
118896834,43168539
118897158,43169208
118898673,43170486
118898700,43170537
118901562,43172793
118901835,43173054
118902177,43173378
118903104,43173834
118903695,43174146
118905615,43175184
118909377,43177521
118910067,43179138
118910673,43179813
118910862,43179993
118912701,43181952
118913244,43181478
118913382,43182339
118913694,43182663
118913892,43182852
118913991,43182918
118914639,43183527
118915191,43184121
118915782,43184760
118916607,43185480
118917348,43186692
118917390,43186404
118918785,43188576
118919046,43188909
118919529,43189233
118922643,43191297
118923981,43192071
118925454,43193283
118925718,43193553
118925823,43193559
118926009,43194282
118927824,43196490
118928478,43197303
118928568,43197369
118929249,43197885
118929603,43198215
118930197,43198770
118930710,43199379
118931157,43199757
118931415,43200027
118932567,43204047
118932900,43204359
118933062,43204518
118933596,43204911
118934415,43205877
118935231,43206390
118935243,43206555
118935792,43206975
118938081,43208991
118938285,43209084
118944582,43213551
118945008,43213944
118945083,43213884
118945179,43213932
118946520,43214922
118946874,43215207
118947264,43215609
118947513,43215870
118948167,43216506
118949673,43217292
118950234,43218093
118950723,43218414
118950777,43218438
118952991,43219665
118954812,43220841
118955274,43221120
118957350,43222374
118962237,43224528
118962342,43224576
118962798,43224873
118963281,43225188
118963965,43225773
118964019,43225779
118965057,43226661
118965180,43226844
118966314,43227702
118967403,43229523
118967433,43228386
118968102,43230069
118969458,43230720
118970643,43233786
118971339,43234179
118974096,43235625
118974150,43235652
118976889,43237686
118977735,43238334
118977930,43238523
118978719,43239105
118978761,43239144
118979049,43239381
118979286,43239546
118981284,43240059
118982289,43240968
118982667,43241355
118983660,43242444
118983852,43242603
118985526,43243722
118987623,43245648
118988802,43245684
118990530,43247292
118990587,43247382
118990608,43247262
118990734,43247415
118990809,43247457
118991103,43247655
118992327,43248564
118992576,43248744
118992618,43248801
118994751,43250985
118994787,43250988
118994817,43251348
118994832,43251375
118994880,43251393
118995066,43251561
118995390,43251846
118995675,43252083
118996068,43252338
118997448,43253484
119000994,43256778
119006388,43259727
119008122,43260999
119008260,43261161
119009547,43262466
119010360,43263309
119010603,43263495
119011530,43264185
119011845,43264401
119013999,43266327
119020551,43269183
119020680,43269240
119021013,43269444
119021133,43269543
119021139,43269621
119021268,43269774
119023545,43271772
119023653,43271823
119024718,43273077
119024898,43273278
119025132,43273404
119025558,43274001
119025882,43274397
119026236,43315683
119026389,43275144
119027541,43276455
119027817,43276677
119028117,43277193
119028222,43277340
119028579,43277748
119029194,43278441
119029518,43278684
119029719,43278861
119029911,43279068
119030895,43280190
119031099,43280130
119031393,43280649
119031798,43313037
119032656,43281468
119034189,43282407
119034795,43282812
119035428,43283352
119035671,43283424
119035863,43283505
119037603,43284327
119037909,43284549
119038398,43284702
119038629,43284822
119038770,43284975
119039049,43285110
119039406,43285578
119039451,43285671
119041335,43287738
119041539,43287966
119041683,43288218
119041881,43288821
119042208,43289121
119043564,43290525
119043621,43290567
119043825,43290690
119044608,43291368
119045778,43292733
119046027,43292871
119047521,43294674
119050344,43296444
119050380,43296783
119050725,43297053
119052540,43298436
119052717,43298520
119055444,43300392
119056068,43300656
119056143,43300692
119056353,43300842
119057517,43301325
119057619,43301367
119060796,43303014
119060868,43303044
119061498,43303503
119061669,43303719
119062239,43304121
119062356,43304166
119062434,43304211
119064333,43306119
119064705,43306383
119066388,43307724
119066523,43307838
119066670,43307925
119066778,43302546
119066817,43308345
119066973,43308651
119066997,43308723
119067474,43309392
119067573,43309584
119067702,43309791
119067714,43309827
119067744,43309860
119067795,43309914
119067969,43310271
119067999,43310328
119068119,43310568
119068125,43310574
119068347,43311102
119068662,43311711
119068701,43311828
119068755,43311966
119068920,43312287
119069034,43312467
119069142,43312623
119069292,43312899
119069358,43312992
119069388,43313064
119070027,43314231
119070072,43314267
119070267,43314837
119070648,43315464
119070741,43315575
119071338,43316433
119074251,43317537
119074269,43317591
119074332,43317657
119074350,43317678
119074389,43317756
119074407,43318206
119074938,43322331
119075535,43322871
119075634,43323102
119075964,43323777
119076027,43323864
119076180,43324002
119076213,43324092
119076279,43324257
119076288,43324281
119076330,43324356
119076408,43324446
119076612,43325127
119076627,43325169
119076747,43325280
119076879,43325472
119076900,43325487
119076903,43325484
119076927,43325529
119077055,43330520
119077203,43330875
119077218,43330905
119077248,43330941
119077494,43331526
119077668,43331802
119078007,43332798
119078166,43332984
119078913,43334250
119078937,43334301
119079033,43342092
119079744,43334667
119080308,43335144
119080533,43335327
119080590,43335363
119080728,43335666
119080956,43335816
119081124,43336125
119081169,43336194
119081568,43336650
119081709,43336800
119081715,43336848
119081757,43336872
119082075,43337541
119082729,43338171
119083212,43338840
119083629,43339182
119084736,43340853
119084748,43340871
119084958,43341045
119085798,43341816
119085912,43341882
119087148,43342845
119087214,43342941
119087316,43323144
119087595,43343322
119087784,43343823
119087907,43343877
119089179,43345005
119091030,43348014
119091420,43348488
119091486,43348545
119091543,43348437
119091765,43348812
119091936,43349127
119092170,43349751
119093271,43351134
119093631,43351740
119093883,43352004
119094033,43352262
119094750,43353042
119094891,43353237
119095278,43353678
119095311,43353702
119095779,43354149
119095962,43354395
119098143,43347063
119098827,43356774
119099160,43356951
119099238,43356975
119099829,43357215
119100012,43357335
119100473,43357580
119101359,43358439
119101551,43358667
119101725,43358799
119102160,43359249
119102622,43359837
119102808,43360227
119103168,43360692
119103453,43360974
119103615,43361250
119103936,43362042
119104350,43362633
119104395,43362807
119104497,43362978
119104554,43363098
119104695,43363284
119104866,43380236
119105817,43364847
119106321,43365411
119106393,43365525
119106396,43365531
119106420,43365576
119106507,43365705
119107596,43367025
119108391,43367490
119109177,43368153
119109642,43368504
119110041,43368732
119111634,43370043
119111682,43370082
119111910,43370388
119111988,43370379
119111991,43370433
119112216,43370646
119112234,43370673
119112279,43370712
119112525,43359126
119113035,43371762
119113797,43372797
119114460,43373568
119115432,43374807
119116332,43375746
119116724,43376291
119116892,43376447
119117468,43377074
119117612,43377179
119117948,43377614
119118212,43377779
119118257,43377824
119119964,43379684
119120321,43379555
119120828,43379957
119120861,43379954
119120918,43380032
119121560,43380602
119121791,43380878
119121809,43380908
119121848,43380929
119122016,43381433
119122109,43381196
119122181,43381322
119122214,43381199
119122646,43381736
119122661,43381772
119122814,43381961
119123054,43382222
119124023,43383377
119124029,43383323
119124236,43358604
119124908,43384382
119125502,43384649
119126684,43385540
119127134,43385765
119127530,43385858
119127554,43385951
119128472,43386254
119130977,43386734
119131028,43386764
119134637,43388351
119134904,43388519
119135510,43388780
119135951,43388972
119136050,43389032
119136149,43389041
119136164,43389056
119136776,43389512
119137709,43390277
119138438,43390802
119138459,43390847
119139185,43391243
119139401,43391450
119140055,43391882
119140289,43391948
119140397,43392065
119140436,43392083
119141264,43392776
119141734,43392985
119141876,43393025
119143355,43394174
119144375,43394552
119146484,43397729
119147870,43398392
119148029,43398578
119148539,43399061
119148611,43399091
119148893,43399247
119149079,43399370
119149199,43399574
119149955,43400057
119151782,43401659
119152118,43401950
119152250,43402031
119152544,43402112
119152829,43402313
119152895,43402367
119152901,43402412
119153627,43403006
119153705,43403096
119153726,43403114
119156189,43404419
119156402,43404539
119156438,43404548
119157149,43405175
119159249,43405712
119159453,43405838
119160083,43406282
119160272,43407167
119160464,43407344
119160706,43408129
119160806,43408199
119160959,43408358
119161754,43409117
119161814,43409288
119164025,43411058
119164229,43411016
119164370,43411283
119164490,43411403
119164745,43411583
119165407,43412107
119169044,43414094
119169163,43414138
119170070,43414640
119170979,43415084
119171204,43415342
119171228,43415360
119171705,43415648
119172185,43416119
119172191,43425455
119172515,43416239
119172527,43416419
119172656,43416533
119172815,43416749
119173022,43417031
119173094,43417184
119173133,43417244
119173301,43417454
119173451,43417577
119173484,43417592
119173651,43417678
119173691,43417709
119173757,43417724
119173763,43417739
119174195,43418441
119174524,43418707
119174693,43418873
119174960,43419605
119175383,43420091
119175563,43420166
119175770,43420385
119176097,43420862
119176127,43420964
119176184,43421009
119176217,43421051
119176385,43421261
119177183,43422212
119177204,43422200
119178181,43423144
119178767,43423679
119178863,43423736
119178932,43423772
119179076,43423922
119179121,43423955
119179616,43424243
119179772,43424375
119181299,43425029
119182733,43425917
119182745,43425959
119183426,43426445
119184121,43427194
119184767,43427915
119184826,43428124
119184883,43428166
119185103,43428320
119185298,43428530
119185664,43428725
119185748,43428920
119186216,43429349
119186681,43429703
119186783,43430015
119187584,43432196
119187899,43431473
119188061,43431578
119188574,43432271
119189090,43432655
119190002,43433612
119190620,43434182
119191088,43434569
119192309,43435301
119192972,43435772
119193275,43435958
119194658,43436675
119195348,43437062
119195606,43437353
119196035,43437515
119196641,43438493
119197238,43439093
119197763,43439543
119197937,43439903
119198180,43440083
119198182,43440106
119198185,43440115
119198339,43440224
119198540,43440464
119198561,43440485
119198686,43440667
119199002,43441097
119199692,43441742
119199779,43441949
119200685,43442807
119200763,43442999
119201204,43443260
119201738,43443929
119202092,43444196
119202110,43444214
119202530,43444445
119202776,43434773
119202824,43444814
119204018,43445837
119204198,43446065
119206685,43450721
119207231,43447970
119208191,43448585
119208752,43449128
119209010,43449380
119210783,43451627
119210810,43450718
119210894,43450871
119211716,43451936
119211728,43451942
119212523,43452701
119212786,43452907
119213021,43453043
119213039,43453070
119213405,43453403
119213414,43453442
119214218,43453811
119214485,43453910
119215040,43457696
119215073,43454486
119215229,43454597
119215994,43455449
119216201,43455521
119216662,43455814
119218012,43456579
119218145,43456859
119218205,43456850
119218643,43457210
119219189,43457654
119219360,43457795
119219414,43457876
119220005,43458350
119220440,43458686
119220458,43458704
119220956,43459121
119221118,43459331
119221448,43459961
119221874,43460405
119222063,43460528
119222123,43460678
119222453,43460888
119223020,43461434
119223101,43461626
119223302,43461827
119223359,43461818
119223494,43462022
119223710,43462286
119223929,43462436
119224052,43462517
119224373,43462736
119225327,43402076
119225354,43463783
119225599,43463965
119225606,43463981
119226275,43464308
119227508,43435355
119227889,43465574
119229713,43466603
119229842,43466618
119229845,43466720
119229854,43466696
119230415,43467095
119230679,43467308
119230691,43467356
119231657,43467857
119232404,43468583
119233028,43469663
119233541,43469927
119233985,43470158
119234003,43470164
119235689,43471550
119235853,43472122
119236520,43472402
119236913,43472618
119239135,43474471
119239439,43474610
119240528,43475453
119240588,43475489
119240909,43475711
119241023,43475978
119241326,43475477
119241791,43476467
119242148,43476785
119242631,43477235
119243039,43477580
119243129,43477652
119243384,43477988
119243591,43478234
119244007,43478551
119244082,43478626
119244548,43478954
119244563,43478981
119244854,43479188
119245343,43479458
119245490,43479218
119245505,43479893
119245562,43479944
119245637,43479992
119246030,43480292
119246168,43480433
119246369,43480694
119246444,43480718
119246891,43481162
119247260,43481387
119247500,43481564
119249183,43482773
119249906,43481975
119250113,43483190
119250116,43483196
119250122,43483211
119250332,43483241
119250734,43483469
119250932,43483580
119251157,43483688
119251517,43483988
119251571,43484063
119251820,43484390
119252180,43484747
119252483,43485065
119252852,43485524
119252915,43485569
119253092,43485788
119253353,43486091
119253734,43486385
119253886,43486537
119254034,43486697
119254076,43486904
119254094,43486916
119254279,43487227
119254490,43485566
119254907,43487837
119255150,43487021
119255159,43488179
119255918,43488914
119256299,43489469
119256473,43489598
119256836,43489904
119256959,43489970
119257034,43490054
119257495,43490656
119258192,43491347
119258342,43491473
119258903,43491980
119260847,43494335
119262131,43494920
119262545,43495172
119262577,43495219
119262746,43495331
119262833,43455806
119262887,43495409
119263061,43495496
119263073,43495535
119263466,43495892
119263916,43496618
119265227,43498442
119265335,43498559
119265392,43498466
119265590,43498820
119265647,43498871
119265674,43498658
119266442,43499675
119266709,43499954
119266712,43499939
119267324,43501220
119267390,43501292
119267447,43501337
119267501,43501400
119267660,43501586
119267756,43501682
119268077,43502300
119268371,43502531
119268464,43502582
119268812,43503059
119268815,43502837
119268890,43503248
119269433,43503860
119269472,43503896
119269676,43504031
119269835,43504103
119270078,43504376
119270135,43504442
119270177,43504487
119270585,43504787
119270819,43504949
119271026,43505240
119271581,43505714
119272220,43506242
119272472,43506491
119272892,43506629
119273753,43507364
119274254,43507541
119274317,43507547
119275025,43507994
119275955,43508681
119276105,43508816
119277098,43509641
119277149,43509683
119277323,43509794
119277329,43509857
119277488,43509908
119278385,43510643
119278604,43510835
119278727,43511015
119279978,43512194
119280224,43512410
119280344,43512479
119280842,43512908
119281456,43513399
119281568,43513430
119282447,43514306
119282470,43514410
119282774,43514639
119283359,43515065
119283484,43515169
119283563,43515176
119283893,43515500
119284106,43515671
119285252,43516796
119285657,43517423
119286368,43517777
119286635,43517615
119287256,43518518
119290466,43519955
119292518,43520327
119292680,43520405
119292695,43520390
119293628,43521443
119294363,43522187
119294417,43522304
119294483,43522301
119295023,43523168
119295311,43523372
119295368,43523447
119295605,43523930
119296001,43541327
119296154,43524500
119296301,43524608
119296400,43524728
119296553,43524857
119298002,43526030
119298179,43526186
119299034,43526870
119299250,43527155
119299271,43527164
119299826,43527698
119299988,43527890
119300396,43528277
119300996,43528658
119301248,43528967
119301764,43529354
119301893,43529471
119303171,43530095
119303609,43530383
119304065,43530722
119304407,43530956
119304452,43530998
119304557,43531046
119304854,43531250
119305043,43531418
119305162,43531588
119305490,43532063
119305589,43532168
119305940,43532483
119305994,43532528
119306168,43532615
119306471,43532852
119306687,43533152
119306816,43533320
119306867,43533386
119307851,43534223
119308388,43534742
119308460,43534766
119308814,43535147
119309570,43535762
119310242,43536359
119310308,43536410
119310443,43536536
119310713,43536728
119310830,43536803
119311358,43537139
119312012,43537586
119312240,43537847
119312459,43537985
119312903,43538249
119313932,43539128
119313938,43539131
119314709,43539407
119314999,43539556
119315765,43596833
119315903,43540205
119316506,43540754
119316803,43541432
119316809,43541516
119317001,43541582
119317157,43541825
119317475,43542053
119319293,43543538
119320031,43544429
119320328,43544657
119320385,43544720
119320634,43544942
119320817,43545092
119320916,43545167
119321450,43545563
119321540,43545587
119322458,43546154
119322464,43546157
119322677,43546280
119323016,43546415
119324588,43547627
119325332,43548404
119325824,43548719
119326112,43548962
119326601,43549397
119326631,43549457
119327054,43549850
119327225,43550039
119327414,43550444
119327909,43550813
119328200,43551104
119328209,43551107
119328380,43551320
119328488,43551413
119328590,43551593
119328722,43552109
119329568,43552763
119329766,43553069
119330237,43553546
119330285,43553555
119330795,43553984
119331454,43554841
119332100,43555145
119332370,43555235
119332481,43555331
119332979,43555697
119333930,43556516
119334635,43557431
119334983,43557422
119335091,43557509
119335907,43558355
119336633,43559126
119336660,43558967
119336687,43559210
119336702,43559261
119337482,43560851
119338229,43561826
119338376,43561925
119338715,43562195
119338931,43562306
119339183,43562651
119339195,43562678
119339207,43562711
119339417,43563008
119339656,43563328
119340155,43563974
119340251,43564091
119340425,43564286
119340491,43564385
119340608,43564538
119341037,43565015
119341070,43565201
119341178,43565357
119341622,43567274
119341985,43567637
119342057,43567712
119342093,43567724
119342135,43567748
119342708,43568147
119343617,43568678
119346290,43570679
119346515,43570895
119346743,43571060
119347853,43571840
119348015,43571837
119348081,43572107
119349002,43573142
119349017,43573445
119349074,43573499
119349101,43573517
119349446,43574066
119349668,43574306
119349965,43574804
119350229,43575200
119350366,43575331
119350502,43575440
119350580,43575599
119350922,43575806
119351084,43576010
119351224,43576144
119351402,43576316
119352008,43576865
119352053,43577015
119352134,43577108
119352170,43577111
119352476,43577294
119352785,43577978
119352839,43578074
119352905,43578608
119353121,43579181
119353433,43579355
119353553,43580099
119353619,43580111
119353754,43580741
119354546,43581584
119354645,43581665
119354780,43581737
119356175,43582781
119356775,43583360
119357654,43583879
119357804,43583990
119357867,43584068
119358770,43584629
119358782,43584644
119358911,43584686
119359010,43584749
119359250,43584869
119359619,43585205
119359906,43585234
119360282,43585544
119360390,43585628
119360636,43585745
119360696,43587491
119360864,43585925
119361176,43586489
119361221,43586369
119361269,43586468
119361416,43586630
119361926,43587173
119362040,43587230
119362148,43587320
119362727,43587728
119362817,43587671
119362832,43587833
119362910,43587905
119362913,43587923
119363402,43588292
119363540,43588439
119363774,43588679
119364053,43589000
119364173,43589153
119364242,43589315
119364512,43589633
119364560,43589651
119364722,43589837
119364782,43590134
119364908,43589978
119364923,43590005
119365913,43590761
119366252,43591046
119366479,43591279
119366711,43591403
119367098,43591568
119367374,43591835
119367635,43591979
119367740,43592063
119368235,43592288
119368895,43593083
119369450,43593596
119369462,43593599
119369879,43593761
119370305,43594019
119370353,43594058
119371073,43594424
119371337,43594613
119371505,43594700
119371814,43594973
119371961,43595054
119372159,43595168
119372264,43601186
119372354,43595267
119372933,43595762
119373098,43595825
119373407,43596122
119373695,43596278
119373704,43596344
119373869,43596512
119374448,43596896
119374529,43597034
119374592,43597163
119374676,43597205
119374925,43597526
119375150,43597748
119375879,43598372
119376404,43598687
119376511,43598803
119376647,43598831
119376685,43598968
119377169,43600553
119377295,43600151
119377631,43600451
119377652,43600466
119378117,43600661
119378822,43600970
119378885,43601003
119378936,43601009
119378948,43601012
119380067,43601627
119380271,43601693
119380385,43601786
119381405,43602347
119381789,43602569
119382320,43602842
119382434,43602890
119382824,43603076
119382980,43603253
119383130,43603364
119383337,43603427
119383415,43603472
119383598,43603637
119384440,43604581
119384443,43604599
119384771,43604942
119384891,43604798
119385026,43605098
119385173,43605602
119385470,43606145
119385551,43606184
119385722,43606457
119385944,43606655
119386133,43606850
119386160,43606862
119386175,43606895
119386259,43607048
119386583,43607270
119387201,43608308
119387780,43609205
119387945,43609370
119388358,43609693
119389703,43610609
119390018,43610858
119390570,43611209
119390885,43611485
119391224,43611659
119391901,43612138
119392289,43612307
119393114,43612940
119393282,43613174
119393309,43613195
119393573,43613585
119393576,43613612
119393699,43613786
119393792,43613945
119393795,43613972
119394557,43614710
119394593,43614740
119394602,43614758
119395637,43658768
119395844,43615916
119395856,43615817
119396054,43616165
119396390,43616678
119396438,43616747
119396576,43617002
119396714,43617239
119396750,43617257
119397401,43617575
119397470,43617800
119397635,43617974
119398484,43618763
119398838,43619087
119398883,43619138
119398949,43587572
119399270,43619276
119399753,43619603
119400932,43620890
119400965,43620905
119400968,43620920
119400986,43620938
119401844,43621382
119402111,43621565
119402570,43622066
119403362,43622672
119403371,43622684
119403377,43622669
119403775,43622950
119403785,43622948
119403787,43622956
119403808,43622971
119404217,43623224
119404457,43623410
119404622,43623551
119404853,43623665
119405168,43624025
119408504,43628210
119408705,43628456
119408744,43628513
119408777,43628534
119409173,43628864
119409206,43628870
119409329,43629257
119409638,43629455
119409746,43629509
119410694,43630277
119410715,43630274
119410796,43630439
119411531,43630796
119412799,43631545
119412980,43631696
119413565,43632158
119414357,43632764
119414543,43632938
119414831,43633205
119415296,43633730
119415593,43634066
119415803,43634399
119416132,43634803
119416367,43635479
119416592,43635458
119416901,43635761
119417183,43636058
119417825,43637201
119417828,43637162
119417906,43637261
119418296,43637741
119418701,43638065
119419004,43638770
119419348,43639177
119419424,43639244
119419901,43639622
119421164,43640930
119421302,43640972
119421425,43641221
119421479,43641263
119421728,43641578
119421908,43641638
119422283,43642124
119422457,43642289
119423762,43703459
119423954,43642928
119425172,43643519
119425565,43643804
119425889,43644083
119425937,43644137
119425970,43644146
119425976,43644155
119426018,43644179
119426044,43644187
119426264,43644314
119426297,43644350
119426744,43644644
119426897,43644743
119427026,43644827
119427161,43644917
119427731,43645427
119429153,43646981
119429417,43647470
119429456,43647380
119429498,43647422
119429669,43647650
119429681,43648130
119429852,43647818
119429891,43647944
119430065,43648160
119430089,43648181
119430149,43648214
119430296,43648220
119430335,43648334
119430599,43648712
119430644,43648739
119430668,43648778
119430671,43648784
119430881,43649009
119430923,43648985
119431094,43649273
119431109,43649300
119431124,43649345
119431409,43649636
119431505,43649753
119432828,43651448
119433020,43651610
119433188,43651745
119433524,43614008
119434082,43653038
119434109,43653587
119434112,43653071
119434124,43653167
119434670,43653752
119434715,43653887
119434718,43653731
119434724,43653914
119435015,43654220
119435075,43654340
119435138,43654349
119435204,43654442
119435369,43659971
119435549,43654937
119436065,43655480
119436572,43688723
119436986,43656146
119437484,43656404
119438510,43657283
119438654,43657364
119439812,43658120
119439878,43658135
119440094,43658345
119440325,43658459
119440337,43658438
119440970,43658903
119441486,43659635
119441561,43659614
119441594,43659716
119442002,43660088
119442068,43660094
119442209,43660175
119442674,43660487
119442890,43660631
119442998,43660739
119443076,43660817
119443451,43661090
119443910,43661642
119443958,43661618
119444156,43661831
119444420,43662221
119444582,43662392
119444816,43662542
119444822,43662632
119445500,43663427
119445539,43663415
119445866,43663760
119445958,43663957
119445961,43663960
119446010,43663997
119446013,43664027
119446070,43664036
119446325,43664708
119446331,43664702
119448017,43666238
119449397,43667021
119452355,43668944
119452715,43669193
119452778,43669277
119453195,43669769
119453201,43669565
119453462,43670027
119453513,43669907
119453897,43670798
119454020,43670939
119454077,43671059
119454104,43671062
119454560,43671557
119455220,43672121
119456684,43673594
119456702,43673603
119456918,43673744
119457106,43673836
119457464,43674071
119457734,43674383
119457920,43674527
119458241,43674761
119458340,43674806
119458409,43674908
119459339,43676075
119460101,43676753
119460503,43676867
119460602,43676975
119460824,43677077
119461274,43677482
119461784,43677710
119462135,43677890
119462987,43678337
119463110,43678418
119463257,43678463
119463514,43678636
119463560,43678643
119464412,43679360
119464828,43679806
119465285,43680155
119465411,43680263
119465579,43680428
119466004,43680832
119466035,43680839
119466467,43681265
119466482,43681292
119466509,43681325
119466518,43681361
119466530,43681367
119466581,43681448
119466674,43681547
119466797,43681613
119467106,43681781
119467319,43681874
119467391,43681991
119467597,43682164
119467615,43682185
119468546,43683044
119468714,43683152
119469253,43683553
119469587,43683761
119469656,43683827
119469722,43683902
119469737,43683944
119470139,43684262
119470165,43684315
119470214,43684355
119470235,43684151
119470547,43684475
119470616,43684490
119471354,43684943
119471555,43685084
119471720,43685201
119472053,43685507
119472293,43685654
119472905,43685978
119472920,43686008
119472956,43686047
119473349,43686281
119473619,43686458
119473769,43686500
119474174,43686689
119474207,43686704
119474342,43686794
119474747,43763084
119474984,43687172
119475323,43687313
119475548,43687565
119475560,43687613
119475716,43687691
119475833,43687811
119476094,43688012
119476118,43688045
119476397,43688351
119476403,43688354
119477636,43689314
119478584,43690145
119478689,43690220
119478794,43690295
119478896,43690418
119479097,43691357
119479973,43692185
119479985,43692233
119480285,43692428
119480990,43693358
119481413,43693688
119482370,43694258
119482454,43694273
119482763,43653947
119482874,43694561
119482964,43694579
119482982,43694597
119483123,43694678
119483186,43694717
119483387,43694789
119483660,43694984
119484803,43695377
119484893,43695422
119485157,43695569
119485595,43695881
119485958,43696139
119486138,43696283
119486342,43696502
119486435,43696616
119486531,43696661
119486981,43697147
119487017,43697180
119487503,43697630
119487565,43697749
119487569,43697747
119487584,43697789
119487749,43698167
119487821,43698389
119487833,43698410
119487995,43698803
119488430,43699394
119489045,43700612
119489468,43701050
119489630,43701320
119489723,43701440
119489846,43701584
119489966,43701701
119490263,43701878
119490359,43701932
119490434,43702007
119490566,43702097
119490716,43702166
119490839,43702349
119491118,43702616
119491517,43702934
119491715,43703096
119492375,43703723
119493323,43704209
119493374,43704254
119493503,43704338
119493521,43704344
119493812,43704506
119493881,43704557
119494058,43704776
119496251,43706840
119497016,43707425
119497100,43707518
119497369,43707895
119497538,43708067
119497793,43708292
119497997,43708430
119498129,43708631
119498297,43708784
119498585,43709066
119498861,43709516
119499031,43709839
119499059,43709825
119499251,43710296
119499947,43710941
119500327,43711459
119500475,43711574
119500514,43711646
119500523,43711643
119500973,43712165
119501102,43712210
119501453,43712651
119501488,43712740
119502113,43714154
119502515,43714604
119502797,43708634
119502845,43714952
119503280,43715528
119504129,43716137
119504375,43716191
119504387,43716386
119504741,43716620
119505323,43716899
119505992,43717274
119506661,43717754
119507402,43718552
119507468,43718582
119507647,43718710
119508046,43718944
119509529,43720187
119509544,43720199
119509664,43720304
119509685,43720340
119509703,43720346
119509811,43720469
119510104,43720864
119510366,43721150
119510654,43721540
119510771,43721630
119511107,43721870
119511259,43722073
119511347,43722167
119511425,43722272
119511506,43722326
119511602,43722458
119511653,43722497
119511716,43722542
119511743,43722560
119511848,43722572
119511884,43722659
119511896,43722680
119511941,43722686
119512130,43727276
119512205,43722917
119512439,43723175
119512562,43723265
119512604,43723274
119512628,43723313
119513117,43723745
119513672,43724246
119513723,43724273
119513852,43724363
119513909,43724357
119513936,43724435
119513948,43724441
119513984,43724456
119514263,43724630
119514317,43719560
119514329,43724720
119514593,43724891
119514887,43725233
119514926,43725245
119514953,43725290
119515244,43725650
119515406,43725875
119515571,43726013
119515670,43726064
119517089,43727300
119517758,43727696
119517905,43727762
119518475,43728131
119518691,43728278
119519690,43728704
119519921,43728788
119520101,43728863
119520230,43728887
119520233,43728899
119520269,43728962
119520425,43729157
119520872,43729373
119521022,43729571
119521481,43730009
119521997,43730393
119522036,43730399
119523287,43731494
119523368,43731542
119524457,43732604
119524529,43732643
119524799,43732895
119524820,43732964
119524829,43732892
119524898,43733021
119525408,43733267
119525450,43733513
119525555,43733615
119525744,43733921
119525750,43733924
119525756,43733927
119525789,43733939
119525828,43733969
119525834,43733981
119525888,43733990
119525897,43734002
119526257,43734233
119526971,43734920
119527004,43734929
119527382,43735325
119527868,43735601
119527913,43735613
119527952,43735616
119531254,43738009
119531501,43738052
119531861,43738265
119532008,43738415
119532671,43738760
119532698,43738787
119533055,43739144
119533058,43739099
119533286,43739408
119533340,43739444
119533361,43739459
119533847,43739822
119533910,43739579
119533967,43741037
119533988,43739924
119534302,43740127
119534408,43740239
119534822,43740710
119535296,43741112
119535419,43741253
119535434,43741274
119535473,43741301
119536127,43741895
119536169,43741919
119536184,43741970
119536235,43742036
119536331,43741982
119536487,43742264
119536499,43742534
119536934,43742735
119537057,43742840
119537522,43743161
119537603,43743266
119537768,43743311
119538275,43743860
119538416,43743938
119538737,43744088
119539562,43744832
119539619,43744853
119539655,43744871
119539808,43744991
119539889,43745039
119539937,43745045
119540494,43745515
119540816,43745855
119541464,43746179
119541499,43746232
119543048,43747925
119543267,43748057
119543351,43748099
119543561,43748426
119543648,43748465
119543687,43748534
119544068,43748723
119544209,43748810
119544224,43748831
119544287,43748855
119544542,43749071
119544824,43749686
119545214,43750538
119545220,43750607
119545277,43750559
119545471,43750867
119545784,43751114
119545811,43751141
119545898,43751201
119545958,43751351
119546210,43751438
119546339,43751537
119546486,43751687
119546732,43752374
119546807,43752443
119547179,43752782
119547251,43752821
119547257,43752863
119547569,43753658
119547914,43754021
119547944,43754033
119548286,43754264
119548628,43754609
119549288,43755206
119550137,43755728
119550332,43755935
119550356,43755977
119550539,43756145
119552024,43757270
119553173,43758074
119553218,43758080
119553293,43758209
119553482,43758374
119553746,43758539
119553758,43758578
119553827,43758644
119553851,43758683
119554079,43758989
119554598,43866551
119554616,43759676
119554718,43759760
119554802,43759868
119554823,43759895
119554835,43759856
119554847,43759925
119554862,43759949
119554889,43759922
119555327,43760288
119555333,43760441
119555657,43760930
119555666,43760906
119555672,43760960
119555702,43760990
119555747,43761026
119556119,43761428
119556395,43761698
119557124,43762406
119557202,43762571
119557271,43762592
119557301,43762685
119557493,43762805
119557910,43763129
119557937,43763216
119557976,43763222
119558441,43763597
119558447,43763648
119559161,43764284
119559986,43764770
119561768,43765637
119564087,43767077
119564816,43767848
119564825,43767872
119565095,43768154
119565308,43768331
119565665,43768613
119565689,43768622
119565869,43768802
119565902,43768829
119565914,43768847
119566079,43768994
119566145,43769132
119566484,43769345
119566582,43769476
119566598,43769447
119566660,43769536
119566877,43769687
119567039,43769825
119567492,43770500
119567789,43770794
119567798,43770866
119568143,43771259
119568329,43771457
119568419,43771574
119568422,43771577
119568482,43771568
119568509,43771622
119568578,43771802
119568623,43771844
119568653,43771865
119569469,43772471
119569934,43772804
119570324,43773002
119570446,43773046
119570465,43773053
119570714,43773164
119570783,43773191
119570848,43773220
119571416,43773878
119571431,43773836
119572190,43774538
119573129,43775231
119573492,43775603
119573747,43775933
119573780,43775960
119574815,43776722
119575268,43777058
119575592,43777430
119575955,43777721
119576162,43777934
119576222,43777976
119576309,43778048
119577059,43779182
119577491,43779635
119577734,43779869
119577830,43779995
119578115,43780301
119578127,43780313
119578232,43780415
119578328,43780508
119578397,43780589
119578427,43780640
119578520,43780754
119578721,43780877
119578730,43780970
119578742,43780964
119579237,43781597
119579627,43782167
119579663,43782197
119579873,43782407
119580218,43782749
119580230,43782881
119580362,43783022
119580601,43783963
119581034,43784276
119581261,43784518
119581448,43784684
119581694,43785002
119581790,43785125
119582096,43785455
119582357,43785713
119582542,43785961
119583284,43786676
119583323,43786829
119583944,43787231
119584811,43787603
119585126,43787888
119585699,43788275
119586740,43789004
119586746,43789007
119586917,43789115
119588039,43789865
119588096,43789919
119588723,43789910
119589653,43791254
119589971,43791557
119590730,43792322
119590934,43792586
119591027,43792643
119591276,43792847
119591615,43793186
119591678,43793216
119591735,43793258
119591828,43793372
119591864,43793399
119592980,43794623
119593355,43794935
119593381,43795057
119593577,43795280
119593997,43795550
119594435,43796024
119595032,43796651
119595158,43796846
119595542,43797125
119595989,43797563
119596250,43797800
119596295,43797857
119596310,43797884
119596322,43797893
119596370,43797956
119596853,43798454
119597012,43798940
119597042,43798862
119597273,43799111
119597498,43799216
119598116,43800215
119599091,43801340
119599379,43801517
119600210,43802357
119600603,43802558
119600627,43804160
119600660,43802606
119601092,43803341
119601398,43803248
119602277,43803806
119602511,43803959
119602553,43804004
119602838,43812191
119603417,43804601
119603492,43804685
119603741,43804838
119604017,43804976
119604020,43805021
119604284,43805153
119604527,43805381
119604725,43805468
119604758,43805519
119604773,43805510
119604824,43805471
119605088,43805894
119605181,43805957
119605262,43806056
119605823,43806500
119605910,43806536
119606141,43806755
119606234,43806758
119606480,43807061
119606627,43808711
119607736,43808008
119607935,43808168
119608121,43808402
119608841,43808858
119608871,43808870
119608955,43808933
119608994,43808972
119609030,43808966
119609063,43808978
119609153,43809011
119609378,43809194
119609411,43809239
119609417,43809251
119609461,43809343
119609464,43809352
119609467,43809361
119609470,43809370
119609473,43809379
119609924,43809830
119609930,43809860
119610164,43809929
119610188,43810121
119610479,43810946
119610610,43811101
119610614,43811003
119610655,43811110
119610665,43811111
119611094,43811393
119611277,43811588
119611325,43812731
119611448,43811666
119611619,43811741
119611757,43811825
119611802,43811873
119612120,43812095
119612159,43812122
119612528,43812299
119612681,43812434
119612717,43812485
119613101,43812656
119613278,43812758
119613443,43812812
119614193,43813193
119614445,43813376
119615873,43814012
119616095,43814267
119616203,43814354
119616596,43814561
119616761,43814663
119616908,43814696
119617496,43815134
119617565,43815200
119618033,43815551
119618171,43815761
119618201,43815809
119618363,43815860
119618915,43816367
119619170,43816607
119619179,43816616
119619185,43816595
119619326,43816754
119619371,43816790
119619719,43816964
119619749,43816967
119619752,43816985
119619953,43817099
119619971,43817117
119620007,43817168
119620088,43817222
119620181,43817291
119620307,43817369
119620334,43817393
119620571,43817525
119620826,43817651
119620892,43817696
119620955,43817708
119621372,43822934
119621810,43818479
119621861,43818512
119622104,43818770
119622164,43818797
119622464,43819034
119622506,43819055
119623202,43819412
119623595,43820093
119623703,43820138
119623712,43820144
119624261,43820732
119624747,43821038
119624837,43821164
119624867,43821176
119625374,43821467
119625698,43821689
119625980,43821911
119626013,43821992
119626289,43822103
119626724,43822307
119627108,43822487
119627369,43822592
119628164,43823054
119628373,43823137
119628607,43823428
119628610,43823431
119628622,43823440
119628710,43823504
119629673,43824194
119630264,43824650
119630543,43824821
119630744,43824977
119630813,43825001
119630954,43825058
119631227,43825403
119631340,43825471
119631344,43825424
119631614,43825655
119631755,43825721
119631875,43825835
119632034,43827218
119632139,43827311
119632322,43827431
119632463,43834562
119632874,43827833
119632937,43827851
119633093,43828022
119633402,43828247
119633558,43828352
119633603,43828436
119633735,43828874
119634122,43829327
119634275,43829408
119634488,43829534
119634494,43829516
119634794,43829690
119635001,43825316
119635058,43830737
119635162,43830808
119635198,43830847
119635340,43830869
119636009,43831688
119636065,43831964
119636477,43831976
119636801,43832285
119636813,43832174
119637080,43832429
119637284,43832570
119637752,43832801
119637770,43832843
119638139,43832972
119638483,43833208
119638949,43833407
119639699,43833701
119639738,43833722
119639776,43833742
119640182,43834154
119640194,43834160
119640314,43834214
119640374,43834238
119640500,43834283
119641043,43834586
119641499,43834652
119641543,43835083
119641685,43835096
119641703,43835195
119642084,43835627
119642750,43836308
119642846,43836404
119643419,43837241
119643503,43837325
119643560,43837376
119643692,43837454
119644093,43837843
119644909,43838428
119644922,43838426
119645822,43839470
119645876,43839506
119645936,43839599
119645981,43839554
119646014,43839758
119646050,43839674
119646119,43839848
119646607,43840399
119646734,43840502
119647094,43840805
119647199,43841081
119647229,43841129
119647487,43841396
119647907,43841753
119648096,43841891
119648225,43842023
119648237,43842014
119648327,43842092
119648432,43842164
119648990,43842557
119649326,43842686
119649920,43843019
119650982,43843586
119652173,43844327
119652413,43844498
119652563,43844576
119653052,43844804
119653223,43844978
119653262,43844990
119653643,43845368
119653739,43845404
119653877,43845476
119653928,43845560
119654006,43845656
119654051,43845728
119654168,43845779
119654447,43846013
119654555,43846097
119654750,43846259
119654900,43846370
119654972,43846442
119655119,43846559
119655191,43846721
119655395,43846826
119655584,43846916
119655908,43847270
119656061,43847297
119656208,43847675
119656214,43847762
119656367,43847858
119656430,43847897
119656523,43848089
119656889,43848728
119657060,43848896
119657234,43849070
119657378,43850636
119657657,43849814
119657906,43850039
119658182,43850516
119658218,43850582
119658584,43852007
119658587,43852001
119659205,43852424
119659556,43852676
119659628,43852745
119659871,43852871
119661695,43854407
119662046,43854617
119662289,43854722
119662546,43854895
119662552,43854901
119662579,43854919
119662582,43854922
119662820,43855154
119662826,43855169
119663990,43855748
119664323,43856132
119664620,43856369
119664707,43856435
119664905,43856558
119665073,43856690
119665151,43856828
119665232,43856852
119665277,43856993
119665451,43857185
119665724,43857455
119665727,43857428
119666288,43858064
119666411,43858166
119666525,43858352
119666690,43858484
119666810,43858601
119666945,43858373
119666972,43858721
119667170,43859018
119667437,43859285
119667566,43859387
119667761,43859573
119667790,43859617
119667880,43859752
119667886,43859764
119667959,43859825
119668016,43859888
119668121,43859918
119668297,43860214
119668646,43860701
119668654,43860730
119668748,43860794
119668763,43860785
119668853,43860965
119669018,43861163
119669258,43861442
119669327,43861526
119669408,43861631
119669714,43861970
119669771,43862123
119669861,43862213
119669879,43862294
119669936,43862381
119670035,43862471
119670302,43862807
119670635,43863245
119670779,43863461
119671063,43863733
119671103,43863614
119671124,43863740
119671145,43863794
119671298,43864067
119671487,43864193
119671532,43864259
119671856,43864538
119671922,43864718
119671934,43864685
119671964,43864757
119672483,43865126
119672498,43865192
119672894,43865528
119673044,43865615
119673458,43865804
119673569,43866038
119673587,43866044
119673641,43866095
119674613,43866689
119674619,43866707
119675144,43866974
119675324,43867121
119675633,43877738
119675795,43867688
119675912,43867754
119676287,43868267
119676314,43868291
119676473,43868456
119676587,43868573
119677004,43868687
119677430,43869146
119677484,43869206
119677865,43869503
119678171,43869812
119678294,43869941
119678318,43869938
119678669,43870391
119678795,43870502
119678849,43870541
119678873,43870550
119679059,43870655
119679410,43870889
119679479,43870937
119679560,43870967
119679677,43871021
119680481,43871825
119680523,43871888
119680550,43871894
119681147,43872488
119681474,43872836
119681759,43872995
119682167,43873274
119683064,43874084
119683124,43874123
119683229,43874249
119683310,43874291
119683400,43874342
119683472,43874402
119683475,43874429
119683816,43874749
119683961,43874918
119684150,43875044
119684492,43875320
119685164,43875776
119685554,43876238
119685677,43876361
119686937,43876997
119687300,43877381
119687510,43877510
119688554,43878194
119689510,43878727
119689574,43878761
119690444,43879358
119690750,43879607
119690789,43879640
119691644,43880222
119691665,43880270
119692829,43881044
119693525,43881629
119693651,43881710
119693669,43881698
119694043,43882303
119694046,43882309
119694122,43882406
119694680,43882859
119694953,43883528
119695340,43874714
119696711,43885178
119697113,43885424
119697788,43886060
119697794,43886099
119697802,43886104
119698913,43887149
119698967,43887113
119700212,43887782
119700296,43887893
119701337,43816520
119702342,43889432
119703512,43890140
119704664,43890857
119705450,43891748
119705801,43892051
119705942,43892144
119706026,43892180
119706038,43892213
119706239,43892372
119707781,43893749
119707814,43893758
119707880,43893809
119708195,43894034
119708633,43894487
119709104,43895087
119709494,43895438
119711444,43896920
119712809,43897751
119712998,43897901
119713199,43898048
119713229,43898057
119715458,43898960
119715506,43899035
119716208,43899395
119716532,43899611
119716571,43899743
119716634,43899809
119717102,43900085
119718134,43901450
119718422,43901693
119718611,43901846
119718650,43901855
119719147,43902253
119719292,43902368
119720657,43903514
119720696,43903442
119720705,43903595
119720723,43903586
119720797,43903681
119720800,43903684
119721013,43903882
119721401,43904492
119721788,43904633
119722271,43905116
119722619,43905428
119723777,43906121
119723870,43906163
119724731,43906865
119724821,43906937
119724863,43906970
119725589,43907630
119725910,43907759
119726018,43907816
119726264,43907927
119727911,43908227
119727920,43908233
119728427,43908389
119728532,43908770
119728643,44082415
119728772,43908920
119729492,43909493
119729636,43909643
119729812,43909858
119729855,43909766
119730125,43910087
119730200,43910123
119730311,43910183
119730791,43910606
119730896,43910696
119731204,43911052
119731337,43911158
119731589,43911440
119731601,43911473
119731631,43911506
119731679,43911545
119732105,43911905
119732299,43912120
119732960,43912619
119733134,43912844
119733209,43912940
119733431,43913135
119733887,43913528
119734043,43913657
119735066,43926743
119735192,43915013
119735408,43915475
119735773,43915930
119736137,43916303
119738225,43918232
119738706,43918463
119739386,43921334
119739797,43919378
119740301,43919933
119740505,43920098
119740721,43920284
119741003,43920890
119741692,43921432
119742046,43921864
119742562,43922341
119743022,43923053
119743061,44040388
119744165,43924310
119744690,43924751
119744867,43924883
119746130,43926167
119746910,43927493
119747474,43928183
119749316,43930262
119749699,43930507
119751170,43931510
119751299,43931621
119752538,43932215
119752820,43932368
119753549,43933355
119754269,43933463
119754299,43933994
119754707,43934552
119755034,43934867
119756090,43936124
119756453,43936715
119757170,43937555
119757443,43937855
119757482,43937876
119758487,43938995
119759507,43940786
119759543,43940819
119759951,43941314
119759969,43941335
119760065,43941416
119761352,43942841
119767477,43948708
119767988,43948997
119768552,43949543
119769272,43951766
119769932,43950680
119770271,43950929
119772128,43952894
119772233,43952987
119772404,43953212
119772647,43953539
119773391,43954040
119774015,43954523
119774090,43954565
119775281,43955834
119775485,43955984
119775815,43956023
119776991,43957043
119778421,43958275
119779790,43959650
119781011,43960736
119781299,43960883
119781920,43961765
119782319,43962413
119782658,43962923
119782954,43963240
119783174,43963367
119784158,43964837
119784428,43965218
119784599,43965542
119784908,43966064
119785354,43966360
119785928,43966868
119785973,43966877
119786864,43969064
119786939,43969220
119787110,43969427
119787140,43969442
119787974,43971074
119788601,43972451
119789513,43972706
119790311,43973330
119790323,43973333
119790326,43973270
119790356,43973351
119790455,43973408
119791604,43974188
119792030,43974437
119794565,43978055
119794586,43978043
119795423,43978775
119795432,43978802
119795594,43979150
119795651,43979231
119795786,43979525
119796170,43980209
119796176,43980239
119796275,43980392
119796689,43981313
119796704,43981364
119796824,43981556
119796830,43981559
119796845,43981580
119796851,43981595
119796866,43983065
119796899,43981649
119797151,43982279
119797283,43982567
119797292,43982573
119797301,43982579
119797379,43982711
119797430,43982813
119797550,43983092
119797607,43983203
119797763,43983455
119798027,43983881
119798156,43984037
119798159,44012729
119798162,43984034
119798336,43984328
119798432,43984496
119798456,44089204
119798459,43984598
119802772,43987192
119808707,43990274
119809641,43990944
119809742,43990982
119810084,43991261
119811617,43992488
119811929,43992629
119812418,43992938
119812550,43992992
119812625,43993106
119812994,43993316
119813498,43993583
119813659,43993756
119814578,43994663
119814674,43994720
119814869,43994891
119814874,44230717
119814938,43995365
119815013,43995035
119816105,43996109
119816594,43996673
119816597,43996643
119816807,43996823
119817011,43997126
119817239,43997309
119817308,43997351
119817818,43997786
119818346,43998128
119819693,43999115
119821301,44000042
119821478,44000123
119821622,44000270
119822843,44001860
119822866,44001913
119823704,44002994
119823950,44003246
119824469,44003750
119825915,44005223
119826023,44005277
119827492,44007106
119828245,44008537
119828423,44008589
119829410,44009849
119830991,44009678
119831072,44011121
119832782,44012090
119835305,44013995
119835767,44014490
119836310,44015048
119837474,44016452
119837633,44017478
119837675,44017577
119838869,44018573
119841030,44021370
119841151,44021404
119841244,44021515
119841412,44021689
119841424,44021695
119841439,44021704
119841448,44021725
119841566,44021881
119841865,44022157
119842773,44022966
119842798,44022961
119843044,44023156
119843179,44023129
119843830,44024011
119844049,44024062
119847106,44030317
119847334,44030629
119849170,44275399
119849356,44032213
119849851,44032804
119849863,44032780
119849911,44032957
119850997,44034028
119852641,44035927
119852857,44036221
119853199,44036467
119853849,44037282
119854348,44038006
119854828,44038519
119855280,44039139
119855698,44039710
119856067,44040124
119856163,44040160
119856403,44040418
119856409,44040394
119856580,44040565
119857168,44048491
119858049,44041686
119859052,44042323
119860282,44042899
119861182,44043640
119862106,44044390
119863471,44045599
119863870,44045881
119865363,44047281
119865523,44047417
119865598,44047447
119865868,44046367
119866807,44048704
119866897,44048854
119867697,44049546
119868271,44050066
119868274,44050045
119868289,44050093
119868310,44050123
119869369,44051056
119869372,44051176
119869516,44051254
119869708,44051308
119870173,44051980
119872954,44054923
119873901,44055420
119874625,44055739
119875339,44056021
119877280,44057353
119877418,44056069
119880256,44059948
119881213,44060887
119881783,44061682
119881813,44061697
119881894,44061745
119882089,44062000
119883784,44064382
119884039,44064724
119884228,44064910
119887216,44068264
119889028,44069257
119889342,44069775
119891647,44071273
119891770,44071330
119891848,44071393
119892141,44071641
119892307,44071807
119892583,44071942
119894470,44073928
119894491,44073955
119895172,44074525
119896204,44075197
119896384,44075422
119898019,44076517
119898229,44076640
119902198,44078710
119902735,44079271
119902998,44079510
119903575,44079907
119903632,44079982
119903967,44080215
119903970,44080224
119903973,44080233
119903976,44080242
119903979,44080251
119904394,44080693
119904511,44080078
119905036,44081305
119905204,44081455
119905407,44081652
119905963,44082250
119906131,44082343
119906851,44082880
119908132,44084029
119908705,44084458
119908975,44084680
119909263,44085061
119909995,44085466
119910409,44085802
119910427,44085805
119912284,44087686
119913934,44089123
119914933,44089486
119915014,44089543
119916208,44092468
119917099,44093182
119917243,44093335
119917753,44093674
119918326,44094226
119919166,44280442
119919463,44095231
119919864,44095629
119919915,44095668
119920459,44096176
119921059,44095495
119921401,44096806
119921413,44096821
119921454,44096862
119921980,44097277
119922148,44097373
119922778,44097970
119923474,44098342
119923741,44098489
119924509,44098909
119925532,44099734
119926999,44101306
119928270,44103333
119932318,44109010
119936002,44111911
119937219,44112888
119937225,44112891
119937418,44112982
119937916,44113597
119939155,44114614
119939531,44114903
119939620,44114959
119941192,44116162
119941387,44116534
119941499,44116598
119941502,44116601
119941598,44116649
119943556,44119003
119943634,44119093
119944220,44119610
119945584,44121319
119945890,44137372
119946143,44122211
119946490,44122606
119947189,44123185
119947337,44123345
119948644,44124175
119949604,44125447
119951467,44126557
119951755,44126836
119951794,44126845
119952796,44127487
119955577,44130427
119955701,44130611
119956033,44131060
119956538,44132147
119956541,44132153
119956709,44132882
119956712,44132885
119956822,44132959
119957894,44134298
119957908,44134273
119957911,44134303
119957962,44134318
119958256,44134756
119958364,44134867
119959381,44136262
119960080,44136973
119961142,44138041
119961182,44138093
119963038,44139574
119963102,44139668
119963488,44139961
119963899,44140504
119964343,44140957
119965771,44141740
119969215,44144323
119970130,44144986
119970154,44145034
119970466,44145382
119970871,44145673
119971297,44147998
119971319,44148041
119971351,44148016
119971483,44153656
119972500,44149060
119972998,44194186
119973232,44149717
119973526,44150152
119974324,44150770
119974348,44150758
119974453,44150911
119975644,44151949
119976136,44152447
119977468,44153272
119978707,44153800
119978770,44153878
119978977,44153959
119980244,44154764
119980388,44154812
119982061,44155810
119982346,44156590
119984473,44157973
119984474,44158220
119984626,44158285
119985950,44159612
119986090,44159740
119986108,44159788
119986141,44159836
119986673,44160323
119986792,44160409
119987521,44161237
119988106,44161795
119988844,44162287
119989511,44162705
119989517,44162711
119989520,44162714
119990422,44163676
119990920,44164153
119993371,44166019
119994091,44166529
119994265,44166733
119994346,44166775
119994661,44167702
119994865,44167189
119995663,44167867
119995750,44167933
119995814,44167958
119995817,44167964
119996206,44168263
119996488,44168473
119996518,44168476
119996635,44172544
119997061,44174716
119997082,44174770
119997968,44175788
119998537,44176318
119998642,44176420
119998942,44176702
120001295,44178704
120001331,44178776
120001396,44179003
120001417,44179015
120001456,44179045
120001963,44179600
120002947,44283979
120005911,44182540
120006040,44182588
120006172,44182738
120006247,44182804
120006298,44182870
120006622,44183140
120007021,44183686
120007210,44183872
120007759,44202415
120008140,44184598
120009266,44185943
120011581,44187856
120014260,44195851
120015127,44196412
120015677,44196764
120019243,44203708
120019393,44203813
120020815,44205214
120021196,44205433
120021292,44205550
120023197,44207839
120023524,44208427
120024226,44209261
120024247,44209312
120024466,44209531
120025345,44210383
120026228,44211134
120026315,44211176
120028309,44212405
120029194,44213752
120031183,44215255
120031475,44215622
120031478,44215628
120031897,44216191
120035197,44219962
120036200,44221388
120037561,44222680
120037792,44222866
120037870,44222890
120038905,44224006
120039160,44224138
120040516,44224999
120044038,44228032
120044626,44228533
120044788,44228692
120045409,44229352
120047194,44235823
120047674,44231842
120049111,44233684
120049882,44234584
120050758,44235649
120051286,44236210
120052135,44236954
120053521,44238166
120054007,44238523
120055597,44239456
120056755,44240629
120058036,44242138
120059479,44245687
120059881,44244547
120061036,44246305
120061324,44246809
120061768,44247466
120062401,44248723
120063526,44250361
120064717,44253061
120064723,44253073
120064741,44253046
120066835,44255446
120066841,44255461
120069670,44258869
120069850,44259022
120070264,44259682
120070684,44260129
120070930,44260513
120071185,44261083
120071194,44261110
120072043,44262280
120079594,44265580
120079708,44266243
120079870,44266501
120080161,44267062
120080308,44267344
120080434,44267596
120080572,44267848
120081082,44268775
120081649,44269864
120081733,44269975
120082102,44271319
120082204,44270932
120082222,44270962
120082305,44271136
120082561,44271583
120082567,44271502
120082642,44273350
120082753,44271871
120082762,44271883
120082951,44272279
120083032,44272399
120083125,44272591
120083167,44272678
120083230,44272777
120083536,44273326
120085582,44275516
120085807,44275702
120086803,44276320
120086827,44276380
120090181,44279797
120104029,44281156
120104965,44281450
120105928,44281780
120110668,44284402
120111358,44284645
120111520,44284729
120111565,44284681
120112390,44285374
120113140,44285599
120113776,44286205
120113794,44286361
120114076,44286745
120114283,44286982
120114874,44287507
120117589,44289964
120118408,44290789
120119065,44291899
120122503,44295115
120128170,44301040
120128587,44301718
120129565,44302777
120129577,44302879
120132139,44305309
120132199,44305414
120133840,44306797
120136204,44309473
120136882,44309896
120138061,44310859
120141922,44314282
120142303,44314573
120147541,44321158
120147775,44321548
120149779,44324722
120151741,44326999
120152296,44327554
120160159,44333509
120163837,44336626
120166366,44338720
120169795,44340583
120170089,44340802
120170401,44341048
120172000,44341825
120172171,44341948
120174718,44343793
120176194,44344795
120180055,44347990
120180586,44348263
120183470,44349953
120183518,44349968
120183521,44349971
120183524,44349974
120183527,44349977
120183530,44349983
120183533,44349992
120183541,44349964
120183685,44350030
120183698,44350034
120183701,44350049
120183704,44350064
120183707,44350079
120183710,44350094
120183746,44350112
120183752,44350124
120183764,44350127
120183797,44350139
120183800,44350145
120183809,44350148
120183814,44350147
120183815,44350154
120183863,44350163
120183875,44350166
120183878,44350181
120183881,44350196
120183890,44350211
120183923,44350220
120183949,44350225
120183956,44350229
120184016,44350250
120184037,44350253
120184055,44350256
120184061,44350259
120184084,44350261
120184088,44350262
120184121,44350283
120184127,44350289
120184162,44350300
120184175,44350304
120184288,44356504
120184298,44350319
120184316,44350331
120184322,44350340
120184327,44350351
120184361,44350355
120184385,44350358
120184427,44350370
120184433,44350376
120184448,44350382
120184667,44350436
120184671,44350434
120184715,44350463
120184730,44350475
120184739,44350496
120184763,44350520
120184775,44350538
120184808,44350568
120184814,44350580
120184820,44350589
120184823,44350592
120184847,44350604
120184849,44350594
120184855,44350561
120184856,44350625
120184859,44350652
120184897,44350609
120184913,44350709
120184948,44350720
120184951,44350699
120184954,44350717
120184979,44350730
120184982,44350736
120184988,44350742
120184994,44350748
120185000,44350754
120185015,44350757
120185045,44350790
120185048,44350793
120185057,44350808
120185066,44350814
120185069,44350826
120185075,44350838
120185096,44350841
120185102,44350844
120185108,44350847
120185123,44350856
120185128,44350861
120185132,44350868
120185201,44350916
120185219,44350922
120185237,44350925
120185311,44350936
120185323,44350969
120185326,44350972
120185327,44350979
120185330,44350982
120185333,44350991
120185336,44351000
120185339,44351009
120185342,44351018
120185345,44351027
120185348,44351036
120185351,44351045
120185362,44351056
120185374,44351062
120185383,44351098
120185398,44351089
120185410,44351113
120185416,44351131
120185421,44351136
120185435,44351195
120185450,44351204
120185465,44351213
120185471,44351216
120185477,44351219
120185492,44351222
120185557,44351203
120185606,44351252
120185630,44351258
120185639,44351264
120185675,44351279
120185678,44351291
120185681,44351303
120185687,44351309
120185693,44351312
120185696,44351318
120185699,44351324
120185702,44351330
120185729,44351357
120185743,44351341
120185749,44351308
120185753,44351381
120185759,44351402
120185761,44351404
120185780,44351444
120185785,44351359
120185789,44351468
120185795,44351480
120185803,44351428
120185810,44351489
120185858,44351513
120185878,44351500
120185890,44351443
120185891,44351522
120185968,44351542
120185984,44351567
120186062,44351588
120186070,44351593
120186082,44351596
120186100,44358994
120186205,44351629
120186257,44351669
120186260,44351672
120186263,44351675
120186268,44351677
120186269,44351681
120186272,44351684
120186275,44351687
120186278,44351690
120186281,44351693
120186284,44351696
120186299,44351705
120186305,44351708
120186332,44351726
120186335,44351732
120186338,44351738
120186368,44351750
120186371,44351765
120186374,44351780
120186377,44351804
120186406,44351749
120186427,44351743
120186428,44351849
120186446,44351867
120186449,44351870
120186455,44351882
120186461,44351894
120186467,44351897
120186470,44351915
120186473,44351918
120186485,44351927
120186541,44351947
120186596,44352008
120186599,44352014
120186602,44352020
120186605,44352026
120186608,44352032
120186611,44352038
120186614,44352056
120186617,44352062
120186620,44352068
120186637,44352040
120186650,44352092
120186659,44352095
120186677,44352098
120186736,44352136
120186877,44352292
120186910,44352331
120186916,44352340
120186920,44352353
120186932,44352365
120186935,44352377
120186937,44352313
120186950,44352392
120186955,44352406
120186977,44352419
120187007,44352422
120187010,44352434
120187039,44352472
120187076,44352476
120187114,44352502
120187151,44352512
120187154,44352515
120187184,44352530
120187186,44374009
120187187,44352533
120187195,44352526
120187196,44352539
120187199,44352542
120187202,44352545
120187232,44352581
120187238,44352587
120187264,44352592
120187277,44352599
120187312,44352607
120187322,44352647
120187361,44352662
120187403,44352671
120187442,44352680
120187501,44352712
120187562,44352752
120187573,44352742
120187582,44352757
120187586,44352776
120187616,44352791
120187637,44352818
120187640,44352821
120187643,44352824
120187673,44352854
120187676,44352857
120187679,44352860
120187697,44352884
120187709,44352905
120187712,44352908
120187715,44352911
120187726,44352667
120187745,44352914
120187748,44352917
120187751,44352920
120187757,44352923
120187760,44352926
120187763,44352929
120187769,44352932
120187772,44352938
120187775,44352944
120187783,44352802
120187793,44352953
120187811,44352956
120187814,44352962
120187817,44352968
120187846,44352973
120187856,44352995
120187868,44352998
120187871,44353004
120187901,44353022
120187919,44353028
120187922,44353037
120187925,44353046
120187934,44353055
120187940,44353061
120187967,44353079
120187970,44353088
120187973,44353097
120187976,44353106
120187979,44353109
120187982,44353112
120187988,44353115
120187999,44353120
120188008,44353129
120188012,44353133
120188015,44353139
120188023,44353132
120188030,44353145
120188033,44353148
120188036,44353163
120188039,44353178
120188045,44353208
120188057,44353223
120188060,44353226
120188063,44353229
120188072,44353232
120188105,44353265
120188108,44353274
120188111,44353283
120188123,44353292
120188141,44353298
120188144,44353301
120188147,44353304
120188159,44353307
120188162,44353313
120188165,44353319
120188183,44353331
120188186,44353337
120188189,44353346
120188213,44353355
120188225,44353364
120188228,44353367
120188231,44353370
120188264,44353373
120188267,44353379
120188270,44353385
120188279,44353391
120188282,44353397
120188312,44353400
120188315,44353403
120188318,44353406
120188366,44353484
120188369,44353493
120188372,44353502
120188381,44353511
120188384,44353520
120188387,44353529
120188431,44353582
120188501,44353592
120188513,44353604
120188516,44353613
120188519,44353622
120188522,44353631
120188537,44353649
120188558,44353652
120188585,44353688
120188588,44353691
120188609,44353697
120188632,44353717
120188635,44353723
120188642,44353721
120188648,44353724
120188662,44353699
120188672,44353736
120188674,44353729
120188675,44353742
120188680,44353750
120188698,44353756
120188728,44353765
120188734,44353783
120188750,44353811
120188752,44353792
120188758,44353639
120188803,44353831
120188852,44353859
120188867,44353871
120188870,44353874
120188873,44353877
120188888,44353880
120188899,44353888
120188920,44353912
120188932,44353915
120188971,44353927
120188987,44353955
120188999,44353964
120189044,44353982
120189047,44353988
120189056,44353994
120189080,44353997
120189098,44354045
120189103,44353957
120189110,44354066
120189140,44354078
120189145,44353981
120189178,44355880
120189182,44354114
120189242,44354126
120189244,44354119
120189272,44354156
120189307,44354164
120189316,44354146
120189335,44354180
120189355,44354170
120189382,44354152
120189400,44354188
120189409,44354215
120189413,44354231
120189415,44354221
120189422,44354234
120189443,44354246
120189446,44354252
120189452,44354258
120189473,44354264
120189491,44354279
120189497,44354282
120189502,44354281
120189503,44354291
120189515,44354297
120189527,44354309
120189529,44382190
120189530,44354327
120189533,44354336
120189536,44354345
120189554,44354378
120189556,44354314
120189593,44354387
120189605,44354390
120189635,44354393
120189638,44354396
120189644,44354399
120189647,44354402
120189653,44354426
120189662,44354429
120189691,44354389
120189701,44354441
120189704,44354444
120189707,44354447
120189710,44354450
120189713,44354453
120189716,44354456
120189718,44354437
120189749,44354459
120189755,44354462
120189796,44354473
120189802,44354467
120189806,44354471
120189914,44354507
120189917,44354510
120189926,44354525
120189935,44354528
120189940,44354527
120189974,44354552
120189998,44354555
120190061,44354582
120190103,44354618
120190133,44354645
120190154,44354657
120190157,44354666
120190190,44354693
120190205,44354708
120190208,44354717
120190211,44354726
120190220,44354735
120190235,44354753
120190247,44354759
120190259,44354762
120190285,44272621
120190289,44354780
120190295,44354783
120190298,44354789
120190301,44354795
120190316,44354801
120190319,44354807
120190324,44354800
120190337,44354819
120190354,44354833
120190373,44354843
120190388,44354873
120190423,44354866
120190441,44354890
120190504,44354905
120190505,44354912
120190508,44354921
120190511,44354930
120190514,44354939
120190517,44354948
120190520,44354957
120190523,44354960
120190529,44355152
120190535,44355161
120190541,44355164
120190577,44355191
120190586,44355194
120190595,44355197
120190598,44355200
120190664,44355242
120190667,44355248
120190670,44355254
120190685,44355260
120190688,44355275
120190714,44355301
120190735,44355304
120190742,44355317
120190745,44355323
120190748,44355329
120190751,44355335
120190765,44355316
120190769,44355341
120190772,44355344
120190784,44355353
120190787,44355356
120190801,44355346
120190805,44355371
120190807,44355379
120190816,44355370
120190823,44355386
120190838,44355392
120190862,44355398
120190895,44355401
120190918,44541065
120190946,44355425
120190949,44355428
120190952,44355431
120190955,44355434
120191012,44355458
120191024,44355467
120191062,44355463
120191081,44355551
120191105,44355572
120191111,44355575
120191120,44355581
120191122,44355577
120191135,44355611
120191213,44355629
120191237,44355635
120191243,44355644
120191288,44355656
120191314,44355664
120191330,44355758
120191351,44355779
120191366,44355794
120191443,44355844
120191461,44355877
120191471,44355899
120191476,44355895
120191483,44355908
120191498,44355920
120191504,44355923
120191516,44355941
120191527,44355946
120191531,44355947
120191558,44355950
120191561,44355953
120191573,44355962
120191579,44355968
120191593,44355970
120191624,44355986
120191627,44355989
120191672,44356025
120191675,44356031
120191684,44356037
120191690,44356055
120191738,44356082
120191786,44356112
120191837,44356145
120191864,44356166
