name,lat,lng,population
London,51.50853,-0.12574,8961989
Birmingham,52.48142,-1.89983,1157603
Glasgow,55.86515,-4.25763,626410
Manchester,53.48095,-2.23743,568996
Sheffield,53.38297,-1.46590,556500
Leeds,53.79648,-1.54785,536280
Edinburgh,55.95206,-3.19648,514990
Liverpool,53.41058,-2.97794,496770
Bristol,51.45523,-2.59665,479024
Cardiff,51.48000,-3.18000,372089
Leicester,52.63860,-1.13169,368600
Bradford,53.79391,-1.75206,366187
Belfast,54.59682,-5.92541,348005
Coventry,52.40656,-1.51217,345324
Brent,51.55306,-0.30230,329100
Birkenhead,53.39337,-3.01479,325264
Nottingham,52.95360,-1.15047,323632
Islington,51.53622,-0.10304,319143
Reading,51.45625,-0.97113,318014
Kingston upon Hull,53.74460,-0.33525,314018
Preston,53.76282,-2.70452,313332
Swansea,51.62079,-3.94323,300352
Newcastle upon Tyne,54.97328,-1.61396,300125
Southend-on-Sea,51.53782,0.71433,295310
Brighton,50.82838,-0.13947,283870
Derby,52.92277,-1.47663,270468
Southampton,50.90395,-1.40428,269781
Wolverhampton,52.58547,-2.12296,263700
Plymouth,50.37153,-4.14305,260203
Stoke-on-Trent,53.00415,-2.18538,258366
Milton Keynes,52.04172,-0.75583,256385
City of Westminster,51.49750,-0.13570,247614
Northampton,52.25000,-0.88333,245899
Oldham,53.54051,-2.11830,237110
Bexley,51.44162,0.14866,228000
Luton,51.87967,-0.41748,225262
Barking,51.53333,0.08333,218534
Archway,51.56733,-0.13415,215667
Portsmouth,50.79899,-1.09125,208100
Swindon,51.55797,-1.78116,201669
Dudley,52.50000,-2.08333,199059
Aberdeen,57.14369,-2.09814,198590
Sutton,51.35000,-0.20000,187600
St Helens,53.45000,-2.73333,183200
Ipswich,52.05917,1.15545,178835
Wigan,53.54296,-2.63706,175405
Croydon,51.38333,-0.10000,173314
Warrington,53.39254,-2.58024,172330
Walsall,52.58528,-1.98396,172141
Mansfield,53.13333,-1.20000,171958
Sunderland,54.90465,-1.38222,170134
Ilford,51.55765,0.07278,168168
Slough,51.50949,-0.59541,164793
Bournemouth,50.72048,-1.87950,163600
Peterborough,52.57364,-0.24777,163379
Oxford,51.75222,-1.25596,162100
Newport,51.58774,-2.99835,161506
Enfield Town,51.65147,-0.08497,156858
York,53.95763,-1.08271,156135
Telford,52.67659,-2.44926,155570
Poole,50.71429,-1.98458,151500
Burnley,53.80000,-2.23333,149422
Harrow,51.57835,-0.33208,149246
Huddersfield,53.64904,-1.78416,149017
Dundee,56.46913,-2.97489,148210
Blackburn,53.75000,-2.48333,146521
Cambridge,52.20000,0.11667,145674
Blackpool,53.81667,-3.05000,145007
Basildon,51.56844,0.45782,144859
Norwich,52.62783,1.29834,143135
Middlesbrough,54.57623,-1.23483,142707
Bolton,53.58333,-2.43333,141331
Stockport,53.40979,-2.15761,139052
High Wycombe,51.62907,-0.74934,133204
Gloucester,51.86568,-2.24310,132416
Exeter,50.72360,-3.52751,130709
Colchester,51.88921,0.90421,130245
Tottenham,51.60373,-0.06794,130000
Salford,53.48771,-2.29042,129794
Newcastle under Lyme,53.00000,-2.23333,127727
Solihull,52.41426,-1.78094,126577
Watford,51.65531,-0.39602,125707
Saint Peters,51.36667,1.41667,125370
Crawley,51.11303,-0.18312,124008
Burton upon Trent,52.80728,-1.64263,122199
Cheltenham,51.90006,-2.07972,118836
Rotherham,53.43012,-1.35678,117618
Worthing,50.81795,-0.37538,113866
Doncaster,53.52285,-1.13116,113566
Chesterfield,53.25000,-1.41667,113057
Chelmsford,51.73575,0.46958,111511
Mendip,51.23720,-2.62660,110000
Sutton Coldfield,52.56667,-1.81667,109899
Wakefield,53.68331,-1.49768,109766
Walthamstow,51.59067,-0.02077,109424
Dagenham,51.55000,0.16667,108368
Basingstoke,51.26249,-1.08708,107642
Maidstone,51.26667,0.51667,107627
Bedford,52.13459,-0.46632,106940
Woking,51.31903,-0.55893,103900
Lincoln,53.22683,-0.53792,103813
West Bromwich,52.51868,-1.99450,103112
Eastbourne,50.76871,0.28453,101689
Worcester,52.18935,-2.22001,101659
Bath,51.37510,-2.36172,101557
Gillingham,51.38914,0.54863,101187
Becontree,51.55290,0.12900,100000
Rochdale,53.61766,-2.15520,97550
Hemel Hempstead,51.75368,-0.44975,95961
Romford,51.57515,0.18582,95000
Hayes,51.51579,-0.42340,93928
Harlow,51.77655,0.11158,93300
Hastings,50.85568,0.58009,92855
High Peak,53.36797,-1.84536,92666
Darlington,54.52429,-1.55039,92363
Stevenage,51.90224,-0.20256,91774
Southport,53.64581,-3.01008,91703
Chester,53.19050,-2.89189,90524
Wembley,51.55242,-0.29686,90045
Grays,51.47566,0.32521,89755
Harrogate,53.99078,-1.53730,89060
Hartlepool,54.68554,-1.21028,88855
Nuneaton,52.52323,-1.46523,88813
Redditch,52.30650,-1.94569,87847
Fulham,51.48026,-0.19930,87161
Londonderry County Borough,54.99721,-7.30917,87153
Grimsby,53.56539,-0.07553,86138
Cannock,52.69045,-2.03085,86121
St Albans,51.75000,-0.33333,84561
South Shields,54.99859,-1.43230,83655
Derry,54.99810,-7.30934,83652
Weston-super-Mare,51.34603,-2.97665,82903
Halifax,53.71667,-1.85000,82624
Edmonton,51.62561,-0.05798,82000
Tamworth,52.63399,-1.69587,81964
Gosport,50.79509,-1.12902,81952
Scunthorpe,53.57905,-0.65437,81576
Chatham,51.37891,0.52786,80596
Stockton-on-Tees,54.56848,-1.31870,79957
Carlisle,54.89510,-2.93820,78470
Southall,51.50896,-0.37130,78253
Rugby,52.37092,-1.26417,78117
Gateshead,54.96209,-1.60168,77649
Lisburn,54.52337,-6.03527,77506
Paisley,55.83173,-4.43254,77270
Putney,51.46072,-0.21814,77140
Shrewsbury,52.71009,-2.75208,76782
Fylde,53.83333,-2.91667,76500
Crewe,53.09787,-2.44161,76437
Bracknell,51.41363,-0.75054,76103
Battersea,51.47475,-0.15547,75651
East Kilbride,55.76412,-4.17669,75310
Hove,50.83088,-0.16720,75174
Aylesbury,51.81665,-0.81458,74748
Canary Wharf,51.50519,-0.02085,73390
Purley,51.33678,-0.11201,72000
Guildford,51.23536,-0.57427,71873
Peckham,51.47403,-0.06969,71552
Barnsley,53.55000,-1.48333,71447
Lowestoft,52.47523,1.75167,71327
Chingford,51.63033,0.00051,70583
Maidenhead,51.52279,-0.71986,70374
Stafford,52.80521,-2.11636,70145
Uxbridge,51.54890,-0.48211,70000
Rhondda,51.65896,-3.44885,69506
Royal Tunbridge Wells,51.13321,0.26256,68910
Wimbledon,51.42212,-0.20805,68187
Corby,52.49637,-0.68939,68164
Stamford Hill,51.56872,-0.07334,68050
Paignton,50.43565,-3.56789,67520
Rossendale,53.68456,-2.27690,67400
Washington,54.90000,-1.51667,67085
Folkestone,51.08169,1.16734,66429
Brixton,51.46593,-0.10652,66300
Hounslow,51.46839,-0.36092,66292
Finchley,51.60096,-0.19518,65812
Wrexham,53.04664,-2.99132,65692
Ellesmere Port Town,53.27875,-2.90134,65430
Torquay,50.46198,-3.52522,65388
Cricklewood,51.55670,-0.21549,65000
Loughborough,52.76667,-1.20000,64884
Taunton,51.01494,-3.10293,64621
Waterlooville,50.88067,-1.03040,64350
Bognor Regis,50.78206,-0.67978,63885
Newtownabbey,54.65983,-5.90858,63860
Buckley,53.16667,-3.08333,63576
Great Yarmouth,52.60831,1.73052,63434
Mitcham,51.40322,-0.16831,63393
Feltham,51.44620,-0.41388,63368
Margate,51.38132,1.38617,63322
Ashford,51.14648,0.87376,62787
Sale,53.42519,-2.32443,62550
Tonypandy,51.62202,-3.45544,62545
Acton,51.50901,-0.27620,62480
Scarborough,54.27966,-0.40443,61749
Widnes,53.36180,-2.73406,61464
Runcorn,53.34174,-2.73124,61145
Bury,53.60000,-2.30000,61044
Dewsbury,53.69076,-1.62907,61035
Bangor,54.66079,-5.66802,61011
Beckenham,51.40878,-0.02526,60739
Farnborough,51.29424,-0.75565,60652
Tynemouth,55.01788,-1.42559,60605
Hereford,52.05684,-2.71482,60415
Stroud,51.75000,-2.20000,60155
Halesowen,52.44859,-2.04938,60097
Chelsea,51.48755,-0.16936,60000
Craigavon,54.44709,-6.38700,59236
Wallasey,53.42324,-3.06497,58794
Littlehampton,50.81137,-0.54078,58714
Streatham,51.42897,-0.13184,58055
Bootle,53.46667,-3.01667,57791
Bebington,53.35000,-3.01667,57600
Kidderminster,52.38819,-2.25000,57400
Morley,53.74013,-1.59877,57385
Stourbridge,52.45608,-2.14317,56950
Livingston,55.90288,-3.52261,56840
Castlereagh,54.57350,-5.88472,56679
Kettering,52.39836,-0.72571,56676
Wellingborough,52.30273,-0.69446,56564
Barrow in Furness,54.11094,-3.22758,55489
South Croydon,51.36217,-0.09421,55198
Canterbury,51.27904,1.07992,55087
Dunfermline,56.07156,-3.45887,54990
Huyton,53.41150,-2.83935,54738
Leytonstone,51.56856,0.00768,54696
Barry,51.39979,-3.28380,54673
Meikle Earnock,55.75000,-4.03333,54480
Hamilton,55.76667,-4.03333,54480
Sittingbourne,51.34128,0.73282,54392
Macclesfield,53.26023,-2.12564,54345
Gravesend,51.44206,0.37106,54263
Eastleigh,50.96667,-1.35000,54225
Smethwick,52.49268,-1.96745,53653
Braintree,51.87819,0.55292,53477
Weymouth,50.61448,-2.45991,53416
Brentwood,51.62127,0.30556,52586
Esher,51.36969,-0.36693,52392
Dunstable,51.88571,-0.52288,51973
Morecambe,54.06835,-2.86108,51644
Redhill,51.24048,-0.17044,51559
Welwyn Garden City,51.80174,-0.20691,51505
Horsham,51.06314,-0.32757,51472
Dartford,51.44657,0.21423,51240
Staines,51.43092,-0.50606,51040
Royal Leamington Spa,52.28520,-1.52000,50923
Hinckley,52.53890,-1.37613,50712
Clacton-on-Sea,51.78967,1.15597,50548
Cumbernauld,55.94685,-3.99051,50530
Kirkcaldy,56.11683,-3.15999,50370
Bletchley,51.99334,-0.73471,50193
Yeovil,50.94159,-2.63211,50176
Keighley,53.86791,-1.90664,50171
Altrincham,53.38752,-2.34848,49680
Bridgend,51.50583,-3.57722,49597
Llanelli,51.68195,-4.16191,49591
Willenhall,52.58514,-2.05934,49587
Eltham,51.45061,0.05225,48964
South Benfleet,51.55295,0.55962,48824
Banbury,52.06320,-1.34222,48651
Cwmbran,51.65446,-3.02281,48535
Morden,51.39822,-0.19837,48233
Long Eaton,52.89855,-1.27136,47898
Inverness,57.47908,-4.22398,47790
Durham,54.77676,-1.57566,47785
Northwich,53.25882,-2.52025,47421
Perth,56.39522,-3.43139,47350
Lancaster,54.04649,-2.79988,47162
Tipton,52.52956,-2.06773,47000
Kilmarnock,55.61171,-4.49581,46970
Dumfries,55.06959,-3.61139,46500
Banstead,51.32233,-0.20685,46280
Ayr,55.46273,-4.63393,46260
Neath,51.66317,-3.80443,46126
King's Lynn,52.75172,0.39516,46093
Winchester,51.06513,-1.31870,46074
Middleton,53.55000,-2.20000,45589
Havant,50.85670,-0.98559,45574
Kirkby,53.48138,-2.89215,45564
Carshalton,51.36829,-0.16755,45525
Boston,52.97633,-0.02664,45339
Castleford,53.72587,-1.36256,45106
Catford,51.44491,-0.02043,44905
Salisbury,51.06931,-1.79569,44748
Worksop,53.30182,-1.12404,44733
Pontefract,53.69107,-1.31269,44710
Grantham,52.91149,-0.64184,44580
Willesden,51.53333,-0.23333,44295
Coatbridge,55.86216,-4.02469,43950
Merthyr Tydfil,51.74794,-3.37779,43820
Great Sankey,53.39234,-2.63994,43793
Bexhill-on-Sea,50.85023,0.47095,43754
Cheshunt,51.70020,-0.03026,43680
Ashton-under-Lyne,53.48876,-2.09890,43675
Leigh,53.49642,-2.51973,43626
Leatherhead,51.29652,-0.33380,43544
Newark on Trent,53.06667,-0.81667,43363
Wallsend,54.99111,-1.53397,42739
Leighton Buzzard,51.91722,-0.65802,42727
Lytham St Annes,53.74260,-2.99700,42695
Redruth,50.23315,-5.22434,42690
Canning Town,51.51363,0.01948,42667
Andover,51.21135,-1.49393,42276
Fareham,50.85162,-1.17929,42210
Ramsgate,51.33568,1.41797,42027
Stretford,53.45000,-2.31667,41953
Urmston,53.44852,-2.35419,41731
Dover,51.12598,1.31257,41709
Coity,51.52200,-3.55531,41352
Newburn,54.98760,-1.74415,41347
Holloway,51.55237,-0.12497,41329
Greenock,55.94838,-4.76121,41280
Bury St Edmunds,52.24630,0.71111,41280
Bridgwater,51.12837,-3.00356,41276
Hatfield,51.76338,-0.22419,41265
Wokingham,51.41120,-0.83565,41143
Welling,51.46246,0.10759,41000
Ilkeston,52.97055,-1.30951,40953
Trowbridge,51.31889,-2.20861,40952
Bishops Stortford,51.87113,0.15868,40915
Prescot,53.42948,-2.80031,40889
Kingswood,51.45278,-2.50833,40734
Aldershot,51.24827,-0.76389,40160
Bloxwich,52.61806,-2.00431,40000
Ewell,51.34948,-0.24940,39994
North Shields,55.01646,-1.44925,39747
Shepherds Bush,51.50500,-0.22110,39724
Batley,53.70291,-1.63370,39013
Cleethorpes,53.56047,-0.03225,38996
Skelmersdale,53.55024,-2.77348,38813
Fleet,51.28333,-0.83333,38726
Abingdon,51.67109,-1.28278,38676
Glenrothes,56.19514,-3.17316,38360
Canvey Island,51.52199,0.58090,38170
Surbiton,51.39148,-0.29825,38158
Whitley Bay,55.03973,-1.44713,38055
Greenford,51.52866,-0.35508,38000
Stirling,56.11903,-3.93682,37910
Arnold,53.00000,-1.13333,37873
Coalville,52.72247,-1.37020,37661
Leyland,53.69786,-2.68758,37614
Chadderton,53.54480,-2.13984,37602
Rushden,52.28927,-0.60184,37584
Yeadon,53.86437,-1.68743,37379
Blyth,55.12708,-1.50856,37339
Eccles,53.48333,-2.33333,37275
Warwick,52.28333,-1.58333,37267
Wigston Magna,52.58128,-1.09248,37260
Redcar,54.61657,-1.05999,37073
Heston,51.48363,-0.37577,37045
Farnham,51.21444,-0.80054,36971
Chester-le-Street,54.85862,-1.57408,36917
Great Malvern,52.11161,-2.32515,36770
Houghton-Le-Spring,54.84034,-1.46427,36746
Stratford,51.53333,0.00000,36666
West Bridgford,52.92979,-1.12537,36487
Newton Abbot,50.52858,-3.61186,36474
Mangotsfield,51.48780,-2.50403,36427
Sutton in Ashfield,53.12542,-1.26135,36404
Airdrie,55.86602,-3.98025,36390
Billericay,51.62867,0.41963,36338
Borehamwood,51.65468,-0.27762,36322
Exmouth,50.61723,-3.40233,36204
Tonbridge,51.19532,0.27363,36115
Tyldesley,53.51393,-2.46754,35932
Hyde,53.45131,-2.07943,35895
Chippenham,51.46000,-2.12472,35800
Billingham,54.58881,-1.29034,35708
Pontypool,51.70111,-3.04444,35686
Walkden,53.51667,-2.40000,35616
Falkirk,56.00210,-3.78535,35310
Hitchin,51.94924,-0.28496,35220
Briton Ferry,51.63106,-3.81898,35179
Hoddesdon,51.76148,-0.01144,35174
Bridlington,54.08306,-0.19192,35154
Accrington,53.75379,-2.35863,34897
Bentley,53.53333,-1.15000,34821
Bromsgrove,52.33574,-2.05983,34755
Lichfield,52.68154,-1.82549,34738
Swadlincote,52.77400,-1.55744,34576
Felling,54.95297,-1.57152,34355
Chiswick,51.49271,-0.25801,34337
Totton,50.91877,-1.49037,34169
Irvine,55.61940,-4.65508,34130
Letchworth Garden City,51.97938,-0.22664,33990
Chorley,53.65000,-2.61667,33888
Bicester,51.89998,-1.15357,33846
Haywards Heath,50.99769,-0.10313,33845
Wednesfield,52.59630,-2.08508,33555
Strood,51.39323,0.47713,33381
Loughton,52.43333,-2.56667,33346
Cramlington,55.08652,-1.58598,33180
Ebbw Vale,51.77714,-3.20792,33068
Newbury,51.40148,-1.32471,33065
North Watford,51.68072,-0.39446,33000
Portadown,54.42302,-6.44434,32926
Washwood Heath,52.50054,-1.82657,32921
Brighouse,53.70322,-1.78428,32872
Motherwell,55.78924,-3.99187,32840
Darwen,53.69803,-2.46494,32566
Wisbech,52.66622,0.15938,32489
Rayleigh,51.58571,0.60459,32380
Aston,52.50000,-1.88333,32286
Whitstable,51.36070,1.02570,32196
Lower Earley,51.42708,-0.91979,32000
Shirley,52.41074,-1.81952,32000
Deeside,53.20053,-3.03841,32000
Falmouth,50.15441,-5.07113,31988
Thamesmead,51.50372,0.11982,31824
Chichester,50.83673,-0.78003,31654
Barnstaple,51.08022,-4.05808,31616
Windsor,51.48333,-0.60000,31560
Prestwich,53.53333,-2.28333,31500
Epsom,51.33050,-0.27011,31489
Christchurch,50.73583,-1.78129,31372
Stanley,54.86796,-1.69846,31300
Pontypridd,51.60210,-3.34211,31206
Thornton-Cleveleys,53.87389,-3.02244,31157
Aberdare,51.71438,-3.44918,31135
Bedworth,52.47910,-1.46909,31090
Caerphilly,51.57452,-3.21800,31060
Ruislip,51.57344,-0.42341,31000
Rutherglen,55.82885,-4.21376,30950
Deal,51.22316,1.40280,30917
Saint Neots,52.21667,-0.26667,30811
Cambuslang,55.80966,-4.16096,30790
Harpenden,51.81684,-0.35706,30674
Burgess Hill,50.95843,-0.13287,30635
Beverley,53.84587,-0.42332,30587
Greenwich,51.47785,-0.01176,30578
Spalding,52.78709,-0.15141,30556
Stratford-upon-Avon,52.19166,-1.70734,30495
Winsford,53.19146,-2.52398,30259
Camberley,51.33705,-0.74261,30155
Wishaw,55.76667,-3.91667,30050
Barnet,51.65000,-0.20000,30000
Radcliffe,53.56178,-2.32455,29950
Hucknall,53.03333,-1.20000,29728
Egham,51.43158,-0.55239,29663
Stanford-le-Hope,51.52274,0.43422,29525
Sevenoaks,51.27266,0.18883,29506
Kidsgrove,53.08691,-2.23777,29480
Jarrow,54.98036,-1.48423,29470
Newtownards,54.59236,-5.69092,29363
Didcot,51.60928,-1.24214,29341
Nelson,53.83333,-2.20000,29317
Colwyn Bay,53.29483,-3.72674,29275
Burntwood,52.68075,-1.92759,29244
Carrickfergus,54.71580,-5.80580,29208
Kendal,54.32681,-2.74757,29147
Consett,54.85404,-1.83160,29137
Witney,51.78360,-1.48540,29103
Heswall,53.32733,-3.09648,29075
Kilburn,51.55295,-0.19157,29027
Cheadle Hulme,53.37610,-2.18970,28952
Ballymena,54.86357,-6.27628,28932
Bideford,51.01678,-4.20832,28672
Rochester,51.38764,0.50546,28671
Shipley,53.83333,-1.76667,28544
Bearsden,55.91536,-4.33279,28470
Wood Green,51.60000,-0.11667,28453
Bushey,51.64316,-0.36053,28416
Newton Mearns,55.77334,-4.33339,28210
Daventry,52.25688,-1.16066,28123
Heywood,53.59245,-2.21941,28024
Brierley Hill,52.48173,-2.12139,28000
Muswell Hill,51.59054,-0.14212,27992
Sunbury-on-Thames,51.40424,-0.41817,27784
Newry,54.17841,-6.33739,27757
Melton Mowbray,52.76588,-0.88693,27737
Bow,51.52609,-0.01665,27720
Evesham,52.09237,-1.94887,27684
Ashington,55.17719,-1.56412,27670
Kirkby in Ashfield,53.09982,-1.24379,27539
Wickford,51.61101,0.52331,27535
Burngreave,53.39302,-1.45789,27481
Denton,53.45678,-2.11822,27464
Cleckheaton,53.72405,-1.71294,27393
Ashford,51.43173,-0.45761,27382
Longton,52.98333,-2.13333,27214
Haverhill,52.08226,0.43891,27041
Maghull,53.51619,-2.94117,26997
Aldridge,52.60549,-1.91715,26896
Stalybridge,53.48414,-2.05908,26830
Highbury,51.55000,-0.10000,26664
Acocks Green,52.45000,-1.81667,26635
East Grinstead,51.12382,-0.00610,26523
Flint,53.24488,-3.13231,26442
Newton Aycliffe,54.61842,-1.57190,26415
Ashton in Makerfield,53.48333,-2.65000,26380
Portishead,51.48199,-2.76973,26355
Westhoughton,53.54899,-2.52464,26260
Fleetwood,53.92527,-3.01085,26232
Douglas,54.15000,-4.48333,26218
Frome,51.22834,-2.32211,26203
Congleton,53.16314,-2.21253,26178
Rugeley,52.75930,-1.93694,26156
Camden Town,51.54057,-0.14334,26122
Bishop Auckland,54.65554,-1.67706,26050
Northolt,51.54855,-0.36778,26000
Rhyl,53.31929,-3.49228,25874
Hertford,51.79588,-0.07854,25847
Wilmslow,53.32803,-2.23148,25725
Staveley,53.26667,-1.35000,25719
Coleraine,55.13333,-6.66667,25681
Farnworth,53.55000,-2.40000,25680
Clydebank,55.90137,-4.40570,25620
New Milton,50.75601,-1.66580,25546
Coulsdon,51.32002,-0.14088,25530
Crowthorne,51.37027,-0.79219,25522
Hawarden,53.18478,-3.02578,25513
Hornchurch,51.55685,0.21664,25470
Thatcham,51.40366,-1.26049,25464
Saddleworth,53.54846,-2.00455,25441
Rickmansworth,51.63898,-0.47718,25413
Pudsey,53.79538,-1.66134,25393
Rhosllannerchrugog,53.00974,-3.05814,25362
Witham,51.80007,0.64038,25353
Blackheath,51.46470,0.00790,25116
Elgin,57.64947,-3.31843,25040
Isleworth,51.47518,-0.34246,25008
Hindley,53.53333,-2.58333,25001
Pitsea,51.56387,0.50859,25000
Chalk Farm,51.54313,-0.14987,24977
Newport,50.70146,-1.29124,24884
Skegness,53.14362,0.33630,24876
Herne Bay,51.37300,1.12857,24875
Selby,53.78333,-1.06667,24859
Thetford,52.41667,0.75000,24833
Market Harborough,52.47760,-0.92053,24779
Newton-le-Willows,53.45000,-2.60000,24642
Vale of Leven,55.97132,-4.57928,24640
Felixstowe,51.96375,1.35110,24521
St Austell,50.34250,-4.77442,24360
Renfrew,55.87197,-4.39253,24270
Plymstock,50.35999,-4.09049,24103
Ryde,50.72999,-1.16210,24096
Ormskirk,53.56685,-2.88178,24073
Golborne,53.47693,-2.59651,24021
Gosforth,55.00000,-1.61667,23975
Huntingdon,52.33049,-0.18651,23937
Sudbury,52.03890,0.73117,23912
Oadby,52.60621,-1.08354,23849
Droitwich,52.26667,-2.15000,23834
New Malden,51.40065,-0.26170,23818
Ammanford,51.79279,-3.98833,23709
Yate,51.54074,-2.41839,23703
Droylsden,53.48005,-2.14543,23689
Bishopbriggs,55.90669,-4.21869,23680
Arbroath,56.56317,-2.58736,23640
Musselburgh,55.94170,-3.04991,23620
Bathgate,55.90204,-3.64398,23600
Hanworth,51.43333,-0.38333,23563
Whitefield,53.55000,-2.30000,23545
Lofthouse,53.72947,-1.49697,23458
Penarth,51.43860,-3.17342,23437
Belper,53.02330,-1.48119,23417
Hailsham,50.86220,0.25775,23411
Maldon,51.73110,0.67463,23380
Formby,53.55838,-3.06999,23329
Burnham-on-Sea,51.23862,-2.99780,23325
Broadstairs,51.35845,1.44185,23283
Heanor,53.01372,-1.35383,23122
Chapeltown,53.46506,-1.47217,23056
Truro,50.26526,-5.05436,23041
Faversham,51.31480,0.88856,23024
Rawtenstall,53.70076,-2.28442,23000
Litherland,53.46993,-2.99809,22971
Whitehaven,54.54897,-3.58412,22945
Swinton,53.50000,-2.35000,22931
Waltham Abbey,51.68700,-0.00421,22858
Royton,53.56507,-2.12267,22848
Walton-on-Thames,51.38678,-0.41319,22834
Wellington,52.70000,-2.51667,22816
Woodford Green,51.60938,0.02329,22803
Godalming,51.18580,-0.61489,22689
Bartley Green,52.43532,-1.99707,22670
Potters Bar,51.69353,-0.17835,22639
Seaford,50.77141,0.10268,22584
Alfreton,53.09766,-1.38376,22550
South Ockendon,51.50799,0.28333,22440
Kenilworth,52.34958,-1.58276,22413
Seaham,54.83903,-1.34575,22373
Thornaby-on-Tees,54.53333,-1.30000,22356
Tiverton,50.90241,-3.49232,22291
Retford,53.32213,-0.94315,22023
Atherton,53.52371,-2.49354,22000
Heavitree,50.72044,-3.49646,22000
Berkhamsted,51.76040,-0.56528,21997
Ossett,53.67978,-1.58006,21861
Swanley,51.39717,0.17321,21839
Reigate,51.23736,-0.20582,21820
Rottingdean,50.80984,-0.05939,21756
Amersham,51.66667,-0.61667,21731
Crowborough,51.06098,0.16342,21688
Hadley Wood,51.66669,-0.16981,21639
Richmond,51.46171,-0.30633,21469
Old Trafford,53.45756,-2.28818,21447
Speke,53.34071,-2.84100,21403
Garston,53.33333,-2.90000,21403
Hebburn,54.97302,-1.51546,21345
Darton,53.58705,-1.52676,21345
Workington,54.64250,-3.54413,21275
Horley,51.17423,-0.15919,21232
Cowes,50.76252,-1.29781,21226
Barnes,51.47352,-0.24839,21218
Dukinfield,53.47497,-2.08809,21155
Dronfield,53.30221,-1.47507,21124
Ripley,53.03333,-1.40000,21097
Omagh,54.60000,-7.30000,21056
March,52.55131,0.08828,21051
Stowmarket,52.18893,0.99774,21028
Clevedon,51.44227,-2.85786,21002
Maesteg,51.60926,-3.65823,21001
Notting Hill,51.51150,-0.20587,21000
Guiseley,53.87561,-1.71232,21000
Bordon,51.11357,-0.86245,20978
Caterham,51.28230,-0.07889,20957
Wallington,51.36404,-0.15368,20850
Goole,53.70324,-0.87732,20810
Sandhurst,51.34675,-0.78655,20803
Harwich,51.94194,1.28437,20723
Pimlico,51.48897,-0.13699,20709
Chesham,51.70000,-0.60000,20649
Gerrards Cross,51.58610,-0.55543,20633
Stamford,52.65000,-0.48333,20592
Stourport-on-Severn,52.33976,-2.28034,20586
Gorseinon,51.66931,-4.04163,20581
Ely,52.39964,0.26196,20574
Failsworth,53.50484,-2.16568,20555
Nailsea,51.43239,-2.75847,20543
Gainsborough,53.38333,-0.76667,20537
Hythe,50.86004,-1.40162,20526
Camborne,50.21306,-5.29731,20450
Risca,51.60799,-3.10081,20443
Halewood,53.35960,-2.83148,20430
Alloa,56.11586,-3.78997,20390
Newmarket,52.24467,0.40418,20384
Tewkesbury,51.99244,-2.16010,20360
Yateley,51.34305,-0.82985,20334
Wednesbury,52.55140,-2.02355,20313
Peterlee,54.76032,-1.33649,20300
Cirencester,51.71927,-1.97145,20229
Newquay,50.41557,-5.07319,20189
Hazel Grove,53.38333,-2.11667,20170
Sandown,50.65158,-1.16103,20155
Colne,53.85713,-2.16851,20118
Chalfont Saint Peter,51.60885,-0.55618,20059
Buxton,53.25741,-1.90982,20048
Ampthill,52.02694,-0.49567,20026
Portslade,50.84286,-0.21608,20000
Kingswinford,52.49755,-2.16889,20000
Hampton,51.41334,-0.36701,20000
Bowthorpe,52.63884,1.21885,20000
Kempston Hardwick,52.08956,-0.49908,20000
Dumbarton,55.94433,-4.57061,19950
Poulton-le-Fylde,53.83333,-2.98333,19914
Brough,53.72861,-0.57215,19904
Kempston,52.11599,-0.50044,19873
Penzance,50.11861,-5.53715,19872
Dinnington,53.36667,-1.20000,19860
Bellshill,55.81667,-4.01667,19700
Antrim,54.71750,-6.21100,19661
Soho,51.51440,-0.13535,19634
Kirkintilloch,55.93933,-4.15262,19630
Norris Green,53.44513,-2.92073,19610
Keynsham,51.41387,-2.49780,19603
Earl Shilton,52.57682,-1.31536,19578
Adwick le Street,53.57077,-1.18454,19481
Weybridge,51.37178,-0.45975,19463
Blackwall,51.50971,-0.00160,19461
Irlam,53.44253,-2.42323,19442
Chessington,51.36240,-0.30427,19433
Alton,51.14931,-0.97469,19425
Liversedge,53.70514,-1.69327,19420
Leek,53.10434,-2.02207,19385
Melksham,51.37281,-2.14002,19357
Horsforth,53.84260,-1.63754,19350
Clydach,51.68333,-3.90000,19307
East Dereham,52.68333,0.93333,19256
Great Wyrley,52.66277,-2.01111,19193
Yarm,54.50364,-1.35793,19184
Shoreham-by-Sea,50.83413,-0.27431,19175
Pinner,51.59384,-0.38216,19158
Prestatyn,53.33748,-3.40776,19085
Peterhead,57.50517,-1.78435,19060
Hook,51.36803,-0.30650,18973
Nether Edge,53.35934,-1.48759,18890
Humberstone,52.64738,-1.08647,18854
South Elmsall,53.59709,-1.28034,18835
Golders Green,51.57631,-0.20033,18818
Mirfield,53.67343,-1.69636,18800
Emsworth,50.84779,-0.93697,18777
Aberystwyth,52.41548,-4.08292,18749
Oswestry,52.86195,-3.05497,18743
Horwich,53.60126,-2.54975,18696
Lancing,50.82882,-0.32247,18692
Kirkdale,53.43342,-2.97657,18657
Eastwood,53.00000,-1.30000,18612
Peacehaven,50.79270,-0.00652,18579
West Molesey,51.39985,-0.37997,18565
East Molesey,51.39872,-0.34916,18565
Southsea,50.78351,-1.09071,18514
Isle of Lewis,58.21901,-6.38803,18500
Wealdstone,51.59983,-0.33711,18500
Rawmarsh,53.46062,-1.34437,18498
Bedlington,55.13061,-1.59319,18470
Uckfield,50.96948,0.09589,18452
Larne,54.85000,-5.81667,18421
Saint Andrews,56.33871,-2.79902,18410
Mansfield Woodhouse,53.16495,-1.19384,18330
Bangor,53.22752,-4.12936,18322
Bonnyrigg,55.87329,-3.10510,18320
Hadleigh,51.55269,0.60983,18300
Marlow,51.56933,-0.77415,18261
Fulwood,53.35000,-1.55000,18233
Chapel Allerton,53.82901,-1.53834,18206
Heckmondwike,53.70646,-1.67747,18149
Brymbo,53.06667,-3.06667,18111
East Barnet,51.64674,-0.16103,18100
Bingley,53.84861,-1.83857,18040
Dalserf,55.73333,-3.91667,17985
Hedge End,50.91234,-1.30076,17978
Sandbach,53.14515,-2.36251,17976
New Mills,53.36592,-1.99986,17968
Ascot,51.41082,-0.67480,17899
Barrhead,55.79916,-4.39285,17890
Manchester City Centre,53.48097,-2.24555,17861
Glossop,53.44325,-1.94900,17825
Spennymoor,54.69880,-1.60229,17766
Dorking,51.23228,-0.33380,17747
Amersham on the Hill,51.67468,-0.60742,17719
Abbey Wood,51.48688,0.10747,17700
Moreton,53.40000,-3.11667,17670
Biddulph,53.11724,-2.17584,17669
Bishopstoke,50.96643,-1.32832,17667
Ferndown,50.80743,-1.89975,17650
Bethnal Green,51.52718,-0.06109,17590
Ware,51.81058,-0.02875,17576
Maltby,53.41667,-1.20000,17513
Bayswater,51.51116,-0.18426,17500
Warminster,51.20434,-2.17873,17490
Walton-on-the-Naze,51.84819,1.26738,17458
Louth,53.36664,-0.00438,17382
Gelligaer,51.66444,-3.25611,17376
Sleaford,52.99826,-0.40941,17359
Haydock,53.46723,-2.68166,17333
Mountsorrel,52.71667,-1.15000,17297
Lewes,50.87398,0.00880,17297
Thorne,53.61122,-0.96308,17295
Haslemere,51.09015,-0.70785,17279
Calne,51.43879,-2.00571,17274
Evington,52.60000,-1.06667,17268
Friern Barnet,51.61328,-0.15853,17250
Nantwich,53.06878,-2.52051,17226
Bramhall,53.35801,-2.16539,17195
Glen Parva,52.58527,-1.17062,17189
Harlesden,51.53811,-0.25020,17162
Romsey,50.98906,-1.49989,17161
Primrose Place,52.56061,-0.10887,17161
Brockley,51.46369,-0.03652,17156
Blantyre,55.79634,-4.09485,17090
Ramsbottom,53.64789,-2.31683,17067
Bredbury,53.41667,-2.11667,17040
Heysham,54.04367,-2.89322,17016
Westbury,51.26000,-2.18750,16989
Guisborough,54.53478,-1.05606,16979
Wath upon Dearne,53.50291,-1.34580,16964
Frinton-on-Sea,51.83061,1.24424,16941
Bodmin,50.47151,-4.72430,16909
Hayling Island,50.78380,-0.96869,16887
Dorchester,50.71667,-2.43333,16879
Braunstone,52.61835,-1.17904,16850
Devizes,51.35084,-1.99421,16834
Northallerton,54.33901,-1.43243,16832
Saint Ives,52.33251,-0.07656,16815
Longfield,51.39690,0.30212,16808
South Ruislip,51.55518,-0.40867,16800
Rochford,51.58198,0.70673,16739
High Blantyre,55.78438,-4.10007,16739
Plumstead,51.48333,0.08333,16736
Cobham,51.32997,-0.41130,16724
Hale,53.37831,-2.33271,16715
Penrith,54.66579,-2.75757,16700
Brixham,50.39431,-3.51585,16693
Whickham,54.94561,-1.67635,16625
Saffron Walden,52.02337,0.24234,16610
Biggleswade,52.08652,-0.26493,16551
Kensington,53.40861,-2.95283,16522
South Norwood,51.39944,-0.07469,16518
Cowley,51.73213,-1.20631,16500
Harringay,51.58240,-0.09956,16500
Norbury,51.41667,-0.11667,16476
Enfield Lock,51.67086,-0.02748,16469
Nigg,57.11601,-2.09252,16400
Fazakerley,53.46140,-2.92863,16374
Ripon,54.13579,-1.52826,16363
Hartley,51.38673,0.30367,16302
Tooting,51.42524,-0.16394,16239
Stepney,51.51750,-0.04292,16238
Banbridge,54.35000,-6.28333,16173
Penicuik,55.83116,-3.22608,16150
Roehampton,51.45165,-0.24393,16132
Grangemouth,56.01141,-3.72183,16120
Kilwinning,55.65333,-4.70666,16100
Ryton,52.61667,-2.35000,16093
Upper Norwood,51.41505,-0.09270,16082
Worcester Park,51.37992,-0.24445,16031
Viewpark,55.82737,-4.05730,16020
Longsight,53.45801,-2.20104,16007
Basford,52.96667,-1.18333,16000
Limehouse,51.51412,-0.03282,15986
Broxburn,55.93415,-3.47133,15970
Seven Sisters,51.57769,-0.07895,15968
Chertsey,51.38812,-0.50782,15967
Kippax,53.76687,-1.37099,15965
Ealing Common,51.50686,-0.29546,15945
Conisbrough,53.48188,-1.23214,15934
Johnstone,55.82906,-4.51605,15930
Hayes,51.37786,0.01682,15908
Carmarthen,51.85552,-4.30535,15854
Hoyland Nether,53.50000,-1.45000,15842
Tadley,51.35045,-1.12850,15836
Swanscombe,51.44713,0.31028,15801
Royston,52.04832,-0.02438,15781
Fort William,56.81648,-5.11208,15757
New Cross,51.47534,-0.03837,15756
Hunts Cross,53.35578,-2.86572,15740
Baildon,53.84711,-1.78785,15710
Carterton,51.75905,-1.59435,15680
Porthcawl,51.47903,-3.70362,15672
Ponders End,51.64450,-0.04652,15664
Hale,51.22946,-0.78908,15657
Elland,53.68510,-1.83878,15625
Perry Vale,51.43639,-0.04442,15618
Belle Vale,53.39213,-2.86022,15613
Chislehurst,51.41709,0.06858,15600
Queenstown,51.47807,-0.14716,15599
Old Swan,53.41392,-2.90889,15596
Saltash,50.40959,-4.22514,15566
Earlsfield,51.44390,-0.18540,15562
Wimborne Minster,50.78333,-1.98333,15552
West Ham,51.53333,0.01667,15551
Allerton,53.36697,-2.89400,15540
Erskine,55.90050,-4.45028,15530
Wombwell,53.52189,-1.39698,15518
Furzedown,51.42456,-0.14656,15504
South Hayling,50.78773,-0.97697,15485
Blackwood,51.66778,-3.20750,15476
Stapleford,52.91667,-1.26667,15453
Llandudno,53.32498,-3.83148,15371
Latchmere,51.46842,-0.16882,15358
Neston,51.41222,-2.20056,15352
Manor Park,51.54932,0.04867,15318
Orpington,51.37457,0.09785,15248
Haslingden,53.70326,-2.32382,15204
West Ealing,51.51355,-0.32290,15169
Palmers Green,51.61794,-0.11012,15162
Totteridge,51.63333,-0.20000,15159
Blaydon-on-Tyne,54.96461,-1.71392,15155
Sinfin,52.88157,-1.48681,15128
Shadwell,51.51135,-0.05663,15110
Mexborough,53.49389,-1.29243,15079
Newport Pagnell,52.08731,-0.72218,15067
Neston,53.28333,-3.05000,15064
Tottenham Hale,51.59366,-0.05962,15064
Larkhall,55.73333,-3.96667,15030
Cleveleys,53.87750,-3.03987,15000
Darras Hall,55.03560,-1.76425,15000
Dursley,51.68139,-2.35333,14992
Addlestone,51.37135,-0.49353,14978
Petersfield,51.00495,-0.93375,14974
Kenley,51.32643,-0.10111,14966
Matlock,53.13838,-1.55560,14956
Troon,55.54359,-4.66335,14950
Sudbury,51.55525,-0.32358,14950
Crofton Park,51.45147,-0.03438,14937
Teignmouth,50.54581,-3.49671,14932
Brynmawr,51.80000,-3.18333,14924
Kensal Green,51.53068,-0.22530,14915
Headstone,51.59279,-0.34495,14900
Prestwick,55.48333,-4.61667,14880
Whitechapel,51.51382,-0.06583,14862
Lymington,50.75916,-1.53828,14858
Tredegar,51.77251,-3.24679,14855
Forest Hill,51.44620,-0.04189,14854
Bromborough,53.34850,-2.97935,14850
Bo’ness,56.01667,-3.61667,14840
Garforth,53.79173,-1.38067,14838
Portswood,50.92722,-1.39029,14831
Hadley,52.70000,-2.48333,14829
Ilkley,53.92449,-1.82326,14809
Armagh,54.35000,-6.66667,14801
Clitheroe,53.86667,-2.40000,14765
Balham,51.44959,-0.15096,14751
Knaresborough,54.00910,-1.46851,14740
Thornton Heath,51.39884,-0.09872,14669
Otley,53.90553,-1.69383,14668
Inverurie,57.28446,-2.37736,14660
St. Ann's,51.58215,-0.09032,14638
Skipton,53.96144,-2.01676,14623
Ingleby Greenhow,54.44983,-1.10687,14608
Hythe,51.07150,1.08421,14604
Haverfordwest,51.80169,-4.96914,14596
Lee,51.45556,0.00515,14573
Clayton-le-Woods,53.69689,-2.66818,14528
Ladywell,51.45452,-0.02227,14515
Chelsfield,51.35806,0.12772,14507
Enniskillen,54.34615,-7.64133,14472
Southgate,51.61667,-0.10000,14454
Croxteth,53.45116,-2.90425,14432
Prenton,53.36762,-3.05479,14429
Northumberland Park,51.60420,-0.05981,14429
Llantrisant,51.54028,-3.37389,14422
Canford Heath,50.75100,-1.96862,14418
Morpeth,55.16882,-1.68893,14403
Hetton-Le-Hole,54.81667,-1.45000,14402
Charlton,51.48500,0.04032,14385
Llantwit Major,51.41070,-3.48632,14384
Mildenhall,52.34446,0.51086,14382
West Drayton,51.50000,-0.46667,14370
Pinxton,53.09062,-1.31767,14357
Knotty Ash,53.41620,-2.89646,14355
Poynton,53.35000,-2.11667,14351
Kidbrooke,51.46723,0.02708,14300
Harrow Weald,51.61066,-0.33740,14300
Shirley,51.37762,-0.04961,14296
Didsbury,53.41698,-2.23145,14292
Chard,50.87270,-2.96597,14287
West Wickham,51.36667,-0.01667,14276
Wavertree,53.39816,-2.91567,14262
Stone,52.90590,-2.15409,14258
Bishops Cleeve,51.94749,-2.06277,14231
Port Glasgow,55.93464,-4.68950,14200
Strabane,54.82373,-7.46916,14198
Tilbury,51.46248,0.35856,14185
Leyton,51.55956,-0.00777,14184
Featherstone,52.64483,-2.09315,14175
Fallowfield,53.43981,-2.21572,14132
Ringwood,50.84541,-1.78871,14084
King's Cross,51.53067,-0.12308,14082
Uttoxeter,52.89838,-1.86488,14014
Ryhope,54.87139,-1.37000,14000
New Barnet,51.64969,-0.17527,14000
Dundonald,54.59196,-5.79803,13985
Whitchurch,51.51167,-3.22083,13974
Forfar,56.64382,-2.89001,13970
Bourne,52.76667,-0.38333,13961
Hockley,52.50000,-1.91667,13919
Bickley,51.40135,0.04583,13904
Beccles,52.45936,1.56465,13868
Woolston,50.89305,-1.37801,13852
Leicester Forest East,52.62497,-1.21827,13846
West Derby,53.43279,-2.90963,13837
Carluke,55.73595,-3.83019,13810
Littleborough,53.64413,-2.09581,13807
Knottingley,53.70778,-1.25639,13804
Beaconsfield,51.61219,-0.64732,13797
Rotherhithe,51.50000,-0.05000,13743
Gipsy Hill,51.42742,-0.09200,13712
Burnage,53.43265,-2.19967,13706
Pyle,51.51667,-3.70000,13701
World's End,51.65746,-0.10955,13700
Abergavenny,51.82098,-3.01743,13695
Mayfield,55.87172,-3.03875,13690
Childwall,53.39719,-2.89700,13640
Whiston,53.41997,-2.78907,13629
Kidlington,51.82166,-1.28860,13600
Ickenham,51.56433,-0.44373,13600
Middlewich,53.19296,-2.44402,13595
Milford Haven,51.71278,-5.03410,13582
Market Deeping,52.67654,-0.31629,13574
Wetherby,53.92836,-1.38672,13572
Kirk Sandall,53.56211,-1.06876,13572
Rosyth,56.03689,-3.43800,13570
The Boldons,54.94260,-1.45349,13567
Stoke Gifford,51.51686,-2.54053,13560
Hawick,55.42273,-2.78666,13512
Wombourne,52.53333,-2.18333,13511
Shepshed,52.76570,-1.29021,13505
Croxley Green,51.63333,-0.45000,13500
Blacon,53.20832,-2.92530,13495
Ashtead,51.30873,-0.29972,13494
Mossend,55.81667,-4.00000,13480
Little Hulton,53.53333,-2.41667,13469
Chafford Hundred,51.48920,0.29440,13466
Oxted,51.25687,-0.00601,13452
Brownhills,52.63333,-1.93333,13441
Oakwood,52.94331,-1.43086,13419
Chaddesden,52.92951,-1.43422,13413
Bargoed,51.68333,-3.23333,13412
Corsham,51.43433,-2.18437,13369
Verwood,50.87575,-1.87023,13360
Alsager,53.09617,-2.30649,13347
Broxbourne,51.74712,-0.01923,13298
Churchdown,51.87739,-2.17087,13287
Chelmsley Wood,52.47810,-1.73813,13278
Streetly,52.58333,-1.88333,13251
Sheerness,51.44042,0.76252,13249
Dingle,53.37908,-2.96029,13246
Bolton upon Dearne,53.51667,-1.31667,13236
Helensburgh,56.00614,-4.72648,13230
Whitby,54.48774,-0.61498,13213
Rustington,50.81027,-0.50674,13210
Knutsford,53.30289,-2.37482,13191
Holywood,54.63863,-5.82473,13109
Wantage,51.58846,-1.42565,13106
Driffield,54.00613,-0.44495,13080
Stocksbridge,53.48249,-1.59373,13069
Goodmayes,51.56288,0.11068,13069
Bacup,53.70336,-2.20070,13047
Abbey Road,51.53490,-0.17820,13043
Osterley,51.48026,-0.35401,13031
Holborn,51.51753,-0.12045,13023
Brackley,52.03333,-1.15000,13018
North Walsham,52.82121,1.38746,13007
Midsomer Norton,51.28567,-2.48591,13000
Broadfield,51.09714,-0.20664,13000
Flitwick,52.00338,-0.49472,12983
Marple,53.39452,-2.06292,12970
Cinderford,51.82421,-2.49870,12942
Woolton,53.37401,-2.87000,12921
Street,51.12472,-2.74000,12911
Armthorpe,53.53518,-1.05341,12911
Buckingham,51.99968,-0.98779,12890
Chilwell,52.91180,-1.23631,12864
Nelson,51.65333,-3.28444,12857
Newhaven,50.79693,0.05545,12854
Cheetham Hill,53.49862,-2.23846,12846
Milngavie,55.94071,-4.32311,12840
Linlithgow,55.97639,-3.60364,12840
West Watford,51.65739,-0.41655,12800
Sanderstead,51.33591,-0.07778,12777
Queen's Park,51.52949,-0.20868,12756
Whittlesey,52.55804,-0.13016,12745
Newport,52.76684,-2.37734,12741
Frimley,51.31667,-0.74544,12739
Hurstpierpoint,50.93388,-0.18007,12730
Dalkeith,55.89317,-3.06806,12720
Armadale,55.88333,-3.70000,12720
Portland,50.56748,-2.44472,12710
Tavistock,50.54944,-4.14418,12675
Hornsey,51.58752,-0.12204,12659
Bridgnorth,52.53661,-2.42033,12657
Lees,53.53794,-2.07302,12630
Barkingside,51.58131,0.06860,12609
Batchworth,51.63402,-0.46421,12600
Fraserburgh,57.68744,-2.01844,12570
Sidmouth,50.69094,-3.23970,12569
Mablethorpe,53.34090,0.26102,12531
Burnham,51.53534,-0.66579,12500
Rainham,51.51686,0.19432,12482
Hartshill,52.54831,-1.52221,12479
Brixton Hill,51.45213,-0.12300,12458
Harold Wood,51.59462,0.23294,12443
Hillingdon,51.53291,-0.45293,12403
Ashby-de-la-Zouch,52.74632,-1.47320,12370
Treharris,51.66457,-3.30725,12352
Cranford,51.47695,-0.41345,12330
East Dulwich,51.45353,-0.07203,12321
Henlow,52.03021,-0.28599,12320
Hollinwood,53.51667,-2.13333,12310
Bridport,50.73380,-2.75831,12295
Crystal Palace,51.41934,-0.07854,12255
Saltcoats,55.63616,-4.78588,12250
Chigwell,51.61999,0.07596,12250
Birstall,52.66667,-1.11667,12216
Marylebone,51.52541,-0.16806,12157
Honiton,50.79960,-3.18899,12154
Westhill,57.15263,-2.27966,12110
Edgwarebury,51.62528,-0.27297,12100
Tidworth,51.23142,-1.66324,12089
Prudhoe,54.96154,-1.85168,12075
Canonbury,51.54339,-0.09120,12072
Giffnock,55.80373,-4.29488,12070
Elm Park,51.54297,0.19454,12048
Berwick-Upon-Tweed,55.76868,-2.00537,12043
Mossley Hill,53.37701,-2.91258,12041
Cowdenbeath,56.11194,-3.34426,12030
Emerson Park,51.57511,0.23177,11977
St. Helier,51.38223,-0.18341,11949
Dungannon,54.50344,-6.76723,11935
Tring,51.79471,-0.65824,11929
Chorleywood,51.65472,-0.51404,11917
Tranent,55.94439,-2.95412,11910
Halstead,51.94506,0.63927,11906
Cudworth,53.57131,-1.41595,11903
Chepstow,51.64087,-2.67683,11900
Haxby,54.01422,-1.07121,11894
Barnham,50.83120,-0.63789,11881
Snaresbrook,51.58432,0.01923,11868
Codsall,52.62989,-2.20148,11860
Ivybridge,50.39039,-3.91914,11851
Catterick Garrison,54.37748,-1.72232,11804
Northwood Hills,51.59884,-0.40959,11800
Market Drayton,52.90538,-2.49012,11773
Stroud Green,51.57509,-0.11057,11758
Minehead,51.20452,-3.48284,11757
Buckhurst Hill,51.62409,0.03262,11755
Bolsover,53.22846,-1.29204,11754
Cross Hills,53.90606,-1.98492,11731
Montrose,56.71683,-2.46695,11730
Charlton Kings,51.88374,-2.04239,11700
Blandford Forum,50.86073,-2.16174,11694
Todmorden,53.71434,-2.09701,11690
Thornbury,51.60889,-2.52028,11687
Westbourne,51.52126,-0.19378,11686
Church Street,51.52390,-0.16968,11673
Maida Hill,51.52740,-0.18990,11660
Sandy,52.12927,-0.28925,11657
Helston,50.10319,-5.27045,11611
Regent's Park,51.53003,-0.16193,11610
Lymm,53.38105,-2.47763,11608
Sunninghill,51.40135,-0.65557,11603
Wallingford,51.59982,-1.12480,11600
Belsize Park,51.54767,-0.17228,11600
Bishopsworth,51.41479,-2.62080,11576
Belgrave,52.65000,-1.11667,11558
Wanstead,51.57680,0.02463,11543
West End,51.51235,-0.14358,11543
Syston,52.68333,-1.06667,11508
Henley-on-Thames,51.53333,-0.90000,11494
Whitburn,55.86667,-3.68333,11490
Great Harwood,53.78512,-2.40865,11467
Kew,51.48165,-0.28749,11436
Holyhead,53.30621,-4.63211,11431
Cheadle,52.98333,-1.98333,11404
Hexham,54.96986,-2.10400,11388
Harrow Road,51.52661,-0.19947,11381
Great Bookham,51.27916,-0.37423,11375
Pelsall,52.62910,-1.96738,11371
Rhiwbina,51.52792,-3.21410,11369
Crumpsall,53.51827,-2.24447,11363
Newtown,52.51667,-3.30000,11362
Kingsteignton,50.55000,-3.58333,11360
Ulverston,54.19594,-3.09626,11356
Highams Park,51.60768,-0.00579,11355
Rastrick,53.69210,-1.78830,11351
Padiham,53.80187,-2.31511,11338
Thame,51.74840,-0.97624,11329
Timperley,53.40000,-2.33333,11323
Dawlish,50.58118,-3.46644,11312
Carnoustie,56.50263,-2.70530,11310
Northwood,51.61162,-0.42454,11300
Abergele,53.28436,-3.58220,11290
Cheam,51.36179,-0.21977,11286
Stanwell,51.45414,-0.47812,11279
Limavady,55.05045,-6.95074,11279
Kimberley,52.98333,-1.26667,11273
Royal Wootton Bassett,51.54190,-1.90450,11265
Atherstone,52.57536,-1.54693,11259
Mountain Ash,51.68361,-3.38008,11230
Woodbridge,52.09332,1.32042,11200
Wimbledon Park,51.43495,-0.19880,11197
Uppermill,53.54861,-2.00532,11191
Ince-in-Makerfield,53.53333,-2.61667,11185
Aylestone,52.60422,-1.14631,11151
Stonehaven,56.96365,-2.21177,11150
Wells,51.20794,-2.64896,11145
Cranleigh,51.14209,-0.48374,11082
Cookstown,54.64305,-6.74595,11081
Barton upon Humber,53.68915,-0.44377,11066
Featherstone,53.67688,-1.35647,11060
Ilfracombe,51.20930,-4.11344,11042
Largs,55.79629,-4.86337,11030
Knightsbridge and Belgravia,51.50440,-0.16675,11028
Kesgrave,52.06241,1.23650,11020
Belvedere,51.49114,0.15136,11000
Ruislip Manor,51.56975,-0.40959,11000
Penistone,53.52572,-1.63027,10956
Highgate,51.56565,-0.15904,10955
Lancaster Gate,51.51318,-0.18541,10951
Abertillery,51.72981,-3.13432,10946
Leominster,52.22583,-2.74491,10938
Codicote,51.85052,-0.23670,10938
Oakham,52.66667,-0.73333,10922
Mortlake,51.46945,-0.26749,10919
Beighton,53.33333,-1.33333,10914
Methil,56.18543,-3.02157,10890
Shirebrook,53.20333,-1.21336,10885
Downham Market,52.60714,0.38375,10884
Rainhill,53.41567,-2.76607,10853
Oldbury,52.50000,-2.01667,10830
Knowle,52.38333,-1.73333,10823
Biggin Hill,51.31329,0.03433,10817
Immingham,53.61420,-0.21579,10750
Brentford,51.48619,-0.30830,10750
Diss,52.37675,1.10910,10734
Desborough,52.44183,-0.82126,10697
Epping,51.69815,0.11055,10695
Harrow on the Hill,51.57142,-0.33371,10632
Baldock,51.98781,-0.18835,10615
Ross on Wye,51.91667,-2.56667,10582
West End of London,51.51414,-0.15510,10575
Selsey,50.73501,-0.78979,10550
Attleborough,52.51779,1.01572,10549
Ludlow,52.37431,-2.71311,10515
Stranraer,54.90234,-5.02731,10510
Downpatrick,54.32814,-5.71529,10507
Ardrossan,55.65018,-4.80659,10500
Abbots Langley,51.70573,-0.41757,10472
Swanage,50.60827,-1.95664,10454
Barnoldswick,53.91711,-2.18705,10435
Monkhams,51.61512,0.02668,10422
Annfield Plain,54.85749,-1.73827,10406
Sidcup,51.42619,0.10360,10400
Shepton Mallet,51.18972,-2.54722,10369
Little Venice,51.52356,-0.18079,10366
St James's,51.50730,-0.13982,10361
Hedon,53.73962,-0.19655,10358
East Sheen,51.46291,-0.26844,10348
Vincent Square,51.49292,-0.13179,10327
Hyde Park,51.51606,-0.17299,10319
Cockfosters,51.64926,-0.14823,10300
Chatteris,52.45624,0.05236,10298
Broadstone,50.75717,-1.99406,10289
Spitalfields,51.52020,-0.07436,10286
Brierfield,53.82468,-2.23415,10271
Dunbar,56.00062,-2.51418,10270
Yatton,51.38839,-2.82353,10251
Cosham,50.84654,-1.06344,10226
Horbury,53.66051,-1.56014,10225
Hampton Wick,51.42002,-0.31504,10221
Ystalyfera,51.76716,-3.78082,10218
Fair Oak,50.96364,-1.29682,10212
Snodland,51.32971,0.44305,10211
Gourock,55.96157,-4.81789,10210
Blackley,53.51765,-2.21443,10196
Nairn,57.58094,-3.87973,10190
Whitchurch,52.96667,-2.68333,10142
Ponteland,55.05024,-1.74532,10135
Kearsley,53.53333,-2.38333,10127
Boughton,53.20000,-0.98333,10120
Abercarn,51.64733,-3.13476,10118
Amesbury,51.17509,-1.78064,10116
Monmouth,51.81265,-2.71363,10110
Norbiton,51.41187,-0.28423,10107
Shepperton,51.39546,-0.44889,10106
Little Lever,53.56346,-2.37803,10100
Collier Row,51.59893,0.16600,10100
Aberkenfig,51.54000,-3.59556,10083
Crouch End,51.57971,-0.12373,10075
Abram,53.50855,-2.59266,10074
Ellon,57.36405,-2.07313,10070
Galashiels,55.61458,-2.80695,10060
Mold,53.16674,-3.14143,10058
Belmont,51.34324,-0.20003,10048
Saint Leonards-on-Sea,50.85565,0.54520,10001
Kingston upon Thames,51.41259,-0.29740,10001
Waltham Cross,51.68602,-0.03575,10000
Upminster,51.55594,0.25560,10000
Glenfield,52.64660,-1.19493,10000
Barnsbury,51.54067,-0.11675,10000
Cockington,50.46335,-3.55691,10000
Castle Vale,52.51879,-1.79683,10000
Bradwell,52.57353,1.69979,10000
Mottingham,51.45272,0.03854,9987
Shildon,54.62997,-1.64295,9976
Thirsk,54.23298,-1.34411,9953
Sowerby Bridge,53.70903,-1.90929,9948
Mossley,53.51454,-2.03462,9929
Watton,52.56667,0.83333,9924
Lutterworth,52.45634,-1.20218,9907
Forres,57.60997,-3.62115,9900
Holywell,51.64746,-0.42512,9900
Kilsyth,55.97596,-4.05916,9860
Soham,52.33543,0.33654,9834
Tolworth,51.38044,-0.28141,9833
Edgware,51.61280,-0.27539,9832
Greasby,53.37300,-3.12330,9830
Birchington-on-Sea,51.37575,1.30480,9827
Attleborough,52.51293,-1.45487,9817
Caldicot,51.58661,-2.75736,9813
Erith,51.48315,0.17484,9811
Dalgety Bay,56.03496,-3.35049,9810
Ferryhill,54.68333,-1.55000,9805
London Colney,51.72453,-0.29646,9800
Hatch End,51.60789,-0.37367,9800
Westergate,50.83988,-0.67123,9783
Warsop,53.21402,-1.15091,9766
Hale Barns,53.36890,-2.31333,9736
Caernarfon,53.14126,-4.27016,9730
Kirby Muxloe,52.63025,-1.22755,9712
Leverstock Green,51.74818,-0.43263,9700
New Romney,50.98599,0.94122,9674
Pembroke Dock,51.69161,-4.94036,9657
Polesworth,52.61962,-1.61036,9645
Stakeford,55.16110,-1.57529,9636
Chadwell St Mary,51.48140,0.36343,9631
Steyning,50.88744,-0.32787,9627
Killamarsh,53.32395,-1.31688,9625
Ballymoney,55.07080,-6.51009,9625
Stenhousemuir,56.02676,-3.81462,9620
Teddington,51.42233,-0.33053,9615
Chadwell Heath,51.57121,0.13271,9598
Parkstone,50.72994,-1.94492,9593
Royston,53.60000,-1.45000,9584
Wivenhoe,51.85553,0.95796,9567
Brandon,54.75000,-1.61667,9566
Maryport,54.71434,-3.49509,9555
Larbert,56.02246,-3.82872,9530
Garstang,53.90081,-2.77417,9530
Braunton,51.10847,-4.16131,9525
Sherborne,50.94599,-2.51776,9523
Bulford,51.18930,-1.76009,9519
Crook,54.71252,-1.74970,9498
Prestonpans,55.95939,-2.98038,9490
Ballyclare,54.75089,-5.99944,9472
Scalby,53.76667,-0.71667,9462
Par,50.35107,-4.70288,9462
Clarkston,55.78594,-4.27651,9460
Deganwy,53.30446,-3.82735,9429
Grappenhall,53.37204,-2.54675,9377
Seaton Delaval,55.07196,-1.52609,9350
Hunstanton,52.95000,0.50000,9332
Greenhill,51.58342,-0.33860,9324
Tonyrefail,51.58402,-3.43041,9317
Dunblane,56.18843,-3.96417,9310
Shortlands,51.39914,0.00440,9303
Stevenston,55.63970,-4.75339,9290
Bradford-on-Avon,51.34772,-2.25065,9274
Coleford,51.79535,-2.61354,9273
Cupar,56.31876,-3.01204,9270
Hemsworth,53.61267,-1.35424,9246
Liskeard,50.45450,-4.46517,9237
Milnrow,53.61115,-2.11266,9227
Bramcote,52.93333,-1.25000,9200
New Mill,53.57498,-1.75004,9197
Comber,54.54937,-5.74379,9190
Tiptree,51.81230,0.74540,9182
Bonhill,55.97944,-4.56380,9180
Yaxley,52.51768,-0.25852,9174
Pencoed,51.52371,-3.50016,9166
Magherafelt,54.75356,-6.60656,9157
Cockermouth,54.66209,-3.36086,9146
Bingham,52.94978,-0.95907,9131
Earls Court,51.49159,-0.19801,9104
Oakwood,51.64761,-0.13184,9100
Calcot,51.44058,-1.05091,9093
Bewbush,51.10329,-0.22312,9081
Pontarddulais,51.71423,-4.03859,9073
Towcester,52.13359,-0.99057,9057
Rye,50.95114,0.73370,9041
Farnborough,51.35948,0.06905,9033
Frodsham,53.29485,-2.72745,9032
Haddington,55.95612,-2.78332,9020
Market Warsop,53.20516,-1.15257,9018
Coppull,53.62527,-2.65854,9014
Saltaire,53.83333,-1.78333,9000
Chasetown,52.67232,-1.92535,9000
Meltham Mills,53.59388,-1.83989,9000
Haughton Green,53.44118,-2.09827,9000
Belmont,51.60445,-0.31003,9000
Marshalswick,51.76480,-0.30881,9000
Wideopen,55.04514,-1.62246,8976
Queensferry,55.99089,-3.39847,8960
Leven,56.20000,-3.00000,8960
Broughton Astley,52.52787,-1.21768,8940
Dalmuir,55.91089,-4.42918,8933
Glastonbury,51.14745,-2.72075,8932
Hulme,53.46572,-2.24885,8932
Cumnock,55.45445,-4.26644,8920
Clapham Junction,51.46358,-0.16840,8916
Queensbury,53.76657,-1.84912,8912
Launceston,50.63699,-4.36006,8910
Caister-on-Sea,52.64809,1.72648,8901
Plympton,50.39074,-4.06022,8892
Blairgowrie and Rattray,56.59157,-3.34045,8890
Lanark,55.67371,-3.78170,8880
Longdendale,53.46667,-2.00000,8873
Ledbury,52.03639,-2.42635,8862
Gillingham,51.03833,-2.27611,8822
Cromer,52.93123,1.29892,8801
Burscough,53.59640,-2.83972,8799
Lydney,51.72598,-2.52605,8776
Llandaff,51.49314,-3.21980,8776
Cowplain,50.89411,-1.01824,8775
Annan,54.98839,-3.25647,8760
Tullibody,56.13364,-3.83835,8710
Kiveton Park,53.34120,-1.25498,8703
Southwater,51.02369,-0.35173,8692
Raunds,52.34428,-0.53657,8641
Knaphill,51.32010,-0.61584,8635
Storrington,50.91765,-0.45473,8618
Newbury Park,51.57767,0.09335,8617
Leavesden Green,51.69482,-0.40718,8600
Linwood,55.84834,-4.49337,8590
Carcroft,53.58282,-1.17648,8584
Tarleton,53.68005,-2.82968,8582
Lenzie,55.92762,-4.15399,8580
Bewdley,52.37570,-2.31833,8571
Rhymney,51.75998,-3.28553,8537
Oakengates,52.69501,-2.45036,8517
Denbigh,53.18333,-3.41667,8514
Clayton le Moors,53.76667,-2.38333,8474
Broadwater,50.82887,-0.37594,8442
Brandon,52.38432,-1.39960,8440
Hornsea,53.91041,-0.16806,8432
Buckie,57.67570,-2.96238,8430
Alnwick,55.41318,-1.70563,8430
East Cowes,50.75774,-1.28815,8428
Richmond,54.40360,-1.73434,8413
Water Eaton,51.98697,-0.72188,8412
Sawbridgeworth,51.81667,0.15000,8400
Marlborough,51.42027,-1.72949,8395
Portstewart,55.18132,-6.71402,8394
Peebles,55.65190,-3.18880,8380
Ashbourne,53.01667,-1.73333,8377
New Basford,52.97336,-1.16564,8371
Pocklington,53.93335,-0.78106,8337
Grove,51.60954,-1.42187,8336
Burry Port,51.68435,-4.24687,8310
Fakenham,52.82996,0.84770,8285
Marske-by-the-Sea,54.59147,-1.01959,8282
Brecon,51.94612,-3.38887,8250
Darfield,53.53390,-1.37595,8246
Bedwas,51.59183,-3.19886,8242
Totnes,50.43107,-3.68430,8241
Shotts,55.81951,-3.79749,8235
Princes Risborough,51.72549,-0.83144,8231
Humberston,53.53036,-0.02465,8216
Monifieth,56.48227,-2.81732,8210
Hayle,50.18392,-5.42137,8210
Portlethen,57.06942,-2.13246,8200
Bernards Heath,51.76087,-0.33369,8200
Fleetville,51.75213,-0.31223,8200
Cambourne,52.22115,-0.07025,8186
Edenbridge,51.19172,0.06729,8172
Radlett,51.68593,-0.31868,8163
Dunoon,55.95031,-4.92734,8160
Hadleigh,52.04499,0.95298,8150
Oban,56.41535,-5.47184,8140
Beddau,51.55398,-3.35814,8134
Merstham,51.25969,-0.15728,8123
Enderby,52.58778,-1.20619,8113
Clayton West,53.59501,-1.61107,8109
Thorpe Hamlet,52.62770,1.31175,8109
Treorchy,51.65958,-3.50587,8105
Meriden,51.68311,-0.38085,8100
Sheringham,52.94078,1.20931,8090
Brightlingsea,51.81164,1.02336,8076
City of London,51.51279,-0.09184,8072
Maidenbower,51.10781,-0.15286,8070
Poplar,51.51113,-0.01565,8069
Netherley,53.39080,-2.83937,8068
Iver Heath,51.53642,-0.51790,8065
Toton,52.90779,-1.25848,8064
Caerleon,51.60952,-2.95378,8061
Shanklin,50.62613,-1.17850,8055
Freckleton,53.75433,-2.86489,8049
Merrow,51.24552,-0.53136,8036
Hawkinge,51.11276,1.16176,8002
Woodside,51.69443,-0.40171,8000
Upton Lea,51.51786,-0.57693,8000
Cunningham,51.74307,-0.31270,8000
Little Bookham,51.28060,-0.39066,7996
Fetcham,51.28879,-0.35582,7996
Aveley,51.49987,0.25174,7986
Warlingham,51.30953,-0.05794,7970
Adlington,53.61323,-2.60676,7965
Chalfont St Giles,51.63184,-0.57026,7957
Bircotes,53.41933,-1.04905,7948
Littleport,52.45784,0.30603,7935
Carnforth,54.13163,-2.76914,7920
Holbeach,52.80401,0.01442,7914
Silsden,53.91443,-1.93802,7912
Eaglescliffe,54.52521,-1.35043,7900
Hardingstone,52.21358,-0.88582,7897
Partington,53.41884,-2.42815,7895
Highworth,51.63051,-1.71100,7886
Kirkham,53.78244,-2.87189,7883
Euxton,53.66990,-2.67615,7863
Denny,56.02350,-3.90812,7860
Ramsey,54.32273,-4.38526,7845
Paddock Wood,51.18187,0.38229,7840
North Berwick,56.05825,-2.72290,7840
Meltham,53.59305,-1.84861,7836
Crediton,50.78333,-3.65000,7835
Ramsey,52.45058,-0.10932,7829
Freshwater,50.68365,-1.52616,7829
Dalton in Furness,54.15796,-3.17977,7827
Crewkerne,50.88298,-2.79588,7826
Easton,50.53333,-2.45000,7800
Dorridge,52.37259,-1.75318,7800
Cullompton,50.85530,-3.39268,7800
Britwell,51.53577,-0.62774,7800
Furze Platt,51.53985,-0.73696,7800
Carryduff,54.51799,-5.88713,7798
West Thurrock,51.47828,0.27672,7795
Penkridge,52.72556,-2.11560,7791
Windermere,54.38086,-2.90709,7765
Great Dunmow,51.87230,0.36255,7749
Dinas Powys,51.43486,-3.21398,7738
Torpoint,50.37505,-4.19566,7717
Tottington,53.61326,-2.34071,7713
Wendover,51.76194,-0.73986,7702
Mill End,51.63877,-0.50094,7700
Sopwell,51.73853,-0.33033,7700
Rothwell,52.41667,-0.80000,7694
Rainworth,53.11883,-1.11852,7693
West Kirby,53.37302,-3.18417,7680
Warrenpoint,54.10148,-6.25731,7670
Northam,51.03333,-4.21667,7668
Okehampton,50.73841,-4.00160,7647
Colinton,55.90739,-3.25609,7637
Pershore,52.11163,-2.07586,7626
Grange Hill,51.61185,0.08612,7602
Watton,53.93333,-0.45000,7601
Wareham,50.68792,-2.11058,7592
Histon,52.25166,0.10643,7592
Clowne,53.27449,-1.26406,7590
Burnham-on-Crouch,51.63272,0.81488,7561
Pembroke,51.67464,-4.91286,7552
Twyford,51.47518,-0.86037,7533
Longridge,53.83212,-2.59964,7526
Fazeley,52.61443,-1.69850,7522
Kilbirnie,55.75082,-4.68791,7520
Radcliffe on Trent,52.94802,-1.03855,7510
Irthlingborough,52.32674,-0.61129,7502
Stornoway,58.20925,-6.38649,7500
Pinkneys Green,51.53324,-0.76056,7500
Iver,51.50000,-0.50000,7492
Stonehouse,51.75000,-2.28333,7481
Strathaven,55.67710,-4.06680,7480
Norton Canes,52.67142,-1.96262,7479
Newcastle,54.21804,-5.88979,7444
Banchory,57.05168,-2.48824,7440
Glusburn,53.90000,-2.00000,7425
North Ferriby,53.72124,-0.50520,7416
Murton,54.81812,-1.39036,7413
Thurso,58.59271,-3.52594,7390
Sturry,51.30132,1.12155,7386
Donaghadee,54.64126,-5.53591,7369
Ushaw Moor,54.77803,-1.64720,7368
Ferndale,51.66056,-3.44750,7338
Penryn,50.16812,-5.10416,7326
Hook,51.28425,-0.95967,7321
"Basford, Stoke-on-Trent",53.01628,-2.21230,7321
Shaftesbury,51.00528,-2.19333,7314
Shefford,52.03870,-0.33399,7311
Garston,51.68900,-0.39512,7300
Titchfield,50.85115,-1.23716,7280
Crieff,56.37268,-3.83891,7280
Sawston,52.12089,0.16943,7275
Sileby,52.73286,-1.10773,7261
Swaffham,52.64770,0.68570,7258
Wardle,53.65000,-2.13333,7250
Hirwaun,51.73917,-3.51028,7247
Kings Langley,51.71395,-0.45044,7230
Brechin,56.72993,-2.65729,7230
Isle of Bute,55.83663,-5.05586,7228
Great Missenden,51.70419,-0.70797,7227
Lee-on-the-Solent,50.80169,-1.20174,7224
Cotgrave,52.90859,-1.03752,7203
Easington,54.78528,-1.35917,7193
Old Windsor,51.45807,-0.58674,7168
Otford,51.31283,0.19046,7155
Kirkwall,58.98479,-2.95873,7150
Wick,58.43906,-3.09424,7140
Stewarton,55.67986,-4.51435,7140
Faringdon,51.65644,-1.58676,7121
Tenterden,51.06845,0.68776,7118
Seaton,50.70494,-3.06999,7100
Hainault,51.60836,0.10716,7071
Thrapston,52.39675,-0.53920,7068
High Barnet,51.65621,-0.20768,7062
Cove,57.10000,-2.08333,7060
West Mersea,51.77798,0.91873,7057
Kirkleatham,54.58848,-1.08181,7045
Barnard Castle,54.54150,-1.91900,7040
Bannockburn,56.08978,-3.91092,7040
Balsall Common,52.39186,-1.65040,7039
Duntocher,55.92437,-4.41545,7036
Bollington,53.29446,-2.10963,7033
Sacriston,54.81769,-1.62410,7030
Bude,50.82435,-4.54130,7011
Eston,54.55932,-1.14340,7005
Norton,54.13303,-0.78501,7000
Langley Green,51.12817,-0.19835,7000
Larkfield,51.30143,0.44855,7000
Carpenders Park,51.62858,-0.38332,7000
Tadworth,51.29169,-0.23582,6999
Bolton le Sands,54.09632,-2.80017,6995
Holywell,53.27466,-3.22895,6969
Old Harlow,51.78353,0.13381,6968
Alexandria,55.99379,-4.58640,6940
Alcester,52.21667,-1.86667,6939
Pickering,54.25000,-0.76667,6936
Cleator Moor,54.52143,-3.51590,6936
Billingshurst,51.02312,-0.45359,6911
Moodiesburn,55.91501,-4.08331,6900
Bursledon,50.88658,-1.31596,6894
Kingswood,51.29477,-0.21428,6891
Burton Latimer,52.36368,-0.67853,6890
Kemsing,51.30604,0.22917,6889
Kelso,55.59814,-2.43382,6870
Calverton,53.03728,-1.08263,6868
Lossiemouth,57.72136,-3.28341,6840
Stotfold,52.01632,-0.23209,6838
North Baddesley,50.97745,-1.44547,6823
Hassocks,50.92814,-0.16617,6821
Gedling,52.97574,-1.07873,6817
Horncastle,53.20775,-0.11720,6815
Battle,50.91732,0.48417,6800
Groby,52.65915,-1.22356,6796
Lightwater,51.34846,-0.67147,6791
Brigg,53.55201,-0.49214,6787
Chalford,51.72583,-2.15139,6776
Welshpool,52.65973,-3.14710,6764
Lerwick,60.15339,-1.14427,6760
Southwell,53.07804,-0.95538,6757
Furnace Green,51.10742,-0.16889,6737
Keyworth,52.87122,-1.08991,6733
Stepps,55.88899,-4.15210,6730
Culcheth,53.45110,-2.52104,6708
Chiswell Green,51.72846,-0.35953,6700
Brynna,51.53845,-3.46378,6686
Portrush,55.19592,-6.64930,6684
Danbury,51.71645,0.58245,6673
Sherburn in Elmet,53.79519,-1.24660,6657
Girvan,55.24255,-4.85551,6650
Thornhill,51.54183,-3.19283,6635
Willington,54.71667,-1.70000,6633
Rishton,53.76806,-2.41444,6625
North Anston,53.35479,-1.22312,6610
Wadebridge,50.51734,-4.83633,6599
Chapel en le Frith,53.32407,-1.91291,6598
Send,51.28875,-0.52666,6597
Westgate on Sea,51.38239,1.33673,6594
Kelty,56.13362,-3.38690,6590
Lochgelly,56.12826,-3.30964,6586
Saint Blazey,50.36334,-4.71893,6575
Harefield,51.60333,-0.48546,6573
Southam,52.25266,-1.38840,6567
Greenhithe,51.45026,0.28539,6567
Downside,51.31001,-0.41186,6564
Waltham,53.51667,-0.10000,6563
Chapelhall,55.84349,-3.94881,6560
Whetstone,52.56667,-1.18333,6556
Cove,51.29547,-0.79076,6548
Skelton,53.72521,-0.84187,6538
Skelton,54.56062,-0.98825,6535
Filey,54.21000,-0.28917,6530
Anstey,52.67368,-1.18841,6528
Midhurst,50.98559,-0.74003,6514
Newbridge,51.66667,-3.13333,6509
Godmanchester,52.31939,-0.17509,6506
Abertridwr,51.59583,-3.26833,6504
Currie,55.89640,-3.30845,6500
Benwell,54.97296,-1.66926,6500
Denton Holme,54.88500,-2.94100,6500
Leiston,52.20611,1.57757,6495
Dromore,54.41374,-6.14908,6492
Stainforth,53.60000,-1.03333,6483
Tadcaster,53.88322,-1.26344,6480
Newarthill,55.81510,-3.93733,6480
Liphook,51.07673,-0.80320,6480
Olney,52.15345,-0.70201,6477
Wroughton,51.52411,-1.79559,6474
Washingborough,53.22425,-0.47485,6463
Kilkeel,54.06196,-6.00308,6447
Witley,51.14993,-0.64768,6437
Wingerworth,53.20200,-1.43359,6430
Market Weighton,53.86310,-0.66505,6429
Houston,55.86859,-4.55201,6420
Castle Donington,52.84291,-1.34188,6416
Heighington,53.21241,-0.45902,6414
Bothwell,55.80272,-4.06835,6410
Ruddington,52.89254,-1.14953,6404
Stockton Heath,53.37084,-2.57406,6396
Rainham,51.36323,0.60893,6394
Countesthorpe,52.55379,-1.14526,6377
Burntisland,56.05865,-3.23664,6370
Loanhead,55.87945,-3.15874,6350
Long Ditton,51.38432,-0.32041,6343
Netley,50.87463,-1.35476,6338
East Leake,52.83015,-1.18103,6337
Gorebridge,55.84594,-3.04563,6330
Coalisland,54.54180,-6.70166,6323
Narborough,52.57767,-1.21027,6321
Malmesbury,51.58175,-2.09708,6318
West Hallam,52.97093,-1.35846,6314
Sauchie,56.12869,-3.76611,6310
Burwell,52.27632,0.32732,6309
Newbiggin-by-the-Sea,55.18532,-1.51469,6308
Thames Ditton,51.38964,-0.33928,6307
Blaby,52.57577,-1.16403,6300
Bishops Waltham,50.95595,-1.21476,6275
Peasedown Saint John,51.31667,-2.42417,6263
Liss,51.04277,-0.89238,6248
Shifnal,52.67043,-2.37248,6240
Tunstall,53.05830,-2.21140,6232
Higham Ferrers,52.30596,-0.59342,6222
Egremont,54.47941,-3.52756,6222
Milford,51.17272,-0.65042,6220
Bowdon,53.37644,-2.36532,6214
Haworth,53.82905,-1.94827,6213
Studley,52.27026,-1.89188,6203
Hindhead,51.11381,-0.73351,6187
Farnham Royal,51.54208,-0.61584,6187
Garswood,53.48878,-2.67224,6183
Beith,55.74923,-4.63680,6170
Rhoose,51.38818,-3.35430,6160
Kirriemuir,56.67398,-3.00343,6160
Withernsea,53.73115,0.03195,6159
Marchwood,50.88966,-1.45440,6141
Rainford,53.50223,-2.78839,6131
Pembury,51.14296,0.32187,6128
Kingsbridge,50.28451,-3.77638,6116
Denmead,50.90395,-1.06744,6107
Stone,51.45032,0.26470,6100
Stone,51.00000,0.76667,6100
Rowlands Gill,54.91922,-1.74489,6096
Weaverham,53.26018,-2.57291,6087
Fordingbridge,50.92747,-1.79029,6066
Boston Spa,53.90419,-1.34523,6052
Strensall,54.03999,-1.03512,6047
Amble,55.33333,-1.58333,6025
Aylsham,52.79672,1.25107,6016
Wellesbourne Mountford,52.19246,-1.60967,6007
Balerno,55.88437,-3.33975,6000
Lambeth,51.49635,-0.11152,6000
Gossops Green,51.11105,-0.21728,6000
Bennetts End,51.74326,-0.44906,6000
Burley in Wharfedale,53.91020,-1.75798,5996
St Leonards,50.83077,-1.84377,5984
Abercynon,51.64548,-3.32727,5983
Millom,54.21072,-3.27200,5980
Ventnor,50.59449,-1.20672,5976
Broughton,53.16303,-2.99309,5974
Burwell,53.29305,0.03463,5963
Locharbriggs,55.10337,-3.58438,5960
Saltburn-by-the-Sea,54.58237,-0.97367,5958
Wales,53.34061,-1.28162,5956
Crumlin,51.67778,-3.13528,5947
Magor,51.57944,-2.83139,5941
Ballingry,56.16392,-3.32841,5940
Brundall,52.62426,1.43509,5927
Undy,51.57526,-2.81453,5914
Cottenham,52.28743,0.12540,5903
Moor Park,51.62950,-0.43412,5900
Flackwell Heath,51.59757,-0.70601,5900
Billinge,53.49795,-2.70810,5896
Purfleet-on-Thames,51.48390,0.24247,5883
Gorleston-on-Sea,52.57301,1.73069,5882
Upton,53.61466,-1.28677,5874
Wem,52.85835,-2.71826,5870
Dodworth,53.54306,-1.52779,5870
East Horsley,51.27358,-0.43207,5866
Great Gonerby,52.93507,-0.66685,5853
Hagley,52.42620,-2.12819,5850
Wellesbourne,52.19709,-1.59053,5849
Auchterarder,56.29612,-3.70692,5840
Wigton,54.82482,-3.16114,5831
Ilminster,50.92684,-2.91009,5808
Benson,51.62073,-1.10979,5802
Whitworth,53.65601,-2.17710,5798
Waterbeach,52.26553,0.19123,5795
Pontyclun,51.52162,-3.39145,5794
Kibworth Harcourt,52.54439,-0.99491,5790
Callington,50.50147,-4.31314,5786
Axminster,50.78259,-2.99787,5761
Ravenshead,53.08650,-1.16026,5759
Llanharan,51.53805,-3.43906,5755
Borrowash,52.90673,-1.38411,5746
Oundle,52.48093,-0.46732,5735
Selkirk,55.54738,-2.83911,5730
Dyce,57.20522,-2.17676,5730
Coedpoeth,53.05391,-3.06234,5723
Chipping Norton,51.94109,-1.54530,5719
Frimley Green,51.30599,-0.73308,5717
Great Torrington,50.95309,-4.14401,5714
Newmains,55.78514,-3.87465,5710
Hoylake,53.39046,-3.18066,5710
Eaton Socon,52.21752,-0.28925,5704
Ballynahinch,54.40230,-5.89717,5701
Alness,57.69596,-4.25510,5700
Townsend,51.76226,-0.33710,5700
Manningtree,51.94538,1.06112,5696
Burpham,51.26018,-0.54432,5695
Brynamman,51.80000,-3.86667,5693
Elderslie,55.83327,-4.48598,5690
Ash Vale,51.26449,-0.72347,5686
Four Marks,51.10735,-1.04945,5674
Cockenzie,55.96823,-2.96562,5660
Bracebridge Heath,53.19647,-0.53421,5656
Ibstock,52.68554,-1.39965,5650
East Wittering,50.76969,-0.87444,5647
Blaenavon,51.77402,-3.08537,5647
Broseley,52.61321,-2.48269,5644
Dromore,54.51331,-7.45886,5641
Audley,53.05000,-2.30000,5638
Ruskington,53.04544,-0.38692,5637
Wotton-under-Edge,51.63242,-2.34512,5627
Dunholme,53.30067,-0.46541,5625
Ingatestone,51.67027,0.38359,5620
Uddingston,55.81971,-4.08362,5610
Dartmouth,50.35220,-3.57940,5610
Holmes Chapel,53.20140,-2.35742,5605
Arlesey,52.00713,-0.26565,5584
Wheatley,51.74731,-1.13936,5574
Askern,53.61639,-1.15237,5570
Ballycastle,55.20444,-6.24298,5566
Dalry,55.70956,-4.72167,5560
Aigburth,53.36526,-2.91782,5560
Halesworth,52.34640,1.50290,5558
Kilburn,53.00580,-1.43869,5552
Colnbrook,51.48384,-0.52142,5528
Wilsden,53.82084,-1.85959,5524
Hemsby,52.69714,1.69181,5522
Hethersett,52.59761,1.17359,5520
Holbeck,53.78359,-1.56791,5505
Stonehouse,55.69435,-3.98780,5500
Chipping Sodbury,51.53813,-2.39379,5500
Jordanstown,54.68333,-5.90000,5494
West Kingsdown,51.34281,0.26127,5484
Blackburn,55.86667,-3.63333,5480
Chinnor,51.70177,-0.91161,5473
Tetbury,51.63944,-2.16222,5472
East Tilbury,51.48053,0.41714,5471
Thorpe,51.40595,-0.53567,5465
Ruthin,53.11368,-3.31782,5461
Shenfield,51.63171,0.33199,5460
Yapton,50.82090,-0.61300,5459
Barton on Sea,50.73977,-1.67507,5454
New Stevenston,55.81669,-3.97357,5450
Shepley,53.58333,-1.71667,5444
Lyneham,51.51667,-1.96667,5437
Wincanton,51.05676,-2.40574,5435
New Alresford,51.08624,-1.17011,5431
Bagshot,51.36069,-0.68802,5430
Stansted Mountfitchet,51.90000,0.20000,5429
Pentre,51.65429,-3.49133,5424
West Clandon,51.26063,-0.50323,5422
Cookham,51.55936,-0.70810,5422
Glyn-neath,51.74750,-3.61833,5419
Creswell,53.26287,-1.21987,5417
St Ives,50.20861,-5.48750,5410
Westhill,57.47323,-4.14893,5410
Great Wakering,51.55242,0.80380,5400
Nailsworth,51.69382,-2.21990,5394
Brotton,54.56661,-0.93929,5394
Earls Barton,52.26627,-0.75248,5387
Randalstown,54.75000,-6.30000,5378
Barrowford,53.84650,-2.21838,5378
Hoo,51.42050,0.56300,5377
Peel,54.22209,-4.69099,5374
Cranfield,52.06869,-0.60884,5369
Preesall,53.91820,-2.96633,5367
Pelton,54.87305,-1.60950,5366
Barnt Green,52.35902,-2.00715,5366
Dingwall,57.59531,-4.42721,5360
Shelley,53.60000,-1.68333,5359
Whitburn,54.95333,-1.36861,5352
Cwmafan,51.61671,-3.76205,5336
Kelvedon,51.84007,0.70570,5322
Bridge of Allan,56.15402,-3.94631,5320
Bourne End,51.57622,-0.71291,5320
Neilston,55.78574,-4.42637,5310
Llandrindod Wells,52.24164,-3.37868,5309
Cardigan,52.08373,-4.66228,5301
New Ferry,53.36046,-2.99377,5300
Bovingdon,51.72312,-0.53670,5295
Bonnybridge,56.00152,-3.88860,5280
Radstock,51.29200,-2.44500,5275
Appley Bridge,53.57781,-2.72090,5270
Manston,50.95000,-2.26667,5261
Crofton,53.65639,-1.42968,5258
Long Ashton,51.42997,-2.66098,5254
Sawtry,52.43984,-0.28422,5252
Brixworth,52.32912,-0.90350,5228
Inverkeithing,56.03297,-3.39555,5220
Measham,52.70644,-1.50637,5209
Cheddar,51.27537,-2.77662,5199
Barrow upon Soar,52.75178,-1.14601,5196
Shevington,53.57236,-2.69316,5195
Edwinstowe,53.19454,-1.06439,5188
Budleigh Salterton,50.62983,-3.32181,5185
Helsby,53.27396,-2.76905,5166
Tillicoultry,56.15251,-3.74015,5160
Ryhill,53.62204,-1.41071,5150
Crumlin,54.62054,-6.21414,5149
Whaley Bridge,53.33031,-1.98260,5140
Malton,54.13695,-0.79960,5135
Wingate,54.73242,-1.37896,5134
Poringland,52.56756,1.34961,5132
Bungay,52.45434,1.43818,5127
Redbourn,51.79896,-0.39594,5113
Looe,50.35778,-4.45418,5112
South Molton,51.01667,-3.83333,5108
Hungerford,51.41513,-1.51556,5100
Blackrod,53.59229,-2.58026,5086
Holytown,55.82011,-3.97270,5080
Bayston Hill,52.67550,-2.76156,5079
Woburn Sands,52.01579,-0.64982,5074
Greenisland,54.70081,-5.87479,5073
Quorndon,52.74461,-1.17348,5071
Abercanaid,51.72361,-3.36611,5061
Turriff,57.53840,-2.45932,5060
Isle of Arran,55.58145,-5.21233,5058
West Byfleet,51.33764,-0.50649,5054
Staplehurst,51.16110,0.55249,5051
Earlswood,51.22901,-0.17582,5049
Bidford-on-Avon,52.16964,-1.85955,5047
Hengoed,51.65083,-3.23167,5044
Polmont,55.99050,-3.70737,5040
Wirksworth,53.08232,-1.57391,5038
Shipston on Stour,52.06057,-1.62778,5038
Scone,56.41942,-3.40507,5030
Faifley,55.92853,-4.38509,5030
Pyrford,51.31471,-0.51022,5022
Gresford,53.08539,-2.97062,5010
East Boldon,54.94452,-1.42815,5001
Donington le Heath,52.70786,-1.37844,5001
Cradley Heath,52.47214,-2.08212,5001
Bilston,52.56568,-2.07367,5000
Copthorne,51.13929,-0.11742,5000
Markfield,52.68747,-1.27476,4993
Tickhill,53.43194,-1.10859,4992
Barton-le-Clay,51.96598,-0.42731,4992
Rusthall,51.13643,0.22931,4976
Overcombe,50.63509,-2.43207,4971
Buntingford,51.94612,-0.01841,4948
Oughtibridge,53.43612,-1.53902,4939
Clerkenwell,51.52438,-0.11022,4934
Oxshott,51.33217,-0.35620,4922
Datchet,51.48390,-0.57893,4913
Cardenden,56.14310,-3.25687,4913
Kinross,56.20466,-3.42138,4910
Tankerton,51.36370,1.04913,4900
Winterton,53.65497,-0.59885,4899
Ottery St Mary,50.75000,-3.26667,4898
Fleckney,52.53497,-1.04598,4894
Shiremoor,55.03535,-1.50950,4889
Castleside,54.83429,-1.87849,4881
Paulton,51.30472,-2.50028,4873
Potton,52.12911,-0.21561,4870
Llangefni,53.25561,-4.31063,4864
Brampton,52.32039,-0.22007,4862
Bridge of Weir,55.85582,-4.57894,4860
Sandwich,51.27223,1.33776,4851
Old Kilpatrick,55.92241,-4.45567,4850
Writtle,51.72906,0.42938,4840
Fauldhouse,55.82749,-3.70741,4840
Gateacre,53.38301,-2.86121,4834
Albrighton,52.63640,-2.27966,4829
Essington,52.62910,-2.05770,4829
Loftus,54.55543,-0.89459,4824
Easton-in-Gordano,51.47592,-2.69987,4824
Sonning Common,51.51873,-0.97753,4821
Vauxhall,53.42102,-2.98974,4821
Henfield,50.92995,-0.27071,4799
Six Bells,51.72292,-3.12740,4797
Grange-over-Sands,54.18508,-2.92488,4788
Market Rasen,53.38764,-0.33781,4773
Menston,53.89041,-1.74395,4764
West Kilbride,55.69004,-4.85771,4760
Stokesley,54.46998,-1.19330,4757
Whalley,53.82209,-2.40712,4754
Maybole,55.35503,-4.68026,4750
Kingswells,57.15798,-2.22426,4750
Uppingham,52.58803,-0.72272,4745
Chorlton cum Hardy,53.43505,-2.26310,4741
Kirkliston,55.95364,-3.40288,4740
Keith,57.53633,-2.94811,4740
Bethesda,53.18150,-4.05828,4735
Bovey Tracey,50.59259,-3.67543,4729
Coggeshall,51.87077,0.68536,4727
Kinvere,52.45000,-2.23333,4723
Alva,56.15284,-3.80505,4720
Heacham,52.90782,0.49387,4714
Lyme Regis,50.72654,-2.93477,4712
Radyr,51.51864,-3.25829,4710
East Calder,55.89186,-3.46372,4710
Hope,53.11667,-3.03333,4706
Kingskerswell,50.49915,-3.58195,4703
Cwmtillery,51.74495,-3.13188,4703
Brightons,55.98028,-3.71613,4700
Tenby,51.67279,-4.70447,4696
Galston,55.60093,-4.38172,4690
Melbourn,52.08128,0.01514,4689
Duffield,52.98627,-1.48865,4687
Kintore,57.23721,-2.34540,4680
Broughton,53.56667,-0.55000,4677
Shrivenham,51.59853,-1.65461,4676
Caergwrle,53.10953,-3.03808,4673
Grimethorpe,53.57650,-1.37688,4672
Bromham,52.14508,-0.52906,4670
Ripponden,53.67449,-1.94183,4665
Keswick,54.59947,-3.13256,4658
Armitage,52.74193,-1.88266,4650
Eynsham,51.78077,-1.37454,4648
Eccleston,53.64236,-2.72162,4646
Dersingham,52.84549,0.50339,4640
Bishopton,55.90969,-4.50560,4640
Long Sutton,51.21978,-0.94293,4633
Brampton,54.95000,-2.73333,4627
Mytchett,51.28820,-0.72866,4624
Highbridge,51.21667,-2.98333,4606
Bedale,54.28811,-1.59181,4601
Kennoway,56.21081,-3.04917,4600
Bricket Wood,51.70734,-0.36712,4600
Little Clacton,51.82557,1.14215,4590
Toddington,51.94922,-0.53277,4585
Taibach,51.58333,-3.76667,4582
Peterculter,57.09929,-2.26588,4560
Clapham,52.16085,-0.49529,4560
Huntly,57.44741,-2.78608,4550
Netherlee,55.80157,-4.27325,4550
Skelmanthorpe,53.59057,-1.65173,4549
Cross Hands,51.79306,-4.08750,4549
Aylesford,51.30374,0.47936,4548
Winscombe,51.31810,-2.83224,4546
Langley Park,54.79979,-1.67005,4545
Winchcombe,51.95363,-1.96398,4538
Earby,53.91546,-2.14285,4538
Salfords,51.20430,-0.16947,4534
Needham Market,52.15550,1.05160,4528
Linton,52.09783,0.27672,4525
Martock,50.97361,-2.76684,4522
Great Ayton,54.49148,-1.13623,4518
Camelon,56.00302,-3.82072,4508
Campbeltown,55.42583,-5.60764,4500
Little Chalfont,51.66829,-0.57038,4497
Hartley Wintney,51.30379,-0.90019,4488
Claydon,52.10672,1.11134,4488
Norton,53.63333,-1.18333,4486
Donnington,51.95135,-1.72142,4477
Deysbrook,53.43333,-2.88333,4475
Ratby,52.64989,-1.24137,4468
Wootton,51.17380,1.17940,4467
Cowpen,55.12728,-1.54033,4466
Harleston,52.40302,1.29664,4458
Blidworth,53.09849,-1.11689,4457
Sedgefield,54.65329,-1.44952,4456
Cuxton,51.37430,0.45688,4438
Long Stratton,52.48803,1.23478,4434
Ludgershall,51.25558,-1.62220,4427
Irchester,52.28108,-0.64510,4419
Alderley Edge,53.30393,-2.23773,4408
Winslow,51.94284,-0.88131,4407
Melbourne,52.82190,-1.42522,4404
Wooburn Green,51.58776,-0.67935,4400
Haddenham,51.77326,-0.92628,4391
Kings Worthy,51.08862,-1.29780,4388
Coningsby,53.10598,-0.17595,4388
Dunvant,51.62535,-4.03458,4383
Lesmahagow,55.63668,-3.88736,4380
Lakenheath,52.41755,0.52211,4369
Cranbrook,51.09662,0.53567,4368
Meopham,51.36844,0.36007,4361
Easingwold,54.12010,-1.19390,4358
Milford on Sea,50.72561,-1.59004,4348
Wootton,52.09525,-0.53494,4344
Borough Green,51.29158,0.30478,4342
Buckhaven,56.17149,-3.03377,4340
Woodhall Spa,53.15215,-0.21453,4331
Cwmbach,51.70556,-3.40944,4330
Kessingland,52.41987,1.70878,4327
Wheathampstead,51.81148,-0.29371,4326
Newent,51.93365,-2.40815,4322
Rothesay,55.83648,-5.05508,4310
Fremington,51.06955,-4.13660,4310
Finedon,52.33917,-0.65008,4309
Crawley Down,51.12061,-0.07730,4300
Pontycymer,51.61118,-3.58421,4288
Cuffley,51.70799,-0.11209,4282
Epworth,53.52602,-0.82399,4279
Upwell,52.60249,0.22190,4278
Dalbeattie,54.93278,-3.82271,4260
Fitzwilliam,53.63288,-1.37690,4259
Culloden,57.48699,-4.14150,4240
Wimblington,52.50925,0.08416,4239
Hebden Bridge,53.74093,-2.01337,4235
Bramley,51.32677,-1.05938,4233
Wootton,50.72847,-1.23536,4231
West End,50.92741,-1.33282,4227
Somerton,51.95421,-1.27613,4225
Saxmundham,52.21497,1.48805,4225
Aston Clinton,51.80020,-0.72540,4216
Crowland,52.67571,-0.16849,4211
Wargrave,51.50068,-0.86577,4209
New Tredegar,51.72051,-3.24130,4208
Stoke Poges,51.54441,-0.58880,4204
Newport-on-Tay,56.43911,-2.93670,4203
Steeton,53.88333,-1.95000,4196
Windlesham,51.36509,-0.65476,4194
Lockerbie,55.12302,-3.35635,4190
Thornliebank,55.80454,-4.31746,4190
Stanmore,51.61667,-0.31667,4179
Kennington,51.16740,0.88491,4178
Loudwater,51.61073,-0.70153,4170
Glanamman,51.80000,-3.93333,4168
Horsford,52.70153,1.24015,4163
Boroughbridge,54.08950,-1.40110,4163
Knebworth,51.86674,-0.18394,4155
Shenley,51.69054,-0.28067,4143
Howden,53.74630,-0.86994,4142
Mauchline,55.51604,-4.37928,4130
Daresbury,53.34184,-2.63500,4122
Bromyard,52.19019,-2.50875,4117
Bawtry,53.43146,-1.01878,4109
Bramley,51.19451,-0.55927,4107
Burton,53.26667,-0.56667,4106
Wooburn,51.57888,-0.69300,4100
Moira,54.48021,-6.22822,4098
Maghera,54.84390,-6.67145,4085
West Bay,50.71084,-2.76107,4084
Waddington,53.16667,-0.53333,4081
Goring,51.52322,-1.13342,4079
Church,53.75177,-2.39121,4077
Pwllheli,52.88990,-4.41451,4076
Saltford,51.40139,-2.45944,4073
Castle Douglas,54.94095,-3.92784,4070
Lennoxtown,55.97263,-4.20001,4060
Stokenchurch,51.65831,-0.89740,4056
Wadhurst,51.06230,0.33929,4051
Toxteth,53.39069,-2.97103,4044
Gunnislake,50.52441,-4.21333,4044
Tumble,51.78361,-4.10972,4040
Bar Hill,52.24899,0.02883,4032
Macduff,57.67012,-2.49686,4030
Cricklade,51.64061,-1.85738,4030
Sharlston,53.66956,-1.41294,4028
Southminster,51.66228,0.82968,4025
Willingham,52.31404,0.05776,4015
Chudleigh,50.60496,-3.60031,4011
Newton Stewart,54.95784,-4.48315,4010
Chirk,52.93586,-3.05738,4007
Blaenau-Ffestiniog,52.99464,-3.93697,4005
Culverstone Green,51.34085,0.34686,4001
Kilmacolm,55.89470,-4.62643,4000
Banff,57.66477,-2.52964,4000
Kennington,51.48796,-0.10566,4000
Barbican,51.51988,-0.09446,4000
Brookmans Park,51.71977,-0.20153,4000
Pulborough,50.95753,-0.51280,3993
Saxilby,53.26746,-0.66253,3992
Llantwit Fardre,51.55460,-3.33241,3992
Dickens Heath,52.38568,-1.83935,3992
Claydon,52.14813,-1.33295,3983
Ingoldmells,53.19414,0.33358,3975
Stalham,52.77079,1.51783,3971
Chipping Ongar,51.70379,0.24548,3967
Hawkhurst,51.04790,0.51095,3963
Keele,53.00382,-2.28741,3953
Hatfield Peverel,51.77591,0.59489,3950
Elmswell,52.23616,0.91247,3950
Milton of Campsie,55.96120,-4.16508,3950
Mytholmroyd,53.73065,-1.98258,3949
Bakewell,53.21338,-1.67481,3949
Hamble-le-Rice,50.85966,-1.32432,3939
Invergordon,57.68860,-4.16745,3930
Crowle,53.60753,-0.83256,3928
Lamesley,54.91567,-1.60945,3928
Tayport,56.44699,-2.87966,3920
Lingfield,51.17719,-0.01558,3920
Pinchbeck,52.81303,-0.16256,3918
Eaton Bray,51.87697,-0.59167,3912
Parbold,53.59145,-2.77028,3904
Rothley,52.70916,-1.13739,3897
Madeley,53.00000,-2.33333,3893
Marsden,53.60000,-1.91667,3889
Lydd,50.95132,0.90654,3889
Bowburn,54.73850,-1.52521,3884
Sutton Bridge,52.76995,0.18550,3882
South Cave,53.76987,-0.60107,3879
Old Basing,51.26667,-1.03333,3876
Conwy,53.28077,-3.83039,3873
Hillsborough,54.46345,-6.07664,3872
Gnosall,52.78558,-2.25483,3869
Earls Colne,51.92744,0.70107,3862
Silver End,51.84734,0.62399,3861
Jedburgh,55.47997,-2.55200,3860
Darvel,55.60976,-4.28142,3860
Barlby,53.79964,-1.04061,3860
Branston,53.19544,-0.47482,3852
Marston Moretaine,52.06410,-0.54932,3850
Tenbury Wells,52.31077,-2.59621,3849
Whitwell,53.28333,-1.21667,3846
Girton,52.23333,0.08333,3836
Linthwaite,53.62418,-1.85017,3835
Blackmoorfoot,53.61423,-1.85588,3835
Kemnay,57.23573,-2.44395,3830
Alford,53.25943,0.17625,3830
Theydon Bois,51.67426,0.09781,3829
Warboys,52.40352,-0.07931,3825
Heckington,52.98183,-0.29903,3823
Eglinton,55.01667,-7.18333,3818
Deanshanger,52.04996,-0.88663,3817
Sutton,52.38804,0.11866,3816
Holt,52.90591,1.08863,3810
Cowbridge,51.46028,-3.44167,3804
Pangbourne,51.48370,-1.08519,3802
Nash Mills,51.72373,-0.44674,3800
Barton under Needwood,52.76268,-1.72400,3796
Stoney Stanton,52.54839,-1.27930,3793
Aylesham,51.22539,1.20157,3793
Haltwhistle,54.97101,-2.45682,3791
Wickham Bishops,51.77830,0.66823,3788
Tibshelf,53.14436,-1.34056,3787
Kirkburton,53.61047,-1.70292,3786
Auchinleck,55.47157,-4.29337,3760
Long Buckby,52.30260,-1.08113,3759
Cairnryan,54.97104,-5.01982,3757
Burton Joyce,52.98825,-1.03407,3752
Llanbradach,51.60639,-3.23028,3746
Burnopfield,54.90624,-1.72486,3735
Kingsbury,52.56106,-1.67936,3730
Addingham,53.94452,-1.88424,3730
Horrabridge,50.50843,-4.10042,3728
Cosby,52.55127,-1.19395,3728
Newick,50.97518,0.01579,3726
Fulbourn,52.18283,0.22046,3725
Mayland,51.68033,0.76715,3724
Knighton,52.34251,-3.04708,3719
Bransgore,50.78153,-1.73771,3719
Harthill,55.86067,-3.75166,3710
Rhuddlan,53.29203,-3.46996,3709
Neyland,51.71014,-4.95155,3708
Forest Row,51.09641,0.03262,3704
Sible Hedingham,51.97772,0.59262,3702
Stratfield Mortimer,51.37339,-1.03495,3698
Church Stretton,52.53778,-2.80149,3698
Whitehead,54.75371,-5.70933,3697
Pirbright,51.29137,-0.64721,3691
Holton le Clay,53.50520,-0.06300,3691
Tain,57.81204,-4.05518,3690
Bembridge,50.68634,-1.08275,3688
Ellesmere,52.90838,-2.89806,3686
Southwold,52.32721,1.68017,3680
Saint Columb Major,50.43163,-4.94336,3679
Marks Tey,51.87628,0.76424,3679
Pitstone,51.82830,-0.63987,3674
Copmanthorpe,53.91419,-1.14209,3674
Hinchley Wood,51.37461,-0.33838,3674
Settle,54.06865,-2.27720,3659
Bishopston,51.57750,-4.04806,3647
Culmore,55.05000,-7.26667,3645
Dreghorn,55.60807,-4.62226,3640
Llanfairfechan,53.25779,-3.97423,3637
Pewsey,51.33855,-1.76545,3634
Ahoghill,54.86667,-6.36667,3633
Buckfastleigh,50.48132,-3.77913,3631
Stamperland,55.79491,-4.27335,3630
Yelverton,50.49290,-4.08382,3627
Topsham,50.68596,-3.46696,3624
Metheringham,53.14015,-0.40368,3605
Sheerwater,51.33581,-0.53438,3603
Kegworth,52.83482,-1.28042,3601
Spixworth,52.68529,1.32027,3598
Watchet,51.18189,-3.33079,3581
Kilbarchan,55.83620,-4.55356,3580
Eyemouth,55.87130,-2.09010,3580
Wilton,51.07926,-1.86210,3579
Banks,53.68333,-2.91667,3572
Hadston,55.29428,-1.60392,3570
Puckeridge,51.89013,0.01309,3561
Purton,51.58889,-1.87419,3554
Penyffordd,53.14829,-3.04584,3554
Loddon,52.53270,1.48183,3552
Brockenhurst,50.81936,-1.57303,3552
Queenborough,51.41760,0.74441,3548
Aberfan,51.68892,-3.34178,3547
Kirton,52.92774,-0.06008,3546
Lanchester,54.82108,-1.74256,3543
Alvechurch,52.35173,-1.96531,3534
Hinton,51.48972,-2.38472,3533
Port Erin,54.08487,-4.75099,3530
Stamford Bridge,53.98850,-0.91547,3528
Finningley,53.48696,-0.99083,3525
Somersham,52.38333,0.00000,3524
Coxhoe,54.71475,-1.50356,3522
Woodstock,51.84850,-1.35132,3521
Bilsthorpe,53.14024,-1.03392,3514
Willingham,53.35000,-0.68333,3513
Nether Poppleton,53.98793,-1.15062,3504
Ynysybwl,51.63922,-3.36036,3503
Sturminster Newton,50.92681,-2.30515,3501
Cults,57.11667,-2.16667,3500
Cuckfield,51.01073,-0.14068,3500
Jersey Farm,51.77000,-0.29551,3500
Messingham,53.52828,-0.65385,3496
Moreton in Marsh,51.98964,-1.70297,3493
Hinton,52.16798,-1.21837,3493
Wollaston,52.25794,-0.67038,3491
Chapel Saint Leonards,53.21667,0.31667,3481
King's Clipstone,53.17690,-1.10129,3469
Llangollen,52.96829,-3.17127,3466
Mid Calder,55.89261,-3.48002,3460
Isle of Islay,55.78526,-6.23886,3457
Upper Poppleton,53.97907,-1.15204,3451
Ottershaw,51.36262,-0.52752,3451
Clackmannan,56.10743,-3.75098,3450
Shirland,53.12155,-1.40464,3447
Water Orton,52.51575,-1.74005,3444
Spilsby,53.17363,0.09373,3440
Nettleham,53.26603,-0.48866,3437
Istead Rise,51.40556,0.35076,3437
Gilberdyke,53.75297,-0.73892,3430
Standon,52.91667,-2.28333,3429
Llangeler,52.02771,-4.37160,3427
Anstruther,56.22345,-2.70278,3420
Fishguard,51.99376,-4.97631,3419
Colden Common,50.99483,-1.31143,3419
Martham,52.70464,1.63636,3405
Overton,51.24389,-1.26154,3392
Takeley,51.87089,0.26583,3387
Glemsford,52.10351,0.66912,3382
Bramhope,53.88489,-1.61641,3382
Belmont,52.04272,-2.74169,3382
New Buildings,54.96030,-7.35581,3381
Fortuneswell,50.56030,-2.44243,3381
Menai Bridge,53.22775,-4.16926,3376
Bloxham,52.02039,-1.37321,3374
Exminster,50.68075,-3.49706,3368
Saundersfoot,51.70945,-4.70215,3361
Burtonwood,53.42948,-2.65852,3361
Willand,50.88333,-3.36667,3360
Skellingthorpe,53.23531,-0.61905,3359
Saint Asaph,53.25815,-3.44524,3355
Kirkcudbright,54.83830,-4.04908,3350
Marston,51.78051,-1.24485,3348
Bottesford,52.94131,-0.80060,3348
Dungiven,54.93333,-6.91667,3346
Ashburton,50.51559,-3.75572,3346
Prestbury,53.28333,-2.15000,3342
Saintfield,54.46046,-5.83065,3327
Llanrwst,53.14021,-3.79527,3323
Outwell,52.60946,0.23333,3320
Whyteleafe,51.30808,-0.08429,3315
Mulbarton,52.55913,1.23327,3315
Lytchett Matravers,50.75826,-2.07806,3315
Snaith,53.69112,-1.02859,3305
Westerham,51.26632,0.06892,3303
Terrington St Clement,52.75813,0.29732,3301
How Wood,51.71914,-0.35095,3300
Bourton on the Water,51.88584,-1.75492,3296
Heaton Chapel,53.43015,-2.17538,3296
Arundel,50.85423,-0.55393,3285
Pegswood,55.17930,-1.64525,3280
Askam in Furness,54.18718,-3.20467,3274
New Marske,54.57848,-1.04224,3271
Gobowen,52.89615,-3.03686,3270
Tangmere,50.85131,-0.71633,3269
Dymchurch,51.02544,0.99392,3263
Laceby,53.54092,-0.16830,3259
Boreham,51.19944,-2.16556,3259
Fernhill Heath,52.23002,-2.19659,3256
Coundon,54.66280,-1.62688,3256
Welwyn,51.83310,-0.21359,3254
Law,55.75000,-3.88333,3250
Gamlingay,52.15561,-0.19303,3247
Little Paxton,52.25045,-0.25801,3244
Boreham,51.75955,0.54116,3244
Bishopthorpe,53.91910,-1.09915,3237
Fairford,51.70816,-1.78128,3236
Doddington,52.49671,0.06017,3235
Castle Cary,51.09000,-2.51417,3232
Oldmeldrum,57.33492,-2.31990,3230
Cambusbarron,56.10893,-3.96751,3224
Endon,53.07687,-2.11297,3221
Busby,55.77995,-4.27711,3220
Caol,56.83721,-5.10062,3220
West Bergholt,51.91221,0.84986,3215
Amlwch,53.40986,-4.34712,3211
Perranporth,50.34377,-5.15558,3210
Hallglen,55.98573,-3.78535,3200
Old Woking,51.30215,-0.54163,3192
Maddiston,55.97365,-3.69900,3190
Treeton,53.38564,-1.35189,3189
Ashurst,50.93236,-0.32375,3185
Pilsley,53.15000,-1.36667,3183
Desford,52.62598,-1.29395,3179
Holywell Green,53.67406,-1.86682,3178
Keady,54.25000,-6.70000,3171
Drongan,55.43498,-4.45551,3170
Ringmer,50.89264,0.05472,3165
Odiham,51.25407,-0.93933,3165
Kingsclere,51.32487,-1.24339,3164
Hemingford Grey,52.31756,-0.10029,3163
Disley,53.35865,-2.03848,3159
Catterick,54.37542,-1.63328,3155
Pevensey,50.81966,0.33963,3152
Eaglesham,55.74119,-4.27459,3150
Aviemore,57.19553,-3.82590,3150
North Petherton,51.09243,-3.01549,3142
Sherburn,54.77606,-1.50474,3140
Chipstead,51.31546,-0.16660,3136
Boxgrove,50.85884,-0.71360,3134
Highley,52.44866,-2.38251,3133
Hunmanby,54.17957,-0.32007,3132
Tandragee,54.35486,-6.41396,3122
Callander,56.24410,-4.21637,3120
Compton,51.21223,-0.78325,3120
Caddington,51.86621,-0.45679,3112
Gretna,54.99380,-3.06594,3110
West Calder,55.85188,-3.56981,3100
Ivington,52.20535,-2.77265,3100
Castletown,54.07445,-4.65365,3100
Tywyn,52.58578,-4.09276,3097
Chopwell,54.91797,-1.82013,3096
Ruabon,52.98780,-3.03883,3091
Langford,52.05460,-0.27165,3091
Hoveton,52.71490,1.41054,3089
Swillington,53.76846,-1.41750,3088
Penparcau,52.40333,-4.07417,3088
Iwade,51.37754,0.72935,3087
Framlingham,52.22117,1.34205,3086
Cholsey,51.57280,-1.15356,3081
Congresbury,51.37135,-2.81018,3078
Lambourn,51.50805,-1.53105,3071
South Petherton,50.94829,-2.80708,3064
Langport,51.03778,-2.82806,3063
Trafford Park,53.46879,-2.31194,3060
Inverkip,55.90831,-4.87051,3060
Porthleven,50.08618,-5.31501,3059
Briston,52.85369,1.05899,3057
Birdwell,53.51398,-1.47929,3056
Marshfield,51.53389,-3.07306,3054
Leslie,56.20000,-3.21667,3050
Appleby-in-Westmorland,54.57704,-2.48978,3048
Bream,51.74822,-2.57747,3047
Denby Dale,53.57228,-1.65895,3043
Charvil,51.47573,-0.88591,3042
Newtonhill,57.03333,-2.15000,3040
Innerleithen,55.61927,-3.06301,3040
Carronshore,56.03146,-3.78290,3040
Blackwell,53.11667,-1.33333,3037
Llanharry,51.51422,-3.43240,3035
Collingham,53.91167,-1.41174,3033
St Mary's Bay,51.01003,0.97710,3028
Eton,51.48833,-0.60905,3025
Ditton Hill,51.37947,-0.31281,3024
Leysdown-on-Sea,51.39730,0.92156,3019
Rendlesham,52.12665,1.41536,3013
Long Lawford,52.38176,-1.30716,3007
Choppington,55.15004,-1.60332,3001
Longtown,55.00925,-2.96722,3000
Cleland,55.80243,-3.91420,3000
Steynton,51.72917,-5.01722,3000
Welham Green,51.73460,-0.22084,3000
Chesham Bois,51.70842,-0.61425,3000
New Greens,51.77177,-0.33980,3000
Virginia Water,51.40343,-0.56651,2999
Seghill,55.06225,-1.55027,2990
Dunnington,53.95000,-0.25000,2987
Bruton,51.11250,-2.45278,2984
Porthmadog,52.92924,-4.13137,2981
Newmilns,55.60751,-4.32416,2980
Blackburn,57.20376,-2.28842,2980
Great Glen,52.57548,-1.03490,2977
Barlborough,53.28795,-1.28815,2975
Thorngumbald,53.72100,-0.17175,2973
Lampeter,52.11285,-4.08039,2970
Chickerell,50.62429,-2.50280,2966
Trimdon,54.69878,-1.42881,2958
Beaminster,50.80900,-2.73910,2957
Upper Langwith,53.22919,-1.20695,2955
Thurston,52.25244,0.80749,2952
Cheddleton,53.06910,-2.04228,2947
Corbridge,54.97365,-2.01798,2946
Healing,53.58101,-0.16202,2940
Capel Saint Mary,52.00369,1.04482,2940
Ivinghoe,51.83602,-0.62983,2939
Haddenham,52.35789,0.14827,2937
Navenby,53.10680,-0.52494,2932
West Wellow,50.97273,-1.58293,2929
Llanidloes,52.44977,-3.53997,2929
Totland,50.68466,-1.53688,2927
Laurencekirk,56.83338,-2.46540,2920
Croston,53.66217,-2.77523,2917
Brayton,53.76510,-1.08921,2913
Markyate,51.83846,-0.46345,2912
Silloth,54.86870,-3.38448,2906
Park Street,51.71667,-0.33333,2900
Lochwinnoch,55.79521,-4.63034,2900
Llanfairpwllgwyngyll,53.22141,-4.20329,2900
Chryston,55.90280,-4.10759,2900
Apsley,51.73641,-0.46780,2900
Long Melford,52.07481,0.71639,2898
Lisnaskea,54.25000,-7.45000,2895
Anna Valley,51.19317,-1.50719,2893
Shipton under Wychwood,51.86035,-1.59847,2892
Bicknacre,51.69403,0.58519,2889
Pitlochry,56.70514,-3.73432,2880
Papworth Everard,52.24893,-0.11827,2880
Bardsey,53.88492,-1.44539,2876
Eye,52.60800,-0.19209,2875
Kirton in Lindsey,53.47548,-0.59566,2873
Bugle,50.39577,-4.79334,2873
Kinghorn,56.06896,-3.17607,2870
Menstrie,56.15138,-3.85466,2870
Bluntisham,52.35479,0.00854,2868
Scotter,53.49652,-0.67429,2865
Pevensey Bay,50.81242,0.34864,2864
Over,52.31667,0.01667,2862
Henley in Arden,52.29032,-1.77807,2859
Waringstown,54.43431,-6.29929,2856
Alrewas,52.73278,-1.74968,2852
Newbold Verdon,52.62959,-1.34220,2850
Crosshouse,55.61258,-4.55091,2850
Fallin,56.10479,-3.87616,2850
Hadlow,51.22417,0.33914,2849
Alderholt,50.91195,-1.83083,2848
New Cumnock,55.39563,-4.18458,2840
Newtownhamilton,54.19070,-6.57632,2836
Chartham,51.25620,1.01836,2836
Cranham,51.56565,0.26590,2836
Chobham,51.34836,-0.60639,2835
Usk,51.70347,-2.90332,2834
Theale,51.43694,-1.07700,2833
Ballygowan,54.50165,-5.79168,2832
Charlbury,51.87270,-1.48247,2830
Chalgrove,51.66476,-1.07640,2830
Builth Wells,52.14940,-3.40469,2829
Castlederg,54.70699,-7.59336,2822
Saint Agnes,50.31278,-5.20456,2820
Barrow upon Humber,53.67550,-0.38062,2820
Adderbury,52.01690,-1.31192,2819
Willaston,53.29550,-2.99732,2813
Llandybie,51.82044,-4.00710,2813
Ormesby St Margaret,52.67506,1.68850,2810
Kincardine,56.06945,-3.71964,2810
Donington,52.90461,-0.20505,2805
Over,53.18333,-2.55000,2804
Milborne Port,50.96605,-2.46248,2802
Northchurch,51.77113,-0.58519,2800
Kilmaurs,55.63801,-4.52730,2800
Eynsford,51.36765,0.21132,2791
Bridge of Earn,56.34842,-3.40650,2790
Mitcheldean,51.86440,-2.48950,2783
Kidwelly,51.73639,-4.30333,2782
Glenboig,55.89422,-4.04619,2780
Woodcote,52.73333,-2.33333,2775
Carnmoney,54.68333,-5.95000,2775
Danderhall,55.91434,-3.11062,2770
Ash,51.27883,1.27974,2767
Mundesley,52.87842,1.42970,2755
Kirkbymoorside,54.27014,-0.93218,2751
Bagillt,53.26540,-3.16551,2749
Dollar,56.16245,-3.67135,2740
Plains,55.88044,-3.92349,2740
Cwm,51.74000,-3.18028,2739
Clutton,51.32944,-2.54306,2739
Downton,50.99366,-1.75129,2731
Peaslake,51.19156,-0.44658,2731
Wool,50.67966,-2.21890,2724
Kelsall,53.20775,-2.71242,2721
Mintlaw,57.52414,-2.00099,2720
Lingwood,52.62104,1.48616,2719
Astwood Bank,52.25993,-1.93754,2717
Denholme,53.80189,-1.89503,2715
Fordham,52.31129,0.39057,2712
Cleobury Mortimer,52.37853,-2.48196,2711
Great Leighs,51.82761,0.50640,2709
Weedon Bec,52.22955,-1.08371,2706
Heage,53.05050,-1.44688,2698
Coven,52.65587,-2.13530,2694
Bugbrooke,52.21006,-1.01304,2692
Dolgellau,52.74222,-3.88611,2688
Teynham,51.33045,0.80526,2687
Combe Martin,51.19873,-4.02343,2687
Mere,51.08889,-2.26694,2686
Swanmore,50.94404,-1.18021,2683
Duns,55.77704,-2.34575,2680
Buckden,52.29415,-0.24912,2677
Redlynch,51.09861,-2.42667,2674
Nutfield,51.24505,-0.14299,2673
Dundonald,55.57939,-4.59473,2670
Bargeddie,55.85366,-4.07846,2670
Laurieston,55.99562,-3.74801,2670
Colyton,50.74006,-3.07021,2668
Isle Of Mull,56.44703,-5.77404,2667
Milltimber,57.10424,-2.24099,2660
Lostwithiel,50.40784,-4.67023,2659
Alveston,51.58806,-2.53139,2656
Eccleshall,52.85789,-2.24971,2651
Aboyne,57.07546,-2.78023,2650
Tuxford,53.23004,-0.89325,2649
Williton,51.16236,-3.32208,2644
Holsworthy,50.81196,-4.35383,2641
Cowie,56.07974,-3.86753,2640
Fenstanton,52.29903,-0.06712,2639
Kings Hill,51.27437,0.40237,2638
South Collingham,53.13333,-0.76667,2637
Feltwell,52.48581,0.51945,2635
Awsworth,52.98912,-1.28354,2634
South Cerney,51.67319,-1.93097,2632
Repton,52.83983,-1.55061,2629
Kington,52.20408,-3.02553,2626
Kington,52.20000,-2.01667,2626
Hopton,52.53333,1.73333,2626
Bosham,50.83088,-0.85384,2623
Tollesbury,51.75913,0.83462,2621
Muir of Ord,57.51976,-4.45939,2620
Stocksfield,54.94026,-1.90398,2616
Tarporley,53.15918,-2.66867,2614
Brewood,52.67712,-2.17414,2614
Kempsey,52.13936,-2.21751,2609
Barlestone,52.64718,-1.37013,2607
Little Amwell,51.78333,-0.03333,2606
Badsey,52.08819,-1.89925,2601
Eversley,51.35387,-0.88888,2600
Maple Cross,51.62500,-0.50800,2600
Cullingworth,53.82444,-1.89730,2596
Dyserth,53.30032,-3.41262,2594
Killyleagh,54.40135,-5.64800,2591
Wing,51.89524,-0.71956,2589
Fishburn,54.68296,-1.43631,2588
Netherton,52.48333,-2.08333,2587
Bovington Camp,50.69782,-2.23506,2586
Broughshane,54.89260,-6.20899,2581
Wemyss Bay,55.87614,-4.88950,2580
Dunipace,56.02700,-3.91471,2580
North Collingham,53.15000,-0.75000,2578
Etwall,52.88353,-1.60023,2572
Snettisham,52.87882,0.50099,2570
Gullane,56.03652,-2.82829,2570
Stratton,51.73394,-1.97968,2570
Saughall,53.22618,-2.95649,2569
Farnsfield,53.10223,-1.03320,2566
Wolston,52.37717,-1.39544,2564
Godstone,51.24779,-0.06914,2564
Colerne,51.43833,-2.26280,2564
Nanpean,50.36884,-4.86935,2563
Botley,50.91433,-1.26984,2562
South Hetton,54.79906,-1.40671,2561
Bampton,51.72634,-1.54547,2561
South Brent,50.42654,-3.83426,2559
East Ayton,54.25480,-0.47483,2559
Elstead,51.18548,-0.70536,2557
Moffat,55.33527,-3.44142,2550
Dormansland,51.16024,0.00618,2550
Yarnton,51.80448,-1.31149,2545
Petworth,50.98669,-0.61000,2544
Willaston,53.06667,-2.48333,2540
Broadway,52.03825,-1.86079,2540
Redding,55.98861,-3.73230,2540
Thaxted,51.95326,0.34478,2538
Penmaenmawr,53.26667,-3.93333,2535
Gilfach Goch,51.59213,-3.47296,2532
Crossgates,56.08366,-3.37712,2530
Carron,56.02611,-3.79251,2530
Ambleside,54.43261,-2.96167,2529
Westcott,51.22438,-0.37195,2528
Portaferry,54.38086,-5.54569,2525
Barmouth,52.72377,-4.05748,2522
Balmedie,57.25052,-2.06163,2520
Roche,50.40808,-4.83373,2517
Rostrevor,54.10000,-6.20000,2515
Newmacher,57.26667,-2.18333,2510
Carfin,55.80502,-3.96076,2510
Farndon,53.05000,-0.85000,2506
Headcorn,51.16966,0.62433,2505
Timsbury,51.32444,-2.47917,2504
Wolsingham,54.73085,-1.88319,2503
Belton,53.55000,-0.81667,2503
Cullybackey,54.88875,-6.34701,2502
Cornforth,54.70286,-1.51938,2501
Minchinhampton,51.70675,-2.18502,2500
Melrose,55.59969,-2.72770,2500
Barnwood,51.86393,-2.20087,2500
Walton,53.22284,-1.46084,2500
Winchburgh,55.95795,-3.46464,2500
Castlewellan,54.25690,-5.94446,2499
Oakley,52.16862,-0.52649,2493
Eastry,51.24639,1.30776,2492
Stromness,58.96498,-3.29601,2490
Renton,55.97200,-4.58399,2490
Caistor,53.49673,-0.31538,2489
East Peckham,51.21234,0.38624,2485
Colwich,52.78764,-1.98206,2485
Hemingbrough,53.76863,-0.97673,2483
Market Lavington,51.28756,-1.97729,2482
Darenth,51.42137,0.25784,2481
Bassingbourn,52.07821,-0.05390,2481
Cairneyhill,56.05908,-3.53518,2480
Deepcut,51.30513,-0.71016,2477
Great Horkesley,51.93821,0.87551,2476
Great Houghton,53.55352,-1.34952,2475
Shieldhill,55.97277,-3.76788,2470
Lechlade,51.69403,-1.69128,2469
Sutton Courtenay,51.64130,-1.27682,2467
Marden,51.17482,0.48855,2466
Swavesey,52.30155,-0.00476,2463
Highcoems,51.33860,-1.37569,2463
Moira,52.73698,-1.53496,2458
Galgate,53.99362,-2.79201,2458
Thornley,54.75000,-1.43333,2457
Stilton,52.48788,-0.28894,2455
Aspatria,54.76574,-3.32783,2454
Hollingworth,53.46300,-1.99100,2447
Greenfield,53.28333,-3.21667,2446
Asfordby,52.76331,-0.95856,2446
North Wootton,52.78333,0.43333,2445
Sapcote,52.53707,-1.27900,2442
Grantown on Spey,57.33051,-3.60867,2440
Caldercruix,55.88886,-3.88664,2440
Ogmore Vale,51.60230,-3.54217,2436
Whitley,51.39528,-2.16444,2436
Winwick,53.43333,-2.60000,2435
Nafferton,54.01965,-0.39190,2433
Leven,53.89028,-0.31783,2433
Keresley,52.45156,-1.53319,2432
Markinch,56.20214,-3.13517,2430
Longniddry,55.97543,-2.89593,2430
Sway,50.78685,-1.60294,2421
Grayshott,51.11131,-0.75110,2413
Burton upon Stather,53.64911,-0.68453,2410
Alyth,56.62209,-3.23005,2410
Greenhill,55.99204,-3.89096,2410
Dunchurch,52.33757,-1.29136,2405
Cliffe,51.46224,0.49833,2403
Ashington,50.93312,-0.39087,2403
Middlestown,53.65079,-1.59762,2402
Taplow,51.53299,-0.68682,2400
Kelvedon Hatch,51.66739,0.26814,2400
Oakley,50.78368,-1.96822,2400
Wateringbury,51.25543,0.42317,2396
Stalbridge,50.95807,-2.37548,2396
Lochgilphead,56.03796,-5.43206,2390
Caton,54.07624,-2.71903,2387
Witchford,52.38699,0.20602,2385
Costessey,52.65914,1.20970,2381
Charfield,51.62722,-2.40667,2370
Banknock,55.98967,-3.95611,2370
Torrance,55.93995,-4.21025,2370
Clophill,52.02727,-0.42377,2369
Scotby,54.89004,-2.87464,2366
Ixworth,52.29893,0.83410,2365
Pucklechurch,51.48583,-2.43389,2364
Machen,51.59599,-3.14190,2362
Valley,53.28490,-4.56644,2361
Lark Hill,51.20000,-1.81667,2358
Maulden,52.03063,-0.46975,2357
Newport,51.98425,0.21355,2352
Crossford,56.06303,-3.49674,2350
Coupar Angus,56.54552,-3.26774,2350
Polbeth,55.86072,-3.54901,2350
Kingston Bagpuize,51.68150,-1.42041,2349
Wittering,52.60698,-0.44048,2348
Price Town,51.61832,-3.53662,2348
Lyndhurst,50.87259,-1.57662,2347
Comberton,52.18709,0.01905,2346
Partridge Green,50.95940,-0.30796,2341
Aldeburgh,52.15492,1.60215,2341
Witton Gilbert,54.80572,-1.63686,2339
Watton at Stone,51.85842,-0.11381,2338
Seaview,50.71956,-1.11164,2337
Long Crendon,51.77294,-0.99684,2335
Camelford,50.62185,-4.67963,2335
Arnside,54.20179,-2.83374,2334
Biggar,55.62297,-3.52455,2330
Rothbury,55.31059,-1.90845,2326
Fishbourne,50.83641,-0.82088,2325
Edgworth,53.64636,-2.39401,2321
Insch,57.34273,-2.61321,2320
Gillmoss,53.46107,-2.89455,2320
Reepham,52.76320,1.11099,2319
Shawbury,52.79098,-2.66183,2317
Exhall,52.46464,-1.48144,2317
Acle,52.63681,1.54757,2317
West Rainton,54.81667,-1.50000,2316
Mattishall,52.65905,1.03250,2315
Keyingham,53.70961,-0.11325,2314
Roade,52.15824,-0.89745,2312
Compton,51.02385,-1.33713,2311
Portree,57.41288,-6.19418,2310
Inverbervie,56.84463,-2.27997,2310
Coltishall,52.72804,1.36653,2310
Ballypatrick,55.18112,-6.15020,2310
Tarvin,53.19737,-2.76548,2309
Queniborough,52.70591,-1.04749,2307
Warton,54.14715,-2.76435,2300
Harlington,51.96288,-0.49241,2297
Padstow,50.53885,-4.93664,2296
Longstanton,52.28076,0.04558,2294
Goxhill,53.67635,-0.33759,2290
Alford,57.23257,-2.70298,2290
Glenmavis,55.88913,-3.98726,2290
Craven Arms,52.44308,-2.83562,2289
Chipping Campden,52.04964,-1.77670,2288
Pentyrch,51.52889,-3.29500,2287
Brinscall,53.68900,-2.57208,2286
Y Felinheli,53.18737,-4.20476,2284
Leeswood,53.13347,-3.09466,2282
Oakley,56.08421,-3.56311,2280
High Valleyfield,56.06357,-3.59913,2280
Rossett,53.10921,-2.94478,2279
Romney Marsh,51.02299,0.91504,2279
Elsenham,51.91431,0.22934,2272
Credenhill,52.08351,-2.80804,2271
Wanborough,51.54263,-1.69837,2268
West Malling,51.29273,0.40907,2266
Scholes,53.82346,-1.42805,2266
Narberth,51.79784,-4.74275,2265
Gilwern,51.82475,-3.09355,2263
Castledawson,54.77723,-6.56227,2263
Emneth,52.64244,0.20857,2257
Llwynypia,51.63333,-3.45000,2253
Gunness,53.59080,-0.72834,2253
Betws,51.56917,-3.58833,2253
Saint Stephen,50.34469,-4.89973,2252
East Bergholt,51.97785,1.01761,2252
Langholm,55.15101,-2.99889,2250
Forth,55.76502,-3.68874,2240
Bay Horse,53.96867,-2.77603,2239
Keadby,53.59308,-0.74021,2238
Benllech,53.32044,-4.22607,2236
Machynlleth,52.58965,-3.85308,2235
Lowdham,53.01205,-1.00483,2234
Isleham,52.34289,0.41212,2228
Cold Ash,51.42426,-1.26463,2224
Isles of Scilly,49.92515,-6.29894,2224
Alderbury,51.04354,-1.73382,2223
Bletchingley,51.24059,-0.10038,2221
Shenstone,52.63802,-1.84147,2220
Pannal,53.96031,-1.53573,2219
Halton,53.31667,-2.70000,2218
Riccall,53.83331,-1.05730,2216
Sion Mills,54.78752,-7.47276,2212
Much Wenlock,52.59582,-2.55749,2211
Chiddingfold,51.11866,-0.62262,2211
Flexbury,50.83509,-4.54499,2211
Eye,52.32055,1.14618,2210
Debenham,52.22422,1.18172,2210
Catrine,55.50422,-4.33026,2210
Bishopsteignton,50.55193,-3.53852,2209
Saint Dennis,50.38333,-4.88333,2206
Smalley,52.99854,-1.39462,2202
Glapwell,53.18917,-1.28334,2202
Leuchars,56.38174,-2.88253,2200
Seer Green,51.61796,-0.60592,2200
Milnthorpe,54.22785,-2.76939,2199
Bottisham,52.22280,0.25878,2199
Swineshead,52.94543,-0.15947,2197
Lenham,51.23705,0.71892,2197
Needingworth,52.33051,-0.03116,2191
Patna,55.36406,-4.50594,2190
Luddenden Foot,53.71873,-1.94582,2190
Little Dunmow,51.86096,0.41478,2190
Horam,50.93523,0.24436,2188
Watlington,51.64327,-1.00448,2187
Northorpe,53.46307,-0.65347,2184
Leyburn,54.31004,-1.83041,2183
Severn Beach,51.56036,-2.66279,2182
Coylton,55.44528,-4.51950,2180
Wiveliscombe,51.04139,-3.31278,2178
Tisbury,51.06283,-2.08058,2178
Bierton,51.83050,-0.78737,2178
Wilstead,52.08088,-0.44889,2177
Reepham,53.23333,-0.43333,2172
Sedbergh,54.32123,-2.52514,2171
Winterbourne,51.44609,-1.34660,2168
Wells-next-the-Sea,52.95164,0.85110,2165
Newington,51.35217,0.66768,2164
Bere Alston,50.48233,-4.19034,2164
Appledore,51.05000,-4.20000,2161
Aston-on-Trent,52.86172,-1.38642,2160
Hermitage,51.45540,-1.26823,2157
Great Corby,54.88169,-2.82452,2157
Wickham Market,52.15298,1.36299,2156
Tycroes,51.77806,-4.02000,2156
Farnborough,52.14289,-1.36926,2154
Thurlby,52.73879,-0.37868,2153
Ilchester,51.00587,-2.67981,2153
Haxey,53.48937,-0.84020,2153
Hingham,52.57969,0.98422,2151
Harbury,52.23537,-1.45706,2148
Coates,51.70750,-2.03389,2148
Westoning,51.98140,-0.49698,2147
Ipplepen,50.48919,-3.63900,2143
East Harling,52.43843,0.93353,2142
Tow Law,54.74456,-1.81434,2138
Fleet,52.79321,0.05854,2136
Sandford,51.33228,-2.83122,2135
Fowey,50.33634,-4.63860,2131
Cardross,55.96184,-4.65316,2130
Gartcosh,55.88841,-4.08170,2130
Leconfield,53.87730,-0.45729,2127
Edenfield,53.66674,-2.30481,2126
Lundin Links,56.21399,-2.95173,2124
Seven Sisters,51.76667,-3.71667,2123
Auchtermuchty,56.29158,-3.23428,2120
High Etherley,54.65391,-1.74363,2119
Mevagissey,50.27324,-4.79166,2117
Kings Sutton,52.02313,-1.27613,2116
Weston Turville,51.79168,-0.75767,2115
Woolavington,51.16493,-2.93814,2115
Steeple Claydon,51.93643,-0.98328,2114
Abbotts Ann,51.19016,-1.53234,2112
Thornton,56.16667,-3.15000,2110
Overtown,55.75719,-3.91645,2110
Garelochhead,56.08203,-4.82909,2110
Ash,52.95000,-2.65000,2108
Fernhurst,51.04873,-0.71789,2106
Cringleford,52.60482,1.24334,2105
Ballintoy Harbour,55.24422,-6.36919,2103
Lochmaben,55.13011,-3.44286,2100
Tweedbank,55.60449,-2.76692,2100
Duxford,52.09393,0.15917,2099
Market Bosworth,52.62428,-1.40174,2097
Kintbury,51.39958,-1.44865,2094
Stanford in the Vale,51.63969,-1.50652,2093
Saint Osyth,51.80000,1.08333,2093
Broughton,52.37331,-0.77493,2093
Keelby,53.57580,-0.24701,2092
Smithton,57.47956,-4.15141,2090
Chiseldon,51.51606,-1.73206,2090
Mossblown,55.48941,-4.52787,2090
Manea,52.48487,0.17930,2088
Grimston,52.77312,0.54846,2086
Whittington,52.67372,-1.76091,2085
Rickinghall,52.33649,0.99272,2073
Cromford,53.10848,-1.56014,2073
Kirkconnel,55.38561,-3.99836,2070
Resolven,51.71193,-3.69745,2068
Longtown,51.95000,-2.98333,2064
Rathfriland,54.25000,-6.16667,2063
Hightown,53.52452,-3.06192,2063
Crickhowell,51.85992,-3.13771,2063
Chilcompton,51.26391,-2.50502,2062
Wickham,50.89924,-1.18815,2060
Newburgh,56.35079,-3.23650,2060
Little Eaton,52.97028,-1.45950,2060
Axbridge,51.28466,-2.82078,2057
Presteigne,52.27183,-3.00579,2056
Halton,54.07887,-2.75800,2056
Camblesforth,53.72680,-1.01998,2056
Bozeat,52.22270,-0.67326,2052
Robertsbridge,50.98569,0.47253,2047
Billinghay,53.07959,-0.27689,2046
Stow on the Wold,51.93008,-1.72382,2042
Ormiston,55.91302,-2.93985,2040
Bishops Lydeard,51.05917,-3.18778,2040
Mobberley,53.31667,-2.31667,2034
Berkeley,51.69111,-2.45917,2034
Catterall,53.87965,-2.76478,2029
Eton Wick,51.49722,-0.63437,2029
Clare,52.07861,0.58167,2028
Burgh le Marsh,53.16158,0.24484,2026
Uffculme,50.90604,-3.32746,2021
Hatton,52.30007,-1.63260,2020
Rosewell,55.85075,-3.13625,2020
Stone,51.80246,-0.87032,2019
Rode Heath,53.11387,-2.29186,2019
Rayne,51.86667,0.58333,2018
Long Bennington,52.99314,-0.75803,2018
Hathersage,53.33030,-1.65398,2018
Langho,53.80217,-2.45076,2015
Kineton,52.15645,-1.51148,2014
Alresford,51.85389,1.00203,2009
Goostrey,53.22731,-2.33919,2008
Southgate,51.56944,-4.08972,2004
Stoke-sub-Hamdon,50.95397,-2.74971,2004
Southowram,53.70988,-1.83181,2003
Great Barford,52.15791,-0.35235,2003
Walsden,53.69361,-2.10001,2000
Southchurch Village,51.54049,0.72935,2000
Pant,52.79005,-3.08031,1998
Harwell,51.59947,-1.29175,1998
South Milford,53.77672,-1.24609,1995
Much Hadham,51.85407,0.07188,1994
Skelmorlie,55.86950,-4.88475,1990
Wick,51.45306,-2.42361,1989
Black Notley,51.85301,0.56846,1988
Llandovery,51.99415,-3.79637,1985
Wheldrake,53.89624,-0.96303,1984
Wooler,55.54755,-2.01186,1983
Sanquhar,55.36527,-3.92160,1980
Holmfirth,53.56968,-1.78777,1980
Radley,51.68746,-1.24025,1979
Hapton,53.78333,-2.31667,1979
Barlaston,52.94200,-2.17050,1979
Merriott,50.91275,-2.79538,1979
Donaghcloney,54.41853,-6.25843,1977
Hibaldstow,53.51133,-0.52082,1974
Bala,52.91111,-3.59722,1974
Sleights,54.45506,-0.66484,1972
Lhanbryde,57.63529,-3.21839,1970
East Wemyss,56.16018,-3.06422,1970
Stoneyburn,55.84371,-3.63862,1970
Puriton,51.16933,-2.97198,1968
Kilgetty,51.73203,-4.71983,1968
Langtoft,52.69834,-0.34040,1967
Wheaton Aston,52.71145,-2.22064,1965
Strathblane,55.98596,-4.30658,1960
Aberfeldy,56.62196,-3.86693,1960
Seahouses,55.58063,-1.65497,1959
Wickham,51.44342,-1.43200,1958
St Just,50.12379,-5.68065,1957
Banwell,51.32894,-2.86914,1956
Rudgwick,51.08735,-0.45164,1955
Mullion,50.02706,-5.24248,1955
Barrowby,52.91636,-0.69094,1952
Tattenhall,53.12188,-2.76746,1950
Kirknewton,55.88754,-3.41898,1950
Blackridge,55.88523,-3.77479,1950
Lyminge,51.12951,1.08896,1948
Stanwick,52.33198,-0.56348,1942
Johnston,51.75556,-4.99667,1941
Fontwell,50.85520,-0.64831,1941
Hayfield,53.37893,-1.94544,1940
Campsall,53.61917,-1.18002,1940
Bredon,52.03008,-2.11671,1936
Pool,53.90000,-1.61667,1935
Pen-clawdd,51.64028,-4.09917,1935
Washington,50.90487,-0.40649,1930
Low Etherley,54.65349,-1.74315,1929
Wroxall,52.33791,-1.66898,1927
Ketton,52.62804,-0.55459,1926
Burstwick,53.73211,-0.13956,1924
Barnburgh,53.52408,-1.27300,1924
Wrotham,51.30856,0.30899,1921
South Nutfield,51.01667,-0.13333,1920
Plean,56.06516,-3.87596,1920
Atworth,51.39234,-2.19297,1920
Hook Norton,51.99564,-1.48277,1919
Wrington,51.36173,-2.76319,1918
Cadnam,50.92047,-1.57970,1917
Littlethorpe,52.56759,-1.20226,1917
Llanrug,53.14788,-4.19596,1916
Hanslope,52.11425,-0.82672,1916
Wye,51.18249,0.93678,1915
Millisle,54.60638,-5.52973,1914
Flamborough,54.11696,-0.12364,1914
Lugwardine,52.06583,-2.65780,1913
Milnathort,56.22688,-3.41930,1910
Inchinnan,55.88995,-4.43842,1910
Salcombe,50.23743,-3.76874,1909
Silverstone,52.09216,-1.02602,1907
Probus,50.29267,-4.95401,1906
Blackwood,55.66667,-3.91667,1901
Cheadle Heath,53.40186,-2.19088,1901
Tarbolton,55.51292,-4.48648,1900
Sarratt,51.68458,-0.49400,1900
Comrie,56.36880,-3.97882,1900
South Harefield,51.58975,-0.48046,1900
New Denham,51.55410,-0.48901,1900
Ditchingham,52.46729,1.44370,1899
Delph,53.56667,-2.01667,1899
Bramford,52.07631,1.09687,1899
Lydbrook,51.83763,-2.57818,1894
Bishop's Castle,52.49208,-3.00210,1893
Windygates,56.19546,-3.05274,1890
Walton,53.44947,-2.96614,1889
Findon,50.86816,-0.40735,1886
Donisthorpe,52.72401,-1.53800,1886
Crick,52.34808,-1.13708,1886
Burgh Heath,51.30599,-0.22166,1884
Newcastle Emlyn,52.04056,-4.46670,1883
Bradninch,50.82491,-3.42465,1881
Hardwick Village,53.27372,-1.04320,1881
Hartwell,52.14616,-0.85376,1875
Pontesbury,52.64826,-2.89035,1873
Lynemouth,55.21306,-1.54250,1873
Oxenhope,53.81233,-1.95196,1872
Rhu,56.01667,-4.76667,1870
Coldstream,55.65111,-2.25295,1870
Ashwell,52.03866,-0.15398,1870
Wilberfoss,53.94854,-0.88945,1866
Hathern,52.79548,-1.25644,1866
Misterton,53.44492,-0.85032,1862
Llansantffraid Glan Conwy,53.26667,-3.80000,1862
Upton upon Severn,52.06258,-2.21802,1861
Shipdham,52.62923,0.88577,1860
Balfron,56.06809,-4.33559,1860
Northleach,51.82994,-1.83712,1854
Cropwell Bishop,52.91480,-0.98482,1853
Chilworth,51.21635,-0.53129,1852
Eastriggs,54.98597,-3.18051,1850
Kedington,52.09282,0.48675,1849
Haverigg,54.19973,-3.29263,1849
Ruardean,51.85501,-2.55054,1849
Halling,51.35142,0.44520,1848
Grimston,52.79011,-0.98656,1848
Brompton,54.36015,-1.42422,1848
Newton Longville,51.97600,-0.76595,1846
Ingrave,51.60416,0.34058,1846
Evercreech,51.14806,-2.50556,1845
Llanberis,53.11809,-4.12923,1844
Great Yeldham,52.01347,0.56540,1844
Curry Rivel,51.02306,-2.86753,1844
Great Haywood,52.80785,-2.00024,1844
North Sunderland,55.57688,-1.66436,1843
Kirkby Lonsdale,54.20259,-2.59827,1843
Town Row,51.05302,0.23217,1842
Hale,53.33333,-2.80000,1841
Charing,51.21073,0.79466,1841
Bilsdale,54.37356,-1.11923,1841
Stewkley,51.92744,-0.76381,1840
Burghead,57.70113,-3.48992,1840
Weeting,52.46440,0.61485,1839
Marldon,50.45512,-3.59678,1838
Billingborough,52.89384,-0.34186,1837
Mundford,52.50930,0.64991,1835
Elstree,51.64030,-0.29693,1835
Shilbottle,55.37099,-1.68820,1834
Warton,53.74988,-2.89335,1833
Stretham,52.34709,0.21852,1831
Buxted,50.99003,0.13441,1831
Greenfield,52.00278,-0.46605,1831
Rhayader,52.30154,-3.51146,1824
Mickle Trafford,53.22146,-2.83225,1822
Kinglassie,56.17371,-3.24241,1820
Wembury,50.32272,-4.07529,1819
Isle of South Uist,57.24562,-7.33337,1818
East Bridgford,52.97954,-0.96563,1814
Ryton on Dunsmore,52.36667,-1.43333,1813
Rogiet,51.58854,-2.77868,1813
Almondsbury,51.55407,-2.57114,1812
Broad Blunsdon,51.61339,-1.77870,1803
Brading,50.67990,-1.14571,1800
Dearham,54.71175,-3.44364,1799
Shurdington,51.86264,-2.12060,1798
Necton,52.64994,0.77539,1798
Waddesdon,51.84675,-0.92105,1797
Sharnbrook,52.22606,-0.54425,1795
Llandeilo,51.88459,-3.99154,1795
Creech Saint Michael,51.02333,-3.03833,1795
Bodelwyddan,53.26827,-3.50078,1794
Penygroes,53.05502,-4.28535,1793
Grassington,54.07140,-1.99822,1792
Silsoe,52.00854,-0.42484,1791
Sudbrooke,53.26667,-0.45000,1788
Northiam,50.99439,0.60026,1785
Meldreth,52.09396,0.00807,1783
Earlston,55.63856,-2.67495,1780
Walberton,50.84475,-0.62013,1778
Connor,54.80000,-6.20000,1778
Mayford,51.29558,-0.57451,1778
Burbage,51.35184,-1.67087,1772
Ingleton,54.15392,-2.46849,1772
Invergowrie,56.46111,-3.06158,1770
Croft,52.55668,-1.24643,1770
Wormley,51.13622,-0.64673,1770
Walkington,53.81950,-0.48958,1769
Wragby,53.28333,-0.30000,1768
Laxey,54.23017,-4.39985,1768
Catcliffe,53.39316,-1.36207,1766
Irvinestown,54.46667,-7.63333,1765
Silkstone,53.54808,-1.56381,1764
Gosberton,52.86913,-0.16102,1764
Lympstone,50.64751,-3.43162,1763
Stoke Prior,52.29978,-2.08034,1762
Painswick,51.78568,-2.19555,1762
Harlech,52.85941,-4.10831,1762
Lower Kingswood,51.26968,-0.21230,1760
Doune,56.18995,-4.05288,1760
Annalong,54.10823,-5.89966,1760
Airth,56.06983,-3.77209,1760
Thornton Dale,54.23528,-0.72016,1759
Holt,51.35556,-2.19722,1757
Huncote,52.57306,-1.23639,1756
Gargrave,53.98353,-2.10459,1755
Southwick,51.29694,-2.23250,1754
Seascale,54.39831,-3.47961,1754
Wroxall,50.61625,-1.22292,1753
Woolpit,52.22454,0.88826,1753
Meriden,52.43770,-1.64366,1753
Criccieth,52.92053,-4.23460,1753
Saint Davids,51.88094,-5.26554,1751
East Chevington,55.28333,-1.58333,1751
Pattingham,52.58910,-2.26538,1749
Hambleton,53.76667,-1.16667,1749
Woodsetts,53.34804,-1.17204,1746
Thorney,52.62147,-0.10815,1745
Meppershall,52.01713,-0.33991,1745
Wainfleet All Saints,53.10570,0.23583,1744
Balloch,56.00000,-4.58333,1743
Locking,51.33327,-2.91387,1742
Botesdale,52.34216,1.00405,1742
Barnetby le Wold,53.57480,-0.40607,1741
Terrington Saint John,52.70546,0.27389,1740
Marcham,51.66755,-1.34295,1740
Glinton,52.63921,-0.29629,1740
Milton of Leys,57.45125,-4.17592,1740
Starcross,50.62734,-3.44797,1737
Frizington,54.54185,-3.49460,1737
Ballykelly,55.04425,-7.01855,1735
Draperstown,54.80000,-6.76667,1734
Clenchwarton,52.75604,0.35790,1733
North Somercotes,53.44573,0.14103,1732
West Walton,52.69782,0.17406,1731
Tickton,53.86233,-0.38330,1731
Ratho,55.92164,-3.38028,1730
Portsoy,57.68144,-2.68956,1730
Harston,52.13691,0.07999,1729
Monk Fryston,53.76160,-1.23751,1728
Trebarwith,50.64108,-4.75035,1725
Shrewton,51.19194,-1.90264,1723
Goodwick,52.00491,-4.99511,1720
West Haddon,52.34168,-1.07804,1718
Wickwar,51.59404,-2.39968,1717
Hatfield Heath,51.81233,0.21243,1717
Diggle,53.56744,-1.99723,1716
Newton Poppleford,50.70000,-3.29586,1715
Hopeman,57.70684,-3.43432,1710
Conon Bridge,57.56630,-4.43678,1710
Head of Muir,56.00623,-3.91358,1710
Flimby,54.68956,-3.52092,1707
Ticehurst,51.04652,0.40860,1705
Lympne,51.07773,1.02808,1704
East Linton,55.98737,-2.65682,1700
Mistley,51.94331,1.08254,1696
Pontyberem,51.77826,-4.16890,1695
Hampton in Arden,52.42540,-1.70271,1692
Harrold,52.20127,-0.61038,1691
Fochabers,57.61445,-3.09947,1690
Cornholme,53.73230,-2.13851,1690
Exning,52.26642,0.37439,1688
Westonzoyland,51.10854,-2.92843,1686
Allhallows,51.46866,0.63686,1686
Stoke Golding,52.57060,-1.41124,1684
Harthill,53.31667,-1.26667,1684
Long Itchington,52.28396,-1.39243,1683
Dunswell,53.80106,-0.37139,1682
Luncarty,56.45308,-3.47007,1680
High Bentham,54.11823,-2.51199,1680
Harvington,52.14095,-1.92313,1680
Embsay,53.97664,-1.99282,1679
Ingleton,54.57952,-1.73532,1678
Yealmpton,50.34856,-3.99877,1677
Ardglass,54.26312,-5.60981,1676
Todwick,53.35373,-1.25673,1673
Killearn,56.04239,-4.36840,1670
Crail,56.26042,-2.62676,1670
Cruden Bay,57.41797,-1.85313,1670
Findern,52.87037,-1.54409,1669
Crossgar,54.39675,-5.76061,1667
Whaplode,52.79934,-0.03639,1666
Stainburn,53.93333,-1.61667,1666
St Mary's,49.91719,-6.29517,1666
Pensilva,50.50302,-4.41491,1663
High Halstow,51.44775,0.55558,1662
Ambrosden,51.87087,-1.12129,1662
Dufftown,57.44571,-3.12708,1660
Tanfield,54.89288,-1.71316,1659
Audlem,52.98956,-2.50706,1658
Great Eccleston,53.85315,-2.87026,1657
Layer de la Haye,51.84593,0.85745,1656
Bardney,53.21005,-0.32371,1655
Dyffryn Ardudwy,52.77748,-4.06468,1654
Ewhurst,51.15448,-0.44344,1653
Aldbourne,51.48098,-1.61827,1652
Letham,56.62683,-2.77060,1650
Bramham,53.88118,-1.35452,1650
Aberdour,56.05417,-3.30058,1650
West Horndon,51.57000,0.34000,1650
Grain,51.45591,0.71126,1648
Aberporth,52.13248,-4.54173,1648
Tideswell,53.27807,-1.77292,1647
Drybrook,51.85550,-2.51681,1647
Delabole,50.62347,-4.73190,1647
Elmstead Market,51.88219,0.99482,1646
Pontlliw,51.69139,-4.01056,1645
Saint Bees,54.49183,-3.58987,1644
Portavogie,54.45916,-5.44304,1639
Yoxall,52.76659,-1.79068,1638
Cookley,52.31667,1.45000,1637
Nether Heyford,52.22123,-1.03452,1637
Cheddington,51.84784,-0.66429,1634
Sonning,51.47411,-0.91212,1631
Scawby,53.53787,-0.54085,1631
Shepherdswell,51.18713,1.23049,1630
North Tawton,50.79968,-3.89759,1630
Roslin,55.85749,-3.16895,1630
Rackheath,52.66254,1.38032,1628
Templepatrick,54.68333,-6.08333,1627
Rowhedge,51.85738,0.94534,1626
Ravenstone,52.72111,-1.40582,1623
Potterne,51.32917,-2.00519,1622
Doveridge,52.90526,-1.82480,1622
Port Erroll,57.41427,-1.84596,1620
Horsmonden,51.13908,0.42881,1620
Friston,50.76402,0.19930,1620
Wood Street Village,51.25098,-0.63695,1619
Kilrea,54.95091,-6.55695,1616
Chinley,53.34025,-1.93900,1614
East Dean,51.03979,-1.60941,1613
Abridge,51.64950,0.12033,1613
Thornhill,55.23333,-3.76667,1610
Lauder,55.71908,-2.74755,1610
Calderbank,55.84318,-3.97070,1610
Evenwood,54.62213,-1.76133,1608
Ducklington,51.76763,-1.48418,1608
Skinningrove,54.56908,-0.89869,1606
Mostyn,53.31271,-3.26765,1606
Earith,52.35422,0.03056,1606
Wetheral,54.88401,-2.83327,1605
Saint Clears,51.81989,-4.49783,1605
Woodbury,50.67664,-3.40160,1605
Hockley Heath,52.35294,-1.77816,1604
Great Marton,53.81185,-3.02261,1603
Stanhope,54.75000,-2.01667,1602
Crynant,51.72889,-3.74806,1602
Great Barton,52.27257,0.76679,1600
Horndon on the Hill,51.52358,0.40491,1596
Ironbridge,52.62795,-2.48465,1595
Baschurch,52.78848,-2.85284,1595
Croeserw,51.64472,-3.64028,1595
Deddington,51.98060,-1.32055,1594
Blisworth,52.17498,-0.94131,1591
Balsham,52.13238,0.31586,1591
Glandwr,51.92833,-4.63333,1586
Ulceby,53.61667,-0.33333,1584
Leasingham,53.02573,-0.42606,1584
Trimsaran,51.71988,-4.24168,1584
Gilford,54.37256,-6.36126,1583
Three Crosses,51.62865,-4.06263,1583
Roydon,51.77180,0.04030,1582
Blewbury,51.56880,-1.23261,1581
Newport,53.76333,-0.69986,1580
Howwood,55.81060,-4.55733,1580
Reddingmuirhead,55.98026,-3.74853,1580
Stock,51.66351,0.44263,1579
Middle Winterslow,51.09346,-1.65453,1579
Alveley,52.45709,-2.35434,1578
Rowledge,51.18460,-0.82367,1578
Bridge,51.24513,1.12640,1576
Ramsbury,51.44373,-1.60257,1574
Bow Street,52.44213,-4.02783,1572
Ballywalter,54.54329,-5.48475,1572
Compton,51.51585,-1.25510,1571
Aslockton,52.95299,-0.89700,1571
Alconbury,52.36900,-0.26009,1569
Dobcross,53.55639,-2.01325,1567
South Littleton,52.11416,-1.89014,1564
Normandy,51.25751,-0.67472,1563
Gotham,52.86799,-1.20558,1563
Templecombe,50.99908,-2.41578,1560
Douglas,55.55000,-3.85000,1560
Kingsley,53.26667,-2.66667,1557
Haydon Bridge,54.97486,-2.24680,1557
Rake,51.04323,-0.85801,1556
Mickleton,52.09152,-1.76623,1554
Brimscombe,51.71973,-2.18553,1554
North Leigh,51.81432,-1.44144,1552
Inkberrow,52.21284,-1.98093,1552
Gaerwen,53.22112,-4.27362,1551
Ballater,57.05011,-3.03798,1550
Skelton,54.00000,-1.13333,1549
Penrhyndeudraeth,52.93333,-4.06667,1546
Great Bentley,51.85333,1.06379,1545
Rawcliffe,53.69777,-0.96319,1542
Muirhead,56.50000,-3.06667,1542
Walkern,51.91888,-0.12758,1541
Muirkirk,55.52272,-4.06551,1540
Griston,52.55720,0.86436,1540
Five Oak Green,51.18338,0.35517,1540
Tal-y-bont,52.77471,-4.09224,1540
Salsburgh,55.84277,-3.87264,1540
Wattisham,52.12543,0.93864,1539
Whittlesford,52.11345,0.14969,1536
Blean,51.30679,1.04301,1536
South Witham,52.76476,-0.62811,1533
Minsterley,52.63989,-2.92807,1532
Cockfield,54.61373,-1.80897,1531
West Linton,55.74972,-3.35607,1530
Ladybank,56.27421,-3.12390,1530
Henstridge,50.97717,-2.39500,1530
Dennyloanhead,55.99886,-3.91306,1530
Littlebourne,51.27445,1.16687,1529
Stonesfield,51.85142,-1.42960,1527
Oakington,52.26044,0.06849,1527
Tetney,53.49239,-0.02106,1526
Hartlebury,52.33333,-2.23333,1525
Houghton on the Hill,52.62663,-0.99546,1524
Burniston,54.32385,-0.44813,1523
Kirkby Stephen,54.47229,-2.34865,1522
Eythorne,51.19710,1.26620,1520
Hemyock,50.91234,-3.22807,1519
Hatherleigh,50.82144,-4.07228,1518
Fairlight,50.87802,0.65669,1516
Helmsley,54.24577,-1.05683,1515
Danby,54.46606,-0.91073,1515
Whitland,51.81889,-4.61528,1514
Braunston,52.28979,-1.20266,1513
Shotley Gate,51.95789,1.26877,1511
Mount Hawke,50.28229,-5.20855,1511
Dalrymple,55.39757,-4.59169,1510
Haslingfield,52.15016,0.05579,1507
Thorp Arch,53.91584,-1.31980,1505
Pont Rhyd-y-cyff,51.58694,-3.63639,1505
Geddington,52.43757,-0.68965,1503
Aberford,53.82604,-1.34231,1503
Woldingham,51.28527,-0.03372,1502
Kelloe,54.71894,-1.47495,1502
Patrington,53.68395,-0.01330,1501
Ullapool,57.89872,-5.16039,1500
Sandridge,51.78090,-0.30521,1500
Rotherfield Peppard,51.53064,-0.97847,1500
Portscatho,50.17271,-4.97356,1500
Low Ackworth,53.65023,-1.32334,1500
Little Marlow,51.58400,-0.74046,1500
Napsbury Park,51.72224,-0.31320,1500
Hameldon Hill,53.75570,-2.29190,1500
Emley,53.61395,-1.63130,1497
Silverton,50.81667,-3.48333,1494
Great Chesterford,52.06431,0.19720,1494
Three Legged Cross,50.85000,-1.88333,1492
Croft,53.43333,-2.55000,1492
Ferrybridge,53.71058,-1.27948,1491
Sturminster Marshall,50.79968,-2.07615,1490
Pittenweem,56.21406,-2.72839,1490
Steventon,51.62473,-1.32145,1485
Llandysul,52.04166,-4.30909,1484
Marnhull,50.97045,-2.31327,1483
Dinnington,55.05428,-1.67542,1483
Whittington,52.87320,-3.00304,1481
Pencaitland,55.90727,-2.89490,1480
Bourton,51.07444,-2.32778,1480
Manby,53.36291,0.09653,1479
Castlerock,55.15000,-6.78333,1477
Ditchling,50.92100,-0.11536,1476
Acton,52.45000,-3.01667,1475
Bagworth,52.67265,-1.34274,1472
Newburgh,57.31711,-2.00449,1470
Kingussie,57.07996,-4.05231,1470
Abernethy,56.33247,-3.31226,1470
Addiebrownhill,55.84289,-3.61667,1470
Wrawby,53.56672,-0.46194,1469
Guilden Sutton,53.20809,-2.82984,1467
Pilning,51.56337,-2.64264,1465
Newtownstewart,54.71778,-7.37886,1465
Sibsey,53.03858,0.01579,1464
Stithians,50.18870,-5.17807,1463
Woodford,52.38231,-0.58099,1461
Ringstead,52.36528,-0.55490,1461
Ashgill,55.73119,-3.93019,1460
Ryhall,52.68585,-0.46846,1459
Godshill,50.63308,-1.25476,1459
Billington,53.81570,-2.42360,1458
Kensworth,51.85173,-0.50386,1455
Potterspury,52.08288,-0.89676,1453
Stanley,56.48540,-3.45184,1450
Cullen,57.69045,-2.81818,1450
Sherston,51.57205,-2.21278,1449
Pontyates,51.75182,-4.21718,1449
Polzeath,50.56956,-4.91759,1449
Shillington,51.99344,-0.36006,1447
Govilon,51.81928,-3.06295,1447
Distington,54.59733,-3.53880,1445
Baston,52.71311,-0.35173,1444
Mylor Bridge,50.18506,-5.07963,1443
Harrietsham,51.24252,0.67060,1442
Marshfield,51.46194,-2.32000,1441
Fairlie,55.75602,-4.85564,1440
Balloch,57.49194,-4.11713,1440
Four Crosses,52.75941,-3.08106,1438
Speldhurst,51.15076,0.21947,1436
Kimpton,51.85089,-0.29980,1436
Cogenhoe,52.23758,-0.78381,1436
Auckley,53.50386,-1.02174,1434
Isle of Cumbrae,55.76933,-4.91913,1434
Bures Saint Mary,51.97240,0.77488,1433
Steeple Bumpstead,52.04346,0.44808,1432
Pateley Bridge,54.08616,-1.75981,1432
Frampton on Severn,51.77054,-2.36382,1432
Denham,51.56667,-0.50000,1432
Dornoch,57.88050,-4.02879,1430
Carnwath,55.70036,-3.62579,1430
Balmullo,56.37694,-2.92940,1430
Carnlough,54.99185,-5.99038,1427
Moneymore,54.69229,-6.66956,1426
Hellifield,54.00486,-2.22302,1426
Bassingham,53.12881,-0.63765,1425
Balcombe,51.05726,-0.13450,1424
Lingdale,54.53787,-0.95864,1423
Sabden,53.83355,-2.33728,1422
Aberaeron,52.24247,-4.25871,1422
Rufford,53.63375,-2.81662,1420
Pitmedden,57.33691,-2.18022,1420
Almondbank,56.41729,-3.51733,1420
Dobwalls,50.45768,-4.51735,1418
Four Lanes,50.20163,-5.24014,1416
Crossmaglen,54.08333,-6.60000,1415
Lavenham,52.10861,0.79617,1413
Wylam,54.97654,-1.82187,1412
Fairlands,51.26178,-0.62141,1412
Torphins,57.10561,-2.62398,1410
Golspie,57.97266,-3.97798,1410
Errol,56.39234,-3.21275,1410
Wedmore,51.22727,-2.81152,1409
Cawood,53.83303,-1.12962,1409
Thorner,53.86093,-1.42676,1408
Hackleton,52.18798,-0.82312,1408
Byram,53.72394,-1.26128,1406
Lower Broadheath,52.21379,-2.27724,1406
Upper Basildon,51.48165,-1.14075,1405
Saint Boswells,55.57301,-2.64410,1400
Limekilns,56.03336,-3.47713,1400
Fortrose,57.58087,-4.13263,1400
Chirnside,55.80215,-2.20927,1400
Ashton Keynes,51.64521,-1.93232,1400
Backworth,55.04229,-1.52779,1399
Goosnargh,53.82200,-2.67017,1398
Chicksands,52.04585,-0.36390,1396
Thorpe le Soken,51.85603,1.16580,1394
Castor,52.57319,-0.34603,1393
Cherry Burton,53.86667,-0.50000,1392
Houghton,52.33282,-0.12068,1391
Evanton,57.66385,-4.34004,1390
Dalmellington,55.32419,-4.40200,1390
Muirhead,55.89803,-4.10580,1390
Croy,55.96064,-4.03932,1390
Wingrave,51.86494,-0.74244,1389
Stoke Ferry,52.57051,0.51320,1389
Honeybourne,52.09513,-1.83129,1388
Capel le Ferne,51.10339,1.21165,1386
Staveley,54.37661,-2.81791,1384
Burley,50.82800,-1.69977,1384
Sundridge,51.27797,0.12231,1383
Longhoughton,55.43131,-1.61691,1383
Heighington,54.59594,-1.61791,1383
Claypole,53.03144,-0.73407,1382
Sandbank,55.98203,-4.94973,1380
Deiniolen,53.14819,-4.13185,1379
Churchill,51.34291,-2.78338,1378
Grundisburgh,52.11222,1.24618,1375
Caythorpe,53.01667,-0.60000,1374
Aston,51.72501,-1.50805,1374
Wrea Green,53.77651,-2.91573,1373
Nefyn,52.93538,-4.52250,1373
Nether Stowey,51.15101,-3.15676,1373
Fintona,54.50000,-7.31667,1373
Modbury,50.34957,-3.88684,1372
Garvagh,54.98333,-6.66667,1372
Cranwell,53.03681,-0.46176,1372
Langham,52.69152,-0.75385,1371
Sutterton,52.90269,-0.09235,1368
Flockton,53.63034,-1.63945,1368
Princetown,50.54393,-3.98855,1366
Charminster,50.73333,-2.45000,1366
Wychbold,52.29045,-2.11555,1366
Yalding,51.22387,0.42920,1365
Ballinamallard,54.40000,-7.58333,1365
Ranskill,53.38281,-1.01402,1362
Blaengwynfi,51.65623,-3.60371,1362
Winchelsea Beach,50.91691,0.72158,1362
Dunkeswell,50.86301,-3.22289,1361
Treuddyn,53.11480,-3.12003,1360
Slamannan,55.93729,-3.83311,1360
Romsley,52.41996,-2.05695,1360
Beauly,57.48345,-4.46144,1360
Bodle Street,50.91299,0.34332,1359
Church Fenton,53.82626,-1.21890,1357
Brigstock,52.45775,-0.60834,1357
Corfe Castle,50.63947,-2.05672,1355
Charmouth,50.73889,-2.90055,1352
Shadwell,53.85460,-1.47260,1352
Little Hallingbury,51.83324,0.18151,1352
Hurst,51.45791,-0.85196,1351
Abbots Bromley,52.81705,-1.87694,1351
Sproatley,53.79379,-0.19130,1350
Macmerry,55.94045,-2.90503,1350
Bellsbank,55.31310,-4.39869,1350
North Cave,53.78012,-0.64965,1348
Stockton,52.27181,-1.36055,1347
Warkworth,55.35000,-1.61667,1346
Heath and Reach,51.94517,-0.65697,1346
Harpole,52.24246,-0.98937,1344
Upchurch,51.37620,0.64789,1340
Moretonhampstead,50.66077,-3.76495,1339
Ripley,51.29907,-0.49164,1334
Garsington,51.71623,-1.16129,1333
Newtown St Boswells,55.57887,-2.66874,1330
Dunkeld,56.56550,-3.58559,1330
Seafield,55.87791,-3.58781,1330
Babworth,53.31799,-0.97583,1329
Silverdale,54.16667,-2.81667,1326
Marazion,50.12556,-5.47505,1326
Bacton,52.26667,1.01667,1324
Cefn Cribwr,51.53167,-3.65278,1324
Scissett,53.59000,-1.62369,1324
Appleton Thorn,53.35045,-2.54488,1324
Netheravon,51.23613,-1.79083,1321
Malpas,53.01667,-2.76667,1321
Rosehearty,57.69700,-2.11322,1320
Cottingham,52.50243,-0.75540,1320
Ardrishaig,56.01566,-5.44806,1320
Great Gransden,52.18546,-0.14574,1319
Northborough,52.65868,-0.29818,1318
Heddon on the Wall,54.99692,-1.79386,1318
Burwash,50.99755,0.38504,1317
Beer,50.70000,-3.10000,1317
North Duffield,53.82579,-0.96414,1317
Buxton,52.75255,1.29982,1316
Houghton Conquest,52.06178,-0.47756,1311
Staindrop,54.58102,-1.80708,1310
Bushmills,55.20493,-6.51918,1309
Tregarth,53.19012,-4.08780,1307
Ninfield,50.88641,0.42529,1307
Winkleigh,50.85581,-3.94300,1305
Flookburgh,54.17415,-2.97214,1305
Trimdon Grange,54.71414,-1.42611,1304
Bere Regis,50.75371,-2.21553,1304
Wingham,51.27168,1.21463,1303
Lavendon,52.17279,-0.66109,1303
Biddenden,51.11489,0.63819,1303
Sampford Peverell,50.91945,-3.38081,1302
Butterwick,52.98333,0.06667,1302
Cowfold,50.98945,-0.27243,1301
Arne,50.69272,-2.04030,1297
Wymeswold,52.80536,-1.11288,1296
Ancaster,52.98276,-0.53593,1294
Brandesburton,53.91110,-0.30122,1291
Kilcreggan,55.98460,-4.82100,1290
Brora,58.00989,-3.85182,1290
Boddam,57.47076,-1.78009,1290
Shadoxhurst,51.10797,0.81917,1287
Riseley,52.25213,-0.47928,1286
Glenariff,55.05000,-6.06667,1286
Cameley,51.31616,-2.56079,1286
Haughley,52.21907,0.96800,1285
Dalston,54.84207,-2.98459,1285
Clarborough,53.34549,-0.90382,1281
Millport,55.75348,-4.92559,1280
Byfield,52.17546,-1.24566,1277
West Horsley,51.26033,-0.45563,1276
Pirton,51.97120,-0.33394,1274
Belbroughton,52.39177,-2.11884,1272
Brent Knoll,51.25219,-2.95744,1271
Isle of North Uist,57.60581,-7.34024,1271
Portknockie,57.70248,-2.85989,1270
Bankfoot,56.50058,-3.51707,1270
Ratho Station,55.93670,-3.38890,1270
Borth,52.48887,-4.05039,1269
Aldbrough,53.82893,-0.11467,1269
Talgarth,51.99588,-3.23205,1268
Newton Ferrers,50.31467,-4.03920,1268
Maiden Newton,50.77909,-2.57226,1268
Orsett,51.51232,0.36753,1267
Coalburn,55.59295,-3.88637,1267
Abbotskerswell,50.50816,-3.61342,1267
Allanton,55.78333,-2.21667,1266
Blyth,53.37862,-1.06250,1265
Camber,50.93473,0.79848,1265
Shap,54.53149,-2.67551,1264
Springside,55.61514,-4.59062,1260
Rosneath,56.00985,-4.80151,1260
Waterfoot,55.76938,-4.28372,1260
Belford,55.60000,-1.83333,1258
Gronant,53.33669,-3.36031,1258
Great Waldingfield,52.05545,0.77436,1256
Wouldham,51.34986,0.45816,1253
Copplestone,50.81073,-3.74607,1253
Kingswood,51.62583,-2.36722,1252
Brixton,50.35000,-4.03333,1252
Kinloss,57.63494,-3.57012,1250
Fochriw,51.74003,-3.29861,1250
Carmunnock,55.79062,-4.23584,1250
Ardingly,51.04865,-0.07716,1250
Aberchirder,57.56012,-2.62856,1250
Millhouse Green,53.52490,-1.67163,1250
Hunwick,54.68791,-1.70539,1248
Haswell,54.78333,-1.41667,1248
Bratton,51.27056,-2.12444,1248
Letterston,51.92757,-4.99141,1245
Colsterworth,52.80660,-0.62056,1245
Low Bradley,53.93217,-1.99646,1244
Red Scar,53.78702,-2.64631,1244
Old Leake,53.03108,0.09873,1242
Horton Kirby,51.39481,0.24483,1241
Freuchie,56.24688,-3.15861,1240
East Whitburn,55.86855,-3.66295,1240
Crondall,51.23285,-0.86329,1239
Capel,51.14942,-0.32375,1239
East Hanney,51.63443,-1.39518,1238
Kislingbury,52.22976,-0.97914,1237
Kircubbin,54.48739,-5.53385,1237
Minster Lovell,51.79274,-1.54830,1236
Moy,54.45000,-6.66667,1234
Saint Monans,56.20651,-2.76821,1230
Rothes,57.52624,-3.20663,1230
Portglenone,54.87147,-6.47146,1230
Great Bardfield,51.94813,0.43645,1227
Cushendall,55.08033,-6.06291,1226
Chacewater,50.25675,-5.15757,1226
East Keswick,53.89430,-1.45221,1224
Rowde,51.36325,-2.03098,1223
Townhill,56.08910,-3.43889,1220
Inchture,56.44551,-3.16956,1220
Guilsfield,52.69634,-3.15712,1220
Cowbit,52.74523,-0.12978,1220
Logan,55.45466,-4.23514,1220
Hallow,52.22344,-2.25468,1219
Benbecula,57.44737,-7.34273,1219
Sutton Bonington,52.82144,-1.24969,1218
Burton on the Wolds,52.78574,-1.12988,1218
Sandwick,60.00000,-1.25000,1217
Eckington,52.06667,-2.11667,1217
Brooke,52.54175,1.37076,1215
Tregaron,52.21950,-3.93295,1213
St. Helens,50.69688,-1.11159,1213
Porlock,51.20889,-3.59556,1213
East Rainton,54.82513,-1.48036,1213
Stillington,54.60529,-1.42191,1210
Longforgan,56.45732,-3.11437,1210
Datchworth,51.85126,-0.15956,1210
Bilston,55.87030,-3.17814,1210
Reedham,52.56054,1.57122,1207
Perranwell,50.21333,-5.12053,1207
Polperro,50.33130,-4.52220,1206
Fowlmere,52.09343,0.07433,1206
Masham,54.22270,-1.65718,1205
Chilworth,50.96443,-1.41934,1204
Rock,50.54978,-4.90462,1203
Sherburn Hill,54.77270,-1.47985,1202
Caerwent,51.61120,-2.76865,1201
Port Bannatyne,55.85660,-5.06503,1200
Methven,56.41737,-3.57832,1200
Betws-y-Coed,53.09382,-3.80668,1200
Whitecraig,55.91937,-3.04231,1200
Frogmore,51.71802,-0.33485,1200
Tansley,53.13197,-1.51882,1197
Kilsby,52.33375,-1.17505,1196
Hockwold cum Wilton,52.46380,0.54614,1195
Burham,51.33243,0.47833,1195
Bunbury,53.11559,-2.65151,1195
Scarcroft,53.86667,-1.45000,1194
Flore,52.23647,-1.05726,1194
Warnham,51.09107,-0.34847,1193
Bishop Sutton,51.33444,-2.59472,1193
Stewartby,52.07044,-0.51490,1190
Cemaes Bay,53.41211,-4.45190,1187
Sherborne St John,51.29705,-1.11387,1186
Lidlington,52.04154,-0.55914,1185
Methley,53.72887,-1.40318,1184
Burford,51.80915,-1.63628,1184
Raglan,51.76500,-2.85331,1183
Latchingdon and Snoreham,51.67160,0.72578,1182
Darrington,53.67566,-1.26901,1182
Lower Halstow,51.37395,0.66819,1180
Lifton,50.64356,-4.28216,1180
Horsted Keynes,51.03659,-0.02798,1180
Findochty,57.69735,-2.90104,1180
Aberlady,56.00884,-2.85851,1180
Hoole,53.19980,-2.87689,1180
Allanton,55.79945,-3.83492,1180
Maryburgh,57.57420,-4.44178,1180
Burringham,53.57402,-0.73957,1179
Corse,51.95943,-2.30636,1178
Baslow,53.24811,-1.62246,1178
Burgh by Sands,54.92181,-3.05671,1176
Great Bedwyn,51.37950,-1.60151,1175
Middle Rasen,53.38722,-0.36202,1174
Whimple,50.76649,-3.35655,1173
Owston Ferry,53.49407,-0.78045,1172
Magheralin,54.46695,-6.25980,1172
Cawston,52.76667,1.16667,1172
Ashill,52.60435,0.78574,1172
Sutton on Trent,53.18437,-0.81091,1171
High Ongar,51.70953,0.26221,1171
Brenchley,51.15141,0.39825,1171
Shillingstone,50.89567,-2.24495,1170
Hillside,56.74483,-2.47400,1170
Annahilt,54.43333,-6.00000,1170
Spofforth,53.95427,-1.44848,1169
Boosbeck,54.54265,-0.98139,1168
Birdham,50.79606,-0.83067,1166
Winford,51.38333,-2.66111,1165
Westwood,51.33462,-2.27975,1162
Niton,50.58702,-1.28489,1162
Blyton,53.44384,-0.71753,1162
West Coker,50.91912,-2.68707,1161
Southery,52.52714,0.38783,1161
Bradfield,51.44914,-1.13082,1161
East Markham,53.25221,-0.89385,1160
Dunlop,55.71198,-4.53622,1160
Twechar,55.95415,-4.08219,1160
Maxwellheugh,55.59253,-2.42871,1160
High Halden,51.10331,0.71394,1159
Foulridge,53.87579,-2.16864,1159
Banham,52.45240,1.03683,1159
Witheridge,50.91743,-3.70351,1158
Puddletown,50.75000,-2.35000,1158
Lynton,51.22968,-3.84131,1157
Brighstone,50.64263,-1.39479,1157
Wenvoe,51.44776,-3.26369,1155
Wolvercote,51.78406,-1.29338,1154
Doagh,54.75000,-6.08333,1151
Bishop Middleham,54.67778,-1.48826,1151
Spratton,52.32447,-0.95386,1150
New Pitsligo,57.59019,-2.19535,1150
Westquarter,55.99142,-3.74016,1150
Standlake,51.72690,-1.42436,1149
Chew Magna,51.36611,-2.61028,1149
Slinfold,51.07209,-0.40658,1147
Lamberhurst,51.10050,0.38967,1147
Eastrington,53.76038,-0.79325,1147
High Legh,53.35139,-2.45380,1145
Longwick,51.73607,-0.85676,1143
Goudhurst,51.11314,0.45615,1142
Brill,51.81667,-1.05000,1141
Whitehills,57.67730,-2.57863,1140
Gosfield,51.93657,0.59197,1140
Wadworth,53.46726,-1.14261,1137
Eastchurch,51.40673,0.85766,1135
Llanerchymedd,53.33055,-4.37700,1133
Huntspill,51.20562,-2.98735,1133
Gainford,54.54718,-1.73601,1133
Skidby,53.78921,-0.46131,1132
Grovesend,51.68472,-4.03833,1131
Whiteparish,51.01041,-1.64855,1130
Tarbert,55.86277,-5.41622,1130
Herstmonceux,50.88958,0.32290,1130
Drumnadrochit,57.33438,-4.47989,1130
Stickney,53.08949,0.00545,1127
Felton,55.29768,-1.71143,1126
Mayfield,53.00000,-1.76667,1125
Chudleigh Knighton,50.58507,-3.63187,1125
North Elmham,52.74640,0.94611,1124
Long Whatton,52.80577,-1.28506,1124
Plumpton Green,50.93420,-0.06120,1123
Blindley Heath,51.19344,-0.05116,1123
Upper Cumberworth,53.57478,-1.69297,1122
Beaumaris,53.26315,-4.09233,1121
Groombridge,51.11543,0.18295,1120
Sywell,52.29856,-0.79728,1117
North Newbald,53.81667,-0.61667,1115
Landrake,50.42265,-4.29023,1115
Curdworth,52.53382,-1.73687,1115
Rillington,54.15779,-0.69494,1114
Child Okeford,50.91370,-2.23679,1114
Barham,51.20570,1.15734,1114
Dove Holes,53.29828,-1.88775,1113
Milverton,51.02333,-3.25222,1112
Bedlinog,51.70432,-3.31306,1112
Kippen,56.12673,-4.17083,1110
Falkland,56.25255,-3.20389,1110
Ardersier,57.56681,-4.03784,1110
Pimperne,50.88374,-2.13620,1109
Fivemiletown,54.38333,-7.30000,1109
Eastington,51.74722,-2.32639,1108
Stoke Gabriel,50.40328,-3.62111,1107
Pencader,52.00080,-4.26575,1107
Acomb,54.99229,-2.11229,1106
Eight Ash Green,51.89587,0.82280,1106
Yetminster,50.89579,-2.57959,1105
Llanfyllin,52.76570,-3.27187,1105
Huntley,51.87172,-2.40137,1105
Alston,54.80900,-2.43931,1105
Blockley,52.01220,-1.76268,1104
Kimbolton,52.29704,-0.38916,1103
Chatburn,53.89228,-2.35495,1102
Weobley,52.15960,-2.87500,1101
Brinklow,52.41091,-1.36400,1101
Scalloway,60.13832,-1.27690,1100
Saline,56.11399,-3.57034,1100
Newtonmore,57.06567,-4.12097,1100
Hellaby,53.42257,-1.24125,1100
Flimwell,51.05502,0.44531,1100
Cold Norton,51.67209,0.66997,1099
Horning,52.70460,1.46294,1098
Great Amwell,51.79014,-0.01669,1098
Beckingham,53.40000,-0.83333,1098
Churt,51.13603,-0.77534,1098
Blackheath Westcombe,51.47471,0.01669,1098
Glyncorrwg,51.67944,-3.62806,1096
Dickleburgh,52.39650,1.18498,1096
Bow,50.80000,-3.81667,1095
Narborough,52.68333,0.58333,1094
Holmwood,51.18049,-0.32176,1094
Tingewick,51.99031,-1.04804,1093
Wilmcote,52.22081,-1.76528,1092
Marchwiel,53.02390,-2.96106,1092
Longhope,51.86667,-2.45000,1092
Limpley Stoke,51.34487,-2.31409,1092
Wivelsfield Green,50.96313,-0.07133,1091
Dunloy,55.01100,-6.41087,1091
Holbrook,51.98340,1.15854,1090
Great Hanwood,52.68333,-2.81667,1090
Dundrum,54.25750,-5.84455,1090
Balintore,57.75533,-3.91204,1090
Stradbroke,52.31819,1.27278,1089
Glenavy,54.59231,-6.21371,1089
South Wingfield,53.09593,-1.43998,1088
South Harting,50.96924,-0.88388,1087
Shipham,51.31428,-2.80010,1087
Talysarn,53.05365,-4.25767,1086
Llanilar,52.35657,-4.02574,1085
Fishtoft,52.96095,0.02702,1085
Adlington,53.32042,-2.13658,1081
Ochiltree,55.45981,-4.36782,1080
Edgmond,52.77400,-2.40967,1080
Elswick,53.83836,-2.88147,1079
Morchard Bishop,50.85416,-3.74894,1078
Beeford,53.96999,-0.28913,1078
Barra,56.98035,-7.45731,1078
Thurlton,52.52881,1.55617,1077
Swarthmoor,54.18466,-3.11707,1076
Woodchurch,51.07605,0.77346,1074
Stallingborough,53.58675,-0.18489,1073
Gedney Hill,52.68434,-0.02008,1072
Full Sutton,53.98869,-0.86758,1072
Canewdon,51.61759,0.74458,1072
Bellaghy,54.80870,-6.51918,1072
Strathpeffer,57.58522,-4.54195,1070
North Queensferry,56.00899,-3.39134,1070
Fenwick,55.65823,-4.44342,1070
Bellingham,55.14464,-2.25383,1070
Overton,54.01528,-2.86065,1069
Sissinghurst,51.10905,0.56000,1068
North Thoresby,53.46651,-0.05575,1068
Hugh Town,49.91447,-6.31145,1068
Glazebury,53.47078,-2.49823,1068
Cottesmore,52.71384,-0.66330,1067
Long Clawson,52.83725,-0.92880,1066
Castle Hedingham,51.99015,0.59882,1063
Milborne St Andrew,50.77829,-2.28114,1062
Streatley,51.52316,-1.14910,1060
Saint Cyrus,56.77504,-2.41553,1060
Rothienorman,57.41145,-2.46455,1060
Chelford,53.27090,-2.28329,1058
Draycott,51.25615,-2.75116,1057
Uny Lelant,50.18298,-5.44047,1056
Llanfair Caereinion,52.64790,-3.32668,1055
Bildeston,52.10658,0.90916,1054
Hazlerigg,55.04135,-1.63912,1053
Hilton,52.27908,-0.11222,1052
Dulverton,51.04007,-3.55035,1052
Bodedern,53.29232,-4.50303,1051
Symington,55.55176,-4.55835,1050
Moulton Chapel,52.74668,-0.08274,1050
Great Horwood,51.97351,-0.88088,1049
Hyde Heath,51.69336,-0.65437,1047
Sutton Benger,51.50685,-2.08015,1045
Aughnacloy,54.41417,-6.97551,1045
Stanbridge,51.90864,-0.59815,1044
Welford,52.41706,-1.05871,1043
Ruyton-XI-Towns,52.79555,-2.90318,1040
Bempton,54.13036,-0.17853,1040
Coaltown of Balgonie,56.18474,-3.12578,1040
Ettington,52.13773,-1.60742,1039
Llangynidr,51.86730,-3.22762,1036
Orwell,52.13560,-0.01099,1035
Finchampstead,51.36149,-0.85728,1034
Moulton,52.25240,0.48288,1033
Horton,51.47315,-0.54245,1033
Betley,53.03439,-2.36865,1033
Bulphan,51.54612,0.36066,1032
Avening,51.68010,-2.16903,1031
Althorne,51.65722,0.76085,1031
Tolleshunt Knights,51.79869,0.77651,1030
Overstrand,52.91623,1.33900,1030
Lamlash,55.53358,-5.12956,1030
Greyabbey,54.53483,-5.56028,1030
Sharpness,51.71972,-2.47750,1029
Lydiard Millicent,51.57117,-1.86346,1029
Waddington,53.88977,-2.41459,1028
Scole,52.36706,1.15674,1028
Tintagel,50.66317,-4.75047,1028
Lower Brailes,52.05034,-1.54176,1027
Husbands Bosworth,52.45232,-1.05557,1027
Handcross,51.05383,-0.20076,1027
Charlton Marshall,50.83591,-2.14231,1026
Rode,51.28390,-2.28141,1025
Foulsham,52.78182,1.01049,1021
South Chailey,50.93831,-0.02105,1021
Halkirk,58.51227,-3.49155,1020
Chagford,50.67504,-3.83936,1020
Charlestown of Aberlour,57.47076,-3.22509,1020
Sheriff Hutton,54.08904,-1.00639,1019
Youlgreave,53.17399,-1.69044,1018
Leek Wootton,52.31782,-1.57933,1017
Chulmleigh,50.91289,-3.86938,1017
Burneside,54.35271,-2.76151,1017
Corby Glen,52.81262,-0.51817,1017
Olveston,51.58032,-2.57750,1015
Little Weighton,53.79021,-0.50679,1015
Easton on the Hill,52.62733,-0.50571,1015
Motcombe,51.02929,-2.21627,1014
Dedham,51.95892,0.99336,1014
Wilburton,52.35191,0.17673,1013
Newbridge,55.93333,-3.40000,1013
Scorton,54.39785,-1.61276,1012
Crofty,51.63448,-4.12937,1012
Kingskettle,56.26215,-3.11693,1010
Friockheim,56.63688,-2.66806,1010
Rhosneigr,53.23186,-4.51480,1008
Linton upon Ouse,54.04639,-1.24920,1008
Oakley,51.80406,-1.07261,1007
Lesbury,55.39832,-1.62830,1007
Great Paxton,52.26057,-0.22818,1007
Ewyas Harold,51.95358,-2.89325,1007
Deri,51.70812,-3.26312,1006
Kenton,50.63978,-3.47151,1005
Boxted,51.94878,0.91002,1004
Barkisland,53.67614,-1.91840,1004
Shaw,53.56667,-2.08333,1001
Rowley Regis,52.48292,-2.04376,1001
Northop,53.20692,-3.13277,1001
Heathfield,50.96718,0.25612,1001
Goring-by-Sea,50.81239,-0.42194,1001
Dovercourt,51.93649,1.27831,1001
Darlaston,52.56667,-2.03333,1001
Blagdon,51.32688,-2.71731,1001
Westcliff-on-Sea,51.54424,0.69179,1001
Waterloo,53.47454,-3.03017,1001
Hope Valley,53.34819,-1.74485,1001
Winteringham,53.68727,-0.59183,1000
Warmley,51.46004,-2.47811,1000
Tobermory,56.62198,-6.07231,1000
Tarves,57.37079,-2.22195,1000
North Kessock,57.50254,-4.24793,1000
Dubford,57.20553,-2.10105,1000
