lat,lng,conn
51.518499,-0.097009,96
51.518838,-0.092605,97
51.521743,-0.095400,98
51.513550,-0.076124,97
51.539116,0.088371,87
51.540492,0.076705,90
51.539920,0.070130,85
51.540474,0.083559,90
51.543126,0.080658,88
51.543056,0.073461,85
51.543113,0.146443,83
51.543511,0.139259,81
51.544398,0.155779,81
51.549427,0.152498,81
51.549142,0.146301,82
51.546542,0.151825,81
51.558401,0.120859,83
51.555923,0.124881,82
51.554571,0.116094,81
51.554043,0.121112,80
51.551195,0.120963,80
51.549492,0.117685,80
51.590696,0.141688,69
51.585162,0.129502,67
51.581115,0.134256,73
51.583541,0.137885,73
51.579747,0.143696,80
51.574839,0.133857,81
51.555006,0.163104,78
51.557622,0.172220,76
51.549495,0.162294,82
51.545720,0.166432,82
51.562848,0.180204,75
51.563007,0.173097,79
51.552432,0.178541,68
51.536386,0.097896,85
51.538256,0.116794,79
51.537285,0.106652,81
51.533585,0.100344,81
51.536165,0.090549,86
51.534884,0.111117,79
51.536207,0.120270,79
51.530193,0.086313,84
51.534473,0.086089,89
51.534624,0.082028,90
51.532087,0.093158,83
51.532704,0.143453,81
51.536452,0.132266,81
51.536009,0.125995,81
51.534046,0.136795,79
51.538400,0.127265,83
51.539450,0.135872,80
51.536359,0.142122,81
51.558093,0.156512,81
51.561967,0.158073,85
51.553645,0.151435,80
51.555779,0.145834,83
51.553611,0.156927,80
51.552725,0.144109,82
51.546294,0.105789,78
51.547115,0.100770,82
51.542721,0.088140,86
51.543092,0.100190,85
51.545002,0.092939,86
51.540090,0.100533,84
51.542274,0.111455,80
51.546838,0.114085,79
51.545876,0.121164,78
51.542905,0.127374,82
51.541071,0.120656,79
51.549475,0.125807,81
51.552471,0.132403,82
51.546469,0.137830,79
51.548294,0.131412,79
51.550287,0.138946,80
51.554367,0.137986,82
51.553531,0.128475,82
51.539819,0.145056,83
51.537920,0.150381,85
51.536739,0.146699,84
51.530241,0.150255,83
51.533815,0.155104,81
51.530776,0.160707,74
51.521343,0.154408,76
51.527372,0.108372,75
51.529309,0.102719,78
51.523298,0.115710,72
51.526147,0.135115,74
51.531573,0.116789,76
51.563930,0.128568,83
51.560955,0.127406,84
51.563263,0.133233,82
51.559018,0.138939,82
51.559022,0.144140,84
51.557312,0.133133,82
51.534782,0.164257,77
51.538876,0.168084,79
51.539759,0.153580,85
51.540421,0.159659,81
51.542913,0.176032,72
51.542867,0.167016,81
51.573098,0.145451,79
51.568628,0.144549,80
51.569476,0.137256,83
51.569706,0.133460,84
51.564159,0.148267,81
51.636290,-0.141475,79
51.634001,-0.146126,76
51.633008,-0.156941,75
51.630834,-0.150919,77
51.629999,-0.135997,80
51.632294,-0.141205,80
51.627142,-0.148089,72
51.625703,-0.137285,75
51.623084,-0.144278,75
51.619203,-0.144728,82
51.600946,-0.251477,80
51.606086,-0.260398,83
51.601251,-0.260163,83
51.601773,-0.264389,86
51.604530,-0.254053,81
51.597976,-0.257443,83
51.608829,-0.258563,82
51.607686,-0.252073,81
51.607860,-0.265373,82
51.568220,-0.202328,83
51.566853,-0.190766,83
51.564363,-0.200521,84
51.564266,-0.205478,82
51.559317,-0.201809,86
51.562795,-0.195925,86
51.559870,-0.215460,88
51.562528,-0.210421,85
51.558169,-0.208393,87
51.573915,-0.199233,86
51.572704,-0.205796,85
51.570013,-0.197971,87
51.589812,-0.249254,83
51.585072,-0.243345,79
51.601908,-0.243153,82
51.604808,-0.243069,80
51.604454,-0.247457,79
51.598849,-0.244713,83
51.600581,-0.148736,84
51.603583,-0.144713,82
51.617903,-0.151609,84
51.618583,-0.158448,79
51.612640,-0.144458,83
51.613546,-0.151866,85
51.611994,-0.158498,85
51.607620,-0.145302,78
51.606079,-0.153104,81
51.610144,-0.149831,80
51.653974,-0.159047,73
51.655781,-0.169663,77
51.648767,-0.156353,77
51.650049,-0.164358,79
51.645766,-0.163092,81
51.648480,-0.170518,82
51.641786,-0.150006,73
51.641605,-0.157403,80
51.642052,-0.165795,80
51.637748,-0.159920,78
51.595973,-0.179243,83
51.592603,-0.172553,86
51.595579,-0.165194,86
51.594708,-0.176483,83
51.589725,-0.170665,86
51.590770,-0.163722,88
51.588090,-0.161997,88
51.589519,-0.176466,83
51.601517,-0.166084,76
51.596144,-0.172014,84
51.622302,-0.273654,78
51.626160,-0.272472,74
51.630786,-0.285171,73
51.620811,-0.288357,79
51.618845,-0.284654,79
51.620380,-0.278735,79
51.616516,-0.272634,84
51.615114,-0.279672,85
51.610861,-0.274230,84
51.630742,-0.267206,65
51.597890,-0.196379,88
51.597283,-0.188437,85
51.595697,-0.214193,78
51.599659,-0.206276,75
51.595959,-0.204502,84
51.591785,-0.204622,82
51.594419,-0.196248,84
51.592306,-0.193434,82
51.602336,-0.201193,85
51.587198,-0.189444,80
51.575461,-0.177240,69
51.581667,-0.185317,79
51.585377,-0.169200,81
51.583778,-0.193885,83
51.589284,-0.182778,82
51.586306,-0.197443,85
51.578323,-0.193153,83
51.580745,-0.178802,73
51.573581,-0.190844,81
51.580496,-0.209086,87
51.579206,-0.200523,84
51.582973,-0.202872,84
51.577326,-0.205720,87
51.576201,-0.212520,86
51.574624,-0.208162,86
51.573183,-0.219126,82
51.568926,-0.213353,80
51.567525,-0.223269,82
51.565374,-0.213627,81
51.586129,-0.205195,81
51.610410,-0.266147,81
51.614493,-0.267011,79
51.633051,-0.253020,71
51.624248,-0.265795,72
51.622259,-0.268804,75
51.624438,-0.259001,75
51.619470,-0.260622,78
51.614391,-0.261150,79
51.615537,-0.254626,80
51.610673,-0.252258,82
51.584702,-0.213412,84
51.585542,-0.224839,87
51.588663,-0.211734,84
51.590782,-0.234078,80
51.597686,-0.230656,76
51.594464,-0.224067,79
51.592729,-0.216720,80
51.590706,-0.220208,87
51.591230,-0.228358,87
51.587335,-0.221440,87
51.657199,-0.185235,77
51.654440,-0.179961,78
51.654235,-0.208191,84
51.657426,-0.214473,76
51.654661,-0.197306,84
51.650303,-0.179152,83
51.649967,-0.185933,81
51.650923,-0.237028,63
51.663163,-0.199282,76
51.615806,-0.224787,72
51.609861,-0.235900,76
51.608616,-0.207140,80
51.614691,-0.239634,81
51.603631,-0.218206,76
51.604298,-0.233684,76
51.622965,-0.235085,73
51.620984,-0.246787,76
51.617743,-0.249858,81
51.624115,-0.157275,78
51.623567,-0.166796,77
51.641162,-0.172492,75
51.647127,-0.180909,84
51.643331,-0.183072,78
51.645075,-0.175468,80
51.638591,-0.177533,78
51.633939,-0.167006,77
51.631916,-0.171385,82
51.627869,-0.160463,78
51.620132,-0.186812,80
51.620846,-0.195792,74
51.618222,-0.182625,85
51.614018,-0.194859,78
51.632445,-0.212806,64
51.633762,-0.187364,75
51.628284,-0.173347,84
51.629558,-0.180488,79
51.624677,-0.189102,74
51.623596,-0.177793,83
51.645838,-0.209812,71
51.647904,-0.217316,70
51.643814,-0.213845,69
51.644551,-0.190273,77
51.644066,-0.196041,76
51.641708,-0.236451,62
51.643312,-0.204034,75
51.649277,-0.203262,80
51.649275,-0.198091,83
51.649733,-0.209860,79
51.600877,-0.188416,85
51.604561,-0.193566,85
51.599091,-0.181995,82
51.604188,-0.185866,86
51.613937,-0.178482,90
51.614907,-0.183010,86
51.611049,-0.188524,85
51.610546,-0.182453,88
51.608652,-0.194457,81
51.606275,-0.198163,81
51.573589,-0.241813,82
51.578163,-0.235075,83
51.575633,-0.227683,79
51.578360,-0.248265,81
51.584559,-0.235004,84
51.579454,-0.224325,85
51.581231,-0.218208,84
51.582388,-0.250303,79
51.580342,-0.239291,85
51.581248,-0.229662,86
51.607410,-0.164591,84
51.605030,-0.174229,83
51.607790,-0.179949,87
51.610792,-0.171812,85
51.602428,-0.178513,80
51.619714,-0.171068,83
51.619336,-0.177403,87
51.617104,-0.170894,84
51.614067,-0.174565,89
51.613975,-0.164545,84
51.462231,0.165044,77
51.462889,0.175679,70
51.462468,0.153708,80
51.457667,0.167531,78
51.454526,0.156379,82
51.458779,0.152782,83
51.450443,0.161551,77
51.485462,0.151563,78
51.482083,0.145638,78
51.483877,0.138923,76
51.498135,0.155677,75
51.490585,0.145923,78
51.488341,0.141550,76
51.487085,0.146789,78
51.438591,0.086162,73
51.451918,0.089518,74
51.449281,0.094328,74
51.446357,0.090309,73
51.447710,0.098834,77
51.441836,0.087403,74
51.442567,0.094777,73
51.445817,0.110325,75
51.448195,0.106045,78
51.444492,0.125572,72
51.446675,0.132311,75
51.443931,0.104309,75
51.443654,0.116782,71
51.448621,0.116221,77
51.468997,0.143316,77
51.470552,0.134777,78
51.467657,0.152393,77
51.466573,0.131942,82
51.467178,0.126714,79
51.465760,0.140061,81
51.472587,0.129581,77
51.457931,0.138724,86
51.453719,0.131216,78
51.454036,0.145670,83
51.451587,0.136158,80
51.449764,0.149434,74
51.460860,0.144912,83
51.461707,0.135943,85
51.471896,0.176841,76
51.468050,0.175291,71
51.470034,0.168260,76
51.467368,0.161244,77
51.466231,0.170411,71
51.474612,0.170065,77
51.474394,0.178581,77
51.458083,0.194509,72
51.450775,0.189057,78
51.456649,0.185786,77
51.456161,0.177133,81
51.446098,0.180026,74
51.461840,0.183317,72
51.429952,0.142214,66
51.428353,0.117876,73
51.419083,0.139318,62
51.421179,0.112036,79
51.418751,0.124514,70
51.417481,0.116149,78
51.433073,0.124984,74
51.458596,0.110624,82
51.457429,0.124023,81
51.452495,0.122674,74
51.452787,0.112191,76
51.462586,0.112597,85
51.462288,0.121219,83
51.461487,0.128935,83
51.465506,0.086868,77
51.462285,0.087375,77
51.470774,0.094066,76
51.466229,0.092300,78
51.467050,0.099243,81
51.466848,0.106701,82
51.483209,0.155191,75
51.479865,0.177294,81
51.484726,0.174449,77
51.488381,0.169593,77
51.483673,0.161255,77
51.478933,0.167010,78
51.494514,0.164351,77
51.457412,0.102124,80
51.457878,0.091962,77
51.455036,0.099082,77
51.457738,0.086335,77
51.452663,0.097178,77
51.462627,0.102391,86
51.460423,0.095945,82
51.493342,0.124646,82
51.484407,0.128015,77
51.489537,0.131616,79
51.478109,0.127031,75
51.479608,0.137569,76
51.476222,0.133357,74
51.495310,0.124765,81
51.433326,0.079260,74
51.430526,0.096748,80
51.434024,0.086966,73
51.429760,0.087259,76
51.426333,0.091682,76
51.420496,0.102084,79
51.477488,0.187674,75
51.476218,0.204714,69
51.474000,0.183148,76
51.468159,0.184468,75
51.465118,0.200639,71
51.465560,0.181600,73
51.473633,0.141023,74
51.476403,0.153492,75
51.476263,0.159573,78
51.474132,0.164087,81
51.472656,0.148384,74
51.472342,0.156944,76
51.477898,0.147582,75
51.437785,0.122961,74
51.437048,0.161472,64
51.437220,0.133630,72
51.441469,0.125234,73
51.440988,0.149964,78
51.441722,0.138023,74
51.445213,0.144476,77
51.475894,0.119889,75
51.473203,0.117730,75
51.471627,0.124285,76
51.469745,0.119892,78
51.470051,0.113210,80
51.465994,0.114581,82
51.466201,0.121424,79
51.427687,0.103699,83
51.430747,0.109924,78
51.425330,0.108707,81
51.440028,0.102738,76
51.436741,0.113337,75
51.435222,0.101908,84
51.436747,0.091604,74
51.492808,0.132374,80
51.493323,0.141587,79
51.501558,0.139688,80
51.509573,0.122868,73
51.510483,0.130950,66
51.505247,0.125659,76
51.500118,0.125489,82
51.537166,-0.292079,77
51.535832,-0.300656,81
51.543005,-0.296206,85
51.546044,-0.290838,84
51.542542,-0.305831,81
51.542475,-0.289372,81
51.540620,-0.284341,80
51.540226,-0.293873,82
51.568706,-0.269800,82
51.568071,-0.280653,85
51.568648,-0.274366,85
51.562134,-0.265821,84
51.580299,-0.283415,81
51.577816,-0.289329,82
51.574503,-0.282440,78
51.571988,-0.290787,84
51.544186,-0.229616,88
51.543556,-0.223816,87
51.544201,-0.206371,90
51.541839,-0.215051,87
51.540618,-0.223379,87
51.538520,-0.226037,88
51.546588,-0.216553,87
51.545874,-0.208973,88
51.563927,-0.226926,82
51.567992,-0.241703,79
51.567904,-0.235480,82
51.563060,-0.233722,82
51.560574,-0.240865,81
51.559427,-0.232501,80
51.551781,-0.225622,84
51.552478,-0.231375,83
51.552395,-0.247000,86
51.554456,-0.235346,83
51.548665,-0.248170,86
51.562106,-0.249802,85
51.559590,-0.247641,87
51.556729,-0.246175,86
51.554223,-0.241655,84
51.584292,-0.253029,83
51.584626,-0.258790,82
51.584433,-0.268744,85
51.588375,-0.256003,85
51.582500,-0.276886,84
51.580530,-0.260455,81
51.577078,-0.269166,79
51.587330,-0.263530,83
51.540198,-0.254146,88
51.542223,-0.245029,86
51.539805,-0.248420,88
51.537340,-0.249987,89
51.535493,-0.252266,88
51.546757,-0.251568,86
51.543526,-0.248992,86
51.543808,-0.253610,86
51.535238,-0.230858,88
51.532486,-0.229866,89
51.531735,-0.226505,89
51.538008,-0.242389,89
51.537216,-0.235761,87
51.534244,-0.238143,89
51.582381,-0.310694,84
51.581249,-0.301245,80
51.577588,-0.296388,82
51.577694,-0.307057,81
51.585647,-0.302775,83
51.583918,-0.283769,85
51.530300,-0.197149,93
51.543242,-0.201598,92
51.541954,-0.203866,91
51.539897,-0.200955,91
51.538588,-0.196568,93
51.537014,-0.199921,90
51.534783,-0.194285,94
51.533524,-0.199300,93
51.531963,-0.195355,93
51.558157,-0.219983,86
51.558386,-0.225922,83
51.555136,-0.224702,83
51.555410,-0.215144,89
51.554387,-0.218340,88
51.551473,-0.212569,87
51.551472,-0.220695,87
51.549745,-0.215866,87
51.548511,-0.207597,89
51.564754,-0.326224,76
51.567648,-0.318626,80
51.563017,-0.309826,83
51.562119,-0.319486,83
51.566145,-0.309336,79
51.560331,-0.325002,80
51.576505,-0.318854,84
51.570375,-0.313203,78
51.559703,-0.299767,84
51.559639,-0.294756,86
51.574386,-0.307966,79
51.571826,-0.299568,83
51.570143,-0.304060,81
51.568353,-0.295711,84
51.566455,-0.291596,86
51.564582,-0.301093,83
51.563346,-0.286611,88
51.530537,-0.221780,90
51.538269,-0.207760,90
51.536721,-0.218782,90
51.535453,-0.213805,89
51.534595,-0.204778,92
51.535231,-0.223732,89
51.532509,-0.222962,89
51.531497,-0.216200,92
51.594534,-0.269537,83
51.590860,-0.279234,83
51.590418,-0.267961,84
51.587381,-0.276890,87
51.597563,-0.268572,84
51.595530,-0.275842,81
51.594004,-0.283186,84
51.544581,-0.258284,83
51.547577,-0.262058,81
51.540002,-0.261308,85
51.553186,-0.259004,80
51.551164,-0.264689,77
51.550864,-0.258936,78
51.548155,-0.267195,77
51.545138,-0.269058,80
51.558167,-0.330949,80
51.556261,-0.311218,81
51.557669,-0.315206,84
51.555768,-0.323640,80
51.554742,-0.306062,83
51.552673,-0.317569,82
51.550533,-0.310450,83
51.559784,-0.305950,83
51.557589,-0.272895,83
51.556296,-0.289804,90
51.552652,-0.281149,87
51.550650,-0.275552,82
51.551403,-0.270155,76
51.546642,-0.281354,85
51.546958,-0.274489,82
51.567453,-0.254828,81
51.571540,-0.265168,79
51.573328,-0.255903,75
51.567617,-0.263432,82
51.561095,-0.261130,83
51.560914,-0.255478,84
51.557199,-0.255227,86
51.575207,-0.259278,77
51.549347,-0.291709,88
51.548113,-0.304536,82
51.544296,-0.300558,85
51.549535,-0.298814,87
51.554846,-0.301370,84
51.552251,-0.288196,89
51.549553,-0.231813,87
51.547296,-0.241546,87
51.548975,-0.227396,88
51.547611,-0.235702,89
51.550686,-0.237131,88
51.547759,-0.223706,90
51.541809,-0.235433,87
51.546221,-0.231808,88
51.408539,0.045969,71
51.406642,0.032280,80
51.402774,0.032237,79
51.401113,0.038875,78
51.402737,0.053535,68
51.396356,0.054987,71
51.396703,0.042507,75
51.392373,0.052791,74
51.410514,0.037302,72
51.300498,0.020186,54
51.305766,0.019795,49
51.320209,0.015648,56
51.313679,0.032473,64
51.323875,0.034823,65
51.310464,0.023307,54
51.384234,0.038494,75
51.387101,0.049327,73
51.386889,0.061244,71
51.381868,0.053769,67
51.376041,0.043265,72
51.358155,0.033923,64
51.365871,0.046076,69
51.391809,0.031587,79
51.390806,0.038765,78
51.395425,0.015812,82
51.395780,0.025282,82
51.414620,0.002192,75
51.410557,-0.000409,75
51.410841,0.007129,80
51.407899,0.014227,84
51.404147,0.009213,81
51.400603,0.024140,82
51.397266,0.033320,79
51.348277,0.120707,48
51.367219,0.087594,72
51.361854,0.084349,74
51.364772,0.090640,72
51.359728,0.098623,68
51.360293,0.113847,70
51.358523,0.091279,71
51.351906,0.093400,69
51.350241,0.103324,64
51.424124,0.079791,69
51.424321,0.069006,74
51.423089,0.061640,76
51.420035,0.071035,77
51.412031,0.088520,73
51.419476,0.047027,67
51.415557,0.059022,70
51.408000,0.071037,72
51.408401,0.059288,68
51.399209,0.088741,64
51.406478,-0.060009,84
51.406170,-0.045156,81
51.406386,-0.052879,82
51.408917,-0.047517,85
51.406748,-0.037510,85
51.402411,-0.057435,82
51.404090,-0.064392,83
51.402176,-0.049108,80
51.403584,-0.039922,83
51.400847,-0.043104,82
51.411023,-0.034348,83
51.418770,-0.028889,78
51.414668,-0.030968,80
51.412908,-0.020142,81
51.411178,-0.010032,75
51.408663,-0.026036,86
51.407661,-0.016465,81
51.404920,-0.010300,78
51.404364,-0.004489,77
51.420746,-0.025720,77
51.396759,0.115949,73
51.388023,0.140352,61
51.392189,0.120789,72
51.390399,0.108732,76
51.378150,0.124041,66
51.388366,0.119941,71
51.385446,0.108031,75
51.383951,0.115753,73
51.383024,0.100201,76
51.405841,0.127442,66
51.405569,0.107658,74
51.397292,0.106097,74
51.395231,0.097842,69
51.391238,0.093473,70
51.391453,0.101461,74
51.386892,0.093753,70
51.411449,0.108351,71
51.405593,0.095732,70
51.404183,0.100732,70
51.404698,0.113278,71
51.401042,0.106635,74
51.414977,-0.073564,84
51.416644,-0.064747,83
51.410169,-0.066543,85
51.407165,-0.068242,83
51.422813,-0.064246,83
51.417112,-0.077667,86
51.336118,0.032573,42
51.306263,0.065586,45
51.339573,0.074835,51
51.363329,0.069741,70
51.358289,0.056734,73
51.358318,0.073407,72
51.374920,0.066088,70
51.375988,0.083119,73
51.375382,0.076303,72
51.370520,0.058260,73
51.369152,0.075345,71
51.370017,0.083845,75
51.359445,0.006144,61
51.367195,-0.001720,69
51.366221,0.005683,65
51.390406,0.012580,75
51.386515,0.019824,73
51.386148,0.008410,72
51.375615,0.024915,75
51.380264,0.005090,73
51.378574,0.012074,75
51.373542,0.007666,75
51.384449,-0.032003,77
51.400797,-0.023839,83
51.402491,-0.034010,84
51.402810,-0.016956,79
51.398158,-0.030985,79
51.396680,-0.039456,81
51.391769,-0.021309,74
51.392558,-0.033607,76
51.391440,-0.041431,76
51.437440,0.035061,75
51.432975,0.045266,75
51.429567,0.050200,74
51.428599,0.041481,73
51.427045,0.049058,73
51.424211,0.054638,72
51.424909,0.045611,72
51.368472,0.119341,66
51.379710,0.114129,74
51.376399,0.104499,77
51.375908,0.119377,69
51.373506,0.096700,80
51.375412,0.109740,74
51.373573,0.116501,70
51.368986,0.105367,72
51.365702,0.099507,71
51.362662,0.107738,67
51.413613,-0.059053,84
51.413740,-0.040960,83
51.412593,-0.055774,87
51.413029,-0.050684,87
51.412745,-0.061335,84
51.408938,-0.055261,85
51.420002,-0.055080,86
51.421331,-0.050083,84
51.420338,-0.041317,83
51.416424,-0.049558,87
51.416479,-0.056695,87
51.394288,0.071245,75
51.383231,0.085336,71
51.384801,0.065560,76
51.387609,0.083010,74
51.386090,0.071096,77
51.379609,0.095537,77
51.381871,0.074987,76
51.377337,0.089200,74
51.392606,0.083382,70
51.424815,0.018695,77
51.419372,0.033218,64
51.419926,0.020295,80
51.415615,0.026223,80
51.414662,0.011848,79
51.412238,0.019551,81
51.411826,0.013407,80
51.408885,0.023781,82
51.392276,-0.007010,68
51.392813,0.005183,77
51.402185,-0.000725,76
51.398827,0.011140,80
51.397017,-0.009925,72
51.398539,0.003714,76
51.382827,-0.011407,74
51.388591,-0.002892,69
51.383892,0.000348,72
51.376970,-0.018342,80
51.380139,-0.006009,72
51.381375,-0.022137,78
51.375786,-0.003020,74
51.371387,-0.021766,73
51.369046,-0.012904,72
51.373519,-0.014080,78
51.546984,-0.167184,91
51.547290,-0.161840,93
51.545581,-0.170770,92
51.545208,-0.162885,92
51.543309,-0.164008,92
51.543171,-0.169248,92
51.549281,-0.168797,92
51.549464,-0.165052,93
51.520073,-0.131536,97
51.521877,-0.138671,98
51.524657,-0.124799,97
51.521000,-0.126235,96
51.542863,-0.141896,96
51.541718,-0.158868,93
51.542670,-0.148900,94
51.540971,-0.154612,93
51.538711,-0.156497,92
51.539734,-0.139096,97
51.539041,-0.148970,94
51.539191,-0.143781,97
51.545627,-0.138728,95
51.542911,-0.136750,95
51.542272,-0.128047,91
51.547100,-0.129961,94
51.547469,-0.136092,94
51.555171,-0.202467,86
51.553581,-0.209354,88
51.552457,-0.200224,88
51.552950,-0.193373,89
51.550728,-0.204892,88
51.549053,-0.201575,88
51.554643,-0.194917,88
51.555991,-0.191100,87
51.553630,-0.179194,90
51.553473,-0.184694,88
51.550618,-0.178515,91
51.548355,-0.173882,92
51.547182,-0.177206,94
51.559905,-0.191741,84
51.557903,-0.184641,85
51.554855,-0.154437,91
51.554570,-0.162238,93
51.554041,-0.157812,92
51.552419,-0.150299,92
51.552013,-0.155842,93
51.550668,-0.152334,92
51.551040,-0.160706,92
51.560000,-0.166753,89
51.558638,-0.172451,91
51.556575,-0.176440,93
51.555335,-0.170031,91
51.552345,-0.172622,92
51.552174,-0.166754,93
51.564408,-0.179129,87
51.547631,-0.152465,94
51.548404,-0.149337,93
51.546922,-0.155432,93
51.548946,-0.157668,93
51.544474,-0.148960,95
51.545419,-0.152583,94
51.544312,-0.157091,94
51.563776,-0.142093,92
51.564113,-0.145419,90
51.561957,-0.149737,90
51.559179,-0.145929,91
51.558603,-0.142321,93
51.559589,-0.155794,92
51.568041,-0.158581,86
51.518368,-0.117068,97
51.521578,-0.119034,96
51.520743,-0.108995,97
51.519869,-0.110724,97
51.516579,-0.123104,97
51.515285,-0.127414,97
51.523123,-0.115196,96
51.553934,-0.139408,95
51.549111,-0.143042,95
51.552216,-0.138361,94
51.552182,-0.135026,94
51.550201,-0.136887,95
51.549735,-0.131820,94
51.546395,-0.143851,95
51.553818,-0.143501,94
51.537849,-0.187111,93
51.537193,-0.190379,94
51.543591,-0.197873,93
51.543150,-0.194091,93
51.540244,-0.192178,94
51.539940,-0.182025,92
51.540210,-0.185883,92
51.525312,-0.121093,97
51.529360,-0.118684,97
51.528872,-0.121665,97
51.527661,-0.123284,98
51.527940,-0.126752,98
51.526133,-0.126812,97
51.527360,-0.142604,96
51.529104,-0.145935,96
51.534565,-0.139775,98
51.535287,-0.146221,96
51.530834,-0.142561,94
51.528977,-0.142111,96
51.533881,-0.134905,97
51.532076,-0.136069,97
51.531009,-0.133353,97
51.529931,-0.128874,98
51.541276,-0.133790,92
51.537718,-0.133253,95
51.536567,-0.137589,96
51.544965,-0.179844,93
51.541687,-0.177639,94
51.542973,-0.182795,92
51.541093,-0.173339,94
51.545720,-0.185382,90
51.543173,-0.190136,92
51.542415,-0.186287,89
51.539266,-0.165333,90
51.544634,-0.193334,92
51.551251,-0.189173,90
51.550296,-0.193821,89
51.550570,-0.196867,88
51.548939,-0.184824,90
51.546911,-0.191945,90
51.547428,-0.199075,88
51.377156,-0.089252,89
51.381180,-0.088208,88
51.377700,-0.076085,83
51.377016,-0.079943,84
51.377443,-0.084256,86
51.386274,-0.081913,80
51.384462,-0.075353,83
51.383716,-0.081195,82
51.381144,-0.076495,84
51.381725,-0.083519,85
51.379869,-0.060493,79
51.377585,-0.070637,81
51.380250,-0.066229,81
51.389326,-0.046439,73
51.388627,-0.059727,80
51.384677,-0.048910,71
51.385266,-0.060484,79
51.382787,-0.069611,84
51.402376,-0.110332,81
51.400097,-0.115131,84
51.399437,-0.109257,82
51.397632,-0.107452,82
51.399595,-0.104526,84
51.397127,-0.112005,83
51.397035,-0.101311,85
51.394833,-0.096906,85
51.394346,-0.106845,82
51.393747,-0.101723,82
51.391297,-0.104709,83
51.383942,-0.111686,87
51.383168,-0.124975,78
51.387247,-0.127917,78
51.383262,-0.118336,83
51.384834,-0.114179,84
51.378322,-0.119683,84
51.382181,-0.109434,89
51.382244,-0.102640,90
51.379371,-0.105938,90
51.314115,-0.132367,70
51.318575,-0.125252,71
51.305134,-0.139170,58
51.308371,-0.114247,64
51.310163,-0.127809,67
51.304771,-0.120441,69
51.296513,-0.122688,64
51.299310,-0.106824,60
51.320010,-0.137476,78
51.320571,-0.146256,75
51.320388,-0.154302,67
51.316922,-0.156086,68
51.309921,-0.150063,67
51.332798,-0.140487,66
51.335660,-0.125092,76
51.329534,-0.131178,72
51.325285,-0.141528,75
51.348787,-0.082396,67
51.349930,-0.101486,79
51.350795,-0.092681,77
51.364100,-0.089612,83
51.359445,-0.079917,76
51.360131,-0.095945,85
51.360415,-0.089754,79
51.354426,-0.087075,75
51.356376,-0.095667,81
51.353862,-0.100116,81
51.371875,-0.103312,90
51.368526,-0.086524,80
51.372229,-0.082911,83
51.365911,-0.095638,88
51.369161,-0.073143,76
51.373955,-0.084693,86
51.356925,-0.022435,67
51.358426,-0.017798,64
51.349609,-0.013265,66
51.353447,-0.023512,71
51.354386,-0.014678,66
51.350700,-0.015770,67
51.349291,-0.020586,70
51.346726,-0.038248,67
51.346283,-0.044565,71
51.340780,-0.027985,58
51.350728,-0.048142,73
51.371049,-0.058653,75
51.371987,-0.047154,78
51.360966,-0.044758,68
51.353820,-0.030224,71
51.349240,-0.052416,72
51.325131,-0.119042,66
51.321098,-0.096833,59
51.324534,-0.109422,63
51.318277,-0.111897,64
51.315234,-0.087571,61
51.310451,-0.098996,54
51.332715,-0.117057,73
51.328849,-0.123391,73
51.325898,-0.102658,69
51.340577,-0.010082,69
51.344988,-0.015141,69
51.343780,-0.020808,70
51.339733,-0.003618,65
51.338483,-0.014017,68
51.333982,-0.004282,65
51.347274,-0.008058,66
51.414084,-0.116597,79
51.418892,-0.112311,78
51.411756,-0.124920,84
51.404404,-0.115795,81
51.409037,-0.117739,83
51.405684,-0.129275,80
51.408354,-0.126269,82
51.406128,-0.122611,82
51.402435,-0.123632,79
51.343385,-0.120704,76
51.344441,-0.110175,78
51.339803,-0.134058,67
51.344308,-0.103991,78
51.340588,-0.102790,70
51.338121,-0.114564,79
51.335020,-0.105480,67
51.330830,-0.107859,73
51.346342,-0.097110,75
51.334561,-0.089090,65
51.335593,-0.076982,73
51.329587,-0.072527,68
51.327424,-0.089582,66
51.324764,-0.067293,67
51.321275,-0.063503,67
51.342220,-0.091611,69
51.340794,-0.081010,67
51.386799,-0.088647,86
51.383370,-0.097874,88
51.397116,-0.088616,86
51.393410,-0.082891,84
51.393328,-0.088800,86
51.391768,-0.093241,86
51.387927,-0.101713,86
51.388861,-0.096040,86
51.385451,-0.097033,88
51.339999,-0.047014,66
51.344976,-0.057779,74
51.333781,-0.058343,61
51.355932,-0.069547,65
51.351608,-0.060195,69
51.345748,-0.073193,65
51.344260,-0.063547,77
51.345271,-0.050731,72
51.369169,-0.034419,73
51.370298,-0.026330,73
51.371877,-0.038600,75
51.367122,-0.026804,69
51.387122,-0.040774,72
51.381102,-0.042947,73
51.376442,-0.040735,76
51.378226,-0.051516,74
51.375294,-0.030172,77
51.397379,-0.078111,89
51.413338,-0.084175,84
51.412163,-0.077387,81
51.402622,-0.083498,83
51.408138,-0.080703,80
51.404847,-0.073013,81
51.403832,-0.076518,84
51.402035,-0.068634,83
51.399951,-0.081427,86
51.399069,-0.071062,87
51.405983,-0.094007,81
51.405922,-0.103643,81
51.407724,-0.096014,80
51.406221,-0.089605,80
51.403411,-0.087916,82
51.402888,-0.103790,83
51.402094,-0.099469,84
51.402010,-0.094240,83
51.399309,-0.091268,86
51.397910,-0.096163,86
51.415261,-0.091124,82
51.413063,-0.106580,77
51.410524,-0.091285,82
51.416069,-0.099514,77
51.410694,-0.101577,79
51.408762,-0.110654,79
51.419616,-0.094138,82
51.421068,-0.101878,82
51.418520,-0.084930,87
51.371649,-0.114881,86
51.370724,-0.106398,88
51.366185,-0.117814,82
51.369045,-0.113963,85
51.362755,-0.110310,81
51.363145,-0.100890,86
51.362624,-0.105621,83
51.358916,-0.117283,81
51.353717,-0.109985,79
51.394203,-0.121844,81
51.393322,-0.110040,83
51.391508,-0.119026,81
51.390574,-0.127836,79
51.389764,-0.110472,85
51.389044,-0.117674,80
51.387221,-0.119812,81
51.387493,-0.112940,85
51.399240,-0.120402,82
51.395484,-0.114881,84
51.396603,-0.122751,80
51.387420,-0.069125,83
51.390732,-0.068321,84
51.387849,-0.076882,81
51.393524,-0.072277,86
51.390406,-0.062171,82
51.399155,-0.061000,82
51.395826,-0.070706,88
51.396718,-0.065438,85
51.390472,-0.075932,81
51.395457,-0.058151,84
51.519840,-0.273646,80
51.516997,-0.265848,85
51.514645,-0.277623,84
51.514218,-0.265892,85
51.514010,-0.269949,87
51.511384,-0.263250,87
51.511559,-0.267097,87
51.509145,-0.270662,91
51.507992,-0.265805,90
51.520754,-0.325146,81
51.516041,-0.328637,83
51.521673,-0.330252,79
51.515077,-0.323593,86
51.526699,-0.324369,79
51.527765,-0.313948,81
51.527944,-0.330063,80
51.524024,-0.311008,81
51.523061,-0.318675,82
51.514519,-0.377268,84
51.515788,-0.367359,81
51.512755,-0.374333,85
51.512342,-0.367731,83
51.520859,-0.363706,77
51.520404,-0.357696,78
51.517201,-0.361477,77
51.514214,-0.355424,78
51.520858,-0.301377,86
51.519287,-0.319110,83
51.517571,-0.303095,90
51.520058,-0.309076,85
51.517677,-0.314742,85
51.514990,-0.311792,87
51.502035,-0.299462,84
51.505990,-0.302599,86
51.503963,-0.287226,83
51.504120,-0.293803,79
51.501125,-0.304345,89
51.510849,-0.290624,86
51.513616,-0.294956,89
51.510307,-0.301384,88
51.507692,-0.296652,84
51.522990,-0.254795,79
51.517527,-0.252170,83
51.511764,-0.255842,83
51.512651,-0.258707,82
51.510643,-0.249115,84
51.507274,-0.255450,85
51.506011,-0.248542,87
51.530089,-0.257214,80
51.525401,-0.273317,79
51.499372,-0.333165,85
51.511699,-0.322504,90
51.510297,-0.329518,88
51.510263,-0.338679,88
51.507589,-0.335514,88
51.503786,-0.335986,84
51.505594,-0.340792,83
51.505333,-0.329639,86
51.533394,-0.377092,79
51.531960,-0.366055,80
51.529495,-0.360701,83
51.529877,-0.347874,82
51.526447,-0.353459,85
51.535961,-0.367833,78
51.538123,-0.372984,77
51.535470,-0.360488,76
51.541034,-0.357634,72
51.539835,-0.339052,78
51.535849,-0.349586,81
51.534460,-0.353922,79
51.550569,-0.342207,80
51.548002,-0.353943,74
51.549865,-0.348639,78
51.542919,-0.348015,76
51.520205,-0.287419,83
51.519736,-0.283145,83
51.519006,-0.294721,87
51.534888,-0.284607,76
51.531049,-0.295855,80
51.527519,-0.288445,81
51.527997,-0.301940,76
51.524481,-0.296600,81
51.526815,-0.306736,82
51.524524,-0.334776,79
51.525513,-0.340521,83
51.521938,-0.346547,80
51.520572,-0.339042,83
51.518675,-0.333317,81
51.520586,-0.343799,79
51.516578,-0.337878,85
51.514711,-0.333833,84
51.513835,-0.343733,85
51.527684,-0.366842,79
51.525541,-0.360513,80
51.524971,-0.366991,79
51.525408,-0.374277,79
51.523544,-0.370487,78
51.521029,-0.369438,79
51.518861,-0.378141,80
51.518011,-0.372236,81
51.499286,-0.324553,84
51.497859,-0.310483,89
51.496970,-0.304016,88
51.496689,-0.316265,88
51.500665,-0.310948,89
51.494223,-0.309929,86
51.502944,-0.325756,86
51.500851,-0.319524,87
51.547772,-0.335322,78
51.546178,-0.320846,78
51.556244,-0.349987,76
51.555965,-0.356561,81
51.555374,-0.343290,75
51.554461,-0.334650,81
51.552474,-0.325144,77
51.550429,-0.328786,76
51.551980,-0.357746,79
51.553722,-0.362274,81
51.552096,-0.375226,78
51.552049,-0.366623,79
51.549009,-0.360896,76
51.548686,-0.385449,72
51.546163,-0.377917,77
51.545135,-0.365364,78
51.544806,-0.372161,80
51.539808,-0.379157,78
51.537945,-0.407432,73
51.543464,-0.389709,78
51.538207,-0.395450,78
51.537454,-0.388597,80
51.535886,-0.398484,77
51.533849,-0.385083,76
51.532715,-0.393592,79
51.531403,-0.382346,76
51.502621,-0.377215,84
51.500345,-0.371812,77
51.496871,-0.366144,72
51.495002,-0.373119,77
51.502689,-0.347919,78
51.506792,-0.366861,80
51.503131,-0.360979,74
51.506519,-0.352781,74
51.539011,-0.312364,76
51.541683,-0.309448,74
51.541048,-0.317781,70
51.538828,-0.325341,76
51.536231,-0.308464,78
51.536815,-0.334276,75
51.533240,-0.315088,76
51.533607,-0.326881,77
51.531376,-0.338300,77
51.512149,-0.282371,84
51.508165,-0.274531,92
51.509658,-0.285636,88
51.504764,-0.279030,90
51.507821,-0.281170,90
51.504586,-0.267155,89
51.504871,-0.272270,91
51.502529,-0.270189,89
51.500913,-0.274919,87
51.511912,-0.384697,83
51.509660,-0.380449,84
51.509055,-0.372812,86
51.506878,-0.383240,82
51.513572,-0.387341,82
51.514929,-0.382352,80
51.506937,-0.392272,80
51.502676,-0.393304,76
51.501867,-0.384073,84
51.500644,-0.391988,78
51.498936,-0.379635,83
51.499618,-0.398155,77
51.497129,-0.387338,80
51.497201,-0.382388,81
51.503487,-0.386828,81
51.499669,-0.267504,87
51.501659,-0.257168,87
51.502650,-0.263051,87
51.498236,-0.257898,87
51.499512,-0.261510,86
51.496516,-0.270354,87
51.504988,-0.257654,86
51.505594,-0.314017,88
51.505953,-0.324638,87
51.505179,-0.319533,89
51.502371,-0.315589,88
51.506826,-0.308418,89
51.509852,-0.311569,88
51.509425,-0.317735,89
51.508529,-0.323873,90
51.611148,-0.124167,83
51.610716,-0.113215,86
51.611597,-0.129532,82
51.610676,-0.118935,82
51.611091,-0.104941,86
51.610226,-0.096378,81
51.609211,-0.108156,88
51.613940,-0.097557,80
51.639405,-0.072231,81
51.635167,-0.073504,79
51.637638,-0.078870,79
51.639636,-0.065831,80
51.633929,-0.088546,81
51.631535,-0.080713,80
51.626327,-0.084842,76
51.644251,-0.075400,80
51.642467,-0.068848,82
51.669382,-0.067788,74
51.664686,-0.085591,81
51.662690,-0.060558,77
51.665269,-0.061320,73
51.664228,-0.080466,82
51.678825,-0.106733,62
51.668715,-0.084505,74
51.666879,-0.094468,80
51.653512,-0.148910,81
51.644964,-0.123704,77
51.667350,-0.150418,55
51.648679,-0.139804,79
51.648495,-0.130630,80
51.642299,-0.140237,77
51.639406,-0.137100,78
51.664899,-0.172790,59
51.625131,-0.067102,85
51.623021,-0.063576,86
51.617956,-0.067414,86
51.619858,-0.054158,82
51.616388,-0.043246,80
51.622109,-0.068389,84
51.623618,-0.058403,86
51.618763,-0.060944,86
51.616951,-0.055079,81
51.615337,-0.060213,85
51.663455,-0.031221,75
51.661309,-0.036196,76
51.662567,-0.040470,78
51.658124,-0.040020,78
51.656106,-0.023773,77
51.656995,-0.033996,77
51.659449,-0.045251,82
51.653924,-0.047822,83
51.666488,-0.038042,81
51.670154,-0.038839,82
51.678901,-0.030965,77
51.675666,-0.019503,76
51.673745,-0.035730,81
51.673133,-0.030314,79
51.670089,-0.033895,80
51.668899,-0.026098,77
51.648065,-0.079222,83
51.647255,-0.085516,79
51.641903,-0.089323,74
51.643755,-0.103243,74
51.642430,-0.099267,78
51.639710,-0.082530,79
51.637810,-0.095295,78
51.651614,-0.092565,81
51.615633,-0.076338,85
51.631774,-0.068233,79
51.627536,-0.063960,85
51.628374,-0.073659,82
51.628510,-0.067735,80
51.623979,-0.078351,80
51.622744,-0.073702,83
51.618939,-0.082629,81
51.618430,-0.074322,84
51.618420,-0.078080,82
51.666822,-0.105529,74
51.662294,-0.097280,78
51.658435,-0.115851,76
51.660110,-0.101893,76
51.656643,-0.092841,81
51.649500,-0.109310,73
51.654287,-0.099818,79
51.648698,-0.121472,75
51.638664,-0.047917,83
51.635862,-0.031036,82
51.637068,-0.060794,78
51.634583,-0.055393,84
51.635141,-0.065669,76
51.634599,-0.044285,81
51.633412,-0.048637,81
51.630102,-0.029001,79
51.640837,-0.056280,80
51.626684,-0.055234,85
51.623355,-0.049721,79
51.631132,-0.053078,84
51.631197,-0.061356,82
51.630191,-0.049040,81
51.629096,-0.058708,84
51.626792,-0.049828,82
51.624479,-0.097148,80
51.621758,-0.091696,79
51.621732,-0.102485,84
51.620518,-0.097113,79
51.620834,-0.087269,78
51.618822,-0.105445,86
51.617269,-0.092758,81
51.615277,-0.103890,82
51.615049,-0.110517,86
51.641089,-0.042792,84
51.642215,-0.051642,83
51.649239,-0.040404,82
51.649999,-0.047642,85
51.645786,-0.044960,86
51.645552,-0.050616,85
51.646146,-0.039827,83
51.647010,-0.058544,83
51.649880,-0.074341,84
51.653735,-0.057489,82
51.645513,-0.068939,82
51.644441,-0.063417,83
51.660612,-0.056502,77
51.660961,-0.050088,79
51.653560,-0.066696,82
51.634330,-0.121897,81
51.627678,-0.126255,82
51.645851,-0.113568,75
51.641083,-0.116185,75
51.639646,-0.127211,79
51.637927,-0.131776,80
51.637849,-0.117883,75
51.617738,-0.116905,83
51.612891,-0.137829,84
51.615644,-0.139283,85
51.614432,-0.129349,82
51.626091,-0.116609,78
51.623880,-0.121113,80
51.621644,-0.128360,77
51.618945,-0.134246,81
51.616917,-0.123492,79
51.655640,-0.085865,86
51.665684,-0.068916,76
51.661338,-0.068283,78
51.662546,-0.074333,80
51.661770,-0.090237,83
51.660292,-0.083119,83
51.658737,-0.077770,84
51.657540,-0.072010,79
51.654649,-0.076539,83
51.676709,-0.046756,74
51.676250,-0.040106,79
51.671813,-0.042526,80
51.671054,-0.048964,79
51.667590,-0.049217,79
51.664466,-0.050921,77
51.681138,-0.047112,73
51.680343,-0.037893,80
51.609837,-0.082951,81
51.610334,-0.067586,89
51.610429,-0.063022,87
51.612035,-0.091018,79
51.610008,-0.058609,82
51.613298,-0.064044,89
51.609973,-0.046031,81
51.613511,-0.085617,81
51.613759,-0.079987,81
51.625656,-0.103530,83
51.629980,-0.099932,82
51.624512,-0.109753,81
51.621309,-0.111572,82
51.637616,-0.103794,76
51.631433,-0.110644,77
51.633464,-0.099415,84
51.628542,-0.092790,81
51.488371,0.112093,81
51.487527,0.118171,81
51.486948,0.107721,82
51.481806,0.114974,79
51.498001,0.118212,81
51.495645,0.109662,81
51.494173,0.116047,83
51.491147,0.116579,83
51.491561,0.106462,80
51.475882,0.014816,86
51.479026,0.020703,87
51.468558,0.023982,80
51.472651,0.020977,82
51.466975,0.015183,84
51.482889,0.014144,85
51.480215,0.015074,85
51.480129,0.007620,85
51.482123,0.045560,83
51.486523,0.037704,82
51.484690,0.030447,84
51.483281,0.035366,83
51.482626,0.024352,85
51.478925,0.025600,86
51.480423,0.030850,85
51.479365,0.038025,84
51.428443,0.065805,72
51.437906,0.046936,77
51.437007,0.054792,76
51.433377,0.062112,72
51.436164,0.067164,77
51.433188,0.072172,73
51.431784,0.054667,73
51.427728,0.058829,75
51.457131,0.053766,85
51.460672,0.071165,73
51.460287,0.060513,79
51.460124,0.053753,83
51.455447,0.065436,83
51.453175,0.056660,87
51.464889,0.056548,79
51.463834,0.052072,80
51.449128,0.065992,85
51.453775,0.078468,76
51.445603,0.051434,85
51.442486,0.063572,80
51.443067,0.081534,75
51.439449,0.074756,78
51.454494,0.040271,83
51.455300,0.047001,86
51.462106,0.034525,80
51.462265,0.045755,80
51.458973,0.041302,81
51.489664,0.076992,87
51.489785,0.082512,86
51.485534,0.083744,86
51.483967,0.075402,85
51.486689,0.078299,86
51.482269,0.087092,83
51.483122,0.085845,85
51.482901,0.079266,85
51.470258,-0.016119,90
51.480505,-0.008294,92
51.475967,-0.000626,88
51.473336,-0.017523,91
51.468922,0.035993,78
51.472775,0.047037,77
51.470196,0.030210,80
51.468763,0.048039,77
51.465697,0.040476,76
51.477148,0.038131,81
51.474484,0.041693,79
51.474816,0.029900,83
51.445253,0.035255,76
51.444337,0.025904,72
51.444582,0.042700,79
51.462919,0.018628,81
51.460016,0.013892,83
51.456251,0.021610,80
51.451258,0.024989,79
51.447866,0.027546,76
51.449857,0.037941,79
51.483132,0.001982,89
51.485667,0.013286,86
51.489102,0.027107,85
51.479872,0.100285,78
51.479780,0.092564,81
51.491344,0.096941,85
51.488358,0.090024,86
51.488473,0.100806,82
51.485288,0.090871,86
51.485125,0.102928,83
51.484480,0.095972,83
51.474097,0.091468,76
51.472711,0.063165,76
51.472907,0.073804,76
51.478164,0.077062,81
51.467590,0.063888,77
51.479373,0.084063,82
51.468994,0.080481,75
51.476846,0.090926,80
51.476234,0.067012,81
51.493651,0.087874,79
51.507878,0.114416,77
51.505373,0.118952,78
51.505201,0.114178,80
51.502962,0.117638,80
51.500374,0.111982,80
51.487114,0.071842,88
51.487847,0.066939,90
51.483910,0.067425,87
51.479865,0.065567,84
51.484383,0.058103,86
51.483493,0.071058,87
51.476391,0.056053,80
51.479615,0.062488,82
51.480475,0.070163,84
51.480422,0.075292,83
51.488891,0.057258,88
51.486888,0.047794,84
51.488907,0.053146,87
51.493023,0.056754,88
51.568054,-0.093702,90
51.566747,-0.097161,90
51.566167,-0.099682,91
51.565236,-0.094378,86
51.563829,-0.101169,92
51.562288,-0.093453,91
51.562473,-0.096647,90
51.563265,-0.062404,89
51.564471,-0.067844,90
51.565243,-0.071346,93
51.568493,-0.068476,91
51.568669,-0.071340,92
51.567307,-0.064608,89
51.565295,-0.062576,89
51.548877,-0.043962,93
51.546812,-0.046023,95
51.545325,-0.051972,96
51.544163,-0.048324,95
51.551239,-0.042865,91
51.551044,-0.051614,94
51.548876,-0.049546,94
51.556379,-0.080722,92
51.557474,-0.087307,91
51.555492,-0.088411,91
51.554668,-0.085053,92
51.552997,-0.081667,93
51.560436,-0.080608,92
51.558941,-0.084137,92
51.544173,-0.069390,94
51.553185,-0.069756,94
51.552724,-0.065725,92
51.551068,-0.075373,96
51.545792,-0.066404,92
51.539827,-0.079087,95
51.542266,-0.082915,93
51.538567,-0.082300,94
51.534036,-0.080111,96
51.544637,-0.079257,95
51.552122,-0.057158,94
51.550058,-0.059650,94
51.550320,-0.065243,93
51.548068,-0.055630,95
51.547973,-0.064736,94
51.546016,-0.058886,94
51.544432,-0.060787,94
51.558821,-0.065389,91
51.556691,-0.064967,90
51.560607,-0.059759,90
51.561540,-0.063309,90
51.560787,-0.068355,91
51.557944,-0.058954,91
51.537729,-0.071820,94
51.536268,-0.074521,95
51.533105,-0.069639,96
51.534545,-0.065366,95
51.533529,-0.074643,96
51.531387,-0.076641,97
51.527826,-0.084025,97
51.533774,-0.085917,95
51.532059,-0.089382,96
51.531000,-0.081699,97
51.550456,-0.037901,89
51.555697,-0.028780,86
51.558806,-0.042123,86
51.555230,-0.037729,86
51.554852,-0.043334,88
51.553388,-0.033859,84
51.552930,-0.038813,87
51.559593,-0.053067,87
51.557601,-0.048031,89
51.556414,-0.052695,91
51.554020,-0.050640,92
51.553806,-0.046391,92
51.562348,-0.055509,88
51.569174,-0.077597,89
51.567881,-0.073940,91
51.565896,-0.081893,88
51.567564,-0.080129,89
51.564340,-0.088158,89
51.568006,-0.085537,88
51.564528,-0.076531,91
51.561610,-0.086348,93
51.574187,-0.079857,90
51.571954,-0.072466,93
51.573371,-0.075760,92
51.573834,-0.084560,90
51.571439,-0.082737,89
51.572475,-0.095324,91
51.574744,-0.070334,92
51.539175,-0.064568,93
51.541953,-0.064113,92
51.540742,-0.069766,93
51.537234,-0.068599,93
51.536791,-0.065157,94
51.565027,-0.058120,88
51.575229,-0.061901,85
51.571166,-0.061704,89
51.575022,-0.065774,89
51.571654,-0.067146,90
51.568591,-0.057852,86
51.566595,-0.054393,84
51.560740,-0.076777,93
51.557660,-0.076078,94
51.561225,-0.072906,93
51.557920,-0.071686,93
51.555530,-0.071393,93
51.554624,-0.076131,94
51.553266,-0.077489,94
51.537551,-0.045017,92
51.536201,-0.053499,93
51.542543,-0.051197,95
51.540687,-0.054327,95
51.540339,-0.048544,94
51.539877,-0.042177,91
51.538507,-0.053103,94
51.538231,-0.048669,93
51.542872,-0.044957,94
51.542680,-0.039231,91
51.548789,-0.024902,87
51.548322,-0.034589,90
51.546305,-0.037453,91
51.545219,-0.024663,88
51.545189,-0.041473,93
51.498920,-0.218372,93
51.502037,-0.216880,93
51.500388,-0.224598,93
51.501085,-0.220392,94
51.499232,-0.213579,92
51.498922,-0.222028,94
51.502855,-0.220859,94
51.501930,-0.236378,91
51.502795,-0.251859,86
51.505175,-0.240503,89
51.505625,-0.244504,88
51.504402,-0.234349,90
51.503966,-0.237886,89
51.503094,-0.240995,89
51.503215,-0.247180,87
51.495483,-0.210401,92
51.492094,-0.217452,93
51.493254,-0.207035,91
51.495895,-0.219899,93
51.492632,-0.205158,91
51.493006,-0.213621,92
51.491730,-0.209625,92
51.497710,-0.214537,92
51.515459,-0.245695,85
51.519104,-0.240278,85
51.527818,-0.239870,85
51.517913,-0.247804,82
51.482393,-0.207563,93
51.482372,-0.194669,92
51.482460,-0.200073,94
51.480940,-0.203153,94
51.484924,-0.196271,92
51.484748,-0.200733,93
51.483612,-0.204317,94
51.483729,-0.213646,92
51.483221,-0.217688,91
51.482834,-0.221995,89
51.488913,-0.217072,91
51.486339,-0.217439,90
51.485740,-0.222680,90
51.486406,-0.213012,91
51.489384,-0.227301,92
51.491435,-0.231596,94
51.499820,-0.230973,92
51.500107,-0.227397,93
51.497217,-0.229777,93
51.494091,-0.225113,94
51.494136,-0.230849,95
51.489918,-0.222552,91
51.478891,-0.207243,92
51.479654,-0.209882,92
51.481441,-0.212600,92
51.479189,-0.215069,90
51.476709,-0.212916,90
51.475297,-0.211566,91
51.473902,-0.210055,91
51.488499,-0.207827,91
51.486401,-0.205248,92
51.489115,-0.211464,92
51.489263,-0.202620,91
51.487158,-0.200605,93
51.485981,-0.208719,90
51.490012,-0.207157,92
51.471468,-0.213986,89
51.468224,-0.203363,89
51.480836,-0.220960,87
51.478533,-0.217998,88
51.476319,-0.219030,85
51.480243,-0.190712,95
51.478175,-0.191735,94
51.475348,-0.196893,93
51.476078,-0.189660,93
51.474747,-0.192788,92
51.472073,-0.196493,91
51.471032,-0.203866,91
51.499803,-0.248106,87
51.497803,-0.235712,92
51.496501,-0.233345,93
51.498245,-0.241718,90
51.494619,-0.242302,91
51.492249,-0.237708,91
51.491641,-0.243085,90
51.467711,-0.196716,88
51.471566,-0.189010,89
51.469660,-0.192830,90
51.467560,-0.189681,89
51.502659,-0.230184,92
51.504099,-0.227136,93
51.505119,-0.232106,91
51.506916,-0.222111,93
51.508166,-0.217341,93
51.508096,-0.232256,90
51.509291,-0.228134,91
51.477922,-0.198990,94
51.475184,-0.203054,93
51.476513,-0.207227,93
51.477351,-0.202330,94
51.473360,-0.204592,93
51.471620,-0.208571,92
51.479377,-0.199121,95
51.507997,-0.239959,88
51.511434,-0.237451,88
51.508545,-0.243207,86
51.512566,-0.230432,89
51.513751,-0.233556,88
51.511994,-0.244416,85
51.508167,-0.235930,89
51.511377,-0.232446,89
51.605461,-0.136200,80
51.601064,-0.138683,84
51.596159,-0.124852,85
51.600631,-0.129923,83
51.593726,-0.131907,83
51.595166,-0.137765,85
51.596718,-0.143489,86
51.604629,-0.115595,87
51.603913,-0.123700,84
51.602240,-0.115267,89
51.600277,-0.119821,88
51.607856,-0.130680,83
51.607140,-0.120962,85
51.607357,-0.114358,86
51.594174,-0.076358,88
51.596441,-0.077841,86
51.596972,-0.072455,90
51.592685,-0.071851,91
51.592254,-0.080669,85
51.590280,-0.074764,89
51.590855,-0.078514,87
51.589849,-0.082654,87
51.574896,-0.129849,88
51.577565,-0.129550,87
51.577275,-0.117781,87
51.577231,-0.138259,85
51.576866,-0.122206,88
51.580321,-0.131931,87
51.579953,-0.123128,89
51.591540,-0.148960,89
51.593064,-0.157086,86
51.588169,-0.152523,87
51.583862,-0.159247,83
51.599731,-0.156437,79
51.595721,-0.150253,85
51.593234,-0.144303,89
51.586491,-0.106726,89
51.582442,-0.100955,91
51.581448,-0.105675,89
51.578259,-0.102265,90
51.571934,-0.101920,90
51.587804,-0.104964,90
51.584827,-0.103349,89
51.574203,-0.140085,88
51.572699,-0.136694,88
51.575250,-0.145991,89
51.574265,-0.160689,83
51.571743,-0.143932,90
51.578522,-0.159326,85
51.580766,-0.149289,88
51.588567,-0.124825,86
51.586303,-0.116026,89
51.585035,-0.122440,88
51.583067,-0.113627,88
51.582658,-0.119017,89
51.590035,-0.122119,84
51.585272,-0.133911,86
51.589908,-0.137120,87
51.587892,-0.129174,84
51.588880,-0.145506,89
51.587226,-0.142916,86
51.584044,-0.126129,86
51.582937,-0.141192,82
51.593909,-0.105684,90
51.594257,-0.099960,87
51.596311,-0.096453,87
51.596012,-0.112418,92
51.591992,-0.112221,88
51.591433,-0.105120,91
51.597628,-0.100466,88
51.596009,-0.104033,89
51.605971,-0.067264,90
51.606004,-0.062372,87
51.604702,-0.051283,84
51.601365,-0.066395,90
51.603037,-0.058324,86
51.601009,-0.060255,86
51.601372,-0.071681,89
51.581000,-0.091696,88
51.584533,-0.091916,89
51.581375,-0.097688,91
51.582355,-0.084747,88
51.580550,-0.081182,89
51.578912,-0.096513,90
51.585111,-0.096578,90
51.584477,-0.087548,88
51.579525,-0.067794,89
51.579151,-0.072430,92
51.579841,-0.063646,87
51.577669,-0.077915,90
51.578731,-0.083111,90
51.576761,-0.071860,92
51.576173,-0.085633,90
51.577335,-0.091282,86
51.575416,-0.095770,89
51.580232,-0.110292,86
51.578421,-0.113888,87
51.575853,-0.107664,87
51.574056,-0.113946,88
51.572570,-0.108492,87
51.570586,-0.111307,90
51.568706,-0.107687,92
51.587875,-0.068602,91
51.587502,-0.081975,88
51.584895,-0.063981,91
51.586229,-0.075047,90
51.584928,-0.081343,88
51.584978,-0.068272,91
51.582205,-0.072026,92
51.583167,-0.077939,89
51.599028,-0.064418,88
51.599255,-0.054223,85
51.596484,-0.060499,87
51.595399,-0.067155,91
51.586479,-0.056774,86
51.595821,-0.063932,89
51.590731,-0.067673,92
51.596300,-0.083322,84
51.592707,-0.096479,87
51.590672,-0.091726,87
51.589936,-0.099955,90
51.590753,-0.086488,85
51.587790,-0.095629,90
51.596128,-0.091403,86
51.594316,-0.081072,83
51.607087,-0.093220,80
51.606092,-0.083920,84
51.605995,-0.077495,85
51.605068,-0.089423,83
51.601405,-0.081583,84
51.600294,-0.077013,86
51.602409,-0.088807,83
51.599459,-0.089108,85
51.598895,-0.114176,91
51.600786,-0.105482,89
51.600335,-0.094265,86
51.606953,-0.101862,86
51.604842,-0.107106,89
51.601411,-0.100651,87
51.603236,-0.097008,85
51.599513,-0.109137,91
51.602929,-0.322514,76
51.601937,-0.301427,76
51.602411,-0.311217,77
51.608756,-0.307928,74
51.603663,-0.305568,78
51.601974,-0.315176,78
51.622517,-0.299691,78
51.614795,-0.293450,74
51.630126,-0.314612,71
51.615134,-0.300836,76
51.612809,-0.286510,78
51.609237,-0.287692,83
51.607511,-0.279270,84
51.606276,-0.288294,80
51.603833,-0.284154,81
51.602980,-0.276251,83
51.601541,-0.271203,85
51.600029,-0.280675,82
51.598570,-0.274744,84
51.581850,-0.322728,85
51.583840,-0.339779,89
51.578806,-0.339129,90
51.585691,-0.332002,90
51.585424,-0.325121,84
51.570222,-0.343871,84
51.565218,-0.348260,83
51.566865,-0.334895,76
51.560818,-0.335348,82
51.573062,-0.352126,84
51.574368,-0.334285,85
51.570576,-0.355442,83
51.606145,-0.351658,80
51.606515,-0.345284,82
51.606019,-0.332113,78
51.608172,-0.339967,82
51.602401,-0.348308,81
51.618397,-0.350588,74
51.610892,-0.333819,75
51.613549,-0.377647,70
51.615444,-0.366860,67
51.609919,-0.359924,77
51.608176,-0.383118,70
51.607876,-0.368357,75
51.604572,-0.356296,81
51.604405,-0.377913,75
51.582315,-0.368392,81
51.595308,-0.367965,76
51.592458,-0.360281,77
51.586956,-0.364835,83
51.587053,-0.370636,78
51.585462,-0.352687,81
51.582237,-0.347793,84
51.586589,-0.359435,83
51.592213,-0.347998,81
51.589941,-0.352808,80
51.586906,-0.346144,83
51.587539,-0.286485,83
51.589365,-0.292800,82
51.591800,-0.297394,81
51.593584,-0.300024,80
51.590968,-0.288340,82
51.591915,-0.305527,78
51.588369,-0.298532,82
51.590415,-0.323830,77
51.589989,-0.316683,78
51.591772,-0.311793,80
51.588438,-0.306453,82
51.585708,-0.316042,83
51.598102,-0.317247,78
51.595110,-0.318217,78
51.592868,-0.336535,87
51.591744,-0.343104,84
51.587642,-0.336814,86
51.597147,-0.327695,83
51.596957,-0.324745,81
51.601141,-0.398949,77
51.598795,-0.394053,78
51.601392,-0.388627,75
51.598991,-0.380145,76
51.593998,-0.377610,81
51.609664,-0.394633,70
51.577205,-0.384148,76
51.593667,-0.390557,78
51.589083,-0.379539,81
51.589030,-0.388429,76
51.584319,-0.378109,78
51.583225,-0.386622,74
51.597581,-0.308447,77
51.597330,-0.283457,82
51.594967,-0.307930,79
51.599723,-0.288825,83
51.597443,-0.301660,79
51.596006,-0.292146,83
51.601434,-0.294309,80
51.571832,-0.372244,83
51.571929,-0.367564,83
51.566621,-0.379867,77
51.579437,-0.376485,78
51.577532,-0.372369,82
51.573183,-0.378024,80
51.567254,-0.364287,81
51.565478,-0.367986,83
51.562298,-0.378419,80
51.562467,-0.373842,80
51.566662,-0.373523,80
51.570298,-0.362898,81
51.562120,-0.360961,84
51.561745,-0.352548,86
51.560822,-0.368933,81
51.558912,-0.358180,84
51.557357,-0.367101,80
51.558308,-0.375403,79
51.555526,-0.373469,77
51.623714,-0.331136,69
51.619358,-0.315175,76
51.615272,-0.330042,72
51.613850,-0.319799,71
51.610600,-0.315090,74
51.609154,-0.324963,70
51.601158,-0.328114,79
51.602070,-0.341675,85
51.599207,-0.336046,87
51.599077,-0.345370,83
51.599712,-0.332041,84
51.596986,-0.340231,87
51.579002,-0.345680,85
51.579121,-0.354436,83
51.576587,-0.363304,80
51.576396,-0.347139,84
51.573158,-0.361260,81
51.581029,-0.362088,80
51.580893,0.174056,82
51.578611,0.167169,80
51.582209,0.170363,79
51.575544,0.160711,78
51.573146,0.168532,77
51.567634,0.170225,80
51.572811,0.153797,72
51.564583,0.163612,78
51.568500,0.280186,63
51.571690,0.254805,71
51.563746,0.263014,73
51.563818,0.241130,70
51.563919,0.271529,67
51.562545,0.252669,79
51.568042,0.268215,69
51.577928,0.271768,68
51.544930,0.186313,72
51.550390,0.195962,78
51.546858,0.195651,74
51.537173,0.206349,73
51.543572,0.198969,75
51.541090,0.210958,74
51.541221,0.190498,73
51.540012,0.196577,74
51.583263,0.234977,71
51.577493,0.241826,64
51.574774,0.223296,70
51.574950,0.231316,64
51.574612,0.207326,80
51.570192,0.239237,68
51.572379,0.214670,78
51.566995,0.228686,74
51.620626,0.227247,64
51.608926,0.249511,70
51.610526,0.224317,73
51.609841,0.235627,71
51.609097,0.216465,72
51.606564,0.231259,74
51.606542,0.220344,76
51.602674,0.238707,71
51.603707,0.220694,74
51.548488,0.218537,76
51.548413,0.208175,73
51.548794,0.203188,77
51.544968,0.214549,75
51.556077,0.232896,77
51.552826,0.223130,77
51.553732,0.215710,78
51.552490,0.231212,73
51.590259,0.241998,73
51.589158,0.225978,74
51.590832,0.257879,63
51.600447,0.225138,75
51.598360,0.239690,70
51.601229,0.230408,74
51.596262,0.230946,76
51.603665,0.168591,68
51.602344,0.162171,68
51.601493,0.176342,67
51.614621,0.187090,55
51.615652,0.155166,60
51.606690,0.172374,64
51.608160,0.166874,63
51.604569,0.154059,63
51.598871,0.206849,70
51.595534,0.215105,74
51.599417,0.201278,68
51.616208,0.213272,66
51.608605,0.206885,68
51.604310,0.212973,73
51.601644,0.208970,71
51.599613,0.216030,73
51.570594,0.202996,75
51.567505,0.209818,78
51.565178,0.191944,79
51.566964,0.198327,79
51.563560,0.203982,78
51.557502,0.190616,74
51.562116,0.187306,77
51.559127,0.199702,73
51.592195,0.155284,71
51.597147,0.161470,73
51.594306,0.165517,71
51.588887,0.166246,75
51.585437,0.163669,72
51.583443,0.155260,69
51.599500,0.153731,69
51.598187,0.170060,71
51.597076,0.179345,70
51.595804,0.188215,68
51.592490,0.169818,72
51.593655,0.176552,71
51.590102,0.198786,76
51.589313,0.173231,75
51.587867,0.183765,76
51.585610,0.176880,78
51.600796,0.183491,66
51.519577,0.201435,72
51.524068,0.206623,65
51.505599,0.206023,65
51.519505,0.194460,73
51.516214,0.197967,72
51.512723,0.204968,66
51.526713,0.226745,59
51.529302,0.213880,59
51.570613,0.185440,85
51.569963,0.192278,81
51.574113,0.196727,81
51.582332,0.183098,82
51.583648,0.196306,79
51.580762,0.198369,79
51.574740,0.178587,85
51.574240,0.189980,84
51.564435,0.224458,78
51.558811,0.226158,80
51.561757,0.217464,83
51.560670,0.232528,80
51.558078,0.209719,77
51.557660,0.216246,79
51.553399,0.200327,78
51.553592,0.206561,77
51.566724,0.216233,81
51.526204,0.171839,72
51.528250,0.178293,69
51.517531,0.176952,73
51.528293,0.184761,72
51.536432,0.194649,73
51.534255,0.188385,72
51.530358,0.198613,73
51.534516,0.181176,71
51.585873,0.208506,76
51.584378,0.219630,76
51.583658,0.226042,73
51.582020,0.205354,81
51.582421,0.213979,75
51.577935,0.214103,76
51.577606,0.201149,80
51.589070,0.212555,73
51.557503,0.259730,80
51.536950,0.256511,61
51.556062,0.245156,83
51.552126,0.265368,78
51.548033,0.250076,73
51.546387,0.240039,71
51.550828,0.242436,77
51.551833,0.301447,58
51.529931,-0.409209,72
51.529910,-0.401245,75
51.525328,-0.409341,75
51.524266,-0.402780,77
51.520059,-0.401892,80
51.522835,-0.417419,81
51.522383,-0.413937,77
51.521173,-0.408202,78
51.518222,-0.444511,76
51.522429,-0.431152,79
51.520387,-0.438090,76
51.518845,-0.434426,76
51.517667,-0.429136,77
51.512625,-0.434440,75
51.527069,-0.450130,77
51.525804,-0.444432,77
51.531069,-0.453971,79
51.525743,-0.474311,75
51.526288,-0.462452,74
51.520301,-0.478449,76
51.533183,-0.468652,78
51.564675,-0.399963,79
51.563819,-0.394923,78
51.575552,-0.402216,82
51.573539,-0.389464,75
51.573146,-0.394809,79
51.570577,-0.401531,78
51.567744,-0.391808,78
51.530701,-0.422761,73
51.529176,-0.433202,76
51.531323,-0.415927,74
51.534032,-0.428791,67
51.525868,-0.421110,78
51.526181,-0.426658,75
51.537482,-0.422300,66
51.535514,-0.436362,67
51.583891,-0.419890,72
51.579989,-0.393321,76
51.579582,-0.401380,80
51.583646,-0.404926,77
51.584161,-0.428072,74
51.577918,-0.414842,80
51.586851,-0.409616,75
51.585782,-0.396315,73
51.617961,-0.485997,47
51.606185,-0.484265,61
51.607457,-0.466362,58
51.587458,-0.469339,58
51.591679,-0.490057,57
51.482209,-0.421908,67
51.472700,-0.467004,58
51.498368,-0.466137,70
51.491499,-0.464661,67
51.486811,-0.448797,64
51.490004,-0.435273,73
51.483048,-0.437686,67
51.546820,-0.438556,70
51.545490,-0.447136,75
51.550235,-0.443950,74
51.541575,-0.444368,74
51.544386,-0.428580,69
51.532734,-0.442217,80
51.537305,-0.449238,76
51.533326,-0.447299,78
51.568802,-0.459105,69
51.569305,-0.450282,70
51.562498,-0.445404,78
51.566915,-0.473792,61
51.562630,-0.460140,63
51.557533,-0.451895,71
51.556276,-0.439940,73
51.564070,-0.414699,78
51.564966,-0.405956,78
51.567540,-0.423019,78
51.568321,-0.408114,82
51.568148,-0.413296,81
51.572446,-0.416015,85
51.573754,-0.408945,83
51.609198,-0.429523,76
51.601840,-0.443791,57
51.602007,-0.420372,76
51.614134,-0.444219,69
51.616333,-0.431186,70
51.613911,-0.419361,73
51.610153,-0.420633,78
51.593203,-0.418334,75
51.593653,-0.401723,71
51.592687,-0.408539,74
51.609351,-0.408429,75
51.601701,-0.404486,79
51.605729,-0.413197,79
51.600055,-0.411339,81
51.499697,-0.444785,71
51.502844,-0.435898,75
51.498976,-0.434667,77
51.499532,-0.424407,82
51.496537,-0.431358,78
51.495441,-0.419508,76
51.495621,-0.414193,76
51.495107,-0.424695,77
51.557639,-0.425848,74
51.559633,-0.407734,79
51.556468,-0.383511,78
51.556289,-0.397206,80
51.559518,-0.391975,80
51.548941,-0.405270,74
51.513508,-0.409387,81
51.514425,-0.416507,81
51.510785,-0.414509,83
51.513109,-0.400622,79
51.505876,-0.416549,84
51.506387,-0.405580,80
51.518918,-0.416199,82
51.538499,-0.461020,75
51.536264,-0.455772,77
51.553933,-0.469356,73
51.551235,-0.455276,73
51.550462,-0.480020,79
51.545183,-0.454718,71
51.529162,-0.479377,76
51.523781,-0.485788,73
51.539737,-0.489159,76
51.545167,-0.484743,82
51.540140,-0.483646,78
51.502551,-0.472829,75
51.503540,-0.460944,73
51.499382,-0.482342,70
51.500016,-0.457669,71
51.507655,-0.469052,79
51.496934,-0.472562,70
51.507705,-0.478991,74
51.586393,-0.446193,63
51.575249,-0.434216,77
51.573191,-0.424348,83
51.570622,-0.434387,70
51.568338,-0.440024,73
51.589140,-0.436527,66
51.580483,-0.434545,72
51.528937,-0.390530,75
51.527148,-0.382552,73
51.526865,-0.396636,78
51.525113,-0.393066,74
51.521138,-0.384414,69
51.521095,-0.391676,73
51.517606,-0.397534,76
51.515760,-0.390235,75
51.512500,-0.458615,78
51.520645,-0.451129,73
51.520369,-0.469600,75
51.520928,-0.461113,74
51.516311,-0.468997,79
51.517607,-0.463706,76
51.459508,-0.428354,68
51.455391,-0.425328,74
51.453480,-0.439569,69
51.453254,-0.432838,73
51.447024,-0.447956,66
51.450154,-0.427337,74
51.446571,-0.430062,71
51.497127,-0.292058,83
51.493547,-0.320331,85
51.492950,-0.303420,85
51.489756,-0.312873,86
51.487140,-0.304282,86
51.487506,-0.253170,86
51.492158,-0.252895,90
51.483784,-0.252623,80
51.476791,-0.258850,78
51.496729,-0.252345,88
51.495342,-0.247456,89
51.490522,-0.247795,89
51.484950,-0.271669,83
51.485819,-0.262914,83
51.481465,-0.264541,82
51.478589,-0.270365,77
51.489468,-0.283532,84
51.487561,-0.281195,83
51.485918,-0.276165,80
51.483565,-0.409493,73
51.480491,-0.413132,72
51.476726,-0.404059,73
51.474109,-0.409573,70
51.474181,-0.397825,74
51.471600,-0.400059,72
51.465994,-0.400776,70
51.452024,-0.419398,80
51.452481,-0.397501,70
51.462150,-0.413606,76
51.451790,-0.408727,81
51.454109,-0.402777,78
51.455053,-0.415271,79
51.442443,-0.428061,72
51.441901,-0.417153,83
51.445466,-0.418405,80
51.442423,-0.421399,77
51.435882,-0.434364,72
51.432901,-0.422425,71
51.448650,-0.420650,76
51.441361,-0.375461,73
51.437291,-0.379817,75
51.437011,-0.388046,75
51.441687,-0.384391,78
51.432147,-0.392385,75
51.432644,-0.384817,74
51.427033,-0.399925,72
51.446474,-0.395340,80
51.445688,-0.406233,85
51.444160,-0.391092,77
51.437796,-0.411988,80
51.438281,-0.399098,76
51.436305,-0.418339,80
51.433712,-0.404486,68
51.480429,-0.377410,78
51.481553,-0.383749,76
51.485504,-0.377512,80
51.476313,-0.375973,79
51.476602,-0.389519,76
51.476724,-0.383707,80
51.473136,-0.381576,80
51.492285,-0.378445,74
51.489359,-0.372064,78
51.486619,-0.368511,78
51.481528,-0.370256,81
51.475872,-0.368149,85
51.478389,-0.357454,83
51.493443,-0.382722,74
51.486646,-0.385041,76
51.487752,-0.403205,71
51.485458,-0.395576,73
51.479469,-0.397267,72
51.482658,-0.389847,72
51.495554,-0.403898,75
51.491076,-0.391549,74
51.475034,-0.354891,85
51.473831,-0.360597,87
51.472931,-0.364095,88
51.472462,-0.347439,86
51.466915,-0.357299,87
51.464063,-0.374521,83
51.462253,-0.379345,79
51.461831,-0.366141,85
51.456862,-0.387542,76
51.461105,-0.371465,80
51.458555,-0.373319,80
51.464672,-0.350258,78
51.461029,-0.346433,77
51.461677,-0.356565,81
51.458530,-0.347140,77
51.459175,-0.362811,82
51.470281,-0.341955,79
51.466387,-0.344830,80
51.469702,-0.385145,81
51.471358,-0.390406,79
51.470476,-0.372450,86
51.468213,-0.380759,84
51.464843,-0.385402,79
51.465397,-0.390494,76
51.469065,-0.323390,83
51.469531,-0.332174,83
51.467683,-0.337871,79
51.463272,-0.334088,80
51.461482,-0.327849,82
51.457655,-0.334952,82
51.459236,-0.334676,81
51.478764,-0.348969,80
51.479434,-0.335972,81
51.483734,-0.357726,78
51.474991,-0.342127,86
51.490386,-0.343748,80
51.483581,-0.325503,82
51.480213,-0.343243,82
51.474112,-0.327170,83
51.478633,-0.324054,84
51.478209,-0.314770,82
51.489776,-0.270332,85
51.488938,-0.256135,88
51.488909,-0.262488,86
51.497723,-0.279333,84
51.492527,-0.277027,86
51.492570,-0.259447,90
51.535676,-0.112910,96
51.533356,-0.111624,98
51.535316,-0.108029,97
51.533323,-0.115526,97
51.543469,-0.109840,95
51.540851,-0.108704,95
51.539043,-0.111686,94
51.526683,-0.090447,98
51.527810,-0.095747,97
51.526403,-0.099716,97
51.522850,-0.088710,98
51.524575,-0.094190,98
51.529699,-0.101645,97
51.542765,-0.121964,91
51.538359,-0.120535,95
51.536447,-0.118308,96
51.532719,-0.120122,97
51.543848,-0.114805,94
51.546261,-0.116581,93
51.540346,-0.115169,94
51.540339,-0.118236,94
51.545303,-0.087336,93
51.545958,-0.093642,92
51.542507,-0.086661,92
51.543950,-0.097153,95
51.543263,-0.092112,93
51.539823,-0.087996,91
51.540747,-0.091227,93
51.527685,-0.103748,97
51.522260,-0.105356,96
51.526559,-0.105559,97
51.525829,-0.110092,96
51.529936,-0.107421,97
51.530487,-0.114368,96
51.528502,-0.112695,96
51.559018,-0.114258,93
51.560472,-0.110035,90
51.561369,-0.120330,92
51.564200,-0.108518,92
51.566645,-0.110595,92
51.564257,-0.112693,91
51.563229,-0.115518,92
51.550907,-0.097842,92
51.551085,-0.105271,93
51.548184,-0.102790,94
51.559027,-0.093547,91
51.559034,-0.096838,92
51.556572,-0.093203,90
51.554528,-0.095823,91
51.553837,-0.102119,91
51.561263,-0.101513,90
51.561105,-0.105930,92
51.558242,-0.100106,92
51.556875,-0.111644,93
51.555690,-0.100553,92
51.566819,-0.127669,92
51.569568,-0.134851,91
51.573335,-0.124625,90
51.573194,-0.121110,89
51.572389,-0.130772,89
51.570877,-0.126368,91
51.569688,-0.131293,91
51.568394,-0.127490,92
51.552460,-0.119260,92
51.555364,-0.120419,93
51.550943,-0.124440,93
51.548798,-0.118806,93
51.547561,-0.124911,93
51.553563,-0.115572,92
51.558549,-0.137481,92
51.559904,-0.132392,91
51.566731,-0.137683,92
51.561966,-0.138830,93
51.566270,-0.131401,94
51.564985,-0.139664,94
51.563379,-0.130550,93
51.548231,-0.093657,92
51.547883,-0.086397,93
51.549291,-0.082359,94
51.547903,-0.079277,95
51.552172,-0.088918,93
51.549779,-0.088899,93
51.551345,-0.092592,92
51.551033,-0.082578,94
51.551227,-0.128330,93
51.553724,-0.131234,93
51.559790,-0.125605,91
51.557421,-0.122543,92
51.554240,-0.125674,91
51.556870,-0.128859,90
51.555916,-0.134315,92
51.543418,-0.104845,96
51.543686,-0.101077,96
51.540370,-0.104308,96
51.540171,-0.099075,96
51.537055,-0.104019,97
51.547062,-0.106987,95
51.546226,-0.110517,94
51.539494,-0.093917,95
51.536674,-0.091777,94
51.537866,-0.097099,95
51.535332,-0.096190,94
51.535436,-0.100958,97
51.533267,-0.098566,95
51.569020,-0.120584,90
51.568565,-0.114229,91
51.567945,-0.117155,89
51.565800,-0.122698,92
51.565220,-0.117906,91
51.564375,-0.125665,92
51.562685,-0.123077,92
51.571533,-0.118870,89
51.496107,-0.191180,91
51.497198,-0.194205,93
51.494852,-0.202605,92
51.494950,-0.196438,92
51.499479,-0.193838,93
51.497322,-0.198768,93
51.498863,-0.160162,93
51.497723,-0.167874,92
51.494946,-0.171596,94
51.492583,-0.170848,94
51.505834,-0.190757,94
51.503826,-0.197567,93
51.503355,-0.188931,94
51.508152,-0.192890,94
51.507252,-0.200679,94
51.517200,-0.201280,93
51.518164,-0.204265,94
51.516580,-0.208151,93
51.515024,-0.201977,93
51.514449,-0.205535,93
51.491830,-0.189057,93
51.493652,-0.181855,94
51.491857,-0.184492,93
51.490623,-0.181222,93
51.493681,-0.187538,92
51.481603,-0.175818,92
51.479352,-0.181019,91
51.480772,-0.179545,90
51.480092,-0.183394,92
51.484222,-0.170471,92
51.483779,-0.174229,93
51.489024,-0.196049,94
51.491192,-0.196104,93
51.491467,-0.199810,91
51.490830,-0.192229,94
51.493420,-0.192355,93
51.493200,-0.195956,93
51.526917,-0.219260,93
51.522692,-0.210875,94
51.522537,-0.204662,93
51.520865,-0.207333,93
51.519582,-0.209430,94
51.524671,-0.207937,93
51.492441,-0.166258,94
51.493372,-0.159215,95
51.494236,-0.164649,94
51.491030,-0.163859,94
51.491678,-0.168227,94
51.495925,-0.158910,93
51.500692,-0.204566,92
51.500468,-0.198782,94
51.501548,-0.211608,91
51.497889,-0.208136,92
51.504808,-0.206534,90
51.504310,-0.213442,93
51.511009,-0.216558,93
51.508274,-0.208037,93
51.509883,-0.212299,92
51.506552,-0.214461,93
51.514039,-0.209141,92
51.511463,-0.207989,92
51.518866,-0.222895,89
51.515753,-0.220088,91
51.517002,-0.213823,93
51.514735,-0.212381,93
51.514063,-0.216362,92
51.512903,-0.213667,92
51.512036,-0.203480,93
51.509827,-0.201033,94
51.510699,-0.196986,94
51.510804,-0.193872,93
51.513394,-0.197567,93
51.496425,-0.182907,92
51.495773,-0.186569,91
51.500683,-0.189767,93
51.498654,-0.187389,91
51.500349,-0.183344,90
51.497622,-0.181171,91
51.486052,-0.189943,92
51.488318,-0.191809,94
51.486607,-0.185415,92
51.483486,-0.188358,93
51.489804,-0.186085,93
51.486811,-0.166971,92
51.484541,-0.164958,90
51.486755,-0.157106,91
51.490806,-0.157926,95
51.488254,-0.163161,93
51.524562,-0.223492,87
51.522083,-0.215223,93
51.521952,-0.219211,91
51.523021,-0.225804,87
51.520956,-0.224314,89
51.518950,-0.214669,93
51.487947,-0.174150,93
51.485218,-0.177196,94
51.484416,-0.181284,93
51.481740,-0.184314,93
51.489287,-0.169730,94
51.385458,-0.272586,78
51.385661,-0.284216,80
51.387346,-0.277074,78
51.381018,-0.268315,79
51.378020,-0.273776,78
51.392011,-0.277211,77
51.393588,-0.298064,87
51.394016,-0.289913,81
51.390441,-0.295538,87
51.390797,-0.286217,78
51.387643,-0.293493,84
51.396631,-0.280893,78
51.399222,-0.270696,80
51.399759,-0.264052,85
51.406877,-0.252013,83
51.402159,-0.257834,87
51.401124,-0.249555,84
51.401707,-0.273402,82
51.416318,-0.294756,86
51.419849,-0.296825,84
51.415016,-0.287051,84
51.414364,-0.293630,86
51.419526,-0.290633,83
51.367863,-0.299258,76
51.365152,-0.306597,78
51.371363,-0.310174,74
51.367434,-0.302304,77
51.366180,-0.314604,72
51.366978,-0.289647,70
51.363201,-0.293705,72
51.359267,-0.291806,68
51.361061,-0.300623,75
51.344016,-0.317459,66
51.361256,-0.309983,73
51.353964,-0.302580,69
51.418861,-0.281807,79
51.420658,-0.267868,70
51.417733,-0.254946,72
51.414021,-0.281059,84
51.432200,-0.256077,69
51.428845,-0.264985,65
51.420791,-0.276205,77
51.404531,-0.266310,82
51.412972,-0.266888,74
51.410237,-0.275658,79
51.409326,-0.263169,78
51.406931,-0.270850,79
51.405267,-0.261065,84
51.406254,-0.298487,88
51.401817,-0.306321,88
51.401851,-0.288744,86
51.397507,-0.307955,86
51.409369,-0.303645,89
51.408182,-0.287342,85
51.406824,-0.282369,81
51.406963,-0.291446,85
51.410988,-0.291891,88
51.404224,-0.277306,82
51.411047,-0.286214,86
51.387441,-0.264773,78
51.387161,-0.243672,72
51.385190,-0.258892,79
51.382449,-0.249538,80
51.381416,-0.258527,78
51.389029,-0.257899,77
51.392080,-0.263292,76
51.392831,-0.252472,80
51.390536,-0.247514,75
51.396468,-0.257766,84
51.397476,-0.250730,85
51.395131,-0.268979,77
51.393706,-0.305113,89
51.392310,-0.313602,83
51.393965,-0.310033,86
51.397036,-0.301159,88
51.398893,-0.296792,85
51.398827,-0.289952,80
51.389265,-0.309328,82
51.381966,-0.304857,78
51.386643,-0.304646,81
51.383443,-0.292639,83
51.383748,-0.297907,82
51.380216,-0.293482,80
51.390358,-0.301062,88
51.372455,-0.285108,75
51.376976,-0.283919,76
51.377390,-0.303305,78
51.380405,-0.287324,82
51.374137,-0.299220,78
51.371255,-0.296817,74
51.428704,-0.308759,79
51.429043,-0.301353,78
51.425845,-0.298992,79
51.424587,-0.291597,76
51.423534,-0.302874,83
51.418880,-0.304043,86
51.499051,-0.117703,97
51.497121,-0.113756,97
51.494261,-0.113203,96
51.506442,-0.111297,95
51.504750,-0.108802,96
51.455881,-0.121357,90
51.457485,-0.126824,90
51.459001,-0.120047,92
51.453425,-0.124733,90
51.452172,-0.128137,87
51.448154,-0.126183,89
51.450190,-0.122248,90
51.446074,-0.121071,88
51.457196,-0.144461,90
51.456128,-0.134307,89
51.452813,-0.136591,87
51.457173,-0.131206,90
51.453189,-0.145321,91
51.451587,-0.140645,90
51.459743,-0.138795,92
51.456625,-0.138187,87
51.469626,-0.140549,89
51.464655,-0.133875,93
51.466897,-0.138482,90
51.467785,-0.146862,89
51.466058,-0.143614,90
51.463476,-0.139981,92
51.463468,-0.146030,89
51.462043,-0.135190,93
51.463153,-0.149440,90
51.458071,-0.110556,88
51.459426,-0.105292,88
51.469064,-0.110132,92
51.469320,-0.104786,91
51.464334,-0.112027,94
51.466533,-0.105056,91
51.466052,-0.108133,91
51.459551,-0.113618,92
51.462796,-0.105635,92
51.460607,-0.109141,91
51.464581,-0.118537,91
51.463001,-0.130384,92
51.461789,-0.118610,92
51.462517,-0.124473,90
51.460849,-0.129501,92
51.460651,-0.124345,91
51.469524,-0.114256,92
51.467998,-0.115908,92
51.465622,-0.115148,93
51.421485,-0.082199,87
51.421347,-0.087070,85
51.433913,-0.092759,81
51.430004,-0.092916,82
51.431066,-0.098611,84
51.429208,-0.088580,83
51.426993,-0.094017,82
51.424122,-0.092720,83
51.424679,-0.086172,84
51.456197,-0.104818,88
51.458204,-0.097990,87
51.461645,-0.101132,89
51.451463,-0.107477,90
51.470401,-0.099380,92
51.467294,-0.094680,92
51.466248,-0.099664,92
51.462522,-0.094898,88
51.435534,-0.109476,86
51.433668,-0.110937,86
51.430897,-0.105222,86
51.426416,-0.103569,85
51.430978,-0.112733,84
51.429748,-0.108035,85
51.426886,-0.109989,83
51.424303,-0.100820,83
51.423866,-0.108969,84
51.464495,-0.125530,91
51.473129,-0.134723,91
51.467053,-0.127698,93
51.470318,-0.136708,89
51.471265,-0.130806,91
51.470183,-0.122298,93
51.468629,-0.124018,91
51.467793,-0.132384,90
51.466726,-0.121620,91
51.479222,-0.125912,94
51.479901,-0.117446,93
51.482864,-0.110692,95
51.479726,-0.113640,94
51.485725,-0.113205,95
51.484930,-0.120231,95
51.480276,-0.122266,92
51.489617,-0.115648,95
51.489434,-0.109470,96
51.487518,-0.111025,95
51.489933,-0.106461,96
51.492549,-0.107834,95
51.491600,-0.113144,95
51.492598,-0.118168,95
51.425101,-0.135630,86
51.422219,-0.134154,86
51.421211,-0.131341,85
51.436631,-0.135819,84
51.436617,-0.130371,88
51.432206,-0.132630,88
51.428227,-0.135570,87
51.428531,-0.129187,89
51.476850,-0.128888,92
51.477482,-0.131232,91
51.474881,-0.128017,92
51.475819,-0.123485,92
51.476891,-0.119120,92
51.473681,-0.123447,93
51.471561,-0.119414,93
51.471451,-0.125600,93
51.477873,-0.121264,92
51.440708,-0.122810,90
51.440361,-0.128793,89
51.441697,-0.117147,87
51.438977,-0.111005,88
51.438770,-0.117695,87
51.437714,-0.122261,89
51.444122,-0.128825,87
51.443795,-0.124216,90
51.441326,-0.133361,86
51.415043,-0.138087,84
51.413417,-0.132273,82
51.415552,-0.125000,84
51.412752,-0.137310,83
51.415274,-0.142844,81
51.421246,-0.122077,80
51.418559,-0.131390,85
51.418124,-0.138438,82
51.417038,-0.128033,83
51.428474,-0.122715,85
51.425433,-0.118324,82
51.424951,-0.126798,87
51.435371,-0.123673,89
51.434595,-0.118425,86
51.435023,-0.126793,90
51.429865,-0.117276,83
51.431081,-0.125230,87
51.445644,-0.138697,87
51.444904,-0.143308,88
51.442919,-0.138613,86
51.451685,-0.131543,87
51.449482,-0.136114,88
51.448538,-0.141423,89
51.447586,-0.130929,87
51.445646,-0.134282,87
51.440859,-0.104745,88
51.437936,-0.093633,83
51.438028,-0.101359,87
51.435746,-0.099335,84
51.444572,-0.101762,85
51.444910,-0.106772,87
51.443990,-0.097655,84
51.450486,-0.117518,88
51.447879,-0.112417,88
51.447660,-0.117211,87
51.442594,-0.112134,88
51.444855,-0.115419,87
51.457161,-0.116317,92
51.454060,-0.114722,90
51.452969,-0.118063,89
51.451481,-0.113843,88
51.475977,-0.103314,93
51.477803,-0.113373,93
51.472278,-0.103593,91
51.478600,-0.108277,93
51.475957,-0.111168,93
51.475267,-0.114386,92
51.473168,-0.115799,92
51.474607,-0.108481,92
51.471652,-0.109703,91
51.428499,-0.022313,81
51.426884,-0.035457,84
51.426601,-0.027768,79
51.420441,-0.016939,79
51.431352,-0.035560,84
51.438573,-0.028077,82
51.434763,-0.031578,81
51.432937,-0.022118,81
51.431456,-0.026936,81
51.464239,0.004715,88
51.463935,-0.002007,88
51.470042,0.007854,88
51.466232,-0.009611,90
51.460802,0.008472,88
51.459787,0.002640,89
51.470395,-0.006669,89
51.470275,-0.012227,90
51.467376,-0.004286,88
51.473564,-0.026049,92
51.471476,-0.034641,90
51.470153,-0.029736,90
51.467616,-0.025568,88
51.468312,-0.035471,88
51.465234,-0.029696,87
51.463061,-0.034908,87
51.473952,-0.034285,92
51.440864,-0.013753,82
51.441228,-0.006785,80
51.438369,-0.002991,77
51.436981,-0.006175,77
51.443216,0.001555,79
51.438725,-0.018983,83
51.439408,0.001753,78
51.435482,-0.014668,79
51.443729,-0.004567,81
51.449376,-0.030997,85
51.449594,-0.043244,87
51.448500,-0.037931,85
51.446686,-0.045833,85
51.443817,-0.045563,85
51.444565,-0.037197,84
51.456943,-0.037402,87
51.452636,-0.039598,87
51.453184,-0.033663,86
51.418440,-0.003765,76
51.430084,0.018246,82
51.426881,0.013414,82
51.429037,0.010815,81
51.428471,0.004196,80
51.425318,0.000190,81
51.425593,-0.012232,80
51.422983,-0.006294,81
51.488547,-0.034818,85
51.488636,-0.046603,89
51.482799,-0.036075,88
51.487214,-0.043359,86
51.486784,-0.034170,85
51.490708,-0.032185,82
51.484447,-0.028714,89
51.482167,-0.031514,89
51.480881,-0.026609,92
51.443460,-0.059444,82
51.439953,-0.056041,87
51.434855,-0.056274,87
51.437883,-0.061451,84
51.432219,-0.067319,83
51.433288,-0.062291,85
51.447173,-0.058323,81
51.447799,-0.050469,82
51.444028,-0.052414,81
51.435286,0.020249,79
51.433313,0.027669,74
51.429764,0.025771,78
51.430209,0.035134,72
51.426519,0.033953,72
51.443822,0.011571,79
51.444919,0.019141,77
51.440362,0.015774,76
51.439783,0.023560,73
51.460371,-0.034932,87
51.461850,-0.021182,88
51.456259,-0.022680,88
51.452812,-0.024807,84
51.457589,-0.029045,86
51.463331,-0.026482,86
51.465290,-0.020687,89
51.459312,-0.019875,88
51.447880,0.016121,81
51.448554,0.006639,81
51.456745,-0.003053,88
51.456197,0.005630,88
51.454193,0.000511,87
51.451282,0.013001,85
51.454368,0.013458,86
51.452323,0.006108,85
51.460593,-0.004598,90
51.454474,-0.007104,87
51.453900,-0.015396,88
51.451530,-0.006202,87
51.451402,-0.013105,87
51.448121,0.000918,82
51.484172,-0.048488,86
51.481663,-0.040934,89
51.475833,-0.044830,90
51.479501,-0.037423,90
51.478655,-0.043073,88
51.480349,-0.051609,86
51.477080,-0.033785,93
51.477687,-0.026885,93
51.478591,-0.048397,88
51.437023,-0.044270,83
51.440372,-0.035221,82
51.434031,-0.049743,85
51.437815,-0.050211,86
51.435207,-0.038787,83
51.432383,-0.043647,84
51.430916,-0.049193,84
51.438891,-0.038157,81
51.440857,-0.048873,86
51.440522,-0.043460,83
51.443110,-0.022189,88
51.444129,-0.015634,86
51.445412,-0.009496,83
51.442018,-0.031551,85
51.450601,-0.019984,88
51.448973,-0.011118,86
51.448196,-0.020028,89
51.447405,-0.015271,86
51.425110,-0.044285,86
51.424932,-0.049922,86
51.424925,-0.056835,85
51.430733,-0.055731,86
51.429086,-0.070599,78
51.428526,-0.062237,85
51.426990,-0.066226,82
51.427831,-0.042038,86
51.427714,-0.055459,87
51.427750,-0.047896,86
51.460353,-0.042074,86
51.457210,-0.042773,86
51.475426,-0.050332,90
51.472506,-0.048899,90
51.472565,-0.042111,90
51.469493,-0.045709,88
51.464385,-0.044634,85
51.468417,-0.048901,88
51.468040,-0.040506,87
51.463978,-0.039936,86
51.433598,0.004737,78
51.434514,0.002334,77
51.431263,-0.010123,81
51.432852,0.014935,79
51.433620,-0.003356,77
51.432617,0.009703,79
51.430327,-0.016357,81
51.428187,-0.005044,81
51.439403,0.008996,73
51.415954,-0.194475,90
51.411072,-0.192758,88
51.413116,-0.187520,90
51.417860,-0.197851,89
51.417143,-0.184228,90
51.417169,-0.190096,90
51.404075,-0.209646,83
51.401293,-0.217904,77
51.397261,-0.211041,77
51.396078,-0.218418,75
51.399353,-0.205560,81
51.405445,-0.220622,81
51.416721,-0.166648,84
51.422220,-0.177791,88
51.420512,-0.174525,90
51.419721,-0.172046,87
51.419119,-0.165912,86
51.402976,-0.177839,84
51.400744,-0.168818,85
51.394211,-0.157666,79
51.407145,-0.181815,84
51.404925,-0.180966,84
51.403499,-0.173816,85
51.404937,-0.167945,88
51.411642,-0.215468,84
51.408452,-0.225061,84
51.409850,-0.220772,83
51.418263,-0.207353,89
51.416006,-0.203154,89
51.414664,-0.209847,86
51.409463,-0.156572,86
51.405643,-0.154641,84
51.407717,-0.160931,88
51.404385,-0.161267,88
51.407288,-0.164884,88
51.406255,-0.150080,81
51.413754,-0.158698,85
51.419279,-0.160124,86
51.416783,-0.155985,85
51.413645,-0.151517,82
51.420341,-0.157470,88
51.419265,-0.153100,85
51.417451,-0.147584,84
51.413598,-0.220166,84
51.424845,-0.203737,87
51.424806,-0.207891,87
51.421173,-0.211328,89
51.419568,-0.216881,86
51.416988,-0.219438,84
51.408442,-0.169745,84
51.414216,-0.168994,82
51.411859,-0.174482,85
51.410883,-0.181093,87
51.412266,-0.164670,85
51.409042,-0.175673,85
51.410160,-0.144072,83
51.411166,-0.148551,82
51.409623,-0.137946,80
51.407296,-0.133994,81
51.405630,-0.139387,81
51.403647,-0.144904,79
51.386895,-0.213391,79
51.386434,-0.220631,76
51.388257,-0.227978,74
51.383034,-0.220596,76
51.393311,-0.223903,77
51.389950,-0.218457,77
51.409097,-0.210719,86
51.409277,-0.199519,84
51.405101,-0.203710,82
51.405467,-0.194121,88
51.400119,-0.198838,86
51.410588,-0.205565,85
51.397610,-0.135572,77
51.400179,-0.128979,75
51.397094,-0.127893,76
51.394557,-0.135049,77
51.402156,-0.134232,81
51.399703,-0.140369,79
51.398769,-0.149764,78
51.392538,-0.185473,82
51.393818,-0.179095,82
51.389014,-0.184943,85
51.401330,-0.188426,86
51.399748,-0.181421,82
51.395799,-0.172184,80
51.415967,-0.225910,80
51.412874,-0.229398,84
51.413242,-0.235157,82
51.411162,-0.242446,79
51.409736,-0.229883,85
51.405768,-0.239761,82
51.393628,-0.189450,83
51.394229,-0.196139,83
51.389267,-0.192261,83
51.390067,-0.206079,80
51.391118,-0.201525,82
51.398028,-0.192884,85
51.423873,-0.195230,86
51.423494,-0.184190,86
51.421047,-0.200340,90
51.421904,-0.193756,85
51.421360,-0.190778,87
51.420266,-0.186398,88
51.427689,-0.236105,81
51.425249,-0.214743,87
51.419727,-0.232864,72
51.416826,-0.243176,75
51.435274,-0.217993,74
51.429372,-0.216211,76
51.400192,-0.232701,79
51.397936,-0.227070,77
51.394043,-0.235732,79
51.398618,-0.244027,83
51.398543,-0.240702,84
51.403421,-0.233400,82
51.438779,-0.200756,84
51.435709,-0.201394,86
51.432574,-0.206270,82
51.427490,-0.199623,84
51.426315,-0.193855,85
51.438426,-0.193626,86
51.511808,0.051806,83
51.509432,0.066569,82
51.509332,0.057371,84
51.518474,0.047339,80
51.517711,0.054169,81
51.515285,0.049790,83
51.514725,0.058985,83
51.513992,0.066552,83
51.534296,0.041998,88
51.533869,0.038013,90
51.534645,0.044755,87
51.532973,0.035399,90
51.529031,0.041602,88
51.526741,0.040872,87
51.526774,0.045992,85
51.527871,0.009089,87
51.519208,0.001294,90
51.525599,0.015576,89
51.523839,0.022094,91
51.524677,0.003151,86
51.522042,0.016471,90
51.519239,0.014028,91
51.517857,0.011826,91
51.510421,0.021867,88
51.520606,0.024365,91
51.518015,0.019429,90
51.518620,0.021913,90
51.514999,0.019931,87
51.513075,0.030954,88
51.511352,0.044699,82
51.512527,0.038817,84
51.508918,0.032638,89
51.516516,0.034598,85
51.515203,0.026174,88
51.516116,0.039913,83
51.514560,0.034647,86
51.537446,0.049646,89
51.535255,0.054120,89
51.535195,0.049302,87
51.531106,0.056693,88
51.533459,0.046690,88
51.532293,0.050445,88
51.530297,0.051685,88
51.527977,0.051165,85
51.544727,0.059671,81
51.543720,0.051187,87
51.542954,0.057095,84
51.540887,0.047376,89
51.541323,0.053627,88
51.539339,0.043418,88
51.546170,0.052559,86
51.527535,0.070404,83
51.524608,0.063484,84
51.525422,0.051968,85
51.523575,0.054591,85
51.522652,0.043658,85
51.522024,0.059171,83
51.521155,0.050369,82
51.527451,0.059482,85
51.552302,0.027566,89
51.551511,0.018179,89
51.550053,0.015377,87
51.551854,0.021555,89
51.552426,0.032290,84
51.551037,0.009539,89
51.548055,0.010433,90
51.554483,0.022609,87
51.544293,0.018051,89
51.542800,0.020529,89
51.545175,0.013554,90
51.542134,0.013721,90
51.548932,0.031430,88
51.547761,0.026469,90
51.547126,0.018510,89
51.545270,0.023859,91
51.544676,0.009512,91
51.544434,0.039499,86
51.545238,0.036274,88
51.542348,0.035572,88
51.542167,0.040250,87
51.539956,0.036271,89
51.537878,0.040512,89
51.537385,0.036234,91
51.546180,0.033852,89
51.535411,0.029241,90
51.537046,0.032427,91
51.545459,0.028922,90
51.543158,0.029940,90
51.541963,0.025329,90
51.540585,0.030475,90
51.538941,0.025496,90
51.547334,0.058343,83
51.554836,0.061348,87
51.552620,0.065496,85
51.557949,0.050800,87
51.549789,0.055503,85
51.547234,0.065685,80
51.552275,0.057537,86
51.551018,0.062319,84
51.549574,0.060662,84
51.551939,0.038086,84
51.549495,0.052071,85
51.547584,0.040725,86
51.548398,0.046040,86
51.545390,0.044720,86
51.543916,0.045643,86
51.553011,0.045454,85
51.550604,0.048965,87
51.531924,0.025954,89
51.529731,0.016285,89
51.527763,0.020955,89
51.529327,0.022266,90
51.535844,0.023237,89
51.534502,0.024700,89
51.533705,0.021003,90
51.532593,0.031071,89
51.531424,0.021174,90
51.521563,0.032466,88
51.524600,0.027294,90
51.524262,0.037320,87
51.518616,0.032056,88
51.528607,0.035489,89
51.527585,0.025819,90
51.525976,0.032987,88
51.500169,0.062309,82
51.550694,0.003362,91
51.547781,0.002986,92
51.541838,0.006729,93
51.538199,0.001558,93
51.534964,0.060699,87
51.535332,0.065296,87
51.531743,0.067049,86
51.530606,0.061209,86
51.541240,0.064324,84
51.540373,0.057805,86
51.538698,0.056768,87
51.537232,0.060195,86
51.537296,0.055841,88
51.533332,0.014519,90
51.530941,0.006790,87
51.531764,0.012426,89
51.533989,0.008379,91
51.535285,0.004438,91
51.538335,0.016534,90
51.537731,0.008514,92
51.534910,0.014879,90
51.584863,0.081780,83
51.586110,0.091231,81
51.593368,0.116964,69
51.579725,0.098073,79
51.579374,0.092883,81
51.579574,0.082355,82
51.576142,0.078001,83
51.576035,0.084630,85
51.578298,0.059573,84
51.577384,0.072418,86
51.585959,0.073632,82
51.584763,0.067030,81
51.582063,0.076262,84
51.580877,0.062077,84
51.581908,0.069087,83
51.579300,0.068944,85
51.604329,0.036905,79
51.610073,0.038756,78
51.608332,0.051160,73
51.603672,0.055732,73
51.606757,0.041434,78
51.602205,0.047225,77
51.613847,0.045855,71
51.572018,0.126649,84
51.569095,0.126800,86
51.580066,0.122996,76
51.578034,0.129495,76
51.575710,0.125739,80
51.571381,0.121622,81
51.590379,0.024712,83
51.599193,0.016223,85
51.602447,0.020081,83
51.601649,0.027335,78
51.598041,0.020435,85
51.595325,0.016698,83
51.596121,0.025057,83
51.577638,0.046999,81
51.578404,0.053048,81
51.586328,0.043699,74
51.587499,0.056192,77
51.590324,0.058784,78
51.587920,0.065534,80
51.585617,0.054970,80
51.583026,0.050578,78
51.553918,0.083819,85
51.551617,0.084593,83
51.553171,0.078542,86
51.557429,0.082769,87
51.557273,0.079089,88
51.556792,0.073961,89
51.570888,0.068837,87
51.564561,0.055893,80
51.571332,0.062137,85
51.570197,0.051972,80
51.570410,0.058350,83
51.566785,0.061000,83
51.575261,0.057153,83
51.574569,0.047179,80
51.601989,0.080645,76
51.601391,0.099750,72
51.597115,0.084209,80
51.590103,0.085434,85
51.605038,0.089663,77
51.602478,0.068871,70
51.601112,0.087198,79
51.594180,0.080257,83
51.595893,0.073084,78
51.593929,0.059079,76
51.597709,0.061243,73
51.593801,0.068249,77
51.593665,0.052511,76
51.590327,0.076533,82
51.589878,0.070724,81
51.561167,0.105091,83
51.562088,0.095490,89
51.562224,0.100966,86
51.557385,0.111006,81
51.565201,0.114770,85
51.561815,0.112281,86
51.605372,0.109457,73
51.606908,0.097749,73
51.612622,0.117218,68
51.611357,0.112036,70
51.612745,0.098328,65
51.610342,0.097870,69
51.610519,0.134116,60
51.610455,0.105110,70
51.552066,0.073011,87
51.551228,0.076600,86
51.549498,0.079098,85
51.546503,0.070333,81
51.549461,0.072118,85
51.546712,0.076140,86
51.547608,0.083087,83
51.544831,0.073773,85
51.556685,0.104791,81
51.551931,0.103510,80
51.551239,0.090851,82
51.555793,0.095062,82
51.549286,0.096917,83
51.558769,0.097219,86
51.556271,0.087762,85
51.622921,0.023614,74
51.617617,0.032061,73
51.616608,0.020446,78
51.613672,0.035219,75
51.610372,0.030111,81
51.606204,0.030456,81
51.606930,0.023364,81
51.576258,0.101619,82
51.573423,0.075678,84
51.572537,0.088641,84
51.571861,0.094191,84
51.571536,0.082742,84
51.568045,0.086296,85
51.566235,0.091985,86
51.587047,0.030258,82
51.599730,0.035981,78
51.600474,0.041249,77
51.596999,0.032685,79
51.595800,0.045292,76
51.590112,0.034477,84
51.593952,0.030907,84
51.569006,0.101451,83
51.566102,0.101974,86
51.566878,0.096222,85
51.566848,0.109303,86
51.576609,0.113185,80
51.571398,0.108194,83
51.571391,0.100578,83
51.569032,0.115206,83
51.584703,0.025555,80
51.587621,0.019086,80
51.583131,0.018727,82
51.579712,0.028292,83
51.577731,0.021980,85
51.574540,0.020452,84
51.591339,0.015821,76
51.564203,0.070922,87
51.562824,0.077650,88
51.560744,0.070404,89
51.562619,0.060356,82
51.560237,0.060797,85
51.569371,0.077773,82
51.566437,0.076763,85
51.564924,0.064784,85
51.573033,0.026110,83
51.566417,0.043121,74
51.564687,0.022689,77
51.558106,0.036441,75
51.561921,0.029996,77
51.582983,0.036079,77
51.575268,0.038179,77
51.574319,0.033102,82
51.479853,-0.244601,79
51.476045,-0.247566,81
51.475314,-0.233110,82
51.481967,-0.238364,79
51.486142,-0.236860,85
51.481688,-0.230303,81
51.483333,-0.243323,79
51.462909,-0.273249,84
51.456353,-0.274727,80
51.447626,-0.262087,80
51.465904,-0.268141,87
51.466459,-0.262721,87
51.462650,-0.259451,86
51.430704,-0.350966,80
51.430903,-0.340940,80
51.433318,-0.346511,81
51.430350,-0.360926,76
51.426920,-0.347759,79
51.424639,-0.355607,80
51.442611,-0.291465,72
51.432751,-0.287826,76
51.434633,-0.321211,74
51.440844,-0.320310,73
51.431985,-0.314466,77
51.452677,-0.299919,85
51.418525,-0.363877,74
51.405706,-0.335221,69
51.420233,-0.370500,77
51.420648,-0.380545,74
51.413707,-0.381322,73
51.413365,-0.370377,75
51.423873,-0.376370,75
51.431747,-0.374190,75
51.427249,-0.366687,75
51.430196,-0.379370,72
51.427287,-0.384262,71
51.425857,-0.379666,74
51.408782,-0.312500,86
51.425572,-0.317261,78
51.425032,-0.323271,81
51.421961,-0.311086,76
51.421265,-0.322311,82
51.416545,-0.316357,82
51.455291,-0.372366,79
51.450534,-0.376173,74
51.448097,-0.367317,80
51.447925,-0.381985,73
51.447412,-0.359807,83
51.444542,-0.371743,74
51.477439,-0.282320,81
51.477912,-0.295483,82
51.469931,-0.285740,84
51.474307,-0.288383,82
51.483591,-0.284246,80
51.467874,-0.240356,82
51.471423,-0.244849,83
51.472032,-0.251909,85
51.469844,-0.268554,85
51.469433,-0.259694,86
51.467393,-0.251652,84
51.468023,-0.255822,85
51.465658,-0.276412,84
51.467247,-0.307102,85
51.465396,-0.292629,87
51.465780,-0.284290,83
51.463602,-0.289111,86
51.469586,-0.292255,84
51.467999,-0.277029,83
51.457765,-0.324401,83
51.454704,-0.339465,84
51.454194,-0.320771,88
51.454158,-0.328193,86
51.450526,-0.338156,85
51.462762,-0.322849,81
51.458981,-0.318776,84
51.461965,-0.298531,87
51.460583,-0.294961,87
51.460402,-0.285026,84
51.460313,-0.305877,89
51.457918,-0.298188,87
51.453768,-0.287040,81
51.454851,-0.296635,86
51.441115,-0.333614,85
51.435980,-0.334485,80
51.445559,-0.335070,89
51.446585,-0.341832,85
51.441532,-0.339455,85
51.438846,-0.344112,84
51.428290,-0.334173,81
51.425389,-0.330940,81
51.422729,-0.342716,81
51.415608,-0.334187,76
51.431937,-0.335227,78
51.430222,-0.327009,79
51.452781,-0.308595,84
51.457028,-0.311949,86
51.454166,-0.315156,88
51.450262,-0.317748,88
51.447661,-0.325022,90
51.447746,-0.331531,90
51.442397,-0.347285,83
51.442020,-0.352595,80
51.436241,-0.356456,78
51.444745,-0.357472,76
51.441396,-0.360425,78
51.437231,-0.367955,75
51.446074,-0.349808,80
51.455682,-0.349611,83
51.456173,-0.357783,84
51.452716,-0.369416,79
51.454340,-0.363210,80
51.450852,-0.356080,85
51.451032,-0.348810,78
51.473717,-0.085512,93
51.475266,-0.080315,91
51.471075,-0.089592,94
51.471702,-0.080672,91
51.470843,-0.084985,92
51.478379,-0.084291,91
51.475702,-0.085335,92
51.476602,-0.089375,93
51.475883,-0.098644,94
51.477508,-0.094726,95
51.474775,-0.092827,95
51.472552,-0.095625,93
51.481773,-0.097413,93
51.479477,-0.096555,95
51.478881,-0.090003,93
51.479441,-0.101719,95
51.504292,-0.093002,98
51.498419,-0.104922,98
51.496879,-0.102098,98
51.494650,-0.105501,96
51.506390,-0.103864,95
51.506533,-0.096218,95
51.498048,-0.092077,97
51.497617,-0.096731,98
51.499210,-0.088255,97
51.501214,-0.091379,98
51.497922,-0.086173,96
51.496559,-0.083579,96
51.495826,-0.088783,96
51.496432,-0.094639,97
51.435301,-0.072671,81
51.429930,-0.083654,81
51.430413,-0.081359,83
51.425037,-0.077910,83
51.444937,-0.065521,82
51.444603,-0.070790,83
51.438513,-0.082309,79
51.457740,-0.075587,90
51.460036,-0.076460,91
51.455675,-0.073000,88
51.454713,-0.069948,87
51.453065,-0.074440,87
51.450995,-0.068716,85
51.449320,-0.072369,86
51.492951,-0.087640,95
51.490786,-0.086193,95
51.489564,-0.091211,96
51.488908,-0.080608,95
51.482300,-0.091232,94
51.487527,-0.083498,94
51.488133,-0.088386,93
51.487362,-0.092220,96
51.497181,-0.073442,95
51.498425,-0.078131,96
51.494170,-0.069641,94
51.494690,-0.081127,95
51.491911,-0.078435,95
51.502614,-0.086217,97
51.479967,-0.065946,91
51.477866,-0.058917,90
51.488883,-0.053160,90
51.486252,-0.057073,89
51.481986,-0.058125,88
51.484099,-0.064313,91
51.480681,-0.070179,90
51.483184,-0.098652,94
51.483484,-0.104593,93
51.481084,-0.104153,93
51.487210,-0.098554,96
51.489020,-0.102404,96
51.484814,-0.098280,94
51.486880,-0.105343,94
51.484766,-0.102541,93
51.467493,-0.052639,89
51.464079,-0.055729,88
51.461852,-0.048974,83
51.476962,-0.055611,89
51.472558,-0.054810,90
51.472381,-0.060857,92
51.469798,-0.057691,90
51.478670,-0.073446,90
51.476250,-0.066842,92
51.475621,-0.070842,93
51.477765,-0.077899,90
51.480529,-0.081347,89
51.475542,-0.075691,92
51.480836,-0.075487,89
51.457368,-0.063242,86
51.454715,-0.048458,84
51.451682,-0.055260,81
51.450775,-0.062844,84
51.462357,-0.060467,87
51.459245,-0.055361,83
51.459750,-0.069187,89
51.499114,-0.062258,95
51.494990,-0.061129,92
51.498988,-0.070545,95
51.501367,-0.048290,91
51.501428,-0.053638,92
51.495574,-0.051270,92
51.501048,-0.044847,90
51.499578,-0.052614,92
51.498396,-0.058579,92
51.492381,-0.055691,91
51.491168,-0.046651,90
51.489769,-0.059528,92
51.487603,-0.065407,90
51.489832,-0.072194,92
51.488172,-0.074325,92
51.487357,-0.069665,91
51.492148,-0.064200,94
51.491220,-0.068232,93
51.491718,-0.072659,93
51.463985,-0.081158,90
51.463512,-0.074340,90
51.461378,-0.089900,88
51.459382,-0.085906,88
51.463839,-0.085774,90
51.468094,-0.081876,89
51.466278,-0.087901,90
51.464354,-0.079424,89
51.503958,-0.044514,85
51.505758,-0.037102,81
51.504009,-0.040367,83
51.501546,-0.034794,83
51.499270,-0.039023,86
51.494809,-0.034875,83
51.496128,-0.041442,88
51.492596,-0.042497,88
51.468938,-0.073998,92
51.467259,-0.066543,93
51.466995,-0.071344,92
51.464621,-0.063311,91
51.463585,-0.070356,90
51.472491,-0.076093,92
51.472134,-0.068348,94
51.467833,-0.061733,91
51.445855,-0.088598,81
51.455715,-0.090022,88
51.457013,-0.081152,88
51.452810,-0.079899,86
51.454093,-0.093069,88
51.452016,-0.096943,87
51.447611,-0.079511,84
51.380762,-0.140578,74
51.368483,-0.133172,80
51.371814,-0.129904,75
51.365805,-0.138214,79
51.367111,-0.127266,77
51.362572,-0.133716,80
51.363250,-0.125450,79
51.351493,-0.129170,76
51.345411,-0.142159,71
51.348493,-0.128985,71
51.358721,-0.130747,81
51.352748,-0.140207,77
51.354606,-0.124202,77
51.354228,-0.132592,77
51.346708,-0.194970,78
51.343832,-0.185659,65
51.349384,-0.186695,73
51.349125,-0.201733,72
51.343657,-0.199087,75
51.353461,-0.205690,73
51.351468,-0.193335,77
51.360875,-0.175302,81
51.359493,-0.168285,84
51.366817,-0.163025,86
51.366670,-0.171412,84
51.368205,-0.176583,82
51.362154,-0.162621,85
51.364380,-0.178381,84
51.357262,-0.162838,81
51.353632,-0.170805,79
51.347055,-0.175829,65
51.353273,-0.162519,79
51.338152,-0.161723,70
51.325423,-0.154825,66
51.358557,-0.214870,82
51.361636,-0.221268,79
51.353034,-0.217771,74
51.337277,-0.217210,54
51.367960,-0.214981,77
51.368593,-0.234064,73
51.369773,-0.241959,71
51.369158,-0.224492,80
51.371989,-0.222117,79
51.365808,-0.226839,76
51.376346,-0.242331,79
51.372890,-0.236605,76
51.383110,-0.184015,86
51.383908,-0.196646,80
51.381613,-0.174891,84
51.380270,-0.178802,84
51.378169,-0.174419,81
51.378348,-0.181479,82
51.385821,-0.188035,86
51.377936,-0.205681,77
51.377107,-0.216605,78
51.373366,-0.218496,78
51.372860,-0.213192,76
51.384570,-0.210895,81
51.383765,-0.204950,79
51.380390,-0.212919,78
51.363566,-0.189278,88
51.366841,-0.184392,85
51.362875,-0.182590,85
51.368439,-0.192529,87
51.368315,-0.188505,85
51.365840,-0.199930,85
51.377742,-0.190858,82
51.378513,-0.196782,79
51.373098,-0.197793,84
51.374472,-0.185573,80
51.371392,-0.201644,81
51.371355,-0.189512,82
51.357699,-0.187310,84
51.358521,-0.183021,80
51.356547,-0.193552,83
51.354082,-0.188677,79
51.355889,-0.178870,76
51.353905,-0.196747,78
51.359475,-0.196956,85
51.358777,-0.209547,80
51.357898,-0.203335,78
51.368904,-0.206934,78
51.363464,-0.204431,82
51.364060,-0.210783,78
51.362044,-0.199520,85
51.377175,-0.168121,81
51.375587,-0.163123,81
51.372525,-0.170341,84
51.372422,-0.162142,82
51.375270,-0.176442,82
51.372170,-0.179460,81
51.379832,-0.163619,76
51.361773,-0.153245,87
51.369705,-0.150127,83
51.365636,-0.150316,86
51.366154,-0.144444,81
51.362779,-0.145946,85
51.373422,-0.153593,79
51.366845,-0.156247,85
51.356343,-0.151677,84
51.358975,-0.146778,85
51.355032,-0.144771,80
51.351752,-0.155738,76
51.350062,-0.149210,79
51.359764,-0.140850,82
51.386001,-0.175164,84
51.387275,-0.169162,78
51.386580,-0.160491,76
51.383319,-0.158498,77
51.382239,-0.169054,77
51.389879,-0.175173,82
51.377090,-0.232959,78
51.373591,-0.229132,81
51.385505,-0.237896,76
51.382387,-0.231880,72
51.380796,-0.223687,74
51.379986,-0.240081,80
51.377383,-0.225118,77
51.529953,-0.055858,96
51.530429,-0.058545,96
51.530815,-0.061552,97
51.532419,-0.049997,93
51.533231,-0.062267,96
51.528037,-0.060493,97
51.529764,-0.064541,97
51.521708,-0.061458,97
51.523093,-0.057300,97
51.522871,-0.049374,96
51.520802,-0.056337,97
51.525347,-0.054481,97
51.525185,-0.060950,97
51.525042,-0.056340,97
51.496826,-0.007380,89
51.493471,-0.006383,87
51.490716,-0.011502,89
51.489864,-0.006087,88
51.509643,-0.008688,92
51.500635,-0.009664,90
51.534559,-0.030965,91
51.539777,-0.032420,90
51.531886,-0.029045,92
51.530025,-0.033702,93
51.528067,-0.028849,92
51.529508,-0.038913,93
51.528599,-0.024515,93
51.526532,-0.034972,94
51.534203,-0.034770,92
51.534279,-0.042092,92
51.528595,-0.015306,92
51.526611,-0.014085,91
51.526841,-0.018499,92
51.523730,-0.017414,92
51.523164,-0.021109,90
51.520939,-0.023211,91
51.513129,-0.006277,90
51.512556,-0.017613,93
51.514702,-0.001722,89
51.512436,-0.011740,93
51.520251,-0.010646,89
51.516607,-0.009175,90
51.514318,-0.031906,93
51.509948,-0.027816,93
51.509266,-0.019948,92
51.509647,-0.015422,92
51.508846,-0.031866,91
51.527671,-0.051032,96
51.527968,-0.046106,95
51.524474,-0.046517,95
51.521202,-0.040393,95
51.530054,-0.049121,95
51.524784,-0.023786,92
51.526118,-0.026585,93
51.521548,-0.032989,93
51.519570,-0.028223,92
51.517934,-0.024834,92
51.489940,-0.021059,86
51.489182,-0.016800,88
51.487389,-0.017049,87
51.506041,-0.022684,91
51.495939,-0.025385,89
51.492259,-0.018529,87
51.517929,-0.047657,95
51.514585,-0.038304,94
51.515412,-0.051343,95
51.514934,-0.043203,93
51.514893,-0.047117,94
51.520327,-0.047794,96
51.504483,-0.059549,93
51.506510,-0.062495,93
51.507462,-0.071305,93
51.510739,-0.062636,97
51.507722,-0.058256,94
51.507368,-0.053345,91
51.513143,-0.053830,96
51.510853,-0.050785,92
51.510796,-0.057814,96
51.511831,-0.055113,97
51.510094,-0.048622,93
51.513238,-0.059382,97
51.512555,-0.048543,94
51.519746,-0.070658,98
51.519542,-0.074975,98
51.520324,-0.066357,97
51.517943,-0.067774,98
51.516213,-0.073135,98
51.528252,-0.074091,97
51.527162,-0.069257,97
51.526179,-0.065905,98
51.526251,-0.073299,97
51.524796,-0.075183,98
51.512741,-0.063868,97
51.515787,-0.062245,98
51.518420,-0.057471,97
51.516696,-0.054922,96
51.518250,-0.052031,95
51.515339,-0.056742,97
51.558372,0.013884,85
51.556775,0.007782,89
51.555690,0.013851,85
51.556317,0.010706,87
51.555556,0.017694,86
51.553242,0.007912,89
51.562507,0.012291,88
51.560470,0.010569,88
51.554208,0.002965,89
51.553999,-0.006179,90
51.552649,-0.001205,89
51.554938,-0.001917,88
51.562562,0.006296,89
51.558659,0.000900,88
51.558860,0.005709,89
51.594032,-0.013621,86
51.601313,-0.005616,83
51.601030,-0.012948,86
51.597646,-0.008408,84
51.598511,-0.021242,85
51.595438,-0.019209,86
51.593473,-0.006329,85
51.641479,-0.005173,61
51.635373,-0.011222,72
51.636338,-0.004683,72
51.636596,0.012690,80
51.629697,0.016131,77
51.630314,0.005932,83
51.624427,-0.008638,75
51.628009,-0.015874,74
51.630635,-0.008666,75
51.628243,-0.004906,79
51.627078,0.000760,80
51.622899,-0.002439,76
51.624273,-0.019960,75
51.578500,0.010343,84
51.578673,0.000607,87
51.575864,-0.006187,89
51.576220,-0.011240,89
51.575295,0.002673,86
51.571909,-0.005856,89
51.570729,-0.002878,88
51.565605,-0.007776,89
51.567562,-0.005488,88
51.565201,0.000927,88
51.564352,-0.003062,87
51.563258,-0.008405,89
51.561848,-0.000424,88
51.561195,-0.006158,89
51.558879,-0.004829,90
51.598415,0.007115,79
51.594904,-0.000067,81
51.609845,-0.002469,83
51.606238,0.011223,80
51.604727,0.000015,85
51.606006,-0.006518,83
51.602061,0.002810,83
51.621488,0.004237,79
51.611850,0.015737,80
51.615901,0.007926,78
51.612876,0.006262,80
51.609940,0.004419,84
51.624988,0.012105,77
51.621503,0.010404,77
51.583794,-0.046612,88
51.583692,-0.030366,89
51.585408,-0.037873,90
51.581400,-0.035554,89
51.576749,-0.050930,85
51.586715,-0.032841,89
51.584448,-0.022948,90
51.600491,-0.040566,83
51.604300,-0.032514,82
51.597154,-0.033610,85
51.592581,-0.045207,86
51.594961,-0.030863,85
51.600343,-0.024686,85
51.592389,-0.033860,86
51.578279,-0.010619,89
51.578330,-0.016873,89
51.589181,-0.011165,89
51.589025,-0.016691,90
51.586169,-0.016535,91
51.585803,-0.010810,90
51.583032,-0.017020,91
51.580925,-0.012833,89
51.617731,-0.002044,79
51.619620,-0.014698,80
51.619382,-0.009052,77
51.612606,-0.006359,79
51.613770,-0.013521,81
51.609923,-0.014093,82
51.606043,-0.012934,83
51.574343,-0.015259,89
51.572580,-0.023082,87
51.567457,-0.040705,82
51.571657,-0.017522,88
51.568345,-0.023869,87
51.570644,-0.029260,86
51.568606,-0.021202,87
51.565112,-0.030574,85
51.563125,-0.019141,86
51.559490,-0.017990,87
51.556177,-0.011896,89
51.568579,-0.011141,88
51.564843,-0.022055,87
51.565123,-0.013837,88
51.572224,0.011003,86
51.570329,0.003051,87
51.569872,0.014598,89
51.568209,0.000895,88
51.565755,0.008026,90
51.566343,0.014513,87
51.572333,0.007305,86
51.581193,-0.021280,90
51.579622,-0.029986,90
51.578800,-0.025497,88
51.578828,-0.033828,88
51.576697,-0.020373,87
51.574768,-0.036924,85
51.574878,-0.025892,87
51.617812,-0.027139,75
51.620805,-0.021678,78
51.616656,-0.020883,81
51.613206,-0.029680,73
51.612473,-0.021267,81
51.607054,-0.020893,83
51.608987,-0.029047,79
51.590186,-0.024653,88
51.589158,-0.030185,89
51.592191,-0.028285,85
51.590800,-0.019850,88
51.587571,-0.024858,89
51.593840,-0.024264,86
51.586366,-0.005377,88
51.583294,-0.003721,87
51.581787,-0.007641,88
51.582872,-0.001621,87
51.587784,0.007840,83
51.591134,0.002700,83
51.589894,-0.005546,88
51.588602,-0.000680,86
51.449435,-0.151978,90
51.446744,-0.146650,91
51.445967,-0.150347,93
51.443173,-0.146402,91
51.452690,-0.149730,92
51.453693,-0.154837,88
51.453956,-0.158758,88
51.450494,-0.158716,87
51.450363,-0.145362,91
51.434795,-0.158019,92
51.432565,-0.154961,89
51.432019,-0.144581,84
51.440003,-0.142539,88
51.439740,-0.152303,90
51.436210,-0.144777,84
51.437717,-0.149354,87
51.437327,-0.153960,89
51.434513,-0.151883,87
51.436655,-0.184049,87
51.435426,-0.178683,85
51.434241,-0.186257,88
51.446836,-0.188821,89
51.450056,-0.189705,90
51.444713,-0.190662,89
51.441918,-0.187374,89
51.440229,-0.181565,86
51.439044,-0.186201,88
51.456899,-0.205272,88
51.456703,-0.217936,87
51.457660,-0.223109,86
51.454646,-0.201620,89
51.455075,-0.211598,86
51.452178,-0.205590,87
51.452242,-0.218456,84
51.460036,-0.218797,89
51.458407,-0.209446,90
51.460460,-0.175743,91
51.459041,-0.182820,90
51.459093,-0.200117,88
51.454822,-0.185996,88
51.454094,-0.189744,90
51.459187,-0.188103,90
51.461661,-0.179527,89
51.425176,-0.150496,85
51.423937,-0.141210,86
51.423142,-0.146098,86
51.423112,-0.155344,89
51.422023,-0.151854,86
51.420619,-0.141731,85
51.420034,-0.145948,85
51.428679,-0.146538,84
51.428222,-0.140638,85
51.426807,-0.166002,92
51.424566,-0.168454,91
51.426000,-0.162782,91
51.424860,-0.158667,90
51.421918,-0.163003,90
51.422323,-0.168401,88
51.429701,-0.161545,90
51.428525,-0.155522,87
51.427651,-0.159562,89
51.469561,-0.165207,91
51.466987,-0.175544,90
51.466954,-0.169171,91
51.465113,-0.175627,90
51.463439,-0.181459,89
51.472075,-0.157304,88
51.472033,-0.162247,91
51.468638,-0.173701,91
51.446652,-0.160899,88
51.444067,-0.163029,88
51.445734,-0.155611,90
51.442920,-0.153805,93
51.441631,-0.159372,90
51.440655,-0.162924,88
51.438859,-0.158655,92
51.437868,-0.164017,91
51.448474,-0.157277,89
51.463388,-0.170557,92
51.461139,-0.165455,92
51.458843,-0.170145,91
51.459185,-0.155225,90
51.457180,-0.157460,88
51.457265,-0.162604,90
51.455919,-0.166762,89
51.453908,-0.165719,89
51.450580,-0.163871,86
51.477776,-0.158832,89
51.473159,-0.152414,89
51.472945,-0.145312,89
51.469106,-0.149896,88
51.476593,-0.150731,89
51.476818,-0.139761,88
51.454738,-0.245463,80
51.450011,-0.243522,80
51.446604,-0.242553,78
51.447185,-0.239548,79
51.449279,-0.230338,79
51.440282,-0.236869,70
51.453487,-0.249985,77
51.460739,-0.248626,82
51.458840,-0.254329,77
51.474586,-0.165507,90
51.473403,-0.169219,90
51.471745,-0.171965,90
51.474855,-0.174037,88
51.478444,-0.167321,88
51.478044,-0.172044,89
51.475948,-0.169973,89
51.466542,-0.161189,90
51.462581,-0.159938,90
51.462778,-0.152587,88
51.464156,-0.164144,91
51.463264,-0.157122,89
51.468839,-0.154148,89
51.465460,-0.153983,90
51.467161,-0.156974,88
51.448067,-0.198793,89
51.447496,-0.204934,88
51.445789,-0.197684,88
51.443459,-0.203866,87
51.442490,-0.197995,85
51.442413,-0.193483,87
51.440660,-0.202675,84
51.452046,-0.196208,89
51.462022,-0.211183,90
51.467190,-0.229596,85
51.469445,-0.226171,83
51.467839,-0.221359,87
51.464257,-0.221857,88
51.466276,-0.217702,90
51.462834,-0.215889,90
51.432702,-0.171100,90
51.432090,-0.159692,91
51.432804,-0.165115,91
51.430453,-0.165337,92
51.429034,-0.175708,88
51.431637,-0.178838,87
51.427939,-0.171026,91
51.426475,-0.177872,89
51.435333,-0.165110,91
51.449081,-0.170677,83
51.451791,-0.185023,87
51.453986,-0.178518,83
51.450779,-0.174890,83
51.448555,-0.184084,86
51.444133,-0.179538,81
51.444321,-0.174092,81
51.438959,-0.171486,86
51.456096,-0.183081,88
51.450892,-0.213090,83
51.446970,-0.209904,86
51.448156,-0.216635,83
51.446511,-0.219864,82
51.440853,-0.209238,85
51.445870,-0.213589,84
51.443610,-0.221040,79
51.443087,-0.215204,83
51.440462,-0.220505,77
51.439221,-0.215402,79
51.458485,-0.230099,82
51.462856,-0.233738,82
51.462175,-0.227239,85
51.462995,-0.241135,80
51.459264,-0.239594,79
51.454704,-0.224671,84
51.454183,-0.238343,80
51.454310,-0.231034,82
51.537495,-0.180091,92
51.535572,-0.170834,93
51.534105,-0.184382,92
51.536056,-0.176158,94
51.531335,-0.180372,92
51.532409,-0.176743,92
51.516451,-0.188006,95
51.515869,-0.197376,94
51.515072,-0.192276,94
51.518183,-0.187721,94
51.516182,-0.158773,96
51.515141,-0.161747,97
51.523833,-0.163686,96
51.522596,-0.158943,97
51.520082,-0.165210,98
51.521228,-0.160642,97
51.517569,-0.163378,97
51.486891,-0.142266,94
51.486959,-0.144323,94
51.486155,-0.141116,95
51.525874,-0.167038,94
51.525962,-0.200565,93
51.525466,-0.197312,94
51.525108,-0.194280,94
51.530754,-0.200777,92
51.527951,-0.199794,93
51.525309,-0.203344,94
51.513778,-0.164942,94
51.517562,-0.180278,93
51.513923,-0.175902,95
51.513508,-0.171291,94
51.516909,-0.168063,96
51.515531,-0.166598,96
51.494448,-0.152939,95
51.497627,-0.149477,94
51.500886,-0.154959,91
51.500714,-0.170823,88
51.511611,-0.191424,94
51.512074,-0.179909,94
51.510963,-0.187711,95
51.516614,-0.183817,94
51.515041,-0.183096,94
51.512639,-0.185114,94
51.513906,-0.188666,94
51.513387,-0.182278,94
51.526659,-0.182705,93
51.521420,-0.175885,96
51.523099,-0.180841,94
51.525275,-0.181175,93
51.529302,-0.190687,93
51.527277,-0.188322,92
51.528350,-0.193386,94
51.529020,-0.184844,94
51.533333,-0.190843,94
51.531757,-0.187614,94
51.520667,-0.156335,97
51.519083,-0.147741,95
51.516473,-0.152799,95
51.521767,-0.142956,97
51.522703,-0.148357,95
51.520687,-0.152683,96
51.528627,-0.203834,93
51.530408,-0.209656,90
51.528933,-0.212993,90
51.527681,-0.208521,92
51.530226,-0.206354,92
51.531653,-0.204857,93
51.533207,-0.168495,92
51.529488,-0.169772,92
51.529928,-0.175860,92
51.528353,-0.157460,94
51.526478,-0.175124,93
51.527117,-0.177887,92
51.534488,-0.157521,90
51.499568,-0.138215,98
51.497463,-0.130585,98
51.499800,-0.126422,97
51.510318,-0.127370,96
51.512157,-0.118147,96
51.504924,-0.136220,95
51.488516,-0.131574,95
51.491156,-0.136810,98
51.489525,-0.134466,98
51.489178,-0.137347,97
51.493996,-0.129826,96
51.494509,-0.136647,98
51.493092,-0.131658,96
51.491697,-0.133609,97
51.495786,-0.140059,98
51.491908,-0.140667,97
51.493621,-0.145969,95
51.490428,-0.144310,95
51.489093,-0.139431,97
51.488674,-0.142371,96
51.522898,-0.190113,94
51.522941,-0.197460,94
51.524214,-0.191666,94
51.520654,-0.185238,94
51.518163,-0.199730,93
51.507770,-0.147344,94
51.511231,-0.153220,94
51.516322,-0.134115,97
51.517521,-0.142496,96
53.599773,-2.440165,78
53.599450,-2.426962,75
53.615607,-2.452894,61
53.610866,-2.426312,68
53.606453,-2.422869,70
53.611868,-2.435145,69
53.605986,-2.444634,69
53.606150,-2.431980,75
53.603443,-2.439221,77
53.572383,-2.530406,57
53.557944,-2.542950,64
53.597955,-2.553049,73
53.596306,-2.587291,55
53.595915,-2.558448,66
53.594774,-2.590275,57
53.586938,-2.544715,69
53.590789,-2.585969,55
53.582142,-2.574057,54
53.597178,-2.387269,60
53.592104,-2.383973,62
53.598939,-2.398463,63
53.589629,-2.386572,66
53.611566,-2.399260,64
53.615342,-2.383969,57
53.604917,-2.403453,68
53.603635,-2.388553,63
53.597900,-2.378192,58
53.586876,-2.389587,68
53.591213,-2.396197,64
53.583743,-2.381545,67
53.578409,-2.394815,72
53.583533,-2.394806,70
53.576583,-2.384338,69
53.576633,-2.379522,67
53.573574,-2.376502,63
53.573649,-2.395869,66
53.599618,-2.415340,75
53.634592,-2.438667,54
53.626014,-2.437337,58
53.621027,-2.412859,62
53.614293,-2.411817,67
53.621725,-2.426241,65
53.619550,-2.433923,63
53.615693,-2.422816,68
53.606204,-2.413527,68
53.565365,-2.425021,79
53.564879,-2.411592,75
53.559857,-2.427223,78
53.559997,-2.401712,75
53.561320,-2.423527,78
53.558791,-2.418116,75
53.573047,-2.420399,78
53.577945,-2.416073,79
53.572722,-2.409883,70
53.590130,-2.435758,82
53.589475,-2.430564,82
53.583473,-2.437040,83
53.593959,-2.428018,80
53.594034,-2.434904,81
53.593080,-2.440231,81
53.567800,-2.454564,80
53.565410,-2.453249,81
53.564359,-2.448098,83
53.561597,-2.454774,79
53.557758,-2.462974,74
53.559623,-2.451132,78
53.543317,-2.453642,68
53.568016,-2.458362,79
53.567279,-2.478399,64
53.568753,-2.471651,69
53.576805,-2.477233,60
53.571441,-2.459932,77
53.563626,-2.464446,71
53.592946,-2.488883,61
53.594507,-2.474893,66
53.585912,-2.472346,69
53.583739,-2.467898,70
53.577998,-2.493983,54
53.578866,-2.463117,67
53.561150,-2.433095,79
53.562700,-2.437780,80
53.571286,-2.430842,84
53.573661,-2.441076,85
53.571525,-2.448656,82
53.569815,-2.441746,85
53.566881,-2.437919,84
53.567971,-2.446916,84
53.564770,-2.443297,85
53.554210,-2.389325,73
53.554076,-2.410680,75
53.553813,-2.400734,77
53.549590,-2.407622,79
53.548617,-2.394349,80
53.546613,-2.402065,79
53.543097,-2.416096,76
53.544916,-2.408780,78
53.540494,-2.405327,76
53.596282,-2.450164,77
53.595055,-2.444692,79
53.587718,-2.442681,81
53.590693,-2.447868,80
53.581733,-2.454173,78
53.585951,-2.450380,81
53.580951,-2.448153,81
53.575987,-2.449148,79
53.548742,-2.416561,77
53.552431,-2.418102,75
53.545245,-2.434307,66
53.550162,-2.429123,72
53.544067,-2.426050,70
53.556216,-2.439409,77
53.559771,-2.445079,78
53.558491,-2.431801,75
53.554878,-2.424035,72
53.601503,-2.550094,74
53.595937,-2.542649,72
53.593750,-2.535337,71
53.607144,-2.518859,58
53.591048,-2.510035,60
53.588530,-2.528712,70
53.589895,-2.522198,67
53.605249,-2.541525,66
53.604898,-2.548549,70
53.599525,-2.544249,73
53.549924,-2.499865,64
53.543661,-2.483578,60
53.544153,-2.508519,67
53.549770,-2.517848,74
53.542196,-2.516377,71
53.536351,-2.472318,62
53.569115,-2.487422,57
53.557387,-2.479736,59
53.559339,-2.469425,68
53.554483,-2.514519,69
53.542075,-2.395930,79
53.541339,-2.369720,63
53.541108,-2.353841,60
53.542896,-2.379515,73
53.546569,-2.384930,78
53.536865,-2.383916,70
53.533370,-2.370580,65
53.537391,-2.375997,71
53.548889,-2.368936,60
53.563894,-2.374654,71
53.559987,-2.382244,70
53.564883,-2.366035,70
53.559649,-2.359653,67
53.556292,-2.375645,67
53.557590,-2.365982,69
53.566996,-2.390352,61
53.568336,-2.371663,67
53.591417,-2.466058,73
53.589522,-2.475237,68
53.590476,-2.459431,76
53.587266,-2.457274,77
53.582786,-2.458142,75
53.610967,-2.483482,60
53.593133,-2.455120,78
53.591363,-2.407494,74
53.590383,-2.417483,73
53.587993,-2.408570,75
53.594234,-2.410855,72
53.587825,-2.401810,71
53.582660,-2.405946,73
53.578151,-2.406750,72
53.531078,-2.523450,61
53.531641,-2.534194,59
53.536713,-2.515727,65
53.550454,-2.527870,72
53.540496,-2.546413,59
53.544529,-2.523117,71
53.544897,-2.533840,68
53.539093,-2.523166,67
53.549397,-2.272467,70
53.549122,-2.286059,76
53.544381,-2.282976,77
53.547967,-2.280304,72
53.562612,-2.259008,71
53.553095,-2.273101,70
53.593110,-2.316013,79
53.587852,-2.315201,76
53.592750,-2.331060,67
53.596855,-2.348513,59
53.586797,-2.326845,70
53.586876,-2.334290,65
53.593085,-2.322644,73
53.602742,-2.258803,63
53.599860,-2.266860,69
53.607798,-2.278439,74
53.594480,-2.268244,71
53.596192,-2.282249,79
53.593935,-2.277833,79
53.601329,-2.274872,69
53.601738,-2.306643,70
53.600661,-2.318825,76
53.600565,-2.327053,71
53.598918,-2.311832,78
53.613278,-2.310585,62
53.610163,-2.320447,64
53.606082,-2.305491,64
53.604655,-2.319151,69
53.549123,-2.248161,54
53.542952,-2.269061,73
53.541480,-2.278926,77
53.538373,-2.275759,81
53.536149,-2.270846,80
53.534891,-2.277673,81
53.532340,-2.272247,80
53.609869,-2.297256,65
53.610101,-2.288500,67
53.604776,-2.294883,73
53.598631,-2.298038,77
53.600128,-2.289527,78
53.624224,-2.299271,53
53.618138,-2.288717,56
53.540600,-2.292200,78
53.543305,-2.306580,65
53.539099,-2.324937,58
53.543835,-2.297036,79
53.556511,-2.291224,76
53.552530,-2.290444,75
53.550162,-2.301027,74
53.562482,-2.343966,72
53.573200,-2.310858,67
53.563765,-2.310161,69
53.566806,-2.304383,65
53.565108,-2.320352,76
53.561249,-2.350941,68
53.563870,-2.337799,76
53.566965,-2.332411,75
53.575449,-2.342146,67
53.575834,-2.326317,68
53.574409,-2.363498,63
53.570293,-2.365761,64
53.569762,-2.348914,67
53.569351,-2.338859,73
53.567095,-2.344994,69
53.586752,-2.362092,59
53.584679,-2.344356,63
53.559463,-2.298136,75
53.560879,-2.330057,77
53.559386,-2.320292,77
53.552116,-2.342596,62
53.553993,-2.307167,72
53.549927,-2.312835,71
53.552696,-2.321450,71
53.650441,-2.317572,68
53.656006,-2.304288,58
53.646323,-2.322552,68
53.642415,-2.310956,64
53.643792,-2.327608,67
53.633091,-2.329355,61
53.635878,-2.321064,55
53.647831,-2.348890,59
53.632064,-2.309307,48
53.626856,-2.325598,56
53.591958,-2.288002,82
53.584070,-2.305249,75
53.588344,-2.285249,79
53.589663,-2.300957,81
53.585158,-2.287661,74
53.584736,-2.293384,78
53.578736,-2.304831,70
53.521502,-2.293569,69
53.517266,-2.291261,71
53.520694,-2.277724,80
53.536502,-2.289944,81
53.529622,-2.303906,75
53.529969,-2.283107,82
53.525651,-2.288710,73
53.521989,-2.285791,73
53.527590,-2.267996,82
53.526321,-2.252528,77
53.523022,-2.259205,79
53.522793,-2.269938,80
53.520616,-2.262496,80
53.518880,-2.269357,81
53.528241,-2.275557,81
53.625442,-2.331748,59
53.620412,-2.360733,46
53.629976,-2.342866,58
53.618231,-2.335541,60
53.607220,-2.330893,65
53.612707,-2.339569,64
53.608379,-2.341982,63
53.601548,-2.339912,62
53.575308,-2.272448,64
53.562657,-2.288875,70
53.561582,-2.278924,69
53.566182,-2.274564,63
53.557964,-2.284267,71
53.578606,-2.291529,69
53.569963,-2.296683,69
53.470606,-2.208636,79
53.464908,-2.214401,86
53.470889,-2.223059,86
53.471353,-2.233733,86
53.467853,-2.195601,79
53.379197,-2.284927,68
53.395786,-2.301085,68
53.392006,-2.290847,68
53.396304,-2.285137,71
53.393503,-2.279587,69
53.393903,-2.274163,67
53.386414,-2.280141,70
53.385060,-2.292464,67
53.425844,-2.239889,81
53.420576,-2.263424,71
53.418906,-2.248415,75
53.422685,-2.256492,74
53.433762,-2.259321,74
53.428409,-2.274978,77
53.424800,-2.248067,79
53.427348,-2.264000,76
53.395532,-2.265321,68
53.392778,-2.259368,71
53.390630,-2.266499,71
53.387090,-2.271486,72
53.387603,-2.259288,74
53.382497,-2.271101,74
53.384180,-2.262783,76
53.484680,-2.184023,79
53.486829,-2.173234,77
53.482069,-2.174193,80
53.488889,-2.177816,75
53.536754,-2.232777,70
53.537229,-2.213337,76
53.537650,-2.223148,73
53.530603,-2.218675,76
53.534066,-2.236364,71
53.530312,-2.228466,74
53.527752,-2.234650,70
53.476277,-2.202284,79
53.475581,-2.189160,80
53.477174,-2.180285,78
53.407749,-2.306602,71
53.402072,-2.274067,67
53.401314,-2.302352,74
53.405598,-2.310996,70
53.407662,-2.290004,73
53.405193,-2.297691,72
53.402550,-2.286074,71
53.433958,-2.205231,79
53.427174,-2.203359,78
53.433433,-2.199909,78
53.429519,-2.208454,80
53.431218,-2.195916,77
53.426756,-2.213789,78
53.423036,-2.207892,77
53.421809,-2.214727,78
53.417768,-2.215826,79
53.473715,-2.237510,88
53.492725,-2.214392,81
53.491600,-2.222361,84
53.489154,-2.211009,79
53.531282,-2.206941,77
53.527030,-2.212531,77
53.525546,-2.203541,73
53.528774,-2.197436,73
53.521020,-2.196580,72
53.508509,-2.245242,86
53.503696,-2.236861,84
53.507078,-2.239377,84
53.500481,-2.241628,85
53.510751,-2.239223,85
53.442545,-2.278731,85
53.443004,-2.288102,79
53.445784,-2.284303,82
53.438924,-2.280072,83
53.440100,-2.274210,85
53.438707,-2.288872,79
53.437822,-2.267861,84
53.433995,-2.285950,78
53.434767,-2.272476,82
53.447388,-2.279003,83
53.533720,-2.252368,77
53.522216,-2.238134,74
53.520758,-2.252361,79
53.519647,-2.242348,80
53.517504,-2.227245,78
53.515969,-2.245247,85
53.515425,-2.237350,84
53.512964,-2.231081,81
53.413217,-2.220190,80
53.409763,-2.230387,76
53.403960,-2.235065,66
53.406689,-2.219877,74
53.421042,-2.236428,81
53.413894,-2.245202,77
53.420280,-2.226944,80
53.417904,-2.222738,81
53.416465,-2.230232,84
53.414611,-2.235924,79
53.446869,-2.239901,83
53.446561,-2.251802,79
53.447052,-2.228693,82
53.442586,-2.250957,78
53.448174,-2.243878,79
53.442673,-2.239624,81
53.444020,-2.225821,81
53.442748,-2.217999,83
53.467103,-2.184284,79
53.468100,-2.160523,81
53.466720,-2.155700,80
53.464601,-2.174087,81
53.466932,-2.168296,81
53.463106,-2.167343,82
53.460335,-2.158267,78
53.455435,-2.161640,78
53.454765,-2.177746,78
53.458810,-2.171110,81
53.455880,-2.185739,80
53.448159,-2.186279,84
53.448240,-2.179420,79
53.460116,-2.179896,82
53.505299,-2.204632,79
53.506611,-2.217745,80
53.513571,-2.211950,80
53.514876,-2.217693,77
53.516593,-2.207373,77
53.463244,-2.249029,86
53.466129,-2.239951,89
53.469149,-2.243217,88
53.468447,-2.255789,84
53.465590,-2.254875,84
53.436056,-2.181052,78
53.438548,-2.191891,82
53.438026,-2.201093,80
53.441866,-2.199495,82
53.446011,-2.195460,85
53.445480,-2.185436,84
53.443214,-2.191229,85
53.440561,-2.180637,82
53.515592,-2.199812,77
53.511167,-2.200018,77
53.509915,-2.190045,75
53.512538,-2.192574,78
53.509187,-2.204535,77
53.506116,-2.193252,74
53.516980,-2.190797,75
53.458327,-2.208081,84
53.457943,-2.215430,84
53.462124,-2.198044,81
53.455068,-2.192875,85
53.455349,-2.197687,86
53.459453,-2.188225,82
53.455651,-2.209281,85
53.453483,-2.201773,85
53.450268,-2.196611,83
53.463643,-2.207877,83
53.457277,-2.254297,82
53.456455,-2.231646,88
53.457098,-2.244653,84
53.454868,-2.241204,85
53.515441,-2.164589,77
53.512326,-2.174339,72
53.513398,-2.181875,74
53.519335,-2.175019,74
53.524316,-2.171629,72
53.521585,-2.180894,74
53.519124,-2.166730,74
53.518303,-2.159297,74
53.493172,-2.176566,70
53.502326,-2.184503,77
53.495031,-2.197522,71
53.499648,-2.171522,75
53.498330,-2.176671,76
53.495079,-2.166658,70
53.496080,-2.184064,74
53.411114,-2.293075,73
53.403908,-2.248534,72
53.411474,-2.272861,69
53.409024,-2.278601,73
53.412779,-2.284053,74
53.414904,-2.267092,73
53.412473,-2.255957,76
53.402381,-2.264074,72
53.437021,-2.236952,77
53.439449,-2.224279,80
53.434706,-2.245922,76
53.436588,-2.229238,82
53.433007,-2.236221,81
53.429060,-2.237783,82
53.430416,-2.232398,81
53.426276,-2.232548,80
53.439711,-2.232042,78
53.438305,-2.250417,78
53.447861,-2.206341,81
53.448483,-2.214703,82
53.456786,-2.221207,85
53.453926,-2.228824,88
53.452731,-2.216879,83
53.452800,-2.206858,83
53.453124,-2.225947,87
53.387337,-2.252075,75
53.384748,-2.247965,75
53.381179,-2.258077,76
53.380222,-2.246076,73
53.377949,-2.255320,73
53.375121,-2.245252,71
53.394490,-2.251232,70
53.447165,-2.273848,82
53.447863,-2.260103,79
53.449696,-2.268387,80
53.446237,-2.268246,81
53.441618,-2.260721,78
53.442467,-2.266963,83
53.454011,-2.262893,80
53.434194,-2.223911,81
53.432111,-2.215845,78
53.424143,-2.226674,78
53.430235,-2.225069,78
53.426032,-2.220917,76
53.437983,-2.219678,81
53.439416,-2.211160,80
53.436064,-2.210487,80
53.437286,-2.216379,80
53.376316,-2.262935,76
53.372862,-2.263297,75
53.372427,-2.271175,71
53.358404,-2.284629,68
53.366163,-2.250287,68
53.367820,-2.263360,69
53.378023,-2.277214,72
53.530102,-2.106068,77
53.531422,-2.099001,72
53.526667,-2.107840,75
53.520415,-2.106381,70
53.519488,-2.099642,68
53.524722,-2.098901,67
53.535978,-2.103531,80
53.543114,-2.149384,76
53.541436,-2.139868,81
53.544410,-2.167116,69
53.537162,-2.165680,69
53.537387,-2.144422,79
53.532360,-2.151106,76
53.548718,-2.165005,70
53.549427,-2.151621,71
53.552675,-2.165365,72
53.552702,-2.156039,70
53.552215,-2.135430,77
53.547548,-2.140008,79
53.558397,-2.155582,65
53.552376,-2.142998,71
53.528182,-2.154560,74
53.527421,-2.140296,78
53.528722,-2.149356,75
53.527505,-2.144320,77
53.529486,-2.166977,71
53.523954,-2.160842,72
53.521518,-2.152147,71
53.550497,-2.116339,80
53.546301,-2.124114,84
53.544862,-2.117351,85
53.548229,-2.130384,80
53.543850,-2.133262,82
53.541443,-2.126571,84
53.552792,-2.126399,79
53.572137,-2.102621,74
53.569142,-2.104410,71
53.591575,-2.103971,63
53.583038,-2.100506,70
53.586809,-2.115288,65
53.579059,-2.117150,64
53.576972,-2.104938,70
53.515393,-2.144140,76
53.510468,-2.153431,80
53.511465,-2.145546,76
53.504743,-2.132114,66
53.506716,-2.148999,75
53.498498,-2.142901,64
53.515130,-2.151856,81
53.509171,-2.168547,77
53.504625,-2.169989,77
53.510901,-2.160104,80
53.504790,-2.158596,78
53.501568,-2.157447,73
53.501054,-2.164166,72
53.496881,-2.158414,69
53.520942,-2.142152,80
53.516784,-2.125509,71
53.516835,-2.135962,79
53.518846,-2.129933,76
53.511555,-2.130930,66
53.525425,-2.133730,77
53.522033,-2.128666,78
53.529761,-2.085154,65
53.525455,-2.071654,62
53.547046,-2.068398,66
53.542353,-2.071029,69
53.533007,-2.066440,66
53.569898,-2.130453,69
53.565346,-2.141852,67
53.565874,-2.125672,75
53.561130,-2.133168,68
53.578987,-2.141967,64
53.576173,-2.127212,67
53.573120,-2.137317,63
53.560482,-2.103197,70
53.559899,-2.118382,78
53.565837,-2.109810,72
53.564494,-2.116481,77
53.557437,-2.129591,74
53.554426,-2.115653,77
53.571206,-2.117588,73
53.536595,-2.040070,55
53.542320,-2.023936,55
53.533712,-2.009914,61
53.530828,-1.959184,61
53.564503,-1.971560,43
53.558482,-2.003189,57
53.554418,-2.018431,58
53.535034,-2.052301,61
53.590711,-2.020726,31
53.572053,-2.023451,52
53.560030,-2.038815,50
53.550166,-2.057154,59
53.542294,-2.062599,65
53.538197,-2.063969,69
53.541427,-2.056341,63
53.553937,-2.087879,73
53.555628,-2.093692,72
53.539807,-2.101358,80
53.542768,-2.092457,78
53.538586,-2.096065,78
53.535938,-2.090624,76
53.535574,-2.084172,73
53.549411,-2.102887,77
53.545080,-2.108235,84
53.535599,-2.113049,81
53.530747,-2.119349,80
53.526803,-2.123771,77
53.528009,-2.117145,80
53.521042,-2.115016,76
53.522420,-2.120443,74
53.511674,-2.113906,66
53.588714,-2.088268,65
53.585466,-2.082820,64
53.584835,-2.069792,57
53.582438,-2.093864,73
53.580013,-2.092171,75
53.577403,-2.084764,67
53.572649,-2.094585,76
53.546147,-2.085444,77
53.546364,-2.076414,70
53.543901,-2.087165,78
53.540258,-2.081161,73
53.567716,-2.060840,52
53.560665,-2.071294,59
53.553521,-2.074836,68
53.554539,-2.081327,70
53.549551,-2.082620,75
53.537301,-2.120687,83
53.533668,-2.138749,78
53.533319,-2.123114,81
53.530282,-2.129183,76
53.531652,-2.135182,78
53.598554,-2.157566,73
53.597872,-2.143528,72
53.594911,-2.155952,70
53.589265,-2.152422,69
53.590815,-2.132261,63
53.602340,-2.143352,75
53.606872,-2.154960,79
53.602489,-2.162818,75
53.607941,-2.174493,73
53.605766,-2.167826,77
53.605333,-2.188645,67
53.603555,-2.154323,75
53.588075,-2.188722,66
53.593497,-2.178442,71
53.586235,-2.166424,68
53.580555,-2.173894,64
53.600027,-2.176330,71
53.598288,-2.187428,66
53.616897,-2.156037,80
53.621124,-2.165433,78
53.612852,-2.163394,78
53.609738,-2.158110,81
53.623980,-2.158614,78
53.623209,-2.167993,75
53.640313,-2.196082,54
53.636314,-2.159991,66
53.637074,-2.149933,66
53.635970,-2.167988,64
53.635810,-2.181931,56
53.629991,-2.174776,61
53.628650,-2.164072,70
53.629955,-2.152603,72
53.629940,-2.182919,60
53.597478,-2.227743,70
53.602106,-2.214180,74
53.635153,-2.238062,57
53.597760,-2.201231,71
53.593416,-2.217018,76
53.588875,-2.215490,75
53.582621,-2.219468,66
53.589602,-2.222440,74
53.587177,-2.229767,72
53.585168,-2.213574,71
53.585948,-2.203710,69
53.574631,-2.222734,63
53.592532,-2.228196,75
53.597818,-2.236731,66
53.595185,-2.248561,67
53.592414,-2.239266,72
53.590317,-2.245507,68
53.585313,-2.260878,65
53.585002,-2.240997,68
53.634190,-2.108316,60
53.630382,-2.105942,58
53.666581,-2.084852,41
53.650786,-2.112439,57
53.652242,-2.088628,58
53.642280,-2.064820,57
53.645101,-2.097559,67
53.640612,-2.108012,64
53.554973,-2.200437,76
53.563805,-2.192726,66
53.572313,-2.191359,68
53.561615,-2.209225,68
53.559850,-2.198729,73
53.556092,-2.206614,74
53.543319,-2.188008,70
53.533452,-2.185772,63
53.539095,-2.181746,66
53.546557,-2.194083,76
53.545883,-2.179320,73
53.542538,-2.176454,70
53.558514,-2.189145,72
53.557634,-2.175812,66
53.556217,-2.184839,71
53.552090,-2.195335,77
53.552912,-2.178025,75
53.551242,-2.185756,75
53.548608,-2.175216,73
53.567686,-2.168245,64
53.534836,-2.201489,74
53.535188,-2.193089,70
53.546687,-2.218682,67
53.543400,-2.229454,69
53.549490,-2.208038,77
53.540952,-2.203470,75
53.539620,-2.192624,70
53.560934,-2.214194,67
53.554460,-2.222860,60
53.554522,-2.213480,72
53.562136,-2.225457,57
53.620241,-2.100815,60
53.610482,-2.112409,70
53.611231,-2.100902,66
53.608914,-2.104316,70
53.611949,-2.119161,70
53.600961,-2.113368,65
53.610300,-2.060827,59
53.601564,-2.098524,67
53.606857,-2.138499,77
53.608527,-2.148138,80
53.600737,-2.135209,68
53.618199,-2.128506,71
53.607266,-2.126183,70
53.612156,-2.141453,77
53.612952,-2.135236,74
53.630619,-2.209021,52
53.634684,-2.229608,42
53.624486,-2.205868,59
53.621418,-2.214593,54
53.618166,-2.202876,59
53.609033,-2.207963,57
53.612890,-2.198580,55
53.611856,-2.188864,60
53.629932,-2.137775,69
53.624195,-2.132052,68
53.625111,-2.150638,75
53.625404,-2.140602,70
53.620333,-2.149155,78
53.617182,-2.141469,73
53.635728,-2.138889,64
53.626635,-2.196639,58
53.624327,-2.189611,64
53.623285,-2.176914,71
53.616654,-2.172509,74
53.622483,-2.183733,68
53.616201,-2.182003,66
53.640014,-2.125285,59
53.650896,-2.148303,57
53.636357,-2.129524,63
53.632306,-2.123061,63
53.662979,-2.131533,53
53.643255,-2.110946,61
53.481497,-2.339314,82
53.478627,-2.343474,78
53.479664,-2.351891,79
53.476638,-2.354008,77
53.479067,-2.359845,79
53.473721,-2.362823,74
53.470621,-2.377055,75
53.490795,-2.270914,77
53.499279,-2.265534,79
53.503375,-2.257350,81
53.506124,-2.250599,83
53.506457,-2.255739,83
53.503434,-2.264085,79
53.425883,-2.448402,57
53.434659,-2.445313,60
53.430273,-2.428287,62
53.420809,-2.443339,60
53.441285,-2.422346,67
53.449020,-2.456465,67
53.499649,-2.310352,78
53.496028,-2.306163,78
53.501128,-2.303674,71
53.499580,-2.325189,73
53.499579,-2.317336,75
53.496120,-2.322594,75
53.494301,-2.301423,80
53.494992,-2.312092,78
53.491981,-2.317848,77
53.485936,-2.336565,84
53.486197,-2.349425,79
53.494155,-2.331731,74
53.494395,-2.348538,74
53.489475,-2.333661,80
53.491045,-2.342767,78
53.491543,-2.354561,77
53.483417,-2.355613,81
53.455844,-2.418716,62
53.462551,-2.402617,62
53.453719,-2.413077,65
53.450847,-2.409612,60
53.463465,-2.424589,63
53.446350,-2.413757,64
53.447221,-2.424571,65
53.514132,-2.252151,82
53.516128,-2.267252,80
53.511956,-2.275061,71
53.514466,-2.259935,79
53.508083,-2.263332,79
53.511246,-2.251608,83
53.510599,-2.284801,66
53.505099,-2.283049,72
53.484494,-2.294663,85
53.484143,-2.298886,84
53.487765,-2.295463,85
53.535339,-2.434387,70
53.533296,-2.422625,75
53.526037,-2.432387,68
53.529353,-2.441131,69
53.526049,-2.418124,75
53.537711,-2.429878,70
53.538459,-2.419929,72
53.475540,-2.276614,81
53.519114,-2.328976,76
53.513501,-2.328744,77
53.513882,-2.335713,79
53.510216,-2.313021,68
53.508903,-2.324870,76
53.532677,-2.347057,63
53.527487,-2.337127,69
53.523532,-2.315929,69
53.519384,-2.319632,70
53.495430,-2.292705,84
53.490667,-2.282694,84
53.487009,-2.282809,85
53.498254,-2.284946,78
53.515806,-2.341407,79
53.513980,-2.358277,77
53.520349,-2.343198,75
53.512502,-2.346259,78
53.508426,-2.346338,78
53.521774,-2.354888,73
53.522171,-2.338624,76
53.518131,-2.354399,75
53.500506,-2.335802,72
53.498682,-2.358722,69
53.500122,-2.345649,71
53.504225,-2.351254,72
53.506122,-2.332256,77
53.506390,-2.315514,72
53.507964,-2.338841,77
53.504600,-2.320857,75
53.535092,-2.404105,73
53.533335,-2.413438,74
53.531901,-2.418868,76
53.529300,-2.411619,78
53.530281,-2.394206,74
53.527167,-2.402046,79
53.522546,-2.423390,70
53.520327,-2.413367,69
53.519517,-2.378062,71
53.519675,-2.394210,78
53.515463,-2.408746,70
53.515764,-2.382296,72
53.514584,-2.396797,71
53.510120,-2.413958,67
53.511062,-2.404527,65
53.522226,-2.403447,78
53.485408,-2.323834,78
53.489790,-2.301832,80
53.488636,-2.312192,78
53.479023,-2.302688,81
53.491525,-2.324704,77
53.493458,-2.366294,71
53.488131,-2.372056,73
53.490857,-2.362737,75
53.487278,-2.363308,74
53.482085,-2.363038,79
53.481255,-2.369510,74
53.480450,-2.377093,69
53.474987,-2.390366,67
53.492911,-2.376015,66
53.502386,-2.413030,67
53.505579,-2.414314,67
53.503799,-2.425188,66
53.490994,-2.411830,62
53.493162,-2.383815,61
53.498262,-2.424794,62
53.510136,-2.378027,65
53.505767,-2.368141,59
53.507683,-2.360410,70
53.419774,-2.122713,69
53.430518,-2.117489,72
53.431971,-2.096139,68
53.424311,-2.100410,75
53.430797,-2.088106,67
53.425244,-2.090129,67
53.421689,-2.105034,75
53.416597,-2.130830,68
53.420513,-2.116205,73
53.417803,-2.102562,73
53.427977,-2.131780,71
53.430991,-2.140630,67
53.425306,-2.138197,70
53.434566,-2.135156,65
53.418435,-2.142841,73
53.393427,-2.164352,75
53.397585,-2.160366,81
53.389566,-2.180893,71
53.393882,-2.177814,71
53.390185,-2.170366,72
53.398934,-2.168856,80
53.398349,-2.179025,76
53.401277,-2.159897,83
53.382665,-2.234324,67
53.397084,-2.227492,73
53.399795,-2.212701,79
53.394160,-2.241213,72
53.395263,-2.235398,74
53.388650,-2.228502,73
53.389803,-2.216809,77
53.389461,-2.207276,74
53.389352,-2.240538,75
53.384884,-2.221276,68
53.376035,-2.208487,73
53.396290,-2.197322,74
53.393127,-2.200430,73
53.393693,-2.191724,71
53.389694,-2.191139,71
53.384394,-2.183465,71
53.385096,-2.193803,72
53.381938,-2.208409,72
53.379608,-2.197390,77
53.379390,-2.190243,76
53.369225,-2.200253,71
53.372049,-2.194505,74
53.371825,-2.186104,77
53.370761,-2.207904,72
53.364771,-2.190412,75
53.365876,-2.181348,72
53.358934,-2.198594,71
53.361610,-2.182334,72
53.357435,-2.188423,70
53.376984,-2.182165,73
53.395619,-2.152456,81
53.390170,-2.150899,76
53.387242,-2.164869,70
53.387363,-2.158670,70
53.383688,-2.136699,76
53.387397,-2.145209,76
53.383541,-2.149019,68
53.394350,-2.157503,79
53.370438,-2.117568,68
53.369731,-2.135362,66
53.366305,-2.122967,65
53.368910,-2.157299,64
53.362803,-2.146551,59
53.361744,-2.157330,65
53.379539,-2.152065,63
53.374018,-2.153596,61
53.375580,-2.143704,65
53.375237,-2.134644,69
53.373844,-2.122725,70
53.402231,-2.172763,81
53.405347,-2.174245,80
53.399889,-2.191255,73
53.401507,-2.199226,73
53.401215,-2.179229,78
53.403181,-2.190641,75
53.405915,-2.165959,84
53.404124,-2.182371,76
53.398108,-2.134053,75
53.394317,-2.143250,77
53.394190,-2.122867,71
53.394180,-2.128743,72
53.391125,-2.119939,69
53.388235,-2.122288,73
53.391970,-2.136833,77
53.388724,-2.131162,78
53.401495,-2.121902,70
53.397453,-2.117184,66
53.386381,-2.115812,70
53.393744,-2.100771,58
53.380072,-2.112797,70
53.386201,-2.106129,58
53.381998,-2.123455,79
53.378728,-2.103133,63
53.378866,-2.125070,76
53.373799,-2.108786,67
53.374719,-2.093591,60
53.392896,-2.108794,58
53.375550,-2.223677,68
53.371322,-2.231957,71
53.370355,-2.215681,70
53.366018,-2.223003,66
53.362587,-2.211318,66
53.365920,-2.232679,69
53.361111,-2.228123,66
53.376353,-2.235659,65
53.409323,-2.207659,79
53.409788,-2.186290,72
53.415242,-2.190477,78
53.413286,-2.198525,75
53.410913,-2.179598,74
53.408972,-2.194765,70
53.415276,-2.208011,77
53.420501,-2.184285,79
53.418424,-2.179833,78
53.413360,-2.173319,78
53.428807,-2.169519,76
53.423651,-2.174855,80
53.425172,-2.184619,79
53.426636,-2.190848,76
53.427996,-2.178179,80
53.419375,-2.193117,77
53.421036,-2.201734,75
53.432927,-2.181899,77
53.411014,-2.135388,76
53.406034,-2.138516,76
53.406387,-2.146572,79
53.405549,-2.128488,69
53.403102,-2.150204,81
53.403765,-2.133233,73
53.399503,-2.138543,76
53.398670,-2.146336,77
53.391755,-2.079347,68
53.395208,-2.070026,72
53.415312,-2.033412,54
53.403289,-2.043904,58
53.403043,-2.078644,64
53.403980,-2.061156,65
53.398318,-2.088287,63
53.396103,-2.061248,73
53.448924,-2.155941,76
53.447800,-2.166438,73
53.446851,-2.151133,71
53.445136,-2.157493,76
53.443358,-2.168753,72
53.442783,-2.150084,70
53.437353,-2.150210,76
53.439586,-2.161719,77
53.441605,-2.158730,76
53.429607,-2.151220,75
53.451710,-2.160730,75
53.410835,-2.075270,62
53.421037,-2.057677,53
53.408808,-2.096357,71
53.412441,-2.089723,72
53.407243,-2.111441,63
53.413420,-2.110456,68
53.420515,-2.084169,65
53.415996,-2.083083,70
53.417219,-2.109862,74
53.363318,-2.062609,57
53.367188,-2.066904,58
53.395135,-2.021535,38
53.388933,-2.051519,61
53.389408,-2.061949,69
53.388571,-2.072207,63
53.378028,-2.061490,54
53.368165,-2.077647,56
53.424369,-2.149354,73
53.423168,-2.159416,78
53.421428,-2.166708,80
53.415390,-2.166557,83
53.415650,-2.159820,82
53.437341,-2.170243,74
53.431809,-2.166425,73
53.434656,-2.161543,78
53.429532,-2.157982,75
53.353889,-2.178311,66
53.356697,-2.169647,68
53.353556,-2.164598,67
53.339951,-2.167438,51
53.378741,-2.163280,64
53.382760,-2.172074,62
53.373220,-2.173765,67
53.367202,-2.168038,66
53.360261,-2.172797,69
53.353966,-2.154264,64
53.502516,-2.086791,72
53.500147,-2.093159,75
53.499544,-2.083175,76
53.501794,-2.069610,67
53.501852,-2.059788,63
53.512485,-2.073200,67
53.509393,-2.082588,65
53.507243,-2.093806,69
53.490612,-2.085074,82
53.489509,-2.076924,78
53.484906,-2.081643,77
53.493752,-2.070565,75
53.498225,-2.074820,74
53.496498,-2.082627,77
53.493714,-2.081219,81
53.488686,-2.096456,81
53.494738,-2.091524,80
53.487732,-2.112197,78
53.479341,-2.117442,76
53.481129,-2.110248,77
53.503408,-2.103863,74
53.504435,-2.099745,70
53.500137,-2.115860,66
53.497353,-2.102988,78
53.499206,-2.109216,71
53.493971,-2.109364,74
53.494795,-2.099507,79
53.468649,-2.137607,69
53.476819,-2.131226,74
53.473886,-2.119459,73
53.471023,-2.124409,73
53.469704,-2.109877,73
53.464831,-2.119428,73
53.468624,-2.116100,75
53.482232,-2.130155,72
53.477936,-2.138719,77
53.462575,-2.105189,72
53.459406,-2.123739,75
53.460607,-2.113108,77
53.456042,-2.099481,71
53.456766,-2.112579,77
53.449681,-2.115163,74
53.453369,-2.106419,74
53.450491,-2.106044,71
53.448325,-2.094494,66
53.444195,-2.096382,65
53.445700,-2.104600,67
53.445138,-2.109034,71
53.442022,-2.116831,66
53.437823,-2.098689,62
53.438102,-2.106524,61
53.457723,-2.135678,66
53.451545,-2.119365,74
53.448662,-2.144876,67
53.452654,-2.151517,72
53.444624,-2.131645,68
53.455665,-2.144581,69
53.458816,-2.146320,74
53.453767,-2.125952,75
53.491587,-2.132408,66
53.489320,-2.144626,71
53.491706,-2.125563,61
53.486818,-2.136627,72
53.483645,-2.142112,78
53.478456,-2.161452,80
53.476865,-2.152678,81
53.478302,-2.145674,80
53.485661,-2.165914,77
53.482014,-2.154505,79
53.482367,-2.163833,80
53.483909,-2.149150,78
53.491526,-2.152987,69
53.489691,-2.162574,72
53.486069,-2.156482,74
53.469538,-2.097568,66
53.479284,-2.080075,70
53.476424,-2.094832,73
53.473112,-2.082435,70
53.477117,-2.087667,72
53.472000,-2.076158,71
53.471676,-2.089486,68
53.467670,-2.082161,69
53.480722,-2.093786,76
53.472928,-2.054066,67
53.476183,-2.062426,69
53.472667,-2.066874,69
53.469059,-2.068293,69
53.476519,-2.071393,73
53.479614,-2.052682,77
53.481665,-2.067553,75
53.448437,-2.051222,64
53.455482,-2.036732,57
53.453144,-2.064054,72
53.447976,-2.037943,57
53.450595,-2.070427,76
53.448880,-2.072806,77
53.443021,-2.062668,70
53.460388,-2.089961,70
53.463687,-2.070774,71
53.463339,-2.076989,74
53.465476,-2.062051,68
53.456778,-2.072735,75
53.458975,-2.081711,75
53.462672,-2.052425,60
53.459433,-2.062183,67
53.446129,-2.085558,73
53.451862,-2.087682,76
53.445111,-2.074408,76
53.439494,-2.068916,69
53.442643,-2.079264,70
53.436517,-2.083279,64
53.433979,-2.051603,61
53.438660,-2.074144,70
53.465881,-1.988885,59
53.460471,-2.014830,60
53.465788,-1.998977,58
53.447412,-2.026286,58
53.444869,-2.012761,48
53.454747,-2.020150,61
53.526513,-2.037111,55
53.517895,-2.053201,64
53.522416,-2.042321,63
53.515556,-2.011220,60
53.512926,-2.029319,58
53.515605,-2.041627,65
53.509061,-2.040817,61
53.486738,-2.055667,77
53.501745,-2.032051,55
53.505035,-2.020031,53
53.496632,-2.049952,59
53.491939,-2.063381,70
53.491580,-2.055826,69
53.487164,-2.066434,77
53.490016,-2.040279,66
53.484987,-2.049133,76
53.484107,-2.037626,67
53.479925,-2.044828,71
53.468988,-2.037876,57
53.469981,-2.025249,53
53.493122,-2.001305,59
53.390586,-2.377193,66
53.389695,-2.354927,83
53.385138,-2.360382,80
53.381522,-2.352493,83
53.397061,-2.349083,80
53.393559,-2.364970,72
53.393461,-2.348600,82
53.371786,-2.373008,62
53.378787,-2.357156,77
53.376746,-2.336401,73
53.372075,-2.340908,70
53.376182,-2.362122,72
53.369617,-2.356195,65
53.397115,-2.412148,44
53.380392,-2.343185,80
53.401571,-2.352994,76
53.401590,-2.342481,76
53.406085,-2.363617,68
53.399515,-2.364007,70
53.399458,-2.337130,75
53.410597,-2.346625,71
53.411117,-2.365800,67
53.406025,-2.343545,76
53.414748,-2.321385,78
53.414223,-2.313909,72
53.415777,-2.307060,77
53.414946,-2.335185,74
53.412924,-2.330449,70
53.411483,-2.308209,70
53.409521,-2.339318,75
53.419917,-2.427793,57
53.413124,-2.426723,55
53.417079,-2.440251,55
53.425406,-2.393344,52
53.414105,-2.437598,56
53.460625,-2.257198,83
53.457988,-2.266219,81
53.461226,-2.265463,82
53.461271,-2.261853,82
53.456101,-2.271086,81
53.453935,-2.276008,81
53.453695,-2.268754,80
53.458684,-2.361784,76
53.455128,-2.349277,77
53.458449,-2.355392,78
53.454688,-2.342192,76
53.453788,-2.359010,80
53.469727,-2.337774,71
53.461062,-2.377910,67
53.460388,-2.369701,74
53.454770,-2.384240,67
53.456603,-2.393581,64
53.450513,-2.397808,67
53.443518,-2.404702,63
53.450653,-2.376439,73
53.446262,-2.371441,73
53.450458,-2.387024,70
53.445517,-2.381962,72
53.440484,-2.392629,70
53.439318,-2.371324,67
53.369089,-2.330684,61
53.372325,-2.317308,63
53.368268,-2.304917,59
53.362015,-2.312203,50
53.379257,-2.305402,60
53.381036,-2.335063,76
53.381987,-2.327406,68
53.452332,-2.293920,79
53.446097,-2.295454,77
53.442066,-2.299292,77
53.440767,-2.307510,79
53.456846,-2.283406,81
53.450952,-2.284148,82
53.428657,-2.332828,75
53.423501,-2.337851,75
53.428150,-2.326348,78
53.423615,-2.330790,78
53.416598,-2.339858,73
53.418980,-2.347301,69
53.413394,-2.349623,68
53.432102,-2.326013,75
53.449626,-2.330661,73
53.450476,-2.336286,75
53.462565,-2.311045,73
53.460731,-2.330276,74
53.453592,-2.327222,73
53.424180,-2.321739,82
53.424930,-2.311490,79
53.419710,-2.316132,78
53.419928,-2.325172,80
53.429416,-2.300314,73
53.432705,-2.311155,79
53.423415,-2.355874,65
53.417342,-2.355717,66
53.415420,-2.361272,62
53.430515,-2.347127,69
53.433956,-2.345814,72
53.428341,-2.353593,65
53.424396,-2.346675,70
53.417805,-2.299495,75
53.421162,-2.307148,79
53.415310,-2.295352,73
53.421194,-2.285396,73
53.411760,-2.300089,73
53.422762,-2.298024,76
53.441765,-2.318642,76
53.447945,-2.307918,81
53.450147,-2.313288,77
53.449136,-2.324191,73
53.447347,-2.318809,76
53.439927,-2.328353,73
53.460964,-2.290107,78
53.458036,-2.300159,79
53.463584,-2.276027,81
53.453205,-2.307545,76
53.401247,-2.327631,73
53.395441,-2.333504,75
53.392127,-2.329801,76
53.392763,-2.341192,79
53.385730,-2.342234,81
53.406315,-2.332188,73
53.405437,-2.325260,71
53.449673,-2.365562,79
53.450255,-2.351237,81
53.449872,-2.343487,79
53.440623,-2.351183,78
53.449030,-2.358954,80
53.445170,-2.355130,79
53.445030,-2.363560,75
53.397739,-2.314791,75
53.393576,-2.321595,75
53.395019,-2.310075,70
53.392138,-2.306290,67
53.389445,-2.307089,67
53.387488,-2.317459,72
53.407955,-2.320194,69
53.402265,-2.317805,72
53.511831,-2.584925,63
53.524033,-2.593143,67
53.503777,-2.594342,64
53.512056,-2.613182,63
53.504388,-2.582850,51
53.529270,-2.609979,66
53.522137,-2.600670,69
53.515361,-2.602353,67
53.496174,-2.614730,63
53.492957,-2.631095,73
53.493273,-2.619125,64
53.488374,-2.635941,75
53.487828,-2.623240,66
53.483520,-2.642637,72
53.483488,-2.626331,69
53.480792,-2.606992,64
53.483378,-2.600899,69
53.575775,-2.664624,68
53.583226,-2.649448,59
53.579902,-2.607238,53
53.582203,-2.628184,46
53.574376,-2.648323,56
53.572278,-2.577565,57
53.568219,-2.591292,57
53.559368,-2.579332,49
53.591653,-2.649060,55
53.586862,-2.659369,68
53.528425,-2.496046,73
53.533439,-2.493477,70
53.533505,-2.505847,67
53.525955,-2.506993,74
53.520434,-2.516460,65
53.518431,-2.493111,77
53.512295,-2.502561,70
53.491674,-2.484354,67
53.486096,-2.496249,67
53.505745,-2.482929,64
53.498267,-2.482083,64
53.499656,-2.449110,65
53.479997,-2.462224,57
53.496229,-2.495891,73
53.559797,-2.660308,66
53.565417,-2.658338,68
53.558115,-2.644744,74
53.555422,-2.658369,69
53.554357,-2.646341,77
53.553760,-2.651135,75
53.564131,-2.671635,59
53.563308,-2.645823,67
53.493757,-2.649901,71
53.507975,-2.644181,65
53.496324,-2.636131,68
53.489822,-2.651713,66
53.488719,-2.644286,75
53.501224,-2.656369,64
53.498014,-2.650127,68
53.498856,-2.642248,71
53.531017,-2.584725,72
53.535350,-2.558582,65
53.543717,-2.575299,71
53.536593,-2.590725,72
53.541919,-2.565327,69
53.532629,-2.571183,73
53.535039,-2.567228,72
53.527127,-2.577241,69
53.525674,-2.568484,65
53.524228,-2.550197,66
53.524331,-2.541719,61
53.524185,-2.558545,66
53.522502,-2.532073,58
53.515562,-2.530772,61
53.505872,-2.531067,68
53.512267,-2.536922,65
53.530749,-2.549336,63
53.530571,-2.561830,65
53.532170,-2.480206,70
53.525280,-2.463953,67
53.530399,-2.486079,72
53.527894,-2.476580,73
53.526006,-2.485504,77
53.520670,-2.482426,73
53.515075,-2.480258,76
53.515310,-2.463359,77
53.516544,-2.469687,77
53.490018,-2.513541,73
53.484728,-2.507315,69
53.492155,-2.522331,74
53.489479,-2.532622,69
53.485375,-2.521050,64
53.478180,-2.526727,60
53.476007,-2.546394,62
53.484514,-2.550080,61
53.465808,-2.559951,63
53.544059,-2.594911,68
53.543677,-2.622220,82
53.544558,-2.610792,74
53.542508,-2.597048,73
53.538692,-2.613484,73
53.530782,-2.624577,74
53.549964,-2.594645,68
53.571836,-2.685577,56
53.565179,-2.685244,56
53.569653,-2.701814,55
53.598137,-2.676050,58
53.586656,-2.682208,57
53.593448,-2.665486,65
53.577872,-2.687288,56
53.587958,-2.671298,66
53.584233,-2.697242,51
53.578561,-2.709996,52
53.514109,-2.551262,61
53.503703,-2.541606,66
53.499130,-2.534824,71
53.495000,-2.542556,65
53.498305,-2.527300,77
53.499039,-2.561272,55
53.496279,-2.523824,80
53.512250,-2.570004,55
53.502569,-2.510065,75
53.500972,-2.499714,72
53.495702,-2.508190,74
53.497716,-2.515895,80
53.502320,-2.522228,78
53.493615,-2.501545,78
53.512373,-2.522241,72
53.509358,-2.515717,71
53.505377,-2.519438,77
53.479424,-2.571996,60
53.487090,-2.579435,65
53.475325,-2.562191,61
53.476362,-2.591514,69
53.475563,-2.570132,60
53.475393,-2.588223,68
53.473582,-2.577116,63
53.473071,-2.600950,68
53.470207,-2.570669,64
53.462429,-2.588792,59
53.541695,-2.641140,76
53.547161,-2.657300,72
53.539813,-2.664504,73
53.541308,-2.656194,77
53.535464,-2.661476,74
53.536462,-2.669393,74
53.532820,-2.668430,72
53.543948,-2.681193,71
53.543404,-2.672699,72
53.535193,-2.682226,73
53.534591,-2.674384,74
53.550380,-2.675814,68
53.553368,-2.668828,70
53.547471,-2.708182,61
53.541812,-2.700205,60
53.530665,-2.704329,64
53.532450,-2.712129,64
53.520044,-2.720514,60
53.519742,-2.714104,60
53.508513,-2.687193,55
53.547237,-2.636314,79
53.552769,-2.627416,82
53.552963,-2.640321,77
53.567175,-2.634687,64
53.560258,-2.636715,71
53.558875,-2.631169,75
53.552749,-2.633660,82
53.503117,-2.465083,67
53.515068,-2.455850,68
53.518921,-2.447274,65
53.515336,-2.428094,66
53.510203,-2.436847,67
53.509839,-2.467068,71
53.510610,-2.450349,64
53.505549,-2.457453,67
53.507324,-2.448809,65
53.504355,-2.450837,66
53.547117,-2.623211,83
53.551563,-2.619891,78
53.556939,-2.600101,60
53.550085,-2.610792,69
53.555451,-2.619437,74
53.554547,-2.607430,67
53.547643,-2.616722,77
53.520202,-2.666800,65
53.518692,-2.677488,58
53.513254,-2.665797,58
53.552146,-2.691403,60
53.546816,-2.684561,65
53.542681,-2.686550,69
53.537309,-2.691216,72
53.527077,-2.665315,65
53.524704,-2.687197,64
53.525790,-2.671718,63
53.521502,-2.657528,70
53.530231,-2.656600,72
53.533012,-2.640655,69
53.527497,-2.640939,70
53.520333,-2.634741,65
53.527273,-2.650194,72
53.521821,-2.648730,69
53.516981,-2.645738,64
53.535174,-2.648071,73
53.439869,-2.866498,61
53.436552,-2.859989,62
53.434184,-2.864037,66
53.471526,-2.893221,67
53.469237,-2.864043,68
53.470333,-2.881222,68
53.466328,-2.880544,64
53.366610,-2.840540,63
53.373088,-2.803241,54
53.371694,-2.840271,60
53.366234,-2.827522,67
53.368477,-2.832705,64
53.394159,-2.814657,59
53.377171,-2.838425,64
53.362300,-2.829724,70
53.360912,-2.837890,71
53.353764,-2.821920,66
53.352662,-2.834101,67
53.366205,-2.848241,68
53.359722,-2.846665,70
53.357162,-2.839219,67
53.370525,-2.849496,67
53.474950,-2.873463,71
53.474567,-2.881372,71
53.479225,-2.877444,73
53.481503,-2.884608,71
53.459990,-2.851229,51
53.450341,-2.837355,50
53.434968,-2.819059,65
53.423257,-2.847442,69
53.416858,-2.844080,73
53.425407,-2.842595,69
53.423997,-2.837706,69
53.476563,-2.843286,66
53.486565,-2.877947,70
53.488256,-2.860380,66
53.413468,-2.859623,72
53.417732,-2.863021,73
53.415270,-2.852645,71
53.417978,-2.850444,72
53.420069,-2.859564,75
53.489745,-2.900559,58
53.482038,-2.897100,73
53.485761,-2.907311,67
53.486984,-2.891062,70
53.492835,-2.896206,65
53.422420,-2.793781,71
53.421473,-2.800002,70
53.417840,-2.807238,66
53.427622,-2.791768,72
53.426044,-2.813454,69
53.421473,-2.824747,65
53.431719,-2.799284,73
53.427130,-2.864445,69
53.422686,-2.854672,73
53.400032,-2.846948,68
53.405761,-2.874348,67
53.404308,-2.861295,69
53.411399,-2.847738,71
53.407267,-2.842156,74
53.404361,-2.849394,67
53.410842,-2.820060,69
53.406359,-2.825222,67
53.404533,-2.834874,70
53.402802,-2.828636,66
53.413154,-2.831367,72
53.416876,-2.834900,72
53.417285,-2.822889,67
53.420454,-2.838380,72
53.411420,-2.881515,72
53.411400,-2.870476,71
53.410988,-2.876631,71
53.411386,-2.887021,74
53.412541,-2.866063,71
53.499540,-2.886224,52
53.499851,-2.892448,52
53.499351,-2.876228,52
53.495667,-2.882583,60
53.492923,-2.872239,61
53.490460,-2.884980,66
53.417065,-2.787514,66
53.414754,-2.806102,69
53.426580,-2.782104,66
53.422901,-2.785089,71
53.417999,-2.795893,71
53.408384,-2.793038,61
53.402714,-2.800647,57
53.392099,-2.766156,56
53.412974,-2.787440,61
53.411310,-2.801389,62
53.466796,-2.908443,60
53.483124,-2.904583,72
53.475757,-2.912056,65
53.476824,-2.902249,70
53.469133,-2.915493,67
53.400469,-2.962147,85
53.398358,-2.970681,86
53.391182,-2.971534,86
53.366696,-2.926928,75
53.383940,-2.949287,81
53.376924,-2.936876,76
53.383172,-2.943964,80
53.378398,-2.943749,80
53.379420,-2.922375,78
53.374817,-2.919083,75
53.379570,-2.932166,75
53.370722,-2.924880,76
53.367944,-2.938193,73
53.372334,-2.931482,78
53.370021,-2.856284,71
53.365608,-2.857842,69
53.375809,-2.888863,68
53.367082,-2.866628,67
53.368039,-2.894783,71
53.366499,-2.881778,69
53.359946,-2.886348,74
53.357214,-2.865155,71
53.358419,-2.853101,73
53.379637,-2.898710,75
53.423095,-2.945537,81
53.437744,-2.955955,76
53.433716,-2.962089,80
53.436329,-2.946911,75
53.432449,-2.948578,77
53.430877,-2.953200,80
53.429123,-2.955925,81
53.426904,-2.953147,82
53.425057,-2.949434,82
53.390459,-2.943919,80
53.390086,-2.927678,85
53.385723,-2.931954,79
53.392362,-2.946871,82
53.388207,-2.924464,85
53.390852,-2.936513,84
53.395539,-2.944612,85
53.392789,-2.933699,85
53.431245,-2.967601,81
53.428038,-2.971168,83
53.425524,-2.959595,83
53.422316,-2.957334,83
53.422159,-2.966032,83
53.413189,-2.903894,82
53.409411,-2.908524,82
53.412582,-2.897024,78
53.423890,-2.884553,70
53.417881,-2.902789,81
53.420533,-2.892499,78
53.417583,-2.884794,79
53.416973,-2.875996,76
53.412211,-2.910819,85
53.415275,-2.872104,74
53.405220,-2.903669,79
53.404807,-2.894035,75
53.400088,-2.903810,77
53.400744,-2.887466,76
53.399816,-2.894571,78
53.397111,-2.883227,74
53.394727,-2.891924,79
53.394532,-2.899905,79
53.391355,-2.885141,74
53.407912,-2.892124,75
53.406060,-2.910377,79
53.400273,-2.912077,80
53.402705,-2.917325,79
53.395427,-2.917541,84
53.395719,-2.909598,81
53.391608,-2.918364,84
53.390140,-2.910202,84
53.389165,-2.903942,81
53.388187,-2.916783,84
53.387017,-2.892225,71
53.382327,-2.915771,81
53.384389,-2.911416,83
53.385123,-2.900391,80
53.445739,-2.917365,78
53.442809,-2.913010,75
53.438560,-2.928030,77
53.439564,-2.934013,77
53.436232,-2.921518,77
53.433388,-2.928560,78
53.433501,-2.936618,76
53.444323,-2.947013,74
53.447348,-2.959323,79
53.443420,-2.957956,80
53.444677,-2.966040,83
53.441497,-2.969047,84
53.444217,-2.942336,74
53.445667,-2.951114,77
53.441818,-2.964957,83
53.439183,-2.965190,83
53.439042,-2.942789,76
53.430098,-2.914923,79
53.429603,-2.922447,80
53.430242,-2.905868,81
53.427054,-2.900548,78
53.423685,-2.908495,79
53.424356,-2.896087,77
53.440782,-2.902184,67
53.438102,-2.887360,68
53.437706,-2.910851,75
53.434257,-2.916070,75
53.437816,-2.897441,70
53.372820,-2.950992,77
53.374968,-2.945196,76
53.385796,-2.973350,81
53.384296,-2.967348,84
53.380299,-2.963148,83
53.428519,-2.871661,71
53.426714,-2.875852,73
53.429139,-2.882594,71
53.429666,-2.891877,72
53.422930,-2.872017,72
53.421826,-2.878750,76
53.419549,-2.871122,76
53.435169,-2.882328,70
53.432874,-2.874352,73
53.419088,-2.970593,83
53.417386,-2.959465,83
53.415334,-2.977714,82
53.472005,-2.939664,70
53.467715,-2.946847,77
53.470543,-2.924795,72
53.465341,-2.942445,72
53.469361,-2.932468,75
53.470234,-2.951866,78
53.465658,-2.951414,80
53.466692,-2.917995,71
53.459389,-2.934185,66
53.461017,-2.919378,73
53.459889,-2.893742,67
53.454476,-2.907219,70
53.462470,-2.904006,66
53.450588,-2.905721,72
53.454807,-2.886993,55
53.453035,-2.878579,53
53.450529,-2.894623,64
53.450378,-2.872866,54
53.446575,-2.901698,65
53.447330,-2.883909,56
53.442655,-2.875748,64
53.445934,-2.908375,74
53.393903,-2.965275,85
53.392660,-2.952687,84
53.387771,-2.953846,83
53.389761,-2.965898,85
53.389363,-2.960067,84
53.385250,-2.961081,85
53.395594,-2.956248,85
53.373027,-2.907255,73
53.368763,-2.900365,73
53.369775,-2.915279,74
53.368142,-2.906525,73
53.362641,-2.922868,73
53.364432,-2.913197,75
53.363854,-2.905573,75
53.356128,-2.913225,71
53.360171,-2.909296,78
53.378471,-2.909646,77
53.407838,-2.938721,84
53.409924,-2.949270,86
53.409285,-2.930046,80
53.419556,-2.951010,83
53.415815,-2.950416,84
53.415401,-2.943539,82
53.412844,-2.952125,86
53.412760,-2.944482,85
53.443340,-2.973612,83
53.440318,-2.978379,82
53.438827,-2.971152,84
53.435973,-2.976206,83
53.435346,-2.981541,81
53.433705,-2.972054,83
53.446147,-2.970928,83
53.392186,-2.838219,65
53.384853,-2.836034,63
53.389296,-2.845849,69
53.385862,-2.854844,72
53.382197,-2.828640,56
53.416739,-2.924973,83
53.417101,-2.913127,84
53.415656,-2.910104,84
53.407675,-2.918068,80
53.421673,-2.918868,82
53.419522,-2.918053,81
53.419573,-2.911930,83
53.397993,-2.927472,84
53.396657,-2.938266,86
53.395752,-2.933777,86
53.394307,-2.926276,84
53.402739,-2.926724,82
53.398784,-2.935392,84
53.401110,-2.923419,82
53.399701,-2.931737,84
53.447001,-2.938079,75
53.445415,-2.929854,78
53.446535,-2.922933,77
53.443684,-2.935591,76
53.449464,-2.917598,76
53.452651,-2.930108,74
53.451303,-2.922761,75
53.449136,-2.930357,75
53.347063,-2.892569,72
53.338361,-2.861196,68
53.349091,-2.899430,75
53.342192,-2.851864,69
53.360587,-2.897880,77
53.351005,-2.879491,77
53.357468,-2.902113,79
53.355286,-2.898901,81
53.413074,-2.957952,85
53.409120,-2.965755,87
53.408550,-2.957415,86
53.402734,-2.955857,85
53.340756,-2.846523,67
53.343669,-2.822286,60
53.343171,-2.838254,67
53.344865,-2.831388,64
53.339570,-2.831342,63
53.345169,-2.846854,68
53.417547,-2.937240,81
53.421612,-2.942181,81
53.422851,-2.929412,82
53.431648,-2.942556,75
53.429604,-2.933029,77
53.424659,-2.932706,81
53.427467,-2.929342,81
53.428734,-2.947057,79
53.426933,-2.940160,78
53.424467,-2.920978,82
53.396790,-2.873291,72
53.394289,-2.865670,73
53.392153,-2.854033,71
53.389447,-2.862359,73
53.404804,-2.884666,70
53.401959,-2.878565,69
53.396307,-2.863907,71
53.427599,-2.999380,77
53.433420,-2.990236,79
53.424421,-2.986913,80
53.467958,-2.958294,79
53.465329,-2.966236,77
53.463670,-2.963323,80
53.464151,-2.956091,81
53.461827,-2.966521,80
53.459156,-2.957709,78
53.460406,-2.969688,78
53.455218,-2.966657,80
53.454534,-2.957378,78
53.449802,-2.969740,81
53.450929,-2.962119,81
53.382942,-2.875489,72
53.379480,-2.861825,71
53.382485,-2.864645,72
53.375608,-2.870111,73
53.383301,-2.883371,68
53.374966,-2.856081,70
53.374985,-2.862249,72
53.374709,-2.875711,70
53.391684,-2.874446,71
53.387539,-2.867434,71
53.503228,-2.718876,55
53.480987,-2.683852,59
53.498026,-2.695783,55
53.496456,-2.669716,61
53.492809,-2.706464,57
53.487822,-2.714485,55
53.492009,-2.668948,61
53.490609,-2.676513,60
53.466245,-2.714565,64
53.465922,-2.709688,65
53.460390,-2.708567,68
53.465888,-2.692906,69
53.462857,-2.716909,64
53.463182,-2.701721,68
53.449383,-2.682987,64
53.448811,-2.693543,66
53.462394,-2.689813,61
53.457055,-2.694202,65
53.452946,-2.692072,67
53.451444,-2.701308,69
53.455094,-2.772842,62
53.460628,-2.779918,58
53.460874,-2.771109,64
53.456762,-2.793384,55
53.450780,-2.780588,55
53.429415,-2.772021,62
53.439568,-2.785678,65
53.444142,-2.772868,65
53.436491,-2.769296,69
53.441238,-2.757120,73
53.449113,-2.741999,75
53.449327,-2.763866,73
53.450276,-2.752310,77
53.444575,-2.758466,72
53.473303,-2.629875,65
53.460272,-2.678288,67
53.465566,-2.669097,70
53.462815,-2.656156,69
53.475517,-2.655480,65
53.469564,-2.672360,64
53.470505,-2.661171,69
53.468122,-2.685879,68
53.436612,-2.703747,71
53.440704,-2.712253,68
53.435360,-2.719123,70
53.432158,-2.713325,67
53.430673,-2.721921,68
53.473474,-2.729287,62
53.476034,-2.720531,63
53.478487,-2.739404,59
53.469847,-2.714952,62
53.466443,-2.734527,65
53.465246,-2.724803,67
53.482704,-2.728521,58
53.461187,-2.623375,70
53.445698,-2.614203,63
53.452053,-2.625935,71
53.452651,-2.600811,67
53.447950,-2.631391,69
53.447674,-2.624412,67
53.441139,-2.627958,59
53.453135,-2.644602,74
53.454214,-2.633560,74
53.463392,-2.635961,67
53.458402,-2.641311,71
53.458978,-2.628563,70
53.456251,-2.659773,71
53.457851,-2.730395,80
53.453119,-2.707501,71
53.453516,-2.727040,80
53.457549,-2.718041,77
53.450304,-2.715486,75
53.446395,-2.704337,68
53.456402,-2.751698,77
53.455893,-2.742774,80
53.454547,-2.758873,75
53.455776,-2.765267,69
53.452683,-2.750328,78
53.459618,-2.738417,79
53.502257,-2.779285,53
53.493572,-2.802268,57
53.497922,-2.786517,54
53.497715,-2.754372,38
53.518141,-2.781914,50
53.510824,-2.793124,54
53.410763,-2.755706,67
53.406170,-2.749290,61
53.422157,-2.774243,69
53.408601,-2.776873,71
53.422268,-2.768276,71
53.417339,-2.770835,73
53.416525,-2.757361,69
53.412062,-2.764980,67
53.423885,-2.719202,66
53.423422,-2.707819,63
53.408522,-2.695024,49
53.441043,-2.691649,65
53.427651,-2.712222,63
53.437167,-2.757359,72
53.440038,-2.765050,71
53.440043,-2.744882,63
53.432529,-2.761634,71
53.433376,-2.751180,68
53.418833,-2.715846,64
53.418725,-2.720598,67
53.415498,-2.739515,62
53.421560,-2.725444,66
53.434631,-2.732383,64
53.429740,-2.743640,60
53.471879,-2.791868,62
53.463428,-2.747240,73
53.466592,-2.757547,74
53.463269,-2.764493,67
53.458964,-2.757500,73
53.472705,-2.753928,66
53.599549,-3.034649,65
53.596065,-3.041430,59
53.597377,-3.063306,56
53.590260,-3.046304,56
53.591774,-3.035598,58
53.611376,-3.024449,62
53.605279,-3.044912,59
53.606745,-3.031745,65
53.625312,-3.016941,69
53.623896,-3.006777,69
53.619463,-3.009413,67
53.620694,-3.017916,68
53.617509,-3.022809,65
53.614946,-3.014830,65
53.633709,-3.010495,73
53.628849,-3.012135,70
53.494790,-3.053439,65
53.494504,-3.038627,71
53.501955,-3.050131,59
53.491425,-3.029935,78
53.490511,-3.038989,73
53.484813,-3.039924,74
53.480805,-3.042503,71
53.495946,-3.034054,72
53.656273,-2.989504,68
53.652959,-2.994540,73
53.675275,-2.970964,58
53.664942,-2.971587,63
53.668389,-2.976099,61
53.660144,-2.979300,64
53.669949,-2.995247,68
53.654316,-2.982617,67
53.468026,-3.011706,71
53.466637,-3.018411,71
53.474902,-3.036024,73
53.479003,-3.018524,76
53.476719,-3.024315,79
53.467413,-3.029696,74
53.475762,-3.030448,77
53.473835,-3.017911,73
53.451914,-2.976173,78
53.445133,-2.983172,82
53.447256,-2.976945,81
53.442231,-2.984678,80
53.455681,-2.988963,81
53.455506,-2.977262,78
53.454389,-2.983489,80
53.449809,-2.985912,81
53.647398,-2.994788,75
53.642041,-3.007160,75
53.636354,-3.033843,70
53.636941,-3.015547,69
53.632604,-3.030507,62
53.620184,-3.036409,64
53.472959,-2.993953,73
53.475038,-3.007596,74
53.473440,-3.003222,71
53.488236,-2.998712,68
53.483165,-2.997512,71
53.478302,-2.987619,69
53.478920,-2.998825,71
53.478322,-3.004083,66
53.475916,-2.993477,72
53.571742,-3.060714,61
53.569672,-3.085777,62
53.578181,-3.053035,58
53.563311,-3.047099,63
53.560282,-3.091262,60
53.556454,-3.074684,66
53.554084,-3.085576,62
53.549208,-3.072004,66
53.543709,-3.089877,57
53.639879,-3.000501,75
53.638829,-2.986012,69
53.641463,-2.993839,75
53.634105,-2.995714,71
53.636839,-3.005306,74
53.634306,-2.975693,66
53.634682,-2.986613,66
53.629803,-3.000798,69
53.627795,-2.983108,57
53.460527,-3.003119,75
53.462744,-3.011489,72
53.459770,-3.020578,73
53.457197,-2.997466,77
53.451995,-2.996645,79
53.454715,-3.005668,76
53.448046,-3.006857,77
53.442528,-2.995102,77
53.464345,-3.007284,73
53.461251,-2.990453,79
53.460544,-2.996397,78
53.473243,-2.983244,72
53.466864,-2.999939,76
53.463780,-2.996351,78
53.459568,-2.984043,76
53.494488,-3.003033,67
53.493416,-3.019439,75
53.508188,-3.031879,70
53.497527,-3.012665,70
53.496491,-2.997056,63
53.490929,-3.011987,71
53.489054,-3.006885,69
53.521428,-3.057307,42
53.675146,-2.946662,58
53.675508,-2.953145,57
53.669250,-2.949519,60
53.663636,-2.952840,60
53.664497,-2.962858,66
53.668649,-2.964269,63
53.658853,-2.972888,66
53.656802,-2.957800,64
53.686717,-2.963115,55
53.504152,-2.997931,65
53.504858,-2.978765,51
53.486331,-2.914273,61
53.501844,-2.912678,55
53.479126,-2.948605,68
53.488177,-2.941333,63
53.482882,-2.941247,66
53.481575,-2.931954,60
53.477135,-2.929369,60
53.479665,-2.960757,70
53.471315,-2.977089,73
53.475249,-2.968247,69
53.468171,-2.968343,74
53.466475,-2.981627,76
53.462474,-2.978941,78
53.459177,-2.976107,77
53.486238,-2.956090,68
53.481534,-2.975363,70
53.646549,-2.962215,64
53.644110,-2.969598,67
53.650674,-2.959271,65
53.645525,-2.988754,74
53.644811,-2.979078,71
53.639321,-2.968139,69
53.642235,-2.981976,71
53.651998,-2.971197,67
53.648651,-2.972301,68
53.648980,-2.981505,70
53.499750,-2.945642,67
53.503061,-2.945030,68
53.536241,-2.956937,50
53.529450,-2.944005,54
53.524855,-2.947764,63
53.518615,-2.956933,65
53.511865,-2.960181,64
53.513222,-2.947414,70
53.506190,-2.951025,68
53.503365,-2.939359,70
53.553473,-3.045729,63
53.530109,-3.039307,57
53.550670,-3.057082,67
53.551471,-3.064650,67
53.562213,-3.065490,68
53.559784,-3.054064,68
53.556791,-3.063661,72
53.555843,-3.051222,68
53.491943,-2.968637,64
53.491833,-2.960285,62
53.490217,-2.974492,66
53.489173,-2.983520,70
53.487507,-2.964506,67
53.485289,-2.971212,70
53.485326,-2.991304,70
53.484669,-2.985496,70
53.494469,-2.973925,60
53.492697,-2.982226,65
53.518954,-2.942159,70
53.517296,-2.934589,69
53.514005,-2.934722,71
53.508769,-2.918108,62
53.507404,-2.933995,72
53.524914,-2.932526,62
53.522012,-2.942930,66
53.479596,-3.027553,79
53.482915,-3.028309,76
53.487579,-3.027759,77
53.489228,-3.021609,77
53.486546,-3.014092,71
53.482411,-3.018566,76
53.483327,-3.012819,73
53.485234,-3.033900,75
53.349499,-3.043396,69
53.363280,-3.023607,74
53.360754,-3.010556,78
53.361869,-3.036096,73
53.360392,-3.018802,72
53.356280,-3.008271,81
53.357385,-3.022943,74
53.353177,-3.017296,76
53.348412,-3.020703,73
53.391326,-3.083088,66
53.403377,-3.077487,63
53.408570,-3.066121,72
53.402061,-3.056227,78
53.400761,-3.063843,76
53.402959,-3.082832,61
53.398974,-3.056180,80
53.392043,-3.032427,84
53.389897,-3.027326,85
53.387723,-3.035968,85
53.385427,-3.029272,84
53.382941,-3.029056,81
53.399375,-3.031423,82
53.334231,-2.972619,70
53.327931,-2.984942,69
53.332108,-2.985996,69
53.364004,-2.994152,71
53.362905,-3.000245,77
53.356797,-2.998229,80
53.344701,-2.990958,70
53.345187,-2.975201,64
53.321863,-3.033462,45
53.339852,-2.998605,67
53.340031,-3.008637,67
53.333792,-2.999426,60
53.321031,-2.999953,53
53.318617,-2.988258,58
53.310639,-2.986707,54
53.348403,-3.012651,76
53.348778,-3.002886,79
53.347041,-3.007895,77
53.343516,-3.007694,74
53.391727,-3.040262,82
53.394132,-3.049878,78
53.395928,-3.064823,79
53.391702,-3.058439,77
53.392454,-3.072232,65
53.387769,-3.048088,79
53.385550,-3.077878,66
53.383184,-3.075218,65
53.379622,-3.070959,65
53.320899,-2.957574,62
53.310916,-2.979637,59
53.313529,-2.975106,63
53.316294,-2.970321,66
53.305225,-2.969553,61
53.310545,-2.950005,63
53.325459,-2.978315,69
53.320916,-2.974467,65
53.318344,-2.982491,65
53.368541,-3.024121,78
53.372762,-3.025310,79
53.370532,-3.016851,78
53.368123,-3.010293,77
53.369421,-3.032009,75
53.365290,-3.013824,78
53.379541,-3.029216,82
53.376805,-3.030339,82
53.374084,-3.035926,81
53.330770,-3.106227,67
53.342801,-3.082119,58
53.333933,-3.099915,69
53.330303,-3.093087,68
53.329410,-3.075632,53
53.329827,-3.121016,48
53.332592,-3.086251,62
53.323537,-3.089409,63
53.318686,-3.108352,53
53.310899,-3.096589,50
53.338087,-3.112239,64
53.388738,-3.187068,65
53.393960,-3.179993,65
53.392295,-3.146908,57
53.378878,-3.189549,74
53.374094,-3.175918,71
53.371170,-3.184597,75
53.404101,-3.155582,57
53.400258,-3.164967,62
53.397428,-3.174412,65
53.389920,-3.170899,66
53.415663,-3.108609,58
53.412452,-3.089084,62
53.413326,-3.097915,63
53.405853,-3.095669,70
53.408074,-3.109154,68
53.401922,-3.105893,72
53.398613,-3.096640,68
53.419123,-3.087800,64
53.416935,-3.060119,75
53.417560,-3.050041,80
53.415143,-3.054410,76
53.416100,-3.045558,80
53.422206,-3.029142,74
53.421153,-3.040655,79
53.420651,-3.046320,81
53.421857,-3.035480,76
53.418651,-3.036277,77
53.418824,-3.030914,74
53.399773,-3.118859,72
53.398699,-3.128501,63
53.408374,-3.132429,51
53.392939,-3.126616,64
53.397038,-3.108294,70
53.395038,-3.116432,68
53.405293,-3.117531,71
53.403665,-3.126259,62
53.432957,-3.044087,76
53.438149,-3.040053,74
53.435347,-3.047237,75
53.427290,-3.034875,71
53.429654,-3.042602,78
53.431131,-3.035994,73
53.426541,-3.047131,77
53.425422,-3.040052,75
53.438449,-3.052331,72
53.438310,-3.042049,73
53.383466,-3.037639,83
53.385380,-3.052341,75
53.382953,-3.059834,70
53.379795,-3.047923,77
53.377517,-3.041900,79
53.379784,-3.035840,82
53.374747,-3.054424,73
53.376847,-3.061494,72
53.373011,-3.066883,68
53.371095,-3.042157,76
53.372689,-3.086148,72
53.370522,-3.053886,72
53.369700,-3.089167,72
53.366377,-3.063645,69
53.364255,-3.054241,68
53.366733,-3.044449,70
53.360782,-3.082797,59
53.357049,-3.095041,61
53.376319,-3.091018,72
53.377700,-3.150818,58
53.373533,-3.119153,67
53.373392,-3.164146,64
53.368376,-3.131718,61
53.368181,-3.156574,57
53.380003,-3.166948,65
53.382785,-3.125214,64
53.383518,-3.113062,69
53.376284,-3.111398,67
53.379738,-3.116256,69
53.378004,-3.134230,64
53.406791,-3.035080,73
53.409614,-3.045811,74
53.412362,-3.037838,75
53.412360,-3.028777,75
53.409416,-3.024049,72
53.405890,-3.019264,72
53.415225,-3.031804,77
53.414399,-3.040981,77
53.415657,-3.024212,75
53.412324,-3.024275,75
53.342982,-3.098398,64
53.362270,-3.112078,55
53.365324,-3.172734,63
53.366198,-3.182633,70
53.357728,-3.157597,39
53.349387,-3.135121,53
53.349186,-3.115963,61
53.355459,-3.102992,59
53.348877,-3.101288,63
53.343252,-3.109426,63
53.366566,-3.003526,76
53.372665,-3.001996,75
53.385836,-3.014886,82
53.380470,-3.021976,81
53.379229,-3.011131,79
53.376247,-3.022601,80
53.373140,-3.009192,79
53.374788,-3.017757,80
53.391971,-3.104560,70
53.387560,-3.094301,71
53.387361,-3.117157,65
53.382398,-3.088913,73
53.386324,-3.105476,73
53.379431,-3.100896,75
53.378627,-3.084114,71
53.373609,-3.077071,71
53.393197,-3.092709,64
53.390916,-3.115248,65
53.433024,-3.060001,72
53.431741,-3.068708,72
53.424075,-3.077088,73
53.430826,-3.054197,74
53.426474,-3.058265,77
53.420208,-3.063409,77
53.424510,-3.065930,79
53.425558,-3.051403,77
53.421584,-3.071732,76
53.421719,-3.055179,78
53.538605,-1.447039,70
53.543572,-1.456130,70
53.540711,-1.428701,59
53.543917,-1.445695,71
53.548558,-1.420989,56
53.550134,-1.447176,69
53.586184,-1.479575,59
53.580627,-1.478861,66
53.582881,-1.470573,62
53.577390,-1.469786,66
53.576110,-1.459900,67
53.587645,-1.369693,50
53.597579,-1.418198,51
53.598190,-1.383903,50
53.587061,-1.400773,57
53.572559,-1.381655,55
53.571299,-1.368843,52
53.560833,-1.466361,67
53.558819,-1.458123,66
53.555769,-1.478071,78
53.552328,-1.466771,75
53.547265,-1.475155,79
53.546784,-1.468043,76
53.550208,-1.482032,79
53.569340,-1.399555,48
53.586719,-1.415704,61
53.582793,-1.420168,64
53.571490,-1.430787,60
53.576182,-1.412097,65
53.574255,-1.422266,61
53.564106,-1.398155,52
53.541536,-1.377606,57
53.537288,-1.345732,47
53.547884,-1.393038,61
53.545163,-1.365279,57
53.536018,-1.380083,62
53.531280,-1.377620,62
53.564330,-1.348961,47
53.589942,-1.520746,53
53.594324,-1.498455,60
53.589227,-1.507816,60
53.587617,-1.529263,57
53.593729,-1.556623,55
53.580035,-1.548097,56
53.581209,-1.511478,60
53.581895,-1.494937,60
53.594498,-1.517425,55
53.524329,-1.332612,62
53.523671,-1.311617,64
53.517923,-1.307674,61
53.519147,-1.341662,57
53.516254,-1.323908,61
53.532452,-1.296999,66
53.524476,-1.292005,66
53.528865,-1.317707,68
53.550567,-1.311969,61
53.545921,-1.300008,61
53.546002,-1.326813,58
53.541372,-1.315761,63
53.538383,-1.302130,68
53.549786,-1.304909,57
53.552502,-1.319729,59
53.557471,-1.537048,56
53.565853,-1.514172,62
53.570273,-1.505579,65
53.549248,-1.526678,64
53.542404,-1.514669,60
53.538064,-1.535641,58
53.535591,-1.512905,55
53.575814,-1.531136,57
53.568242,-1.530020,58
53.494041,-1.425411,65
53.495633,-1.440118,67
53.492457,-1.450274,67
53.499792,-1.443451,70
53.505862,-1.439504,67
53.501424,-1.432573,69
53.499993,-1.421066,64
53.512329,-1.444285,64
53.497076,-1.461154,67
53.502923,-1.458638,66
53.515415,-1.466755,55
53.508878,-1.487518,63
53.567418,-1.457399,64
53.560963,-1.424573,60
53.557640,-1.433650,62
53.564015,-1.446986,62
53.557429,-1.445720,64
53.574952,-1.443299,61
53.560845,-1.496109,74
53.559489,-1.486636,74
53.562517,-1.478463,71
53.577393,-1.485782,67
53.541292,-1.480494,76
53.542394,-1.469196,72
53.539318,-1.496376,75
53.540664,-1.460311,69
53.548580,-1.487354,80
53.570815,-1.582186,39
53.538253,-1.558799,44
53.544200,-1.574520,45
53.488879,-1.528225,27
53.507328,-1.596028,39
53.514056,-1.565599,35
53.491788,-1.481520,57
53.538723,-1.626540,40
53.519818,-1.725615,24
53.526006,-1.660422,46
53.518008,-1.656921,51
53.524017,-1.630509,62
53.524952,-1.621295,57
53.518276,-1.637094,54
53.519765,-1.625664,57
53.595180,-1.437216,61
53.601147,-1.451268,65
53.595849,-1.462193,63
53.589680,-1.448785,62
53.583380,-1.453281,60
53.605948,-1.453315,62
53.592345,-1.472387,58
53.601381,-1.441075,64
53.556078,-1.494749,77
53.550203,-1.512378,68
53.552865,-1.490642,81
53.550330,-1.503033,71
53.546995,-1.495972,77
53.557073,-1.502936,74
53.525571,-1.413920,65
53.527474,-1.402428,70
53.532046,-1.399213,64
53.534495,-1.415117,60
53.515258,-1.400896,70
53.517236,-1.415466,65
53.521382,-1.409948,67
53.513974,-1.391478,62
53.506815,-1.407915,56
53.517159,-1.428469,58
53.526274,-1.455015,65
53.527197,-1.487727,63
53.537073,-1.473336,68
53.534996,-1.462838,70
53.533917,-1.439866,67
53.531003,-1.468300,67
53.569390,-1.192787,61
53.573577,-1.203876,55
53.564692,-1.206610,61
53.562299,-1.191320,64
53.589224,-1.209342,45
53.588952,-1.198464,53
53.588348,-1.191814,57
53.574548,-1.188704,57
53.587034,-1.184579,59
53.581942,-1.168142,59
53.580911,-1.194750,60
53.552019,-1.052972,60
53.554481,-1.066664,64
53.554149,-1.074207,63
53.545558,-1.070410,64
53.538076,-1.022970,58
53.540237,-1.055917,65
53.536193,-1.054053,67
53.526301,-1.059765,62
53.534259,-1.045501,59
53.527499,-1.039209,52
53.531814,-1.050910,61
53.623324,-1.171600,39
53.609606,-1.105503,24
53.629027,-1.151665,44
53.613184,-1.194509,40
53.611532,-1.159768,49
53.612327,-1.143164,47
53.629621,-1.187385,35
53.508434,-1.155838,70
53.502090,-1.136207,69
53.505741,-1.164230,67
53.502328,-1.166349,65
53.499336,-1.155223,67
53.498689,-1.161285,65
53.499338,-1.144541,61
53.497891,-1.167792,61
53.492693,-1.159214,57
53.563792,-1.171322,61
53.547377,-1.129194,49
53.560139,-1.140460,59
53.554488,-1.182930,58
53.550199,-1.139459,65
53.552378,-1.150585,65
53.547015,-1.150222,69
53.564705,-1.126504,56
53.540296,-1.164861,67
53.543109,-1.155745,67
53.539561,-1.148978,71
53.545652,-1.166322,64
53.536013,-1.154928,69
53.532626,-1.146147,70
53.548094,-1.174463,60
53.548500,-1.161369,63
53.500027,-1.094934,56
53.505263,-1.087366,59
53.506562,-1.073051,60
53.498874,-1.083098,58
53.504478,-1.079718,62
53.519116,-1.075756,58
53.513510,-1.092820,63
53.510655,-1.074687,61
53.521971,-1.144394,72
53.514135,-1.131071,78
53.516952,-1.154967,67
53.517668,-1.138955,80
53.513029,-1.147583,73
53.505850,-1.123934,73
53.509743,-1.149791,73
53.486481,-1.227163,64
53.478788,-1.221839,58
53.482834,-1.246600,62
53.482488,-1.238880,65
53.477852,-1.235354,60
53.475225,-1.245355,59
53.489651,-1.238793,63
53.485846,-1.274912,54
53.487202,-1.251055,58
53.473297,-1.177576,60
53.490681,-1.187283,62
53.483766,-1.192336,65
53.481697,-1.183971,58
53.478941,-1.197731,62
53.470724,-1.193841,61
53.500302,-1.176783,61
53.499247,-1.187167,60
53.580912,-0.996368,56
53.588433,-1.008233,57
53.575972,-1.013892,59
53.578816,-1.024384,57
53.550002,-0.980625,21
53.576806,-1.005883,58
53.567399,-0.937148,38
53.565542,-1.011682,53
53.565430,-1.034387,51
53.570562,-1.023808,54
53.584704,-1.021914,58
53.530431,-1.097441,69
53.532930,-1.104184,72
53.531617,-1.083251,67
53.528447,-1.108072,72
53.526127,-1.101415,69
53.526323,-1.093596,64
53.536547,-1.097510,72
53.496299,-1.289321,68
53.501487,-1.284569,62
53.499329,-1.295881,66
53.498543,-1.304808,68
53.499386,-1.272657,61
53.496257,-1.282912,67
53.494655,-1.295948,69
53.492875,-1.281455,66
53.498732,-1.257169,56
53.504753,-1.269830,58
53.528800,-1.175530,64
53.534738,-1.165342,69
53.523592,-1.244758,43
53.527118,-1.154348,66
53.518012,-1.162884,58
53.535803,-1.270363,46
53.571690,-1.257118,40
53.537550,-1.188075,67
53.535327,-1.171982,66
53.474979,-1.075702,59
53.471782,-1.065085,56
53.476450,-1.080564,61
53.477889,-1.088247,56
53.465505,-1.049732,51
53.474575,-1.070056,58
53.482801,-1.051185,55
53.467063,-1.077140,57
53.480954,-1.067249,58
53.500638,-0.972554,36
53.507328,-1.010559,46
53.511119,-1.035272,48
53.482328,-0.994903,33
53.518026,-1.018350,49
53.504828,-1.065070,53
53.499841,-1.061325,52
53.492925,-1.064261,48
53.500491,-1.070691,59
53.453880,-1.021493,46
53.432723,-1.027208,53
53.476019,-1.130627,46
53.430330,-1.123335,52
53.453122,-1.203263,31
53.445861,-1.085762,48
53.432315,-1.102940,53
53.432416,-1.116682,52
53.517106,-1.197963,46
53.520286,-1.170686,53
53.513064,-1.179959,49
53.498196,-1.219957,56
53.566238,-1.056183,56
53.561815,-1.060930,58
53.560273,-1.069351,63
53.572009,-1.081825,53
53.631437,-1.021389,23
53.594266,-1.043965,55
53.602066,-1.017019,53
53.598527,-1.028077,57
53.592792,-1.022931,58
53.584690,-1.062445,52
53.573648,-1.060860,47
53.625531,-0.925316,49
53.632778,-0.937347,46
53.626300,-0.947905,51
53.622300,-0.943938,52
53.619041,-0.964144,56
53.616110,-0.956260,60
53.610004,-0.955547,64
53.612608,-0.966066,63
53.617097,-0.974497,56
53.602389,-0.954357,55
53.608737,-0.948652,59
53.516328,-1.118859,75
53.516687,-1.103899,72
53.528718,-1.118702,77
53.522623,-1.117777,76
53.525265,-1.110457,73
53.539039,-1.086499,70
53.536173,-1.113139,69
53.543414,-1.106876,69
53.534914,-1.120512,72
53.532578,-1.124790,74
53.528086,-1.133923,77
53.547911,-1.088301,63
53.362461,-1.219102,59
53.363188,-1.235905,57
53.358860,-1.211081,60
53.352760,-1.202470,55
53.344540,-1.228897,53
53.354456,-1.213196,56
53.346269,-1.219569,53
53.340108,-1.181013,36
53.380689,-1.304400,54
53.367014,-1.317660,64
53.369858,-1.314338,61
53.370181,-1.308661,63
53.368967,-1.286330,58
53.365124,-1.328622,63
53.360524,-1.308552,61
53.361148,-1.315013,65
53.356024,-1.311841,58
53.421623,-1.344403,69
53.414807,-1.371972,64
53.422432,-1.357981,71
53.409981,-1.346862,56
53.418640,-1.338485,70
53.421448,-1.351545,74
53.430998,-1.253175,63
53.426078,-1.275910,67
53.429572,-1.271116,64
53.423042,-1.267187,67
53.422231,-1.248301,55
53.421171,-1.283222,68
53.417063,-1.271739,64
53.422411,-1.288624,67
53.420405,-1.262261,62
53.411013,-1.281007,58
53.439219,-1.259155,49
53.451983,-1.272171,53
53.510374,-1.381327,61
53.505799,-1.379579,57
53.478503,-1.403869,40
53.507353,-1.364325,62
53.499776,-1.370475,60
53.388610,-1.374567,54
53.380770,-1.340475,48
53.389335,-1.344972,53
53.404960,-1.361226,63
53.407059,-1.372832,64
53.404126,-1.368954,63
53.404743,-1.378702,64
53.399302,-1.353510,59
53.399173,-1.370003,60
53.421993,-1.327660,72
53.419704,-1.315401,67
53.424364,-1.318136,66
53.416473,-1.319705,66
53.415528,-1.330209,67
53.411466,-1.333067,60
53.433428,-1.355910,79
53.430344,-1.377261,74
53.432587,-1.368004,75
53.436475,-1.380514,73
53.426410,-1.383495,71
53.445066,-1.300631,61
53.465994,-1.282020,56
53.442510,-1.306427,66
53.437107,-1.313185,62
53.428119,-1.301726,62
53.431677,-1.275741,63
53.427987,-1.285012,65
53.445910,-1.288387,53
53.446048,-1.364523,61
53.451549,-1.372730,59
53.449246,-1.382961,60
53.458108,-1.367127,62
53.453950,-1.388967,58
53.453730,-1.381420,59
53.427136,-1.329814,72
53.430632,-1.320187,68
53.442119,-1.334474,73
53.447892,-1.321524,66
53.438236,-1.325663,71
53.433595,-1.323584,69
53.442427,-1.384949,66
53.437024,-1.389765,69
53.439753,-1.398000,65
53.439890,-1.417588,59
53.432947,-1.394592,69
53.430154,-1.403601,66
53.428148,-1.412787,58
53.343615,-1.270965,60
53.356241,-1.263103,48
53.348163,-1.258973,54
53.341557,-1.305660,56
53.324687,-1.280948,57
53.332586,-1.258638,50
53.318438,-1.228969,36
53.431114,-1.227573,53
53.430837,-1.212745,55
53.429242,-1.218836,56
53.431114,-1.184803,62
53.429112,-1.203656,60
53.426775,-1.192701,62
53.419773,-1.193427,64
53.424452,-1.226964,59
53.424380,-1.211880,61
53.421544,-1.200637,67
53.410361,-1.161954,54
53.430393,-1.336958,75
53.431912,-1.329253,72
53.427513,-1.340926,76
53.436678,-1.344849,77
53.436795,-1.348221,79
53.434346,-1.333978,74
53.471256,-1.333079,68
53.468134,-1.310970,54
53.467501,-1.327912,63
53.461909,-1.322842,63
53.462496,-1.336469,66
53.456992,-1.332119,66
53.477398,-1.304092,49
53.476908,-1.353328,56
53.471408,-1.363409,53
53.472777,-1.341841,65
53.469414,-1.350588,65
53.464666,-1.349579,70
53.459003,-1.347464,71
53.449860,-1.345506,72
53.361583,-1.187937,59
53.363789,-1.209975,64
53.378426,-1.164942,41
53.375641,-1.223774,56
53.370449,-1.207611,66
53.368503,-1.199142,62
53.367061,-1.219507,60
53.477891,-1.323164,60
53.481847,-1.314703,59
53.476441,-1.314609,54
53.489771,-1.315766,65
53.492767,-1.309295,65
53.483202,-1.307846,60
53.485286,-1.322078,65
53.488614,-1.301908,67
53.452440,-1.422067,48
53.459919,-1.432423,50
53.455681,-1.440263,52
53.447750,-1.403519,60
53.446816,-1.395706,63
53.445109,-1.389657,65
53.443325,-1.399896,64
53.463695,-1.425852,43
53.391259,-1.262085,55
53.398473,-1.247046,52
53.413412,-1.311607,64
53.408467,-1.315916,57
53.386079,-1.265979,56
53.496232,-1.324209,62
53.495498,-1.351201,65
53.483496,-1.334671,65
53.490487,-1.352691,65
53.508515,-1.331373,65
53.500014,-1.340385,69
53.499836,-1.354811,67
53.327581,-1.486710,70
53.331510,-1.492126,65
53.335834,-1.500797,63
53.326693,-1.503042,66
53.344908,-1.462278,72
53.343753,-1.484359,75
53.346515,-1.489026,77
53.346249,-1.471253,74
53.341050,-1.484631,76
53.343046,-1.475834,77
53.334253,-1.472224,74
53.336153,-1.488266,71
53.339242,-1.430580,65
53.339299,-1.419240,64
53.350098,-1.397789,66
53.351421,-1.403932,69
53.347758,-1.409117,66
53.342342,-1.399925,68
53.344939,-1.414842,68
53.343791,-1.423654,71
53.423595,-1.423746,64
53.418798,-1.436873,75
53.423850,-1.442609,76
53.423719,-1.428777,70
53.414745,-1.441131,75
53.422664,-1.417666,67
53.414947,-1.430402,70
53.413283,-1.420912,70
53.409555,-1.432132,70
53.433198,-1.432938,65
53.428936,-1.439304,72
53.371785,-1.523474,74
53.369804,-1.534351,68
53.372857,-1.514120,78
53.370182,-1.502054,82
53.369661,-1.493992,84
53.366060,-1.528081,72
53.380904,-1.494436,82
53.378485,-1.501236,85
53.377964,-1.507516,81
53.400170,-1.459504,76
53.399818,-1.468907,79
53.405048,-1.472618,74
53.405689,-1.462320,75
53.402799,-1.448665,75
53.396888,-1.456535,79
53.394670,-1.464364,81
53.376699,-1.444972,75
53.376688,-1.453549,80
53.371709,-1.439093,76
53.373391,-1.447527,76
53.386294,-1.431514,78
53.383698,-1.448779,77
53.378837,-1.439687,74
53.464488,-1.481051,66
53.465461,-1.490807,60
53.472885,-1.471271,64
53.464078,-1.474746,69
53.457960,-1.459037,69
53.471476,-1.496708,59
53.461271,-1.498500,60
53.465856,-1.460882,71
53.459989,-1.475263,69
53.456738,-1.471402,72
53.455856,-1.483789,64
53.479739,-1.487626,60
53.470608,-1.501757,56
53.471649,-1.490197,62
53.468879,-1.484932,64
53.391246,-1.398771,77
53.402748,-1.390495,59
53.400026,-1.414481,76
53.391246,-1.422673,79
53.387963,-1.415871,79
53.383283,-1.406871,73
53.381146,-1.398557,69
53.378037,-1.388595,71
53.373583,-1.401109,69
53.373586,-1.375725,67
53.371764,-1.392967,71
53.415438,-1.402152,61
53.415054,-1.393576,60
53.316802,-1.517768,58
53.321430,-1.485739,71
53.320235,-1.502365,61
53.323125,-1.524091,60
53.321472,-1.492553,69
53.327418,-1.526993,57
53.323529,-1.542198,57
53.321404,-1.514518,55
53.318280,-1.534452,59
53.313097,-1.528297,58
53.310041,-1.541742,57
53.329067,-1.555121,54
53.348862,-1.524094,65
53.353426,-1.517917,70
53.348009,-1.497987,73
53.346890,-1.510715,65
53.352747,-1.506410,73
53.337163,-1.511518,65
53.342107,-1.526418,54
53.365416,-1.517704,73
53.367070,-1.509420,78
53.361879,-1.509946,78
53.359363,-1.513369,75
53.359148,-1.520795,70
53.354384,-1.540043,63
53.409761,-1.442725,77
53.412688,-1.463227,72
53.409020,-1.454634,77
53.410494,-1.470642,74
53.414979,-1.471386,74
53.418574,-1.470611,72
53.414647,-1.456205,72
53.417182,-1.451048,77
53.413344,-1.448121,77
53.415335,-1.479347,73
53.378939,-1.514513,80
53.379426,-1.530846,68
53.376975,-1.546293,59
53.376957,-1.525976,74
53.371227,-1.544097,61
53.353220,-1.597956,47
53.369676,-1.554290,59
53.364874,-1.543136,63
53.363995,-1.551311,58
53.384658,-1.512870,80
53.383976,-1.527360,74
53.381773,-1.506795,82
53.359620,-1.401784,68
53.360679,-1.371287,70
53.361783,-1.362292,67
53.359086,-1.387068,65
53.362504,-1.395513,67
53.359446,-1.379996,67
53.355767,-1.360382,66
53.354620,-1.371589,70
53.368734,-1.378720,68
53.365470,-1.366799,67
53.368112,-1.389865,71
53.359140,-1.350044,62
53.360285,-1.467024,79
53.356098,-1.460682,75
53.355857,-1.453310,73
53.359198,-1.471592,79
53.353183,-1.445317,71
53.355135,-1.467596,77
53.355005,-1.475760,78
53.351343,-1.437849,69
53.350585,-1.481300,77
53.350952,-1.464910,70
53.350109,-1.473840,76
53.346269,-1.478706,79
53.412644,-1.510216,75
53.412750,-1.517010,70
53.409676,-1.505964,79
53.407105,-1.523508,69
53.409096,-1.514187,75
53.406386,-1.508354,79
53.405623,-1.516248,74
53.402903,-1.510346,79
53.403423,-1.505185,81
53.400379,-1.516549,76
53.397093,-1.525740,65
53.393916,-1.526037,66
53.355837,-1.405407,67
53.357767,-1.421301,76
53.353377,-1.415397,73
53.351525,-1.431661,71
53.355632,-1.427084,75
53.359752,-1.416184,74
53.350344,-1.422118,71
53.347097,-1.426372,71
53.344676,-1.436436,68
53.366763,-1.405769,68
53.364144,-1.410990,71
53.363055,-1.416331,73
53.368390,-1.418576,73
53.367147,-1.430879,76
53.363724,-1.424105,77
53.381152,-1.414285,74
53.378613,-1.431753,73
53.379689,-1.419716,71
53.373267,-1.413599,70
53.373472,-1.423692,73
53.327126,-1.341438,68
53.334947,-1.356422,68
53.332201,-1.382385,52
53.332497,-1.351587,69
53.320673,-1.343840,60
53.331402,-1.363480,60
53.322143,-1.374252,60
53.324885,-1.354333,64
53.352192,-1.340044,65
53.349503,-1.366243,65
53.344936,-1.336622,70
53.345989,-1.374171,67
53.346624,-1.342304,70
53.344574,-1.364395,68
53.347949,-1.350867,70
53.341254,-1.330190,63
53.340312,-1.335472,66
53.339857,-1.353623,72
53.341128,-1.382575,64
53.338537,-1.345135,72
53.338689,-1.370532,64
53.332660,-1.333866,64
53.357415,-1.484831,81
53.357112,-1.498717,75
53.356378,-1.504077,73
53.355776,-1.489650,80
53.352311,-1.488670,80
53.367021,-1.497520,82
53.363824,-1.500448,80
53.364575,-1.492365,79
53.363852,-1.505308,80
53.362375,-1.484476,80
53.359792,-1.491529,79
53.432456,-1.462588,71
53.432582,-1.443876,70
53.436690,-1.445339,68
53.431958,-1.468214,69
53.433773,-1.451089,69
53.435108,-1.462993,70
53.428324,-1.448067,74
53.428145,-1.454176,73
53.423752,-1.456381,74
53.421206,-1.450316,78
53.420320,-1.461206,73
53.385524,-1.504951,81
53.388026,-1.484173,83
53.385976,-1.497737,81
53.384419,-1.491230,81
53.383408,-1.485969,85
53.385149,-1.501165,81
53.393929,-1.484921,82
53.388757,-1.493476,79
53.388418,-1.502910,79
53.346916,-1.447734,66
53.342457,-1.445515,66
53.339207,-1.445431,64
53.337050,-1.454175,65
53.329273,-1.464978,70
53.327518,-1.479411,74
53.322079,-1.462529,67
53.324181,-1.468734,71
53.321796,-1.478799,72
53.320229,-1.472092,70
53.431035,-1.494684,70
53.427601,-1.500529,71
53.423277,-1.502093,73
53.422069,-1.494943,75
53.421727,-1.509453,71
53.420586,-1.489437,75
53.412297,-1.498783,76
53.411487,-1.489419,70
53.404499,-1.492664,79
53.410088,-1.479424,72
53.369554,-1.451976,73
53.365150,-1.456578,76
53.364020,-1.440735,74
53.360838,-1.432273,78
53.364625,-1.464032,80
53.360376,-1.447383,74
53.360194,-1.455320,75
53.358363,-1.437260,76
53.357379,-1.442927,74
53.374296,-1.490114,84
53.368450,-1.478147,85
53.368172,-1.482486,85
53.366524,-1.470963,85
53.369314,-1.473311,86
53.367841,-1.486579,83
53.362362,-1.477144,84
53.362946,-1.480511,83
53.376574,-1.479295,87
53.376626,-1.485952,86
53.431613,-1.487927,73
53.431519,-1.479954,71
53.425479,-1.486612,74
53.430275,-1.472738,70
53.421503,-1.481043,73
53.421977,-1.473019,73
53.417009,-1.484876,74
53.434911,-1.480304,69
53.428445,-1.541989,49
53.442925,-1.660267,30
53.396395,-1.583558,39
53.408171,-1.542184,56
53.395887,-1.536425,60
53.396465,-1.547089,55
53.391317,-1.543271,59
53.447297,-1.503098,60
53.449052,-1.470767,68
53.447240,-1.553824,38
53.440494,-1.484200,62
53.440956,-1.464357,71
53.438422,-1.463568,71
53.436084,-1.538856,50
53.439694,-1.507109,63
53.476008,-1.584043,58
53.478937,-1.567796,54
53.485245,-1.589423,60
53.477503,-1.601258,59
53.474432,-1.570024,48
53.468596,-1.588846,50
53.472729,-1.596147,56
53.486737,-1.617722,46
53.483099,-1.602694,58
53.391896,-1.499289,79
53.391765,-1.517251,69
53.395315,-1.501414,80
53.391780,-1.506680,78
53.393578,-1.495803,79
53.394147,-1.510153,74
53.396105,-1.491924,80
53.384150,-1.555799,58
53.387735,-1.511479,80
53.397888,-1.508222,79
53.400017,-1.495460,81
54.957864,-1.589023,77
54.955003,-1.597939,82
54.953586,-1.582066,76
54.952918,-1.587448,77
54.963902,-1.593626,81
54.956930,-1.611096,82
54.954545,-1.615852,79
54.884692,-1.564570,65
54.881401,-1.574367,68
54.893408,-1.571744,69
54.895526,-1.581242,73
54.892041,-1.563002,66
54.963983,-1.716597,74
54.958968,-1.716680,72
54.960293,-1.728943,66
54.958472,-1.724240,71
54.958908,-1.698720,62
54.955142,-1.712030,65
54.924896,-1.796972,47
54.917458,-1.751839,49
54.921486,-1.751643,49
54.923698,-1.821117,46
54.929554,-1.753147,50
54.921264,-1.595254,69
54.922783,-1.590733,71
54.921456,-1.585481,70
54.928296,-1.590567,73
54.928749,-1.596987,76
54.923964,-1.599590,71
54.951343,-1.781533,48
54.936561,-1.780703,46
54.957204,-1.787943,55
54.967644,-1.791753,64
54.965657,-1.785430,67
54.962590,-1.805027,51
54.943939,-1.586487,78
54.947318,-1.580741,78
54.950955,-1.596300,81
54.949273,-1.587145,79
54.946901,-1.595790,78
54.941753,-1.644336,70
54.942352,-1.650049,69
54.950451,-1.655533,73
54.958069,-1.655103,74
54.953312,-1.639174,75
54.950078,-1.642998,75
54.950418,-1.573507,79
54.946297,-1.567023,78
54.958250,-1.576723,73
54.956647,-1.565692,75
54.948945,-1.562656,80
54.925885,-1.580084,72
54.928576,-1.569615,73
54.937181,-1.582307,76
54.934116,-1.574268,73
54.931660,-1.581339,75
54.903106,-1.573165,69
54.901705,-1.585075,69
54.911927,-1.577713,65
54.920144,-1.569865,70
54.908306,-1.634966,42
54.930570,-1.562361,69
54.943612,-1.577608,79
54.941646,-1.564531,72
54.939974,-1.573902,75
54.939842,-1.553655,71
54.933808,-1.557663,67
54.936024,-1.564422,66
54.930081,-1.603249,74
54.934651,-1.590838,77
54.939811,-1.590978,78
54.942482,-1.595672,77
54.936826,-1.596337,80
54.936163,-1.603396,77
54.948576,-1.541924,76
54.949477,-1.552683,75
54.944483,-1.547950,74
54.957622,-1.530937,74
54.955948,-1.549055,77
54.974748,-1.775827,66
54.969427,-1.750355,61
54.968744,-1.763482,63
54.962780,-1.749185,57
54.974900,-1.751497,64
54.976081,-1.764205,64
54.948575,-1.603410,79
54.951568,-1.602924,82
54.949923,-1.609688,79
54.947421,-1.613323,77
54.942633,-1.606335,74
54.936448,-1.637457,64
54.950843,-1.619863,75
54.957088,-1.626736,74
54.938357,-1.620952,70
54.942242,-1.629487,67
54.941972,-1.636701,68
54.955614,-1.677447,72
54.948263,-1.681657,72
54.947964,-1.669113,72
54.950206,-1.676814,72
54.945982,-1.691151,69
54.942795,-1.678992,71
54.939185,-1.664988,66
54.935077,-1.680633,62
54.935789,-1.687207,64
54.935881,-1.695526,60
54.929700,-1.666410,55
54.921559,-1.703518,52
54.922997,-1.679360,56
54.939411,-1.690184,63
54.943771,-1.718570,56
54.950126,-1.722246,66
54.941086,-1.743729,48
54.953990,-1.733659,64
54.952962,-1.719544,69
54.942193,-1.540249,73
54.937701,-1.545442,69
54.938242,-1.527232,63
54.940577,-1.535199,66
54.932804,-1.551139,68
54.949652,-1.525871,65
54.951886,-1.531417,72
54.976482,-1.676824,77
54.975587,-1.668825,79
54.968358,-1.667301,76
54.966949,-1.656034,80
54.979352,-1.682393,76
55.006599,-1.673444,65
55.011623,-1.671484,68
55.008409,-1.663181,74
55.001355,-1.672099,71
54.994629,-1.668089,74
54.998441,-1.677301,71
54.993165,-1.674081,75
54.992116,-1.661858,75
54.967909,-1.571135,71
54.973511,-1.571078,79
54.978326,-1.577152,83
54.970875,-1.578434,79
55.058827,-1.677281,47
55.056463,-1.645737,55
55.025423,-1.627395,65
55.020545,-1.657560,60
55.016167,-1.668619,66
55.015892,-1.660721,67
54.996817,-1.575913,76
54.993422,-1.588056,78
54.996322,-1.566824,74
54.997772,-1.592771,77
54.994063,-1.582298,80
55.001421,-1.564398,66
55.006038,-1.582213,79
55.004739,-1.596401,78
55.001376,-1.585660,77
55.002171,-1.575771,76
54.994412,-1.691226,74
54.992836,-1.699826,74
54.991293,-1.711773,73
54.990745,-1.688762,72
54.992976,-1.720542,68
54.989768,-1.705153,72
54.987594,-1.696759,72
54.971420,-1.639935,84
54.971718,-1.645983,81
54.974473,-1.660753,82
54.972061,-1.652022,82
55.013876,-1.639775,77
55.016848,-1.644998,71
55.014010,-1.650194,71
55.009927,-1.656736,75
55.009036,-1.649219,75
55.009255,-1.642583,76
55.020321,-1.646516,67
54.983418,-1.672106,77
54.985395,-1.678923,75
54.987169,-1.686472,72
54.982743,-1.660091,80
54.981611,-1.666693,78
54.979316,-1.661661,78
54.978350,-1.656081,82
54.991054,-1.678727,74
55.012509,-1.611323,76
55.017554,-1.632686,78
55.010727,-1.634722,80
55.008730,-1.611591,82
55.009082,-1.622533,85
55.006251,-1.634329,78
55.020352,-1.618454,72
55.016743,-1.615688,80
54.985072,-1.578677,83
54.986996,-1.570945,79
54.985705,-1.574402,81
54.982488,-1.579118,83
54.992132,-1.568374,76
54.989917,-1.576933,82
54.988705,-1.582373,81
54.990512,-1.595416,78
54.987265,-1.600703,80
54.989660,-1.599515,78
54.991939,-1.611254,80
54.985261,-1.606882,80
54.995380,-1.601377,77
54.993284,-1.605300,80
54.993387,-1.609028,81
55.003638,-1.643358,77
55.002408,-1.654161,75
55.003929,-1.649543,76
54.999611,-1.661345,72
54.998987,-1.637016,72
54.995406,-1.641340,71
54.992641,-1.651193,75
54.986457,-1.717629,65
54.981817,-1.709739,68
54.980735,-1.719106,66
54.984244,-1.703624,69
54.977654,-1.713224,69
54.981313,-1.698413,70
54.973823,-1.711955,68
54.973848,-1.563348,78
54.969635,-1.561493,74
54.965112,-1.560973,71
54.978038,-1.561360,77
54.982578,-1.566067,79
54.978710,-1.634476,80
54.983348,-1.614878,84
54.973944,-1.636355,85
54.975455,-1.632190,83
54.986936,-1.760228,57
54.991433,-1.751380,63
54.990672,-1.735862,64
54.996401,-1.768352,60
54.981725,-1.736058,60
54.999031,-1.757238,64
54.975569,-1.596591,81
54.979233,-1.603187,82
54.986206,-1.592349,79
54.982306,-1.591009,80
54.983109,-1.598606,80
54.982154,-1.584591,82
54.979336,-1.586989,82
54.975474,-1.692786,75
54.981617,-1.689811,76
55.004235,-1.611295,82
55.004787,-1.621603,84
55.000899,-1.620178,80
55.002786,-1.632393,78
54.999532,-1.608402,77
54.998447,-1.625895,74
55.006801,-1.604217,81
54.970343,-1.542243,74
54.972249,-1.555673,73
54.963662,-1.550741,71
54.968436,-1.551564,71
54.974540,-1.546109,73
54.977689,-1.542970,75
54.978271,-1.549394,76
54.978996,-1.554068,77
54.988779,-1.556687,77
54.989074,-1.547049,79
54.984178,-1.551882,78
54.982785,-1.539908,77
54.964155,-1.643861,79
54.965058,-1.629808,81
54.969963,-1.633390,83
55.000105,-1.698046,74
55.001420,-1.716135,64
55.004184,-1.737318,61
55.002587,-1.707405,68
54.997376,-1.687316,75
54.997265,-1.704060,72
54.996655,-1.715930,68
55.005869,-1.719143,57
54.976169,-1.643962,83
54.986719,-1.657920,78
54.988015,-1.664888,78
54.986679,-1.647294,77
54.982321,-1.649166,80
54.977450,-1.650397,83
55.001943,-1.687304,74
55.003539,-1.688332,71
55.023930,-1.705146,56
55.008350,-1.685661,66
55.010712,-1.693694,64
55.009232,-1.511940,72
55.005907,-1.519535,73
55.009009,-1.520969,69
55.006860,-1.531856,71
55.003003,-1.532303,73
55.015299,-1.521051,63
55.014429,-1.512623,65
55.010667,-1.505278,71
55.008604,-1.567923,76
55.021272,-1.566287,78
55.018150,-1.576401,76
55.018128,-1.561078,73
55.015201,-1.565536,76
55.012780,-1.577047,80
55.041298,-1.570582,69
55.044778,-1.582174,68
55.034943,-1.578337,69
55.050208,-1.570037,65
55.036356,-1.569963,71
55.059368,-1.580751,61
55.006653,-1.483055,75
55.006793,-1.465712,77
55.006988,-1.455462,79
55.003636,-1.473751,74
55.004861,-1.462231,76
55.011925,-1.467677,76
55.016261,-1.475122,74
55.020797,-1.498755,71
55.022391,-1.473623,73
55.021012,-1.480740,73
55.014889,-1.491073,71
55.011373,-1.476154,75
55.026367,-1.442253,72
55.026597,-1.451357,74
55.030717,-1.439764,75
55.033848,-1.433379,76
55.034257,-1.441838,76
55.030901,-1.452209,75
55.026541,-1.572296,76
55.026645,-1.556256,74
55.022020,-1.556932,73
55.023734,-1.543763,68
55.040064,-1.555454,66
55.030730,-1.564719,72
55.035906,-1.558790,68
55.034101,-1.548116,64
55.002431,-1.494150,74
55.002378,-1.504634,75
54.999124,-1.495497,76
54.998113,-1.504098,76
55.006444,-1.501921,74
55.014555,-1.595209,75
55.020752,-1.584993,76
55.032243,-1.585547,67
55.045858,-1.468211,74
55.041049,-1.484320,69
55.043818,-1.474755,71
55.044778,-1.460063,78
55.038893,-1.477283,72
55.040141,-1.471051,78
55.049271,-1.460075,75
55.008902,-1.447355,80
55.019781,-1.453493,74
55.016908,-1.463358,73
55.016472,-1.448687,75
55.013796,-1.454674,77
55.012767,-1.447643,80
55.010768,-1.459470,78
55.007985,-1.553805,65
55.007785,-1.540698,70
55.000705,-1.544111,73
54.999293,-1.555458,68
54.994541,-1.548182,76
54.993511,-1.535224,81
54.991601,-1.539141,80
55.011328,-1.544770,64
54.994218,-1.457926,66
54.995010,-1.478185,71
54.998830,-1.466972,73
54.995503,-1.492025,75
54.991899,-1.498096,72
55.004922,-1.449387,78
55.001234,-1.456137,72
55.052693,-1.455606,70
55.051333,-1.471643,64
55.048264,-1.482842,62
55.058441,-1.478895,69
55.049176,-1.452576,76
55.065547,-1.462759,61
55.031332,-1.485244,74
55.038877,-1.463808,79
55.038659,-1.457582,79
55.034597,-1.457347,77
55.029308,-1.465389,73
55.022923,-1.463621,69
55.016244,-1.425489,77
55.015895,-1.440641,78
55.020665,-1.425302,76
55.011636,-1.436397,76
55.025748,-1.431422,73
55.021194,-1.439143,73
55.045339,-1.498081,64
55.038869,-1.501457,67
55.031521,-1.501811,67
55.029742,-1.507689,67
55.024869,-1.514100,67
54.995374,-1.511314,71
54.992116,-1.521635,78
54.992201,-1.528550,80
54.998734,-1.531862,74
54.987487,-1.533138,79
55.001182,-1.519586,70
55.050616,-1.607375,62
55.054285,-1.589891,63
55.051015,-1.630076,64
55.044757,-1.634492,59
55.043136,-1.625149,63
55.060443,-1.625612,60
55.060005,-1.595940,64
55.044244,-1.444298,80
55.039773,-1.450545,80
55.044403,-1.452579,80
55.038096,-1.434596,77
55.040442,-1.439060,80
55.037668,-1.444470,78
54.973693,-1.438501,79
54.976464,-1.437135,80
54.973781,-1.431251,78
54.968716,-1.444906,74
54.969566,-1.435094,73
54.993556,-1.424449,80
54.998490,-1.427493,79
54.998873,-1.417124,75
55.002930,-1.426003,76
55.004310,-1.431165,76
54.978194,-1.474299,75
54.972317,-1.465552,70
54.966187,-1.468919,71
54.961506,-1.467197,71
54.982912,-1.479292,78
54.961763,-1.455250,69
54.958051,-1.442731,68
54.963355,-1.447801,69
54.963829,-1.460687,72
54.963050,-1.440102,71
54.949256,-1.453855,72
54.951120,-1.469460,70
54.956407,-1.462036,69
54.950194,-1.461436,73
54.952026,-1.445925,70
54.939641,-1.458891,70
54.952202,-1.426684,69
54.939494,-1.418324,70
54.947989,-1.405189,55
54.958578,-1.395546,62
54.942661,-1.418919,67
54.952093,-1.414047,62
54.966488,-1.405580,68
54.972294,-1.391555,68
54.970622,-1.399116,72
54.954549,-1.493258,65
54.956090,-1.477569,68
54.942057,-1.494406,62
54.950466,-1.477709,65
54.961331,-1.476968,67
54.959239,-1.486096,70
54.975365,-1.397708,73
54.975171,-1.405483,76
54.976800,-1.409207,77
54.979169,-1.400187,74
54.977670,-1.390935,69
54.980736,-1.524745,67
54.981158,-1.512475,71
54.975576,-1.524667,73
54.973226,-1.516881,77
54.967889,-1.527321,73
54.961328,-1.522327,75
54.963187,-1.513166,74
54.959780,-1.507248,70
54.968521,-1.514127,75
54.986004,-1.404416,69
54.991663,-1.408947,71
54.984699,-1.391494,69
54.982340,-1.405640,72
54.983257,-1.397181,71
54.979133,-1.501933,76
54.977419,-1.510774,74
54.976566,-1.497856,77
54.974108,-1.504328,74
54.967948,-1.500159,72
54.971924,-1.495820,74
54.961637,-1.497083,68
54.961962,-1.491329,71
54.976492,-1.492238,79
54.976457,-1.485371,77
54.966138,-1.481035,70
54.970784,-1.484772,71
54.987658,-1.432187,80
54.983816,-1.440356,75
54.988178,-1.436570,77
54.994832,-1.438308,77
54.989984,-1.428203,81
54.968070,-1.450883,72
54.967849,-1.460156,73
54.981714,-1.447969,76
54.974352,-1.451031,72
54.984208,-1.422356,80
54.982151,-1.414159,76
54.991190,-1.419048,77
54.990289,-1.423547,79
54.987228,-1.415684,75
54.986156,-1.426308,82
54.979644,-1.430483,79
54.979061,-1.421142,77
54.975082,-1.415973,76
54.973212,-1.423463,73
54.984279,-1.431451,81
54.976102,-1.383214,64
54.965687,-1.370033,59
54.949032,-1.377838,62
54.949151,-1.365848,66
54.965920,-1.426365,69
54.958664,-1.433387,69
54.957872,-1.427138,66
54.963129,-1.418543,64
54.963806,-1.434899,71
54.918867,-1.435992,68
54.921922,-1.448633,69
54.912800,-1.453026,63
54.915982,-1.452263,61
54.915575,-1.444615,65
54.926590,-1.453586,68
54.924139,-1.456517,69
54.911603,-1.400495,78
54.909448,-1.412791,78
54.909577,-1.362502,74
54.906971,-1.380719,82
54.904617,-1.408568,81
54.905995,-1.394753,81
54.905775,-1.402245,83
54.903175,-1.400467,83
54.921417,-1.389806,77
54.918778,-1.395410,78
54.918445,-1.387929,78
54.929614,-1.403349,72
54.932382,-1.395093,75
54.841503,-1.459451,67
54.841290,-1.466249,69
54.836140,-1.454943,62
54.836673,-1.468312,67
54.830199,-1.452745,60
54.836223,-1.431451,62
54.851963,-1.451116,62
54.857687,-1.479843,59
54.930458,-1.385893,77
54.938136,-1.369765,64
54.936496,-1.389382,71
54.932912,-1.374114,73
54.934254,-1.382427,76
54.929041,-1.376454,78
54.926413,-1.380586,77
54.895402,-1.451596,70
54.891277,-1.434149,72
54.887814,-1.443930,70
54.885959,-1.450611,65
54.896307,-1.381668,78
54.900609,-1.365059,76
54.895277,-1.374339,77
54.894256,-1.368810,74
54.889111,-1.370007,76
54.890971,-1.378599,75
54.885661,-1.361717,72
54.820140,-1.446530,63
54.810977,-1.459568,58
54.809301,-1.469398,57
54.811790,-1.447866,59
54.815564,-1.429109,55
54.828070,-1.485206,58
54.824146,-1.460824,57
54.838976,-1.479488,65
54.840069,-1.491871,63
54.851026,-1.486560,63
54.847738,-1.498750,61
54.848834,-1.480223,67
54.843687,-1.476377,69
54.842325,-1.500714,64
54.904660,-1.422308,74
54.906174,-1.416562,78
54.897534,-1.424630,73
54.901580,-1.414415,79
54.895212,-1.410053,79
54.896367,-1.418861,75
54.911560,-1.422577,73
54.877041,-1.377349,69
54.874929,-1.362787,69
54.855592,-1.397660,59
54.866321,-1.375706,67
54.876258,-1.386429,67
54.864443,-1.358865,66
54.869447,-1.365853,71
54.860764,-1.417169,60
54.861866,-1.408234,60
54.875398,-1.445786,68
54.872301,-1.426007,71
54.871767,-1.434291,68
54.864745,-1.437825,61
54.878767,-1.425271,73
54.874660,-1.422478,70
54.876641,-1.432341,71
54.881874,-1.368999,74
54.882913,-1.380512,71
54.894009,-1.397036,77
54.889128,-1.404668,72
54.890212,-1.391915,72
54.887128,-1.384403,72
54.887338,-1.397669,70
54.924265,-1.376168,75
54.918574,-1.379120,79
54.922114,-1.379541,78
54.918896,-1.367492,70
54.921584,-1.371802,75
54.913690,-1.380259,78
54.927220,-1.368304,73
54.866419,-1.494142,65
54.868011,-1.502771,62
54.863342,-1.487520,62
54.876052,-1.507742,62
54.874884,-1.493323,62
54.872625,-1.486253,63
54.870249,-1.414714,66
54.876034,-1.405034,69
54.874427,-1.395388,67
54.873170,-1.401152,70
54.864556,-1.426529,64
54.880307,-1.408452,66
54.901681,-1.439522,73
54.901061,-1.451013,68
54.901126,-1.427930,74
54.896823,-1.434859,75
54.908502,-1.440462,65
54.924154,-1.411501,76
54.924200,-1.421760,72
54.929409,-1.414129,69
54.927577,-1.425502,68
54.883059,-1.437915,67
54.880261,-1.434746,70
54.890056,-1.422908,72
54.889070,-1.412502,73
54.883461,-1.421818,72
54.886495,-1.416394,69
54.884977,-1.429767,71
54.899825,-1.399396,83
54.902033,-1.389409,84
54.900242,-1.401947,83
54.898500,-1.405414,81
54.899441,-1.383759,81
54.898409,-1.394439,82
54.903548,-1.375373,79
54.931128,-1.446427,65
54.929913,-1.452866,66
54.928244,-1.436277,65
54.929820,-1.460267,61
54.927005,-1.443186,65
54.923905,-1.432885,69
54.893088,-1.519132,73
54.903449,-1.525190,74
54.900462,-1.512849,69
54.903677,-1.505641,66
54.901024,-1.503533,62
54.894919,-1.529469,72
54.900152,-1.524802,76
54.894583,-1.510438,73
54.897298,-1.518628,74
54.909153,-1.517639,74
54.913480,-1.513398,69
54.919445,-1.489745,60
54.921061,-1.522383,66
54.918617,-1.528506,69
54.915684,-1.522930,73
54.911157,-1.506854,67
54.912694,-1.528949,73
54.882395,-1.520663,64
54.885121,-1.509967,58
54.878027,-1.538052,57
54.880066,-1.554993,54
54.884828,-1.534108,61
54.884526,-1.544668,60
54.897482,-1.538612,65
54.895728,-1.549411,60
54.897542,-1.545418,67
54.891067,-1.545401,63
54.891879,-1.537691,66
54.891824,-1.554275,61
54.910543,-1.553543,64
54.904193,-1.537791,71
54.906853,-1.543306,68
54.925899,-1.536819,65
54.923097,-1.557547,64
54.916653,-1.538107,68
54.912970,-1.539439,71
54.907612,-1.530951,71
52.467117,-1.814188,78
52.466764,-1.827861,78
52.462999,-1.822449,78
52.461485,-1.834871,79
52.460790,-1.807267,75
52.460551,-1.812148,78
52.458766,-1.821020,77
52.457460,-1.803996,74
52.454686,-1.833999,77
52.454510,-1.820441,76
52.452685,-1.809455,73
52.452765,-1.823776,77
52.450603,-1.815768,77
52.447674,-1.820375,83
52.446894,-1.811910,78
52.472547,-1.819069,75
52.471167,-1.812811,73
52.469595,-1.823215,77
52.508959,-1.871731,80
52.503008,-1.881220,82
52.501206,-1.912064,84
52.500241,-1.907997,85
52.499928,-1.916640,84
52.498592,-1.903660,86
52.496678,-1.888275,85
52.495275,-1.905096,87
52.495416,-1.897338,88
52.515287,-1.875058,77
52.510209,-1.882104,80
52.441056,-2.006169,67
52.443820,-1.996784,69
52.444036,-1.980750,70
52.439624,-1.996985,68
52.445398,-2.011574,65
52.436093,-2.006220,69
52.436506,-1.980546,71
52.437675,-2.013832,67
52.432090,-2.012667,65
52.430130,-2.005025,67
52.430623,-1.984913,68
52.423290,-1.992812,65
52.446687,-1.994525,67
52.429818,-1.873417,76
52.431606,-1.864542,73
52.427839,-1.861120,71
52.424952,-1.874498,74
52.425420,-1.883213,74
52.421941,-1.861171,71
52.421427,-1.867758,70
52.418035,-1.872501,71
52.414648,-1.860299,71
52.417131,-1.865852,71
52.410449,-1.876548,72
52.413823,-1.880243,73
52.411671,-1.856008,67
52.411686,-1.869174,72
52.407025,-1.872583,71
52.408173,-1.882228,72
52.405360,-1.884070,71
52.403097,-1.877618,68
52.425712,-1.945902,74
52.426748,-1.935251,79
52.428052,-1.921768,80
52.425197,-1.916212,77
52.422477,-1.952144,73
52.424668,-1.926413,78
52.421336,-1.934865,75
52.419124,-1.923151,77
52.419311,-1.957388,74
52.416923,-1.943493,73
52.417290,-1.933997,77
52.415953,-1.932688,77
52.413149,-1.953967,73
52.431613,-1.905100,75
52.434472,-1.911734,73
52.429403,-1.912519,78
52.424234,-1.908401,76
52.424114,-1.900227,75
52.424551,-1.891939,76
52.419571,-1.882522,71
52.422072,-1.903471,72
52.418557,-1.891636,75
52.418083,-1.912627,68
52.415889,-1.905716,69
52.413301,-1.899068,67
52.410752,-1.910599,67
52.410943,-1.890608,71
52.411081,-1.917530,70
52.405673,-1.891343,73
52.406557,-1.906982,70
52.406393,-1.898628,70
52.428873,-1.896271,81
52.455570,-1.908418,76
52.458955,-1.903797,78
52.475163,-1.946196,77
52.475078,-1.932067,82
52.473714,-1.937359,80
52.472190,-1.948160,77
52.468154,-1.929296,79
52.468163,-1.943764,75
52.460753,-1.938160,75
52.469069,-1.914136,82
52.465780,-1.902457,83
52.463075,-1.897828,82
52.462030,-1.910795,76
52.512372,-1.837922,74
52.514151,-1.842563,75
52.516716,-1.846392,81
52.536238,-1.842467,72
52.533933,-1.844976,73
52.531945,-1.826395,77
52.530670,-1.819510,70
52.530787,-1.841595,78
52.526114,-1.839070,82
52.524496,-1.826507,73
52.526362,-1.819032,67
52.520392,-1.821061,73
52.520484,-1.832391,78
52.519463,-1.839050,81
52.445647,-1.843249,79
52.443926,-1.819206,82
52.441178,-1.835779,81
52.445177,-1.849960,79
52.445132,-1.830271,82
52.436467,-1.821427,75
52.440846,-1.825457,80
52.440412,-1.818188,79
52.437447,-1.831048,79
52.433713,-1.833285,75
52.432022,-1.825983,73
52.432873,-1.820694,73
52.450859,-1.841189,77
52.448805,-1.836450,78
52.448583,-1.831992,79
52.435940,-1.840836,79
52.430711,-1.849635,72
52.431133,-1.837602,77
52.427668,-1.830281,73
52.426291,-1.845284,73
52.427067,-1.838183,74
52.421896,-1.840188,75
52.424395,-1.854032,72
52.417869,-1.845015,69
52.419240,-1.850183,71
52.416254,-1.839746,71
52.412704,-1.847446,68
52.441438,-1.846350,82
52.441417,-1.856274,79
52.437964,-1.849171,80
52.435734,-1.853535,77
52.505410,-1.909736,83
52.505024,-1.916289,81
52.513945,-1.917520,75
52.516206,-1.911643,76
52.514603,-1.898891,82
52.512419,-1.889558,84
52.510926,-1.897391,82
52.509621,-1.923168,78
52.510364,-1.913406,78
52.510500,-1.893055,83
52.509549,-1.908909,81
52.507051,-1.902620,84
52.507396,-1.895810,84
52.504666,-1.903687,83
52.445690,-1.966028,72
52.466626,-1.953271,77
52.468387,-1.962166,77
52.462253,-1.958197,78
52.459241,-1.952636,83
52.459533,-1.946511,82
52.458323,-1.970813,73
52.452693,-1.962755,77
52.456676,-1.963845,77
52.453407,-1.977972,71
52.454628,-1.974772,71
52.453702,-1.948593,78
52.448439,-1.960527,72
52.445813,-1.950701,73
52.506576,-1.812513,68
52.507385,-1.800088,69
52.504930,-1.808089,69
52.503729,-1.822649,69
52.503283,-1.801891,71
52.501134,-1.810214,72
52.499102,-1.815500,73
52.499578,-1.824083,76
52.498768,-1.802515,73
52.499531,-1.796029,71
52.493346,-1.804793,72
52.494261,-1.812589,76
52.493630,-1.793975,70
52.489326,-1.801115,73
52.489296,-1.792641,73
52.485912,-1.798071,74
52.487129,-1.808780,74
52.522935,-1.791362,72
52.519464,-1.780421,69
52.521419,-1.808139,73
52.519925,-1.789167,73
52.525799,-1.812288,72
52.512982,-1.797201,74
52.512577,-1.818566,75
52.514532,-1.786575,73
52.514573,-1.832353,76
52.524845,-1.800526,66
52.524493,-1.783096,69
52.399613,-1.930974,69
52.401171,-1.939439,70
52.403099,-1.920834,69
52.398525,-1.925209,70
52.398262,-1.946338,69
52.396589,-1.952647,70
52.393485,-1.934925,69
52.395754,-1.943459,67
52.392154,-1.941266,65
52.409471,-1.937839,73
52.407751,-1.948449,73
52.403597,-1.946546,72
52.410326,-1.925988,74
52.405596,-1.919012,70
52.541576,-1.872036,76
52.531808,-1.871276,74
52.530340,-1.876285,72
52.525971,-1.872932,73
52.527213,-1.864988,74
52.552617,-1.874092,73
52.551595,-1.878680,76
52.548608,-1.869235,75
52.547940,-1.877348,74
52.548756,-1.882187,75
52.545132,-1.864769,75
52.545288,-1.874216,73
52.543602,-1.881418,77
52.542115,-1.857000,71
52.540893,-1.865097,74
52.539636,-1.878307,79
52.479456,-1.958508,80
52.479336,-1.963708,81
52.479582,-1.936800,80
52.482163,-1.922128,87
52.475847,-1.926443,86
52.479020,-1.951831,79
52.473892,-1.913266,88
52.475142,-1.959907,82
52.485304,-1.948685,81
52.484998,-1.944063,84
52.483958,-1.933365,81
52.405606,-2.024976,65
52.407273,-2.009793,67
52.401845,-1.994305,68
52.398305,-2.008376,73
52.398270,-2.018990,74
52.402495,-2.026091,67
52.400855,-1.986707,72
52.390649,-2.010409,75
52.395288,-1.995444,77
52.392326,-1.979554,72
52.394013,-2.004606,76
52.391853,-1.975896,71
52.392010,-1.999644,75
52.390774,-1.970918,69
52.388747,-2.005432,73
52.410438,-1.988160,69
52.410678,-1.992657,69
52.408171,-2.003602,68
52.432913,-1.887059,83
52.436172,-1.869933,73
52.434776,-1.898625,82
52.434442,-1.893573,85
52.429581,-1.886330,80
52.452402,-1.891270,83
52.448434,-1.899688,74
52.446116,-1.890667,83
52.440812,-1.876443,76
52.441418,-1.903785,72
52.441974,-1.884442,78
52.438592,-1.889820,82
52.436508,-1.882630,78
52.486222,-1.854130,82
52.485785,-1.840947,80
52.481291,-1.840815,79
52.479438,-1.867784,84
52.476371,-1.876918,84
52.498313,-1.863606,79
52.504446,-1.854460,77
52.487003,-1.873483,84
52.410949,-1.957776,74
52.409548,-1.971511,76
52.408724,-1.980564,74
52.403848,-1.982260,71
52.404687,-1.973944,76
52.405484,-1.964347,75
52.406015,-1.957547,70
52.399622,-1.963947,74
52.399436,-1.975765,75
52.402009,-1.954492,72
52.396400,-1.971679,76
52.394491,-1.962917,71
52.392743,-1.957386,65
52.416357,-1.958437,76
52.413322,-1.968371,78
52.556567,-1.895929,76
52.554620,-1.883379,74
52.554159,-1.893683,77
52.548518,-1.906920,71
52.551836,-1.892028,75
52.546126,-1.898903,74
52.547265,-1.888497,76
52.540164,-1.894314,74
52.542967,-1.897991,74
52.539151,-1.890122,73
52.540461,-1.886345,79
52.535391,-1.883192,74
52.529285,-1.885718,65
52.559178,-1.888643,75
52.534012,-1.903679,69
52.536305,-1.925504,72
52.537199,-1.911044,71
52.532731,-1.925834,72
52.533763,-1.915844,73
52.522754,-1.893189,76
52.526993,-1.919322,70
52.526859,-1.912430,72
52.520957,-1.906450,74
52.543568,-1.916208,71
52.539731,-1.906576,73
52.543258,-1.928180,74
52.541437,-1.923355,72
52.538396,-1.917640,73
52.538143,-1.900406,72
52.459091,-1.995237,76
52.457255,-2.008953,71
52.462143,-1.994601,75
52.462028,-1.970911,75
52.458550,-2.002298,75
52.460842,-1.983187,75
52.454291,-1.988007,73
52.457904,-1.986415,73
52.455665,-1.994311,74
52.450752,-1.983028,70
52.451073,-2.000244,70
52.466862,-1.970523,77
52.463953,-1.981961,75
52.520208,-1.923012,70
52.516401,-1.923121,74
52.516814,-1.933840,74
52.513983,-1.930459,78
52.513528,-1.937866,81
52.520284,-1.936421,71
52.512769,-1.949806,76
52.515692,-1.943547,80
52.510168,-1.934600,81
52.512020,-1.943235,79
52.515879,-1.954897,74
52.509756,-1.942765,79
52.508032,-1.948020,82
52.506132,-1.939320,84
52.530665,-1.938779,67
52.525138,-1.926211,70
52.526299,-1.933098,69
52.434867,-1.931326,78
52.431572,-1.940236,78
52.432654,-1.922790,79
52.445839,-1.914195,75
52.441813,-1.938574,81
52.440322,-1.926039,81
52.443736,-1.921335,76
52.442370,-1.932887,83
52.438751,-1.929683,81
52.442413,-1.960920,74
52.442214,-1.950043,75
52.436183,-1.921432,78
52.436126,-1.954063,75
52.437669,-1.945525,81
52.438768,-1.916137,78
52.486486,-1.766188,71
52.482494,-1.785987,74
52.480984,-1.777516,78
52.484918,-1.777910,76
52.480264,-1.764493,78
52.473489,-1.760186,74
52.476776,-1.769503,76
52.499033,-1.774076,72
52.499068,-1.789635,72
52.491051,-1.777840,69
52.498512,-1.784037,71
52.495616,-1.761502,70
52.495345,-1.779989,69
52.497404,-1.766151,72
52.485237,-1.791655,73
52.462521,-1.793144,70
52.460198,-1.798060,75
52.462380,-1.779835,75
52.456261,-1.784171,76
52.457542,-1.791235,75
52.460967,-1.771988,70
52.458146,-1.765193,70
52.454869,-1.776282,74
52.452951,-1.769713,74
52.468525,-1.768661,72
52.470908,-1.778490,73
52.465086,-1.784631,72
52.465951,-1.789270,73
52.471293,-1.836537,78
52.469853,-1.832073,78
52.472309,-1.843909,81
52.472589,-1.849490,83
52.469407,-1.854340,85
52.475363,-1.847249,83
52.473274,-1.860518,86
52.476045,-1.851177,86
52.469495,-1.848860,84
52.466031,-1.842471,81
52.465631,-1.848707,82
52.463121,-1.850739,79
52.458352,-1.856171,82
52.476540,-1.825967,77
52.476863,-1.834791,82
52.476802,-1.842614,84
52.475126,-1.854780,87
52.490820,-1.937082,83
52.488690,-1.942415,82
52.489359,-1.919588,86
52.491314,-1.924970,83
52.506061,-1.957358,81
52.506779,-1.934480,83
52.505274,-1.951763,83
52.504737,-1.927891,83
52.504339,-1.932012,84
52.503371,-1.946114,85
52.502535,-1.922043,83
52.498536,-1.924240,83
52.500152,-1.932439,84
52.495517,-1.931021,81
52.495654,-1.939662,83
52.465111,-1.889358,86
52.466659,-1.867227,80
52.468240,-1.881309,85
52.465029,-1.876784,87
52.460749,-1.894415,83
52.461127,-1.880876,86
52.461927,-1.871293,85
52.459184,-1.871954,86
52.458352,-1.864633,85
52.459068,-1.861865,84
52.460232,-1.889001,84
52.457887,-1.880812,85
52.455874,-1.887936,84
52.455240,-1.879652,84
52.471043,-1.867921,86
52.468513,-1.860013,85
52.449575,-1.865841,82
52.451225,-1.873419,82
52.451289,-1.886391,82
52.447562,-1.882928,82
52.448746,-1.871056,80
52.446478,-1.877318,78
52.447899,-1.858592,81
52.446228,-1.866956,79
52.445064,-1.859075,81
52.444201,-1.870950,76
52.441271,-1.862265,79
52.454886,-1.868316,85
52.456108,-1.873341,85
52.453535,-1.874770,84
52.508483,-1.841296,71
52.509152,-1.852872,74
52.538078,-1.852062,73
52.535419,-1.854238,74
52.529715,-1.851475,75
52.531632,-1.857775,74
52.528383,-1.846843,79
52.526168,-1.857771,79
52.523745,-1.848456,80
52.522683,-1.864987,77
52.517966,-1.869695,72
52.519870,-1.858225,77
52.514244,-1.856600,77
52.515333,-1.862532,74
52.594904,-1.833085,65
52.594139,-1.805156,56
52.592415,-1.850280,64
52.600674,-1.836728,61
52.598498,-1.850823,59
52.590595,-1.815409,65
52.582673,-1.864478,54
52.588033,-1.843856,70
52.596705,-1.824415,70
52.568072,-1.851040,78
52.586657,-1.831495,74
52.584341,-1.809144,65
52.579266,-1.834144,70
52.574903,-1.814688,63
52.582271,-1.817459,67
52.572737,-1.831980,67
52.580591,-1.824835,70
52.565362,-1.810563,71
52.602460,-1.843981,57
52.551778,-1.788962,60
52.552936,-1.801714,65
52.543895,-1.794886,63
52.547736,-1.807741,67
52.540315,-1.784551,59
52.534416,-1.804398,65
52.537101,-1.795104,64
52.524386,-1.760980,59
52.530219,-1.793409,61
52.531895,-1.783892,62
52.573337,-1.805623,64
52.565581,-1.789894,65
52.569932,-1.799424,65
52.565081,-1.799395,70
52.568260,-1.785131,63
52.561056,-1.827301,82
52.556058,-1.773653,56
52.559341,-1.817757,78
52.560755,-1.796251,69
52.554444,-1.819613,78
52.556291,-1.808525,69
52.556879,-1.795811,66
52.545048,-1.836832,75
52.545633,-1.817549,68
52.542374,-1.844675,72
52.543261,-1.829461,73
52.537877,-1.838228,72
52.536615,-1.814422,62
52.537453,-1.830152,77
52.538771,-1.822041,72
52.564122,-1.883534,70
52.559693,-1.878226,69
52.551270,-1.831288,77
52.555546,-1.870299,70
52.555668,-1.842169,77
52.553917,-1.862378,70
52.552837,-1.851992,70
52.550927,-1.825157,76
52.546864,-1.850497,74
52.549011,-1.858704,75
52.547611,-1.844326,76
52.483161,-1.826956,76
52.482875,-1.833551,80
52.483001,-1.821928,76
52.499789,-1.835484,78
52.498854,-1.846696,78
52.498364,-1.829777,76
52.495042,-1.823308,79
52.496149,-1.855373,79
52.493315,-1.858194,82
52.494665,-1.849610,80
52.492883,-1.843312,79
52.493635,-1.832329,80
52.491479,-1.826561,82
52.488760,-1.835903,78
52.490888,-1.850341,82
52.489315,-1.819274,78
52.489134,-1.843164,81
52.487472,-1.828497,79
52.425301,-1.958481,75
52.426632,-1.968861,70
52.426611,-1.980199,67
52.422389,-1.970481,71
52.417891,-1.973847,73
52.419454,-1.980574,71
52.413188,-1.979027,74
52.442863,-1.971925,72
52.436300,-1.970375,75
52.438393,-1.974971,73
52.437235,-1.965067,74
52.431981,-1.959239,73
52.430492,-1.972715,72
52.427387,-1.963014,70
52.483844,-1.813625,77
52.480306,-1.800218,72
52.480539,-1.811825,78
52.482392,-1.805569,74
52.480180,-1.791495,74
52.475789,-1.783657,75
52.476835,-1.815621,78
52.476960,-1.791524,73
52.475005,-1.806078,75
52.475747,-1.796423,73
52.471493,-1.789221,76
52.472075,-1.801310,72
52.468688,-1.794998,71
52.465376,-1.801575,73
52.467170,-1.806524,77
52.423993,-1.531384,73
52.439630,-1.580837,38
52.438600,-1.532911,70
52.438844,-1.524634,72
52.431696,-1.548998,66
52.434404,-1.528329,72
52.433441,-1.561160,47
52.430522,-1.529834,73
52.428967,-1.536356,70
52.424159,-1.566857,59
52.400696,-1.443636,69
52.397623,-1.451497,69
52.400900,-1.453924,70
52.394330,-1.452492,69
52.392048,-1.443396,68
52.385783,-1.455534,67
52.389360,-1.466523,69
52.381515,-1.464022,69
52.386142,-1.469022,69
52.399468,-1.435810,60
52.387251,-1.492644,72
52.400583,-1.505586,79
52.395635,-1.512130,77
52.396129,-1.503291,77
52.390879,-1.506704,74
52.402853,-1.520387,81
52.399393,-1.534140,75
52.396603,-1.546845,67
52.396503,-1.531523,76
52.391751,-1.536979,68
52.399599,-1.525946,78
52.393922,-1.522270,75
52.388488,-1.514102,73
52.381022,-1.504232,66
52.385225,-1.502138,68
52.382615,-1.512563,69
52.439231,-1.492625,75
52.436297,-1.499876,76
52.427230,-1.504762,77
52.432893,-1.494469,78
52.432965,-1.501708,77
52.429389,-1.489587,79
52.426880,-1.497356,80
52.426219,-1.490612,79
52.421168,-1.505189,81
52.417109,-1.504831,83
52.443377,-1.495001,75
52.435155,-1.449094,69
52.437648,-1.461647,72
52.435009,-1.437693,70
52.433783,-1.460246,72
52.423752,-1.434713,67
52.430628,-1.453848,71
52.430469,-1.443936,71
52.427702,-1.438881,69
52.446680,-1.456830,61
52.439782,-1.466287,71
52.438782,-1.453992,70
52.436720,-1.510214,71
52.440772,-1.513679,69
52.452152,-1.494022,66
52.452630,-1.537188,58
52.450121,-1.519947,68
52.447547,-1.502188,68
52.446917,-1.514245,71
52.443444,-1.527673,69
52.444028,-1.502854,71
52.443179,-1.509265,71
52.441704,-1.520144,70
52.430061,-1.468465,71
52.444204,-1.479787,70
52.443454,-1.471841,70
52.439633,-1.483982,71
52.436084,-1.472915,75
52.438031,-1.477977,72
52.433905,-1.485598,74
52.432229,-1.478117,75
52.396349,-1.475929,72
52.412418,-1.464345,76
52.411163,-1.468853,76
52.408292,-1.479851,81
52.409404,-1.474517,79
52.407187,-1.471294,75
52.407257,-1.463297,73
52.403990,-1.473621,71
52.400504,-1.476699,74
52.428675,-1.524101,74
52.432665,-1.520830,73
52.430826,-1.515783,74
52.424800,-1.516449,75
52.430504,-1.510506,73
52.423765,-1.521244,77
52.420508,-1.526317,75
52.418418,-1.518901,79
52.415050,-1.521945,78
52.414083,-1.513809,83
52.400867,-1.491925,80
52.403216,-1.497214,82
52.413635,-1.489439,81
52.417630,-1.497714,82
52.413158,-1.503526,85
52.415192,-1.496121,83
52.417570,-1.490320,80
52.410835,-1.497397,84
52.416187,-1.541730,71
52.419891,-1.541665,71
52.419063,-1.534470,74
52.416630,-1.549645,69
52.413593,-1.529224,76
52.414017,-1.535770,75
52.410834,-1.540096,74
52.410256,-1.523413,81
52.407378,-1.521542,83
52.424334,-1.545576,68
52.422653,-1.539927,70
52.420334,-1.472988,74
52.422562,-1.478546,74
52.418820,-1.483198,77
52.417166,-1.466415,75
52.416030,-1.473915,75
52.414337,-1.485587,81
52.413460,-1.478192,80
52.409331,-1.486100,82
52.427089,-1.483087,74
52.426987,-1.468899,70
52.426814,-1.477289,73
52.383340,-1.544121,64
52.386057,-1.527815,72
52.384244,-1.520642,71
52.380448,-1.529514,66
52.384040,-1.533674,67
52.378404,-1.519631,67
52.376814,-1.551535,64
52.375211,-1.512397,61
52.400480,-1.581108,69
52.400196,-1.568341,71
52.394240,-1.562046,72
52.406710,-1.565855,71
52.404810,-1.568567,72
52.399507,-1.560546,71
52.409902,-1.556376,71
52.409805,-1.548891,69
52.403120,-1.552655,70
52.405376,-1.543668,71
52.406838,-1.535695,77
52.405885,-1.527551,79
52.402864,-1.535803,78
52.403757,-1.529210,79
52.418485,-1.564264,64
52.413863,-1.560550,67
52.415822,-1.554619,67
52.410681,-1.565270,68
52.413228,-1.573282,67
52.413165,-1.595257,58
52.413789,-1.584123,64
52.410576,-1.575182,70
52.409128,-1.585527,69
52.404504,-1.588974,68
52.405300,-1.577210,72
52.419735,-1.572276,62
52.418391,-1.578951,62
52.418993,-1.597157,57
52.406359,-1.441138,64
52.405950,-1.454873,69
52.427480,-1.457586,70
52.425406,-1.450718,69
52.423178,-1.465013,71
52.420318,-1.453304,74
52.416397,-1.453567,73
52.418898,-1.461620,75
52.417351,-1.444283,69
52.412504,-1.459136,74
52.412329,-1.442094,65
52.408562,-1.450620,70
52.466038,-2.118983,69
52.466186,-2.136885,68
52.463830,-2.150977,75
52.463743,-2.125999,68
52.467949,-2.130475,69
52.464210,-2.131565,68
52.464678,-2.142472,71
52.459654,-2.137846,70
52.472605,-2.126263,72
52.471909,-2.120054,72
52.471127,-2.114078,72
52.470347,-2.138921,68
52.470208,-2.148603,72
52.445803,-2.062922,74
52.448757,-2.055118,80
52.456359,-2.048570,77
52.461690,-2.053425,68
52.458460,-2.062667,72
52.456319,-2.068864,68
52.450527,-2.069114,70
52.451258,-2.062758,74
52.475972,-2.137181,72
52.478857,-2.114468,77
52.476974,-2.148497,72
52.480964,-2.138335,69
52.480968,-2.124466,75
52.473721,-2.152366,74
52.487758,-2.115961,74
52.485342,-2.134169,70
52.502101,-2.122467,68
52.505860,-2.138584,63
52.497019,-2.140437,67
52.499163,-2.130854,69
52.493128,-2.128603,69
52.492156,-2.136631,68
52.491951,-2.122812,70
52.519487,-2.092223,74
52.517638,-2.077961,73
52.527972,-2.101571,69
52.528075,-2.082093,70
52.526408,-2.106760,69
52.522532,-2.101939,72
52.548864,-2.081105,70
52.546066,-2.085228,71
52.544067,-2.094977,72
52.543400,-2.101111,71
52.542941,-2.076112,71
52.539707,-2.090188,72
52.537134,-2.081467,69
52.552552,-2.078373,71
52.538308,-2.100488,70
52.535317,-2.116357,75
52.542159,-2.118318,77
52.533951,-2.107600,67
52.534816,-2.091347,70
52.531181,-2.092852,70
52.549240,-2.119476,72
52.541881,-2.110624,73
52.517412,-2.132687,66
52.520411,-2.112210,67
52.521760,-2.120871,67
52.525374,-2.130510,64
52.520700,-2.130682,66
52.515051,-2.110556,64
52.513735,-2.137896,62
52.515735,-2.123386,66
52.511974,-2.121994,61
52.530620,-2.116319,71
52.527996,-2.122474,68
52.526772,-2.113207,72
52.470462,-2.023597,72
52.469500,-2.041779,75
52.464613,-2.028976,74
52.470806,-2.018092,71
52.470536,-2.034225,78
52.463454,-2.037649,74
52.464646,-2.019049,75
52.475233,-2.027870,74
52.442566,-2.055293,73
52.459157,-2.017650,76
52.458392,-2.027446,75
52.452842,-2.015110,70
52.451040,-2.024126,68
52.441973,-2.030306,66
52.449361,-2.042617,75
52.445924,-2.048017,74
52.448022,-2.075229,64
52.445297,-2.085041,56
52.452572,-2.084306,66
52.437067,-2.066358,66
52.439564,-2.075441,59
52.436229,-2.083090,51
52.453893,-2.088949,67
52.510611,-2.174783,63
52.499554,-2.183406,64
52.503888,-2.152455,63
52.507226,-2.172724,70
52.505641,-2.182459,66
52.509919,-2.157995,64
52.501415,-2.166892,73
52.501327,-2.177288,68
52.497433,-2.171188,72
52.497589,-2.147953,63
52.497156,-2.157744,69
52.493416,-2.162170,70
52.487117,-2.174387,62
52.492517,-2.177990,56
52.491715,-2.149664,68
52.486473,-2.167827,66
52.490208,-2.165454,68
52.447196,-2.113988,62
52.440572,-2.116028,59
52.459173,-2.107581,69
52.456420,-2.128389,73
52.454323,-2.103976,66
52.459189,-2.119086,72
52.454279,-2.115420,71
52.447531,-2.102749,63
52.499511,-2.108773,68
52.498208,-2.090961,73
52.493775,-2.107166,66
52.492809,-2.081959,73
52.489698,-2.076835,72
52.499655,-2.100570,69
52.435794,-2.147570,66
52.437380,-2.162640,57
52.454555,-2.171849,64
52.452926,-2.163362,70
52.448529,-2.169126,62
52.448009,-2.149051,73
52.447128,-2.160105,67
52.441585,-2.157587,61
52.439188,-2.122655,61
52.441222,-2.133160,66
52.433178,-2.135762,56
52.454464,-2.140654,77
52.450846,-2.131654,74
52.450358,-2.142540,79
52.445521,-2.131584,71
52.449876,-2.123268,68
52.459564,-2.081127,71
52.457053,-2.093703,70
52.459301,-2.075226,66
52.477437,-2.102669,72
52.473515,-2.099637,73
52.471772,-2.104748,75
52.466271,-2.109438,70
52.462768,-2.085649,72
52.466814,-2.098988,69
52.463174,-2.094624,68
52.487733,-2.070312,71
52.487050,-2.083703,73
52.489191,-2.090846,72
52.485355,-2.098880,68
52.482972,-2.074782,74
52.479544,-2.078760,74
52.481577,-2.086493,71
52.477507,-2.090349,72
52.515362,-2.094976,76
52.519092,-2.102828,74
52.512597,-2.104876,69
52.509222,-2.113821,60
52.504355,-2.116641,64
52.506174,-2.100639,71
52.506710,-2.108527,64
52.500431,-2.080167,70
52.501592,-2.070115,68
52.505510,-2.082094,77
52.496430,-2.073012,66
52.511242,-2.062336,73
52.509728,-2.074875,76
52.510329,-2.067591,74
52.504730,-2.065653,69
52.544481,-2.125812,70
52.541516,-2.131427,70
52.534705,-2.134107,65
52.534385,-2.125569,74
52.525897,-2.144841,55
52.525276,-2.139945,57
52.553010,-2.127287,61
52.547508,-2.133954,56
52.460482,-2.170616,66
52.463232,-2.164698,71
52.458896,-2.160821,73
52.457661,-2.151021,77
52.455122,-2.156499,75
52.452761,-2.151904,78
52.467175,-2.161184,69
52.467034,-2.167599,67
52.484259,-2.150293,67
52.486206,-2.158761,68
52.486965,-2.143717,68
52.482082,-2.173987,60
52.480508,-2.156413,71
52.480535,-2.165714,70
52.478641,-2.173237,61
52.474105,-2.165026,66
52.475771,-2.170915,61
52.473428,-2.158934,71
52.479066,-1.969405,84
52.477831,-1.981253,77
52.476173,-1.988082,74
52.474720,-1.975622,83
52.471206,-1.980570,78
52.478155,-1.976658,82
52.473945,-1.969972,86
52.480839,-1.973091,82
52.479174,-2.040563,78
52.482409,-2.034021,75
52.477322,-2.051784,76
52.474045,-2.042838,80
52.470909,-2.050711,74
52.493250,-2.028504,72
52.491363,-2.034565,73
52.486902,-2.033313,71
52.479720,-1.992668,72
52.481106,-1.985494,74
52.479364,-2.001148,74
52.476314,-1.997696,74
52.487904,-1.998169,76
52.484099,-1.996580,74
52.487052,-1.984747,76
52.484929,-1.989162,77
52.535644,-1.985021,77
52.529425,-1.977524,76
52.549233,-1.976191,66
52.545826,-1.961474,64
52.543000,-1.981450,76
52.544896,-1.972986,67
52.472008,-2.067969,76
52.470696,-2.087579,76
52.465111,-2.072646,68
52.474880,-2.075511,79
52.474917,-2.061035,77
52.471028,-2.074226,75
52.466715,-2.062765,69
52.467579,-2.054915,66
52.557060,-1.998792,75
52.561009,-2.000290,75
52.554576,-1.993587,74
52.550066,-1.995831,75
52.552127,-1.983016,70
52.550813,-1.988414,74
52.549836,-2.004003,75
52.558234,-1.986903,69
52.550977,-1.947884,69
52.553682,-1.962453,61
52.559814,-1.965002,67
52.558906,-1.956909,61
52.556465,-1.938639,66
52.555219,-1.972024,64
52.549305,-1.935810,75
52.549022,-1.926898,72
52.530858,-2.045917,74
52.533907,-2.036717,75
52.537174,-2.053503,72
52.525567,-2.031854,76
52.525737,-2.041191,75
52.524160,-2.023606,71
52.540482,-2.040263,74
52.535693,-2.048468,74
52.517004,-2.010454,79
52.516369,-2.003525,84
52.519688,-2.006051,83
52.512041,-1.996437,82
52.511107,-2.007014,80
52.533286,-2.001887,75
52.526487,-1.996466,82
52.529691,-1.996337,78
52.545962,-1.987727,75
52.545058,-1.997261,74
52.541587,-1.988527,74
52.536697,-1.992611,74
52.538327,-2.000262,74
52.479049,-2.030537,74
52.480868,-2.008057,72
52.478216,-2.016519,68
52.487784,-2.018552,74
52.491539,-2.014510,76
52.486257,-2.024562,74
52.488174,-2.005514,75
52.483876,-2.015107,72
52.535336,-1.941530,71
52.538735,-1.935105,71
52.535721,-1.951217,69
52.534115,-1.934027,72
52.542999,-1.934699,76
52.542859,-1.941617,72
52.540643,-1.945001,68
52.540077,-1.955378,69
52.511721,-2.034356,70
52.512447,-2.050712,71
52.502596,-2.011617,77
52.503682,-2.023758,70
52.499021,-2.003234,76
52.491943,-1.993650,75
52.492525,-2.001652,78
52.465399,-2.009653,77
52.465713,-2.000350,75
52.466607,-1.993918,76
52.472718,-2.009076,74
52.472197,-1.996330,74
52.468899,-1.988223,76
52.468831,-2.005546,74
52.542175,-2.051090,73
52.541467,-2.066995,74
52.543771,-2.056967,74
52.538026,-2.063175,73
52.537721,-2.058274,73
52.550195,-2.043376,70
52.549102,-2.052054,70
52.546312,-2.068420,71
52.542687,-2.044151,75
52.490122,-2.049517,69
52.485164,-2.060645,68
52.484133,-2.046409,73
52.484373,-2.040423,73
52.480780,-2.066375,78
52.496249,-2.059471,63
52.490938,-2.061213,66
52.489903,-2.040255,69
52.500885,-1.967751,78
52.502260,-1.981034,79
52.497964,-1.979239,78
52.496005,-1.976638,79
52.494662,-1.982341,77
52.491905,-1.986337,74
52.506343,-1.966978,77
52.503497,-1.988624,76
52.492383,-1.973362,81
52.488791,-1.973475,80
52.489146,-1.979773,77
52.488183,-1.968496,81
52.484684,-1.975596,79
52.484035,-1.959977,84
52.484810,-1.966656,85
52.487498,-1.958507,85
52.497277,-1.960679,81
52.491164,-1.962203,83
52.525132,-2.064128,73
52.524876,-2.051853,74
52.526502,-2.076033,74
52.519187,-2.041769,66
52.523521,-2.068927,71
52.520231,-2.057147,72
52.516181,-2.057027,72
52.514535,-2.035899,65
52.527763,-2.055150,72
52.530261,-2.062023,74
52.500999,-2.045292,67
52.501487,-2.055588,65
52.498912,-2.038871,69
52.498048,-2.032467,71
52.509538,-2.056411,65
52.507247,-2.047225,65
52.504918,-2.054064,65
52.504745,-2.038690,69
52.560271,-2.006906,79
52.564523,-2.020857,71
52.565521,-2.012076,74
52.560133,-2.014015,77
52.558925,-2.022427,76
52.554483,-2.030835,79
52.554516,-2.016275,81
52.553576,-2.007591,78
52.533448,-2.016730,74
52.534512,-2.011401,78
52.537718,-2.026796,71
52.549480,-2.016947,78
52.546315,-2.036660,72
52.544626,-2.007468,73
52.540198,-2.007268,76
52.544553,-2.020198,75
52.515914,-1.970193,77
52.511994,-1.989152,80
52.526256,-2.005014,82
52.523137,-1.986334,80
52.519038,-1.977016,70
52.521183,-1.996816,86
52.516292,-1.987612,82
52.418621,-1.696256,44
52.451861,-1.727636,59
52.469720,-1.726854,67
52.474573,-1.738222,76
52.471911,-1.739705,72
52.472248,-1.751290,74
52.467284,-1.751845,69
52.418768,-1.727303,46
52.428520,-1.759625,58
52.509985,-1.764228,70
52.509370,-1.778544,67
52.506677,-1.762141,73
52.510550,-1.770923,66
52.503334,-1.780027,73
52.506209,-1.788711,69
52.502092,-1.759171,72
52.503285,-1.768382,75
52.480090,-1.736160,78
52.480529,-1.722653,68
52.483870,-1.729300,72
52.475115,-1.724570,70
52.476097,-1.744066,78
52.476636,-1.729425,73
52.472493,-1.731382,72
52.441204,-1.769038,71
52.446124,-1.781016,75
52.448443,-1.773145,71
52.437937,-1.778674,71
52.437529,-1.792250,70
52.437951,-1.787453,71
52.445129,-1.760532,64
52.488949,-1.736863,72
52.481732,-1.746514,79
52.485281,-1.740577,75
52.482832,-1.753194,78
52.476565,-1.749839,77
52.477184,-1.755419,77
52.492357,-1.743527,72
52.496395,-1.752080,73
52.489984,-1.755254,69
52.492657,-1.756100,71
52.487260,-1.753513,72
52.390002,-1.760382,59
52.389216,-1.729960,66
52.385231,-1.746512,63
52.376692,-1.735029,62
52.402937,-1.749088,55
52.394012,-1.736901,59
52.392513,-1.753278,58
52.449383,-1.804431,72
52.446290,-1.788060,75
52.450482,-1.788024,75
52.443180,-1.791178,72
52.441818,-1.798169,72
52.454250,-1.797642,73
52.449438,-1.799054,74
52.434053,-1.619988,38
52.434052,-1.653830,48
52.389528,-1.620627,46
52.374828,-1.682513,33
52.411654,-1.658075,50
52.394347,-1.646652,58
52.388351,-1.653933,55
52.383784,-1.658514,51
52.433488,-1.794924,68
52.426405,-1.802862,65
52.429516,-1.820433,71
52.432498,-1.809750,71
52.424163,-1.816423,65
52.442859,-1.805109,66
52.439280,-1.811070,77
52.434438,-1.801655,71
52.381100,-1.818351,53
52.385173,-1.847349,51
52.372840,-1.800343,49
52.384527,-1.761841,60
52.369228,-1.762409,56
52.377826,-1.756135,63
52.377367,-1.774181,54
52.365565,-1.749669,58
52.356579,-1.780981,49
52.402457,-1.770424,67
52.404724,-1.799115,71
52.411427,-1.786645,76
52.401631,-1.789350,67
52.399330,-1.782285,63
52.420821,-1.793638,67
52.417926,-1.804600,68
52.412970,-1.798575,68
52.409020,-1.774491,78
52.410964,-1.812569,70
52.406404,-1.818734,74
52.410878,-1.822256,75
52.406530,-1.806410,71
52.403016,-1.815381,74
52.419559,-1.826612,72
52.416999,-1.815465,69
52.415524,-1.824602,74
52.395629,-1.789878,59
52.401093,-1.824016,74
52.399383,-1.806320,73
52.400733,-1.833174,68
52.396488,-1.828320,68
52.392541,-1.779069,55
52.394578,-1.813217,70
52.392442,-1.795569,54
52.388933,-1.798706,56
52.384933,-1.788006,53
52.401885,-1.841204,65
52.407378,-1.865023,69
52.406902,-1.845751,68
52.406593,-1.835164,72
52.404599,-1.851772,63
52.405965,-1.860721,66
52.407865,-1.828988,76
52.410590,-1.840883,70
52.415317,-1.768501,75
52.417922,-1.750445,62
52.432576,-1.771982,65
52.428807,-1.788478,70
52.422565,-1.776980,75
52.423467,-1.786851,69
52.428183,-1.769324,67
52.422244,-1.767976,72
52.503208,-1.744912,69
52.505433,-1.748572,69
52.505549,-1.753880,71
52.499563,-1.746408,71
52.495010,-1.738263,70
52.509592,-1.750502,67
52.509073,-1.755958,70
52.609778,-1.906450,69
52.616306,-1.920120,65
52.611052,-1.916975,69
52.601613,-1.930512,68
52.596754,-1.912111,71
52.591089,-1.934474,64
52.597086,-1.925767,70
52.588762,-1.915162,65
52.629233,-1.941406,65
52.641476,-1.916482,65
52.628205,-1.913039,64
52.636260,-1.927752,70
52.628146,-1.919656,66
52.627672,-1.925241,68
52.619609,-1.905425,61
52.622418,-1.924628,65
52.619204,-1.914260,60
52.591294,-2.020694,68
52.590817,-2.030036,70
52.587128,-2.021374,69
52.581039,-2.025001,68
52.575569,-2.038216,72
52.567773,-2.028450,75
52.571967,-2.032846,71
52.573044,-2.021585,73
52.594516,-2.021459,65
52.594960,-2.010475,67
52.593744,-2.000749,78
52.588628,-1.996791,80
52.588900,-2.008481,74
52.604222,-2.000709,74
52.607706,-1.996416,79
52.607560,-2.014408,69
52.600928,-2.012613,70
52.599214,-2.005098,71
52.605361,-1.988306,74
52.599562,-1.981583,72
52.611052,-1.993855,78
52.610677,-1.987462,77
52.624005,-1.987834,68
52.625072,-2.000103,71
52.619064,-1.990995,72
52.616232,-2.000015,80
52.615406,-1.992798,76
52.615984,-1.985469,72
52.632313,-1.996420,67
52.617576,-2.024719,72
52.619074,-2.007104,79
52.620918,-2.013309,75
52.613436,-2.015719,76
52.610225,-2.001763,77
52.628835,-2.013222,61
52.629295,-2.007887,61
52.625678,-2.018535,67
52.623650,-2.024619,67
52.620614,-2.019418,72
52.659366,-1.954560,57
52.650688,-1.919012,68
52.654171,-1.945732,64
52.656144,-1.925416,62
52.650967,-1.930238,69
52.646797,-1.940800,68
52.638681,-1.953538,60
52.642752,-1.930474,72
52.568045,-2.039694,73
52.565054,-2.048992,67
52.563687,-2.031469,72
52.568510,-2.045934,71
52.559998,-2.039447,71
52.560016,-2.051035,73
52.555852,-2.050069,71
52.574221,-2.043783,71
52.590664,-1.954841,70
52.590420,-1.974255,82
52.615060,-1.951693,66
52.613232,-1.938731,63
52.613434,-1.961299,67
52.605090,-1.947511,67
52.609812,-1.952230,64
52.603534,-1.962360,68
52.596210,-1.968803,74
52.583249,-1.962735,79
52.582033,-1.968802,82
52.578402,-1.955186,71
52.580733,-1.941521,62
52.577759,-1.967397,82
52.574149,-1.943675,63
52.571157,-1.957202,69
52.569127,-1.950152,66
52.564136,-1.943983,61
52.563212,-1.981330,75
52.566953,-1.991969,76
52.562038,-1.966434,73
52.567815,-1.976557,77
52.566517,-1.967641,73
52.576268,-1.986325,83
52.574816,-1.991662,81
52.573352,-1.979998,82
52.572359,-1.987626,81
52.569606,-1.982887,79
52.637374,-1.966466,63
52.635964,-1.962300,60
52.632671,-1.972351,64
52.627920,-1.974893,67
52.628043,-1.965224,65
52.635073,-1.980647,63
52.618646,-1.964936,63
52.623444,-1.973499,63
52.621914,-1.948257,64
52.620430,-1.955413,66
52.561132,-1.901417,73
52.568486,-1.922058,69
52.556866,-1.918554,66
52.559168,-1.898613,75
52.556653,-1.906751,75
52.554008,-1.910866,72
52.568827,-2.001792,77
52.582333,-2.009000,74
52.583347,-1.995263,81
52.578693,-1.998789,77
52.573378,-1.999350,80
52.575933,-2.005836,74
52.573954,-2.011183,73
52.588637,-1.986558,85
52.586327,-1.975673,85
52.580743,-1.975442,86
52.576067,-1.978371,84
52.573663,-1.970799,75
52.597727,-1.988101,78
52.594098,-1.987461,81
52.593342,-2.041279,69
52.596808,-2.052627,68
52.597180,-2.024844,68
52.604043,-2.025320,70
52.602807,-2.049007,66
52.601070,-2.041173,70
52.601329,-2.031548,68
52.596864,-2.037472,70
52.575367,-1.901853,62
52.583662,-1.878788,59
52.580346,-1.887041,66
52.575993,-1.888232,65
52.587967,-1.900707,60
52.569185,-1.887117,60
52.571415,-1.897607,63
52.571739,-1.887019,64
52.590657,-1.887751,55
52.605938,-2.042734,68
52.609656,-2.042160,69
52.609875,-2.048166,68
52.609054,-2.032822,69
52.615829,-2.036562,68
52.617685,-2.046594,66
52.614905,-2.042377,67
52.613017,-2.030956,70
52.587273,-2.071145,69
52.586575,-2.035188,70
52.586702,-2.045415,74
52.584536,-2.060026,75
52.581934,-2.041100,73
52.579189,-2.052065,73
52.592063,-2.063375,71
52.590864,-2.051542,71
52.590174,-2.037501,70
52.558376,-2.073124,76
52.552876,-2.057039,70
52.556083,-2.065229,75
52.549936,-2.064127,71
52.565278,-2.064516,79
52.571805,-2.058194,73
52.568014,-2.067961,79
52.576631,-2.081850,69
52.576593,-2.061867,69
52.572242,-2.081878,76
52.573323,-2.088620,72
52.574432,-2.067081,74
52.571275,-2.073714,78
52.582630,-2.071664,73
52.578214,-2.071178,71
52.580155,-2.077697,70
52.573824,-2.134697,80
52.566878,-2.127724,77
52.570475,-2.124834,81
52.570068,-2.131576,80
52.566351,-2.118997,78
52.563313,-2.134894,72
52.559604,-2.128619,73
52.574946,-2.127195,84
52.618278,-2.123822,72
52.633823,-2.120033,58
52.632227,-2.113442,53
52.627044,-2.124258,66
52.628918,-2.107004,63
52.624690,-2.117395,67
52.620307,-2.116297,72
52.576561,-2.099548,72
52.583383,-2.105433,74
52.589597,-2.094184,71
52.589098,-2.101262,73
52.584137,-2.083890,71
52.585625,-2.094583,73
52.580571,-2.094908,73
52.566139,-2.110524,74
52.566633,-2.087674,75
52.559356,-2.087843,73
52.569852,-2.107190,72
52.575987,-2.119779,79
52.569486,-2.099473,73
52.617189,-2.102681,73
52.616094,-2.089134,68
52.611638,-2.090117,70
52.612299,-2.098230,75
52.605576,-2.100623,76
52.608638,-2.095648,74
52.622130,-2.099752,69
52.577384,-2.138510,81
52.582573,-2.139127,81
52.575255,-2.147825,76
52.576726,-2.142687,80
52.571410,-2.145105,77
52.574776,-2.152442,74
52.571580,-2.157162,71
52.580336,-2.147050,77
52.595451,-2.106515,75
52.592275,-2.114546,77
52.589579,-2.109174,77
52.603011,-2.084112,77
52.603851,-2.092676,74
52.597990,-2.094900,79
52.599938,-2.102593,76
52.599818,-2.116277,77
52.605455,-2.107083,74
52.601820,-2.110028,73
52.613557,-2.106756,74
52.615290,-2.112498,72
52.612940,-2.117078,72
52.610043,-2.111692,74
52.606734,-2.120048,69
52.605861,-2.114068,73
52.573877,-2.168463,70
52.572471,-2.163340,70
52.570855,-2.176002,68
52.567600,-2.170050,70
52.563886,-2.172759,66
52.558851,-2.171888,64
52.577754,-2.165233,69
52.575692,-2.176349,66
52.630388,-2.131820,67
52.624014,-2.147833,60
52.626785,-2.143927,63
52.621140,-2.150919,63
52.622808,-2.134299,70
52.619426,-2.136657,68
52.615061,-2.142619,64
52.614918,-2.134557,68
52.608910,-2.136096,68
52.587636,-2.163273,68
52.582114,-2.155481,71
52.586618,-2.148491,80
52.582640,-2.169413,69
52.588165,-2.140520,81
52.580509,-2.176861,68
52.593943,-2.157611,76
52.591897,-2.143008,79
52.590409,-2.151331,78
52.558814,-2.157909,65
52.558472,-2.166646,64
52.557813,-2.151210,64
52.566197,-2.157096,65
52.564344,-2.163328,66
52.565379,-2.149887,71
52.566852,-2.142620,74
52.560997,-2.143695,67
52.602053,-2.135851,70
52.597917,-2.153001,74
52.599507,-2.147688,68
52.598524,-2.141957,72
52.596369,-2.134121,78
52.595304,-2.141432,78
52.593589,-2.130875,82
52.592111,-2.135735,82
52.581281,-2.119209,80
52.549924,-2.096950,68
52.547585,-2.108099,70
52.560566,-2.111799,70
52.554649,-2.096095,65
52.559377,-2.102059,68
52.556114,-2.115398,67
52.552329,-2.113249,67
52.552901,-2.105436,67
52.602878,-2.157067,69
52.603174,-2.165921,68
52.619307,-2.156279,63
52.612445,-2.151811,64
52.616708,-2.157505,64
52.613479,-2.165424,65
52.607932,-2.154446,66
52.604430,-2.182443,59
52.595247,-2.169541,70
52.593289,-2.176721,68
52.591468,-2.181633,70
52.584596,-2.195913,52
52.586701,-2.181164,67
52.579633,-2.187320,62
52.598333,-2.183706,65
52.608805,-2.055511,70
52.614046,-2.061100,70
52.614204,-2.053127,70
52.611109,-2.065600,70
52.610668,-2.076479,69
52.619200,-2.056596,67
52.617744,-2.063502,65
52.601613,-2.058128,69
52.603323,-2.072842,71
52.605173,-2.058220,72
52.594352,-2.081809,74
52.600082,-2.065576,67
52.608022,-2.082672,72
52.607378,-2.067457,72
53.846260,-1.756107,62
53.843251,-1.778372,71
53.847082,-1.792851,60
53.841133,-1.770398,72
53.845506,-1.766409,66
53.858562,-1.776825,56
53.854572,-1.758743,61
53.855867,-1.768340,63
53.851697,-1.751201,61
53.851268,-1.771031,64
53.849324,-1.865236,68
53.856865,-1.834690,65
53.855030,-1.821770,58
53.847543,-1.820112,65
53.850906,-1.828743,73
53.844343,-1.808069,66
53.847553,-1.827833,73
53.844659,-1.834898,76
53.838796,-1.873555,47
53.827379,-1.845473,54
53.832122,-1.827626,65
53.825837,-1.867313,50
53.824259,-1.900368,47
53.828139,-1.830707,62
53.828819,-1.888342,49
53.818547,-1.861476,52
53.804436,-1.903638,46
53.791922,-1.898580,46
53.836733,-1.828284,62
53.817578,-1.744548,73
53.815185,-1.736905,75
53.813898,-1.753793,73
53.813871,-1.749655,71
53.813659,-1.732190,76
53.812352,-1.744360,74
53.824078,-1.747532,73
53.827477,-1.741462,73
53.821411,-1.740490,78
53.794660,-1.738003,82
53.798794,-1.732928,81
53.793517,-1.732204,81
53.784600,-1.727453,77
53.788551,-1.711440,71
53.787694,-1.718070,73
53.780325,-1.705902,68
53.785359,-1.738075,76
53.778762,-1.720517,75
53.773810,-1.733837,75
53.772996,-1.744877,71
53.799570,-1.739303,81
53.797872,-1.709398,78
53.799177,-1.716124,79
53.795432,-1.718739,78
53.796755,-1.726591,80
53.798990,-1.723842,79
53.793430,-1.713969,77
53.793963,-1.725990,80
53.805475,-1.713317,76
53.803647,-1.721076,76
53.801601,-1.707922,77
53.795140,-1.803382,70
53.801052,-1.807356,71
53.798783,-1.797296,75
53.797199,-1.817797,69
53.797078,-1.812788,72
53.788087,-1.812008,66
53.780375,-1.835187,60
53.783867,-1.809035,67
53.778305,-1.825210,61
53.778593,-1.815215,67
53.935237,-1.946158,50
53.909248,-1.942058,60
53.913220,-1.941481,60
53.913615,-1.951360,55
53.909031,-1.906839,54
53.886847,-1.952798,61
53.895927,-1.970233,57
53.899810,-1.954391,58
53.938659,-1.891273,46
53.942642,-1.884672,50
53.945119,-1.895622,47
53.819133,-1.716468,71
53.818469,-1.710452,64
53.815723,-1.726108,74
53.819728,-1.722155,73
53.825559,-1.718555,71
53.825951,-1.709333,67
53.826335,-1.729778,72
53.820641,-1.733049,77
53.821216,-1.728246,76
53.792249,-1.789581,74
53.787952,-1.796029,74
53.783114,-1.800266,70
53.779719,-1.787097,78
53.779170,-1.800148,68
53.777337,-1.792863,73
53.776853,-1.779395,77
53.775598,-1.785222,76
53.772052,-1.790293,70
53.815832,-1.822153,61
53.817145,-1.783372,74
53.813639,-1.801387,70
53.815170,-1.838663,57
53.811704,-1.781438,78
53.815650,-1.813499,64
53.818584,-1.794763,72
53.809753,-1.775008,81
53.809921,-1.831700,59
53.810358,-1.771710,83
53.830705,-1.724731,72
53.832313,-1.741036,70
53.829465,-1.717787,69
53.843434,-1.708870,64
53.845559,-1.736679,73
53.854090,-1.721350,66
53.843330,-1.745310,67
53.837623,-1.741595,68
53.836085,-1.728074,75
53.832682,-1.712537,69
53.831642,-1.733808,74
53.921355,-1.805761,66
53.914631,-1.827751,67
53.923060,-1.843753,58
53.934595,-1.824894,61
53.926640,-1.824942,75
53.924478,-1.793852,65
53.923365,-1.832748,69
53.928668,-1.814036,73
53.927714,-1.802882,66
53.871352,-1.896664,74
53.872299,-1.902171,78
53.872927,-1.906932,79
53.869776,-1.886196,64
53.856420,-1.895108,60
53.862690,-1.875858,56
53.888256,-1.845535,47
53.888929,-1.874978,56
53.878535,-1.895801,62
53.872016,-1.868373,53
53.866517,-1.908196,81
53.860679,-1.909997,75
53.860953,-1.917480,77
53.856664,-1.905400,67
53.857304,-1.916993,73
53.853791,-1.927122,64
53.848161,-1.912519,64
53.855313,-1.921412,70
53.848342,-1.927901,59
53.870050,-1.919755,77
53.868982,-1.926761,72
53.870138,-1.934210,63
53.870995,-1.949760,57
53.867176,-1.918316,78
53.864025,-1.925542,72
53.861874,-1.922144,74
53.860558,-1.933684,64
53.882553,-1.917198,63
53.873863,-1.913471,77
53.876273,-1.926739,67
53.786725,-1.747996,83
53.787189,-1.761944,86
53.781031,-1.758220,84
53.783569,-1.762850,84
53.781670,-1.743072,78
53.781255,-1.773667,80
53.780880,-1.750393,80
53.777327,-1.757521,83
53.778787,-1.764700,82
53.777803,-1.771625,80
53.776016,-1.765757,82
53.759883,-1.775348,71
53.774604,-1.751192,79
53.773654,-1.756802,81
53.773618,-1.764060,81
53.770819,-1.763818,81
53.763393,-1.753055,68
53.769207,-1.758115,77
53.764914,-1.766787,75
53.765481,-1.771883,76
53.758955,-1.762356,70
53.759587,-1.769409,70
53.769905,-1.830894,67
53.767134,-1.855698,66
53.771136,-1.862729,64
53.766704,-1.805203,69
53.766088,-1.836311,63
53.766145,-1.861198,58
53.757531,-1.850843,64
53.759224,-1.857705,60
53.775497,-1.808250,69
53.773687,-1.797452,70
53.771636,-1.802437,67
53.875325,-1.812553,46
53.863219,-1.843546,64
53.856432,-1.821749,59
53.911563,-1.753620,59
53.917070,-1.763465,55
53.913232,-1.746806,60
53.899926,-1.777042,53
53.905570,-1.738781,57
53.895894,-1.736564,62
53.890561,-1.729532,67
53.891716,-1.749613,64
53.828011,-1.752302,66
53.825081,-1.764005,71
53.828372,-1.771793,76
53.821638,-1.757156,69
53.838524,-1.757472,73
53.834142,-1.751586,68
53.835336,-1.767152,77
53.830335,-1.758964,69
53.838485,-1.801267,76
53.834774,-1.795829,80
53.833698,-1.805258,72
53.827841,-1.790067,78
53.832572,-1.785015,82
53.826948,-1.778584,80
53.828053,-1.807192,65
53.823317,-1.781221,78
53.822852,-1.773194,78
53.818207,-1.772617,78
53.792593,-1.824838,63
53.786563,-1.871262,53
53.783946,-1.848909,57
53.803191,-1.854461,47
53.792163,-1.847958,59
53.807128,-1.826407,70
53.800950,-1.823441,72
53.804205,-1.814872,74
53.800822,-1.831323,64
53.800807,-1.791333,82
53.809930,-1.790301,79
53.808337,-1.809102,72
53.808742,-1.798003,75
53.807127,-1.780696,82
53.806450,-1.785012,82
53.806380,-1.789252,82
53.803946,-1.796555,78
53.803553,-1.786972,82
53.801230,-1.778492,83
53.800621,-1.785446,83
53.768344,-1.709436,76
53.766269,-1.722561,72
53.772269,-1.677194,62
53.765980,-1.727197,69
53.759400,-1.735611,66
53.777562,-1.713157,73
53.772061,-1.707768,73
53.774750,-1.704034,67
53.773179,-1.715234,74
53.813750,-1.763057,74
53.812481,-1.721724,71
53.811468,-1.713637,69
53.808100,-1.722616,76
53.809464,-1.732281,78
53.806616,-1.741671,76
53.805580,-1.748477,78
53.804290,-1.735285,77
53.804264,-1.728257,78
53.795588,-1.778972,79
53.791455,-1.763176,84
53.788925,-1.771449,81
53.788378,-1.782458,80
53.785546,-1.779552,81
53.783687,-1.777800,81
53.805506,-1.774362,83
53.804744,-1.766400,83
53.801255,-1.768734,83
53.801275,-1.773836,83
53.765273,-1.797132,70
53.767655,-1.792721,72
53.768831,-1.776479,77
53.767809,-1.783778,76
53.762981,-1.783927,74
53.760889,-1.801301,69
53.760392,-1.790872,69
53.772008,-1.771350,78
53.772302,-1.780012,74
53.830840,-1.936190,56
53.836010,-2.007653,42
53.830251,-1.952537,56
53.804452,-1.959089,41
53.807791,-1.951218,37
53.854658,-1.935012,58
53.858074,-1.970100,48
53.838906,-1.931360,54
53.845791,-1.958924,50
53.844344,-1.941015,52
53.756203,-1.796368,65
53.752216,-1.746722,61
53.751986,-1.762801,65
53.755206,-1.779292,62
53.746962,-1.782059,66
53.745060,-1.765445,70
53.741186,-1.755142,65
53.738666,-1.771936,71
53.731426,-1.771624,67
53.734391,-1.765070,69
53.756984,-1.789652,64
53.713896,-1.797511,70
53.710825,-1.786313,72
53.704723,-1.807006,68
53.707825,-1.769047,73
53.700634,-1.749057,61
53.714795,-1.781946,69
53.749548,-1.985932,51
53.745035,-2.028942,52
53.737267,-2.066092,23
53.712750,-2.070285,54
53.698494,-2.102218,51
53.686472,-2.091118,39
53.782555,-2.052395,31
53.745291,-2.012699,62
53.689677,-1.841715,71
53.694717,-1.832383,67
53.686199,-1.803802,63
53.683518,-1.817360,62
53.682679,-1.841119,73
53.678441,-1.831695,72
53.694154,-1.804282,65
53.661279,-1.882568,43
53.685301,-1.886873,48
53.690000,-1.856758,70
53.690325,-1.867664,60
53.685658,-1.869810,59
53.675148,-1.841138,64
53.677628,-1.871377,54
53.678329,-1.857439,61
53.719254,-1.801503,65
53.730358,-1.787155,62
53.728424,-1.799275,63
53.734343,-1.808657,61
53.719802,-1.763605,67
53.721739,-1.811806,65
53.719690,-1.784641,67
53.775631,-1.908174,52
53.756939,-1.887989,63
53.759666,-1.884005,59
53.755730,-1.896618,63
53.756892,-1.876590,61
53.750112,-1.891677,66
53.732296,-1.973655,57
53.704596,-2.010341,45
53.728937,-1.985735,59
53.752685,-1.944591,32
53.730512,-1.946461,46
53.718105,-1.942057,54
53.739751,-2.015071,63
53.748020,-1.902811,58
53.763114,-1.912469,54
53.752842,-1.918654,52
53.741061,-1.911141,49
53.730296,-1.906447,63
53.730460,-1.887456,70
53.729431,-1.894970,70
53.755212,-1.818353,61
53.759853,-1.811346,66
53.748266,-1.808682,59
53.737367,-1.850393,64
53.740338,-1.826911,58
53.750977,-1.835015,54
53.734669,-1.833694,56
53.735806,-1.879050,65
53.737876,-1.890902,55
53.743528,-1.877734,63
53.745849,-1.893576,66
53.743702,-1.886187,65
53.739496,-1.880573,63
53.739188,-1.885613,64
53.695570,-1.793189,68
53.688362,-1.780065,68
53.693484,-1.770788,65
53.684607,-1.793865,64
53.701917,-1.783616,76
53.697031,-1.784681,73
53.694269,-1.787124,72
53.682862,-1.954657,43
53.669897,-1.911700,34
53.669276,-1.943147,40
53.653306,-1.990301,28
53.701788,-1.956821,42
53.696490,-1.912098,45
53.703640,-1.933738,59
53.705268,-1.925019,64
53.728606,-1.875230,76
53.732782,-1.874163,65
53.725361,-1.883189,75
53.724130,-1.870791,78
53.723167,-1.876201,77
53.739976,-1.869936,71
53.712235,-1.861110,74
53.714674,-1.867270,77
53.710875,-1.873795,77
53.701160,-1.861556,69
53.706757,-1.860572,72
53.702449,-1.873253,60
53.715402,-1.875425,79
53.715160,-1.895835,69
53.716340,-1.904242,69
53.709204,-1.885424,65
53.711099,-1.919572,69
53.706261,-1.912545,72
53.711948,-1.912494,74
53.710073,-1.899445,71
53.719908,-2.093562,69
53.714233,-2.098568,74
53.712493,-2.083863,67
53.711943,-2.136574,51
53.732806,-2.140102,39
53.723644,-2.113606,60
53.734206,-2.111911,57
53.715829,-1.852494,70
53.706250,-1.827598,50
53.718032,-1.832168,51
53.707937,-1.850136,63
53.699006,-1.850053,62
53.719338,-1.873420,79
53.718426,-1.878985,79
53.723692,-1.918753,60
53.722981,-1.898110,72
53.722960,-1.907317,66
53.722774,-1.890077,74
53.720409,-1.884412,76
53.717315,-1.889404,76
53.716437,-1.883205,79
53.639378,-1.740994,66
53.636427,-1.732912,63
53.640949,-1.751639,67
53.640351,-1.766932,72
53.643069,-1.756125,73
53.631700,-1.743249,64
53.636309,-1.748668,68
53.626570,-1.759656,60
53.643323,-1.740239,67
53.712760,-1.593886,61
53.711283,-1.619105,71
53.711553,-1.634385,78
53.707931,-1.625977,75
53.707544,-1.639092,78
53.704813,-1.637821,76
53.701976,-1.626483,74
53.703361,-1.634874,76
53.706615,-1.611433,70
53.699074,-1.620524,71
53.718190,-1.628457,76
53.716621,-1.619314,69
53.699417,-1.658924,73
53.702814,-1.647926,77
53.723525,-1.659004,69
53.721272,-1.644312,74
53.717144,-1.635824,77
53.722528,-1.652289,70
53.716936,-1.659432,70
53.715075,-1.645259,76
53.713270,-1.652760,74
53.709813,-1.643292,77
53.706431,-1.646500,78
53.709684,-1.653032,77
53.706230,-1.657053,77
53.662789,-1.773836,71
53.667989,-1.784102,70
53.662814,-1.789157,75
53.666410,-1.773378,72
53.662940,-1.800814,65
53.658193,-1.790621,77
53.659203,-1.797269,73
53.658674,-1.781620,78
53.678431,-1.786687,63
53.671868,-1.801356,62
53.729237,-1.664510,73
53.741986,-1.668113,67
53.741226,-1.649637,71
53.742358,-1.680864,59
53.736293,-1.640667,66
53.732177,-1.654900,73
53.726912,-1.641457,69
53.759686,-1.704538,67
53.754650,-1.686733,66
53.750197,-1.706472,61
53.748850,-1.686207,62
53.740109,-1.657993,64
53.727210,-1.723076,69
53.727095,-1.714302,72
53.738612,-1.733031,62
53.720890,-1.707051,73
53.724443,-1.748864,60
53.724207,-1.727150,71
53.718784,-1.720033,69
53.719318,-1.734188,65
53.738509,-1.711663,52
53.730763,-1.754986,62
53.630310,-1.913323,44
53.615373,-1.868487,53
53.624996,-1.864391,59
53.620746,-1.879076,62
53.599225,-1.935497,55
53.595101,-1.945580,54
53.606013,-1.904137,53
53.629683,-1.847680,61
53.626921,-1.880014,60
53.636203,-1.814211,71
53.637781,-1.804717,75
53.632500,-1.800562,73
53.638887,-1.797993,76
53.631861,-1.823435,68
53.633044,-1.807846,68
53.627191,-1.811191,65
53.621780,-1.823927,57
53.613549,-1.820487,60
53.612583,-1.803262,59
53.662079,-1.726324,54
53.658560,-1.742102,64
53.672149,-1.723717,50
53.654683,-1.715255,51
53.656519,-1.756882,66
53.652188,-1.752413,66
53.649096,-1.737374,64
53.648932,-1.762108,73
53.647709,-1.754411,72
53.646483,-1.765900,75
53.646483,-1.745988,70
53.683666,-1.755068,63
53.669988,-1.759110,67
53.683538,-1.762925,64
53.673467,-1.742693,63
53.675109,-1.755548,64
53.672761,-1.772476,69
53.663751,-1.760676,68
53.651527,-1.775405,76
53.683596,-1.743415,59
53.609039,-1.634714,49
53.578594,-1.624640,49
53.598427,-1.612884,52
53.593284,-1.606557,52
53.589685,-1.656913,56
53.589813,-1.643657,59
53.566578,-1.663347,46
53.575228,-1.652574,51
53.572165,-1.683927,45
53.598649,-1.683978,48
53.618432,-1.627054,38
53.597245,-1.704039,46
53.689396,-1.599850,66
53.687543,-1.597747,64
53.689585,-1.618538,75
53.682625,-1.612323,64
53.692770,-1.606917,68
53.703636,-1.596880,65
53.699382,-1.610055,71
53.698934,-1.635068,79
53.694056,-1.616003,70
53.692085,-1.630377,82
53.679081,-1.680130,66
53.676497,-1.670445,70
53.681676,-1.664994,70
53.696520,-1.652292,76
53.694022,-1.659596,69
53.690645,-1.647517,77
53.686613,-1.657473,70
53.687464,-1.652091,70
53.684628,-1.641030,73
53.688432,-1.676986,67
53.682600,-1.668695,69
53.679969,-1.658583,72
53.642041,-1.849226,63
53.643004,-1.856922,61
53.638006,-1.842057,63
53.643173,-1.841423,64
53.640101,-1.823436,72
53.646413,-1.831108,68
53.641296,-1.869751,51
53.633020,-1.855992,62
53.636809,-1.832007,68
53.632692,-1.835142,63
53.648858,-1.845313,61
53.704435,-1.695180,68
53.706840,-1.663362,76
53.704704,-1.678431,74
53.698655,-1.721141,58
53.698312,-1.679447,67
53.702636,-1.666280,74
53.699349,-1.699886,66
53.715831,-1.667642,72
53.717691,-1.672883,73
53.711871,-1.665611,74
53.711303,-1.676843,78
53.708845,-1.670505,79
53.581255,-1.867414,59
53.604573,-1.774710,58
53.598459,-1.808592,58
53.599350,-1.802873,57
53.580565,-1.844866,54
53.601117,-1.853198,59
53.592295,-1.764926,55
53.597764,-1.868202,56
53.596317,-1.842277,60
53.562451,-1.744321,43
53.568157,-1.811082,51
53.565058,-1.785962,61
53.550363,-1.850265,40
53.548660,-1.773719,41
53.570805,-1.770079,54
53.571251,-1.760175,52
53.585627,-1.785439,54
53.578018,-1.776527,58
53.573916,-1.795016,58
53.573677,-1.735493,52
53.621537,-1.719409,51
53.630374,-1.697716,51
53.641473,-1.688891,46
53.638245,-1.638396,39
53.632322,-1.715774,52
53.606523,-1.744996,36
53.611522,-1.705315,53
53.621569,-1.683346,50
53.591842,-1.716578,41
53.581513,-1.703206,46
53.644346,-1.719866,54
53.659046,-1.823357,75
53.658755,-1.849013,66
53.660320,-1.831054,70
53.657806,-1.812614,70
53.653063,-1.870656,53
53.654863,-1.827723,75
53.653448,-1.836539,71
53.654621,-1.819484,76
53.665769,-1.818242,66
53.661500,-1.843791,63
53.678653,-1.698802,70
53.675765,-1.686579,70
53.664374,-1.703040,60
53.664115,-1.682158,66
53.686357,-1.713196,61
53.692601,-1.695134,64
53.685791,-1.691256,68
53.681137,-1.707423,66
53.687737,-1.701042,65
53.682517,-1.697063,69
53.620273,-1.797864,66
53.632449,-1.766216,63
53.633410,-1.786642,72
53.635039,-1.776681,71
53.622563,-1.780008,67
53.626596,-1.788497,69
53.620586,-1.792004,66
53.640302,-1.782695,76
53.636550,-1.793561,74
53.649273,-1.806094,78
53.646579,-1.797738,78
53.646146,-1.811093,75
53.647085,-1.822245,74
53.643039,-1.793791,79
53.649836,-1.788047,79
53.642033,-1.811066,77
53.654393,-1.797746,77
53.652761,-1.805063,78
53.650466,-1.815939,77
53.736015,-1.686807,60
53.730295,-1.701830,63
53.729434,-1.678258,67
53.731293,-1.692426,64
53.720432,-1.686846,67
53.713527,-1.683923,73
53.713520,-1.709511,67
53.712648,-1.697451,70
53.713112,-1.721413,62
53.708829,-1.686769,74
53.711360,-1.732437,59
53.658245,-1.652165,41
53.660499,-1.625947,60
53.663776,-1.617944,58
53.664417,-1.634170,61
53.662740,-1.607973,58
53.684756,-1.629262,78
53.679563,-1.630293,75
53.677068,-1.638356,69
53.674456,-1.646778,60
53.674345,-1.629310,70
53.670756,-1.634530,66
53.673192,-1.621201,59
53.872267,-1.681964,68
53.874057,-1.711651,78
53.878605,-1.736451,67
53.874170,-1.701132,74
53.872847,-1.694777,71
53.869557,-1.680029,73
53.878572,-1.765443,55
53.870017,-1.718034,73
53.865573,-1.707082,71
53.867619,-1.695829,73
53.863703,-1.686800,74
53.863053,-1.696594,71
53.861537,-1.681660,72
53.859127,-1.697763,64
53.856071,-1.688734,70
53.885576,-1.703595,72
53.881646,-1.719516,71
53.809544,-1.604317,70
53.809634,-1.622938,76
53.805665,-1.610976,74
53.801468,-1.586771,81
53.806688,-1.617453,75
53.803647,-1.631927,71
53.795316,-1.589312,82
53.797164,-1.583854,82
53.794856,-1.579399,79
53.811013,-1.617646,72
53.815880,-1.392549,44
53.812497,-1.346646,42
53.790218,-1.336290,44
53.757647,-1.330871,51
53.776534,-1.381039,61
53.773492,-1.373869,62
53.776378,-1.367501,59
53.761209,-1.360597,61
53.765717,-1.369243,62
53.763080,-1.375278,59
53.769399,-1.382804,57
53.750031,-1.369436,59
53.755320,-1.382590,58
53.847004,-1.372020,38
53.861369,-1.417150,36
53.855319,-1.449855,31
53.774211,-1.544878,83
53.772044,-1.560826,79
53.773548,-1.557817,80
53.770463,-1.566412,79
53.770341,-1.550887,82
53.768194,-1.575642,71
53.772033,-1.585400,67
53.767662,-1.556800,78
53.765253,-1.560833,78
53.763588,-1.569361,74
53.765170,-1.551461,72
53.815470,-1.629563,74
53.817974,-1.613900,70
53.822943,-1.632666,69
53.817646,-1.623663,71
53.820534,-1.652318,69
53.812469,-1.657044,74
53.814080,-1.637868,73
53.818454,-1.643194,70
53.811664,-1.630467,78
53.814190,-1.620935,72
53.811859,-1.647289,75
53.807015,-1.635742,77
53.808254,-1.655824,77
53.808545,-1.627079,77
53.808415,-1.642158,76
53.799141,-1.521735,87
53.812431,-1.488232,74
53.806951,-1.500732,81
53.803382,-1.476928,74
53.807341,-1.494430,75
53.807900,-1.469804,74
53.807619,-1.507649,85
53.805613,-1.458875,78
53.805489,-1.486411,75
53.805055,-1.508743,84
53.801705,-1.507643,83
53.801550,-1.516528,85
53.829729,-1.542732,79
53.831435,-1.533934,78
53.827224,-1.537423,82
53.826234,-1.526121,76
53.827398,-1.555068,75
53.823727,-1.550515,77
53.822420,-1.531327,80
53.817531,-1.540517,79
53.822518,-1.540600,78
53.820066,-1.522666,79
53.815134,-1.534147,82
53.813654,-1.529407,83
53.787090,-1.579475,77
53.795405,-1.570400,77
53.783447,-1.547636,81
53.782396,-1.566727,78
53.782134,-1.559049,80
53.776516,-1.576170,74
53.776673,-1.561189,80
53.779561,-1.544626,84
53.776391,-1.549267,83
53.778583,-1.553588,82
53.777736,-1.540719,83
53.774968,-1.553826,82
53.865931,-1.624445,56
53.859270,-1.617057,65
53.859774,-1.610292,67
53.853953,-1.610065,69
53.854107,-1.583173,60
53.863945,-1.597746,65
53.854628,-1.627083,62
53.850629,-1.599777,69
53.852946,-1.619160,66
53.847991,-1.574101,61
53.850733,-1.590209,65
53.846310,-1.614445,67
53.770141,-1.413539,55
53.769926,-1.425964,55
53.760360,-1.397612,53
53.739028,-1.407430,49
53.739578,-1.385919,50
53.728631,-1.396847,44
53.797479,-1.388893,73
53.793977,-1.371579,66
53.796202,-1.367337,58
53.792310,-1.400141,68
53.796541,-1.379049,72
53.787727,-1.375779,65
53.772623,-1.417169,63
53.791035,-1.381581,71
53.784580,-1.363369,62
53.784833,-1.384433,65
53.812051,-1.448355,78
53.813299,-1.441524,74
53.804774,-1.449263,76
53.807738,-1.445074,78
53.808083,-1.416268,68
53.792472,-1.431994,68
53.803343,-1.437915,73
53.802138,-1.457993,75
53.798486,-1.448738,74
53.798479,-1.470217,76
53.798070,-1.456843,75
53.796033,-1.464447,76
53.793516,-1.440005,70
53.789194,-1.447600,65
53.779273,-1.460120,63
53.820746,-1.491415,75
53.817753,-1.517180,83
53.817302,-1.490853,73
53.816760,-1.502237,75
53.820146,-1.484121,71
53.816581,-1.521683,83
53.815846,-1.508398,81
53.814650,-1.516368,85
53.813173,-1.521639,84
53.814446,-1.511359,83
53.813128,-1.500382,78
53.811926,-1.510145,85
53.809136,-1.511452,85
53.811657,-1.515132,86
53.820224,-1.582093,80
53.820628,-1.578165,82
53.814651,-1.579026,79
53.814953,-1.573524,80
53.815956,-1.563688,82
53.812674,-1.565846,81
53.812797,-1.569826,81
53.812642,-1.574470,81
53.810779,-1.573043,81
53.809154,-1.568472,82
53.809341,-1.571401,81
53.823135,-1.561602,73
53.821980,-1.571855,79
53.831003,-1.652621,67
53.830794,-1.630753,67
53.830739,-1.644445,71
53.849675,-1.649878,66
53.850951,-1.638592,69
53.844574,-1.685793,56
53.839629,-1.665819,56
53.844013,-1.636965,74
53.841740,-1.630869,73
53.841071,-1.653616,69
53.836441,-1.634310,74
53.837319,-1.626791,72
53.836080,-1.621794,69
53.834245,-1.642628,74
53.753771,-1.528207,74
53.781235,-1.530192,82
53.774277,-1.514877,79
53.762902,-1.517294,67
53.767127,-1.509888,75
53.769570,-1.535386,77
53.769030,-1.528777,76
53.763618,-1.532610,74
53.763436,-1.524469,71
53.758538,-1.529258,72
53.756235,-1.521334,72
53.814849,-1.597755,77
53.811604,-1.584621,79
53.813002,-1.581454,79
53.813388,-1.590286,76
53.808097,-1.576279,82
53.807176,-1.587235,80
53.805211,-1.577389,82
53.830407,-1.610266,70
53.825201,-1.605975,69
53.819805,-1.605220,75
53.820725,-1.594928,75
53.748300,-1.556077,70
53.743469,-1.542384,71
53.751956,-1.561308,68
53.745917,-1.545104,72
53.752086,-1.508401,62
53.742366,-1.552353,70
53.728766,-1.496198,61
53.750369,-1.518051,71
53.833659,-1.526643,73
53.838510,-1.554790,72
53.837079,-1.545236,76
53.831809,-1.548860,76
53.845157,-1.519095,72
53.846872,-1.525874,72
53.844664,-1.544690,75
53.841975,-1.525146,75
53.844075,-1.533519,77
53.838677,-1.566399,70
53.841982,-1.540714,76
53.838149,-1.539547,78
53.837025,-1.533428,75
53.837505,-1.522760,74
53.763298,-1.587041,65
53.763284,-1.629217,60
53.762450,-1.644591,60
53.758768,-1.660653,58
53.758883,-1.615795,66
53.752914,-1.635987,64
53.759951,-1.588385,64
53.750019,-1.606858,76
53.758509,-1.599696,63
53.751289,-1.665331,61
53.755501,-1.604450,69
53.749644,-1.648672,61
53.741689,-1.624470,74
53.755665,-1.584456,68
53.751650,-1.612285,73
53.749192,-1.602028,78
53.734822,-1.620392,73
53.719985,-1.576142,59
53.711936,-1.561699,56
53.720050,-1.542289,59
53.733720,-1.558773,60
53.745113,-1.576678,64
53.743111,-1.601578,81
53.739541,-1.606768,77
53.729182,-1.612866,70
53.737040,-1.594876,74
53.724048,-1.595914,62
53.727860,-1.573721,61
53.730444,-1.587770,62
53.726243,-1.531796,56
53.725823,-1.561099,63
53.728784,-1.568313,60
53.873345,-1.562463,59
53.854095,-1.546394,67
53.850893,-1.528366,69
53.854395,-1.529257,68
53.849078,-1.542649,74
53.847268,-1.554045,72
53.846716,-1.562065,69
53.888291,-1.509905,44
53.862609,-1.521842,56
53.862666,-1.542052,57
53.859419,-1.556607,57
53.856325,-1.536023,66
53.855586,-1.507175,55
53.854496,-1.556567,66
53.853494,-1.517787,62
53.901115,-1.672620,71
53.898302,-1.638758,43
53.897466,-1.704717,67
53.903521,-1.680109,69
53.900698,-1.722117,60
53.902634,-1.694211,73
53.896189,-1.590404,44
53.868141,-1.671168,71
53.856111,-1.679287,70
53.855336,-1.669613,68
53.913656,-1.703846,58
53.909246,-1.712361,55
53.914111,-1.695063,63
53.909776,-1.693204,65
53.799885,-1.672142,75
53.798131,-1.699399,67
53.803629,-1.667975,80
53.822154,-1.680676,62
53.831994,-1.680558,63
53.822260,-1.696872,61
53.823101,-1.658851,63
53.814982,-1.673636,73
53.817799,-1.665998,71
53.810940,-1.678722,76
53.808590,-1.691718,69
53.807420,-1.660890,76
53.804069,-1.698607,73
53.809386,-1.672146,78
53.802374,-1.682097,73
53.792331,-1.657700,72
53.785985,-1.648053,58
53.795570,-1.672132,76
53.784879,-1.669302,70
53.790554,-1.663964,75
53.791078,-1.679602,71
53.789620,-1.697922,63
53.787953,-1.657395,66
53.800957,-1.636222,68
53.802178,-1.648190,74
53.800354,-1.657058,76
53.799509,-1.643725,72
53.796240,-1.662789,80
53.796037,-1.685762,71
53.795802,-1.647424,71
53.797295,-1.503540,82
53.796585,-1.479515,76
53.799676,-1.494364,78
53.796829,-1.509354,84
53.792716,-1.477494,72
53.784917,-1.503356,72
53.797229,-1.488989,75
53.795967,-1.514449,83
53.778070,-1.484519,68
53.789707,-1.511905,78
53.790053,-1.522242,80
53.753628,-1.470364,67
53.755545,-1.476781,67
53.752010,-1.479878,69
53.753354,-1.498033,62
53.752829,-1.488438,67
53.745131,-1.481477,68
53.739996,-1.491670,61
53.745208,-1.452544,61
53.738633,-1.449154,65
53.756581,-1.439259,62
53.757222,-1.450545,64
53.762079,-1.477809,65
53.830842,-1.512121,74
53.825334,-1.516679,75
53.827067,-1.497287,73
53.830656,-1.486474,68
53.825499,-1.508333,76
53.823334,-1.495664,73
53.820619,-1.511218,79
53.820524,-1.503181,75
53.851804,-1.478062,49
53.843754,-1.493549,61
53.849844,-1.510679,64
53.844375,-1.514750,72
53.843477,-1.508864,71
53.836907,-1.514928,73
53.836888,-1.504967,67
53.830053,-1.474098,69
53.830355,-1.467739,69
53.825416,-1.477138,71
53.824019,-1.466208,74
53.821183,-1.474342,71
53.821646,-1.459549,76
53.816718,-1.477135,70
53.814522,-1.465685,75
53.817228,-1.468066,74
53.813774,-1.459022,79
53.810413,-1.457572,79
53.811243,-1.470785,75
53.816351,-1.557462,81
53.817542,-1.552405,77
53.813984,-1.549241,81
53.810244,-1.539735,83
53.810324,-1.522359,85
53.806397,-1.519070,85
53.801683,-1.560157,82
53.804925,-1.567275,81
53.841629,-1.599532,69
53.830365,-1.594670,72
53.837681,-1.611964,70
53.836726,-1.599798,72
53.831044,-1.559912,76
53.832071,-1.568682,75
53.829060,-1.584509,77
53.827899,-1.564471,77
53.827821,-1.575025,77
53.826310,-1.569763,77
53.824844,-1.583782,78
53.845657,-1.606052,69
53.899651,-1.404724,43
53.920651,-1.331139,45
53.938007,-1.389746,61
53.940316,-1.393863,56
53.936418,-1.374016,64
53.934658,-1.392720,63
53.924483,-1.403367,56
53.931397,-1.405718,52
53.925822,-1.373413,67
53.929207,-1.378753,67
53.916123,-1.419912,44
53.903342,-1.367626,53
53.900013,-1.455522,34
53.901669,-1.350695,57
53.891036,-1.352868,46
53.901124,-1.338862,55
53.878075,-1.358544,39
53.881051,-1.446917,36
53.839470,-1.459133,62
53.836717,-1.423911,51
53.838627,-1.470092,62
53.834873,-1.462462,65
53.831731,-1.452734,66
53.823922,-1.415206,53
53.826897,-1.455690,74
53.826061,-1.444709,73
53.820491,-1.435824,71
53.820355,-1.444788,73
53.818128,-1.450118,77
53.795384,-1.612890,74
53.788125,-1.626389,68
53.795119,-1.626584,67
53.776597,-1.634486,55
53.793374,-1.599573,80
53.790502,-1.610771,70
53.787555,-1.600477,73
53.790100,-1.594695,77
53.786238,-1.586587,75
53.773737,-1.602404,67
53.785939,-1.613307,69
53.784117,-1.593796,75
53.782686,-1.606770,72
53.779032,-1.620002,61
53.799012,-1.623200,71
53.727306,-1.305238,59
53.722602,-1.300077,58
53.725537,-1.314767,64
53.716199,-1.305327,50
53.715486,-1.312073,55
53.732961,-1.304408,53
53.733085,-1.303180,52
53.727867,-1.326144,62
53.716277,-1.337236,66
53.721393,-1.320618,66
53.724225,-1.336336,68
53.730338,-1.343110,73
53.722935,-1.343874,76
53.721849,-1.329665,67
53.713597,-1.324853,63
53.719452,-1.347641,74
53.715954,-1.377756,63
53.710833,-1.395409,62
53.724888,-1.375271,66
53.718631,-1.365747,70
53.723215,-1.352217,77
53.719070,-1.357361,74
53.713861,-1.360829,66
53.653568,-1.428693,55
53.647174,-1.407780,52
53.656512,-1.318512,42
53.643652,-1.339671,52
53.639805,-1.338152,51
53.629713,-1.407301,47
53.622813,-1.422990,49
53.661880,-1.424248,56
53.662900,-1.447235,57
53.680586,-1.393181,51
53.693386,-1.362993,57
53.682756,-1.348700,63
53.676225,-1.336910,62
53.672359,-1.370440,63
53.682689,-1.364061,67
53.666944,-1.349658,63
53.676454,-1.364468,67
53.610037,-1.398813,42
53.632512,-1.362982,57
53.617020,-1.430541,48
53.616768,-1.352649,66
53.621327,-1.334982,62
53.616253,-1.366541,61
53.607832,-1.347989,66
53.633068,-1.388451,50
53.618344,-1.376237,53
53.675387,-1.557512,60
53.668787,-1.559544,63
53.674649,-1.567024,65
53.669181,-1.572073,67
53.664420,-1.543762,64
53.654932,-1.552575,69
53.663200,-1.558299,68
53.660590,-1.571965,63
53.656669,-1.539506,63
53.658622,-1.550677,69
53.696727,-1.256895,54
53.715967,-1.282939,53
53.709145,-1.240129,58
53.709149,-1.270217,53
53.707415,-1.238534,57
53.708172,-1.253409,61
53.708985,-1.262437,60
53.701105,-1.220266,50
53.700643,-1.251423,57
53.695776,-1.403063,58
53.691395,-1.412667,62
53.694011,-1.426566,68
53.681979,-1.446271,52
53.688185,-1.421917,59
53.673362,-1.422973,53
53.663766,-1.404308,52
53.702047,-1.418472,69
53.702286,-1.408072,68
53.698126,-1.410280,66
53.695800,-1.418109,71
53.696549,-1.588738,61
53.691725,-1.585428,66
53.694136,-1.569044,66
53.687533,-1.590020,66
53.682616,-1.561072,64
53.682818,-1.576033,71
53.666380,-1.586898,67
53.676551,-1.579410,72
53.681471,-1.584638,70
53.675495,-1.572649,71
53.676765,-1.597499,67
53.703078,-1.317590,61
53.700750,-1.284787,55
53.699195,-1.296771,63
53.689151,-1.310513,70
53.695694,-1.304516,72
53.692624,-1.286120,61
53.690026,-1.303193,69
53.695497,-1.335945,68
53.684715,-1.329898,68
53.707895,-1.295591,56
53.706306,-1.309647,56
53.677167,-1.320164,54
53.681809,-1.312020,65
53.683614,-1.319939,65
53.673885,-1.305175,55
53.668747,-1.270462,30
53.688265,-1.296110,66
53.687740,-1.317701,73
53.680383,-1.289926,57
53.683379,-1.298658,62
53.618860,-1.260726,44
53.617952,-1.278195,48
53.625371,-1.254341,44
53.634165,-1.291771,30
53.610623,-1.294280,44
53.599750,-1.289906,63
53.599453,-1.269160,61
53.590055,-1.280970,61
53.583693,-1.298327,60
53.591358,-1.295390,65
53.593589,-1.340815,55
53.603065,-1.356607,64
53.584645,-1.317516,57
53.608173,-1.362365,67
53.598769,-1.322560,60
53.594930,-1.299834,69
53.598987,-1.303298,64
53.593220,-1.310791,61
53.590708,-1.327578,60
53.722056,-1.494963,58
53.710958,-1.429360,57
53.722169,-1.457657,42
53.698155,-1.466386,58
53.705375,-1.489321,61
53.715391,-1.476045,56
53.708595,-1.447072,61
53.701904,-1.479190,57
53.708313,-1.499200,69
53.706246,-1.432224,61
53.714641,-1.416805,57
53.695809,-1.495293,73
53.708713,-1.532571,54
53.703702,-1.516332,60
53.698375,-1.510059,69
53.701651,-1.525056,60
53.691688,-1.546935,59
53.696764,-1.535217,60
53.695902,-1.523364,65
53.690390,-1.529526,64
53.718429,-1.511364,64
53.716539,-1.491337,62
53.712754,-1.493197,63
53.712811,-1.500950,67
53.709360,-1.508472,70
53.672303,-1.493328,71
53.672697,-1.539367,69
53.675279,-1.521742,75
53.675019,-1.527085,74
53.668183,-1.502603,69
53.664709,-1.533499,67
53.671074,-1.527916,73
53.666193,-1.520741,66
53.659950,-1.496870,66
53.676032,-1.511070,78
53.673121,-1.484047,73
53.692828,-1.480154,64
53.688386,-1.483850,75
53.687280,-1.473526,68
53.689493,-1.497588,80
53.686372,-1.490359,81
53.684033,-1.477636,73
53.682134,-1.484662,78
53.673897,-1.476368,70
53.679413,-1.544270,65
53.681112,-1.521239,75
53.684001,-1.508461,78
53.679692,-1.531313,72
53.675493,-1.543666,66
53.690512,-1.505178,76
53.689853,-1.514789,71
53.687977,-1.520910,69
53.684311,-1.517920,75
53.684877,-1.531990,68
53.647036,-1.605629,48
53.648406,-1.529998,51
53.642770,-1.539550,51
53.643875,-1.583283,44
53.647958,-1.565840,51
53.631707,-1.538307,47
53.636097,-1.509302,52
53.615459,-1.544919,35
53.629808,-1.512018,47
53.655863,-1.514618,53
53.640529,-1.600160,43
53.647474,-1.496372,56
53.645361,-1.509981,60
53.640935,-1.450461,50
53.619571,-1.477665,39
53.640675,-1.513767,55
53.659979,-1.467633,65
53.660000,-1.486009,67
53.652174,-1.462673,52
53.654365,-1.476877,58
53.649182,-1.484845,58
54.674837,-1.230117,70
54.675803,-1.219633,74
54.678206,-1.226093,74
54.703577,-1.227910,70
54.711477,-1.228106,68
54.710982,-1.237192,62
54.695118,-1.215533,74
54.692606,-1.222858,75
54.675693,-1.299007,30
54.651915,-1.241428,58
54.655593,-1.237112,64
54.655600,-1.246606,59
54.654243,-1.228939,60
54.684930,-1.223360,75
54.682630,-1.229809,69
54.688016,-1.232084,70
54.680889,-1.222736,73
54.639565,-1.259894,51
54.717254,-1.243466,60
54.716764,-1.255199,54
54.711503,-1.253091,52
54.689119,-1.206393,72
54.688491,-1.228075,74
54.659884,-1.247085,62
54.661724,-1.241754,64
54.664369,-1.240849,63
54.670869,-1.247536,63
54.671360,-1.239166,66
54.682346,-1.254059,50
54.684691,-1.239511,62
54.668460,-1.229142,66
54.667907,-1.218134,70
54.672146,-1.222308,70
54.673145,-1.216785,73
54.662615,-1.229664,63
54.651688,-1.218508,64
54.654739,-1.221212,64
54.696105,-1.181424,56
54.701982,-1.213672,62
54.702089,-1.195017,60
54.699207,-1.201195,64
54.660528,-1.195336,55
54.663922,-1.189561,56
54.662530,-1.202920,53
54.639925,-1.195695,52
54.681041,-1.211148,77
54.682975,-1.203874,74
54.673484,-1.204022,67
54.692736,-1.232159,69
54.694080,-1.255780,53
54.696660,-1.248382,57
54.543062,-1.242452,66
54.550236,-1.241189,70
54.548543,-1.252172,69
54.543556,-1.252459,67
54.556804,-1.268000,69
54.549478,-1.267801,67
54.564362,-1.268331,68
54.567572,-1.258427,75
54.553542,-1.188363,71
54.555101,-1.175333,71
54.551105,-1.184877,72
54.554042,-1.217273,73
54.551728,-1.230415,70
54.550386,-1.223126,71
54.546350,-1.230428,69
54.535136,-1.273069,46
54.531161,-1.252343,57
54.537690,-1.263579,58
54.535338,-1.256351,58
54.564471,-1.222621,74
54.560712,-1.222429,73
54.522541,-1.219452,62
54.527926,-1.228307,64
54.521621,-1.207065,56
54.519738,-1.212683,62
54.513278,-1.207780,50
54.529198,-1.217361,65
54.569592,-1.245547,81
54.569128,-1.251811,79
54.566739,-1.250594,79
54.568206,-1.241943,82
54.566999,-1.246443,80
54.573106,-1.247555,79
54.527032,-1.247024,57
54.526206,-1.235574,62
54.522226,-1.244020,57
54.521438,-1.237178,60
54.535667,-1.235319,61
54.545973,-1.266970,65
54.541560,-1.260484,66
54.534637,-1.212179,67
54.545033,-1.219132,68
54.542440,-1.215495,68
54.538787,-1.218542,67
54.552611,-1.255266,70
54.554940,-1.258666,71
54.553722,-1.243897,73
54.562871,-1.248662,76
54.559527,-1.254075,73
54.568667,-1.209488,78
54.570635,-1.213088,78
54.569948,-1.187958,71
54.569756,-1.198666,72
54.534193,-1.188188,54
54.529942,-1.193011,62
54.524730,-1.198537,56
54.517114,-1.190842,52
54.529940,-1.207058,66
54.573067,-1.235159,82
54.522729,-1.178167,56
54.528783,-1.184154,59
54.560041,-1.211795,74
54.558904,-1.200214,74
54.565375,-1.200126,75
54.564657,-1.209082,76
54.563643,-1.243234,80
54.557796,-1.239406,76
54.563074,-1.234824,74
54.559339,-1.243634,76
54.548036,-1.195491,69
54.554970,-1.207914,72
54.554111,-1.198662,71
54.550456,-1.201973,69
54.561469,-1.194119,71
54.564716,-1.180764,69
54.562514,-1.187436,69
54.558640,-1.183119,68
54.568029,-1.235708,81
54.568542,-1.229285,80
54.577564,-0.933404,50
54.564432,-0.909565,42
54.569698,-0.950418,52
54.566076,-0.923587,53
54.565130,-0.944278,54
54.618602,-1.072620,75
54.617139,-1.081037,71
54.616201,-1.062662,74
54.612043,-1.080485,69
54.609863,-1.087381,67
54.608410,-1.135411,65
54.564658,-1.135309,67
54.569539,-1.108371,53
54.559291,-1.137705,66
54.557839,-1.144633,69
54.550674,-1.143816,66
54.568561,-1.141545,64
54.578338,-1.146091,60
54.533124,-1.055039,68
54.535267,-1.059222,67
54.549974,-1.101004,54
54.555460,-1.034857,59
54.540133,-1.065445,64
54.517863,-1.112728,46
54.597177,-1.067713,63
54.595427,-1.072601,63
54.598775,-1.080097,64
54.594477,-1.065039,59
54.600731,-1.071681,66
54.522303,-0.942375,32
54.555148,-0.849615,29
54.555059,-0.884260,48
54.522478,-0.881301,39
54.584157,-1.039990,50
54.576844,-1.044483,44
54.576803,-1.036598,49
54.598324,-1.026518,62
54.608586,-1.072065,68
54.605466,-1.073835,69
54.613123,-1.071593,71
54.556184,-1.153454,71
54.555532,-1.163390,66
54.549876,-1.155866,59
54.550072,-1.170464,66
54.544801,-1.159176,56
54.548009,-1.181130,71
54.543321,-1.182183,62
54.536568,-1.169342,57
54.590179,-1.024551,64
54.584666,-1.003883,57
54.591994,-1.008907,56
54.593432,-1.018582,62
54.575447,-0.983600,54
54.585358,-0.974888,64
54.583435,-0.986103,59
54.583264,-0.964119,65
54.559238,-0.958559,48
54.569644,-0.970779,48
54.551661,-0.995412,47
54.562984,-0.980236,50
54.567233,-1.174665,66
54.566036,-1.158617,66
54.577721,-1.164581,64
54.563742,-1.141819,69
54.562554,-1.148461,66
54.560207,-1.154185,69
54.560229,-1.163098,66
54.567376,-1.149466,66
54.606514,-1.054142,66
54.599237,-1.047198,57
54.609349,-1.062142,68
54.600759,-1.058620,61
54.596105,-1.053954,56
54.524110,-0.990670,37
54.513820,-1.031483,62
54.518549,-1.050639,58
54.614184,-1.056254,71
54.605021,-1.044983,58
54.609019,-1.046387,65
54.580393,-1.364686,62
54.573619,-1.374865,59
54.573566,-1.362202,65
54.567569,-1.367239,54
54.565809,-1.358158,65
54.589152,-1.319256,69
54.586368,-1.316877,71
54.579242,-1.314459,71
54.583338,-1.318013,71
54.604318,-1.282049,71
54.603659,-1.293518,71
54.606312,-1.218333,57
54.514690,-1.344117,64
54.515517,-1.359772,67
54.522373,-1.368149,62
54.524501,-1.349084,63
54.528386,-1.365846,61
54.575010,-1.342449,67
54.572792,-1.356124,67
54.572669,-1.348845,69
54.567302,-1.345137,67
54.563629,-1.348414,65
54.558963,-1.341947,66
54.599134,-1.309408,61
54.597831,-1.323156,61
54.593373,-1.332071,59
54.589396,-1.326227,63
54.611338,-1.276875,69
54.610330,-1.281014,71
54.617277,-1.264088,62
54.561871,-1.326530,77
54.559617,-1.332662,72
54.567889,-1.333122,71
54.551193,-1.342795,61
54.556039,-1.353001,59
54.561487,-1.370776,54
54.562301,-1.365024,60
54.515941,-1.318691,58
54.519486,-1.312485,63
54.514180,-1.308195,59
54.512114,-1.329198,53
54.512145,-1.315321,59
54.502702,-1.279474,45
54.508455,-1.318925,54
54.483175,-1.335551,36
54.525904,-1.306393,61
54.520311,-1.304374,60
54.548080,-1.303993,73
54.547749,-1.293381,73
54.546971,-1.283598,69
54.541672,-1.285569,71
54.618536,-1.282847,63
54.622837,-1.285646,60
54.623886,-1.276557,59
54.619965,-1.272786,64
54.626086,-1.282285,56
54.585458,-1.340566,69
54.580292,-1.339941,68
54.591235,-1.346804,68
54.589859,-1.358738,66
54.573651,-1.324873,76
54.575352,-1.321885,72
54.573030,-1.331897,72
54.568192,-1.323126,77
54.607409,-1.307620,61
54.615199,-1.307075,61
54.612081,-1.304354,65
54.577178,-1.286226,70
54.582763,-1.307127,72
54.592575,-1.309473,68
54.591158,-1.302397,68
54.557258,-1.315403,77
54.567491,-1.316808,80
54.576171,-1.309819,74
54.528003,-1.401189,25
54.532891,-1.350785,60
54.580634,-1.325652,68
54.581562,-1.332700,67
54.591089,-1.338489,65
54.586456,-1.333155,65
54.612398,-1.285383,70
54.608396,-1.293990,73
54.613845,-1.293541,70
54.584558,-1.276621,65
54.596571,-1.275669,69
54.599509,-1.295391,69
54.593767,-1.292009,68
54.522439,-1.293966,66
54.525652,-1.286861,65
54.535598,-1.290894,70
54.531799,-1.308666,61
54.559747,-1.292789,76
54.558947,-1.303907,73
54.552520,-1.302502,75
54.555347,-1.283154,74
54.536932,-1.305669,67
54.542847,-1.303920,73
54.540457,-1.295647,73
54.586578,-1.392070,27
54.605699,-1.423215,22
54.619755,-1.297500,63
54.623962,-1.301799,58
54.502684,-1.338762,51
54.504607,-1.351522,68
54.500735,-1.358423,62
54.503847,-1.326002,47
54.496865,-1.350692,59
54.496063,-1.369187,53
54.523381,-1.541859,78
54.520437,-1.542752,77
54.520995,-1.533606,74
54.535225,-1.539088,72
54.538820,-1.564893,71
54.539146,-1.582716,68
54.538524,-1.573905,70
54.540547,-1.592681,64
54.536426,-1.587631,69
54.539273,-1.599457,60
54.525488,-1.575039,70
54.512065,-1.540511,68
54.510890,-1.529488,63
54.517086,-1.520404,67
54.548795,-1.555985,69
54.547814,-1.544626,70
54.540289,-1.517765,66
54.538160,-1.525703,68
54.533625,-1.519327,63
54.547746,-1.521065,59
54.547097,-1.514403,59
54.548382,-1.537994,66
54.546844,-1.532297,66
54.544096,-1.529654,68
54.541044,-1.535082,68
54.569529,-1.646304,28
54.596353,-1.619211,38
54.523691,-1.596878,59
54.521627,-1.584334,61
54.493001,-1.518382,43
54.480340,-1.537649,48
54.516377,-1.541273,74
54.516897,-1.532106,71
54.528035,-1.533204,72
54.497073,-1.471751,43
54.511816,-1.444193,34
54.522030,-1.469193,42
54.531374,-1.583818,68
54.530802,-1.593440,63
54.538579,-1.553786,76
54.542107,-1.549050,74
54.542839,-1.544012,71
54.543190,-1.556400,72
54.532860,-1.559333,76
54.532299,-1.555592,78
54.529786,-1.561915,77
54.519904,-1.556989,77
54.517673,-1.549206,76
54.514328,-1.557536,66
54.510417,-1.552403,64
54.518166,-1.569605,71
54.513762,-1.582153,62
54.535781,-1.559130,75
54.535150,-1.566087,73
54.532232,-1.568021,74
54.533795,-1.574203,73
54.566271,-1.499218,28
53.367308,-2.725750,78
53.376245,-2.721799,74
53.376070,-2.729074,75
53.370902,-2.722636,77
53.315306,-2.692686,55
53.313253,-2.698902,49
53.319029,-2.707618,60
53.385271,-2.746215,58
53.381687,-2.739338,62
53.379622,-2.751690,57
53.371918,-2.767133,64
53.373590,-2.755460,63
53.369351,-2.756625,66
53.368286,-2.764276,65
53.336696,-2.688291,63
53.347208,-2.699446,62
53.334017,-2.699336,69
53.331685,-2.690846,68
53.327116,-2.634732,48
53.347058,-2.667705,53
53.354198,-2.642792,40
53.364264,-2.769254,65
53.365916,-2.779558,59
53.368279,-2.773343,64
53.350359,-2.783078,53
53.386401,-2.713560,60
53.394176,-2.733633,61
53.381421,-2.727439,71
53.390805,-2.727068,62
53.329215,-2.709942,70
53.331118,-2.720136,67
53.331311,-2.726504,66
53.326210,-2.715641,66
53.334798,-2.729229,69
53.335632,-2.802113,46
53.335446,-2.714210,68
53.333870,-2.706925,69
53.339581,-2.708980,64
53.337889,-2.720316,68
53.325579,-2.686510,66
53.325059,-2.693716,71
53.324666,-2.704087,69
53.320113,-2.692716,67
53.379442,-2.700015,54
53.379831,-2.710950,60
53.367006,-2.706602,71
53.375072,-2.714349,68
53.375911,-2.706974,64
53.315610,-2.717285,56
53.318998,-2.738931,60
53.325885,-2.751235,50
53.326493,-2.727338,64
53.376334,-2.767601,63
53.378920,-2.773200,61
53.377604,-2.761078,59
53.374357,-2.775147,64
53.380821,-2.765961,56
53.364016,-2.738282,73
53.368090,-2.734104,78
53.374312,-2.737823,75
53.369997,-2.745519,71
53.332302,-2.746627,61
53.343135,-2.735080,69
53.340082,-2.730452,70
53.326866,-2.661181,60
53.322093,-2.659403,60
53.335181,-2.666391,56
53.329607,-2.675634,55
53.322749,-2.672196,64
53.321859,-2.678614,65
53.321210,-2.667934,63
53.317968,-2.682979,66
53.316084,-2.672020,64
53.356424,-2.732739,69
53.365137,-2.758603,64
53.358468,-2.753007,63
53.336502,-2.677286,61
53.341031,-2.676403,61
53.360684,-2.565072,58
53.348799,-2.564811,47
53.349783,-2.536565,39
53.349042,-2.577553,51
53.361949,-2.575782,71
53.366701,-2.572168,69
53.352478,-2.588614,61
53.410698,-2.603240,70
53.398379,-2.605574,76
53.403585,-2.603824,73
53.393441,-2.613020,80
53.379857,-2.619233,75
53.415096,-2.524230,69
53.423455,-2.524601,65
53.429295,-2.493511,46
53.430199,-2.511585,51
53.421670,-2.542278,60
53.429191,-2.530113,58
53.420073,-2.508317,61
53.420374,-2.518719,65
53.433880,-2.647155,52
53.431530,-2.596658,56
53.432385,-2.651867,50
53.426157,-2.662202,53
53.443229,-2.524747,52
53.442418,-2.558784,39
53.457122,-2.518589,60
53.451305,-2.518946,64
53.447087,-2.491034,58
53.467589,-2.505219,50
53.463078,-2.535094,53
53.393786,-2.566440,72
53.393680,-2.574348,78
53.388441,-2.582240,80
53.399214,-2.571006,76
53.400256,-2.577072,77
53.396302,-2.589252,81
53.379896,-2.540793,61
53.378754,-2.549339,66
53.375877,-2.545014,64
53.370445,-2.527260,49
53.370324,-2.553346,60
53.381709,-2.533061,55
53.395801,-2.659971,63
53.393761,-2.652260,66
53.392963,-2.663283,63
53.396137,-2.670538,57
53.382838,-2.635848,64
53.387893,-2.640000,69
53.392170,-2.621428,73
53.392111,-2.629341,71
53.391144,-2.635852,68
53.390976,-2.647747,69
53.386220,-2.626159,71
53.358853,-2.611589,64
53.335136,-2.580891,41
53.377320,-2.574292,72
53.388593,-2.560971,72
53.381162,-2.565314,76
53.384149,-2.557875,73
53.372476,-2.598241,68
53.380455,-2.584552,76
53.384606,-2.574368,76
53.378289,-2.592707,73
53.374885,-2.492494,59
53.377899,-2.467708,57
53.372689,-2.494542,55
53.382048,-2.479361,62
53.390188,-2.472144,52
53.380032,-2.445810,48
53.384997,-2.489574,55
53.407553,-2.590538,74
53.410398,-2.583937,73
53.409774,-2.578496,72
53.402566,-2.583934,79
53.404993,-2.577401,74
53.401118,-2.590265,79
53.413063,-2.592407,73
53.383672,-2.646599,64
53.381425,-2.655598,65
53.386737,-2.667828,68
53.371082,-2.662973,60
53.388389,-2.662311,65
53.386781,-2.652592,69
53.414779,-2.571961,69
53.416345,-2.579698,69
53.414391,-2.585053,72
53.411477,-2.574886,72
53.416830,-2.594442,72
53.420477,-2.565489,60
53.419741,-2.591255,65
53.414113,-2.558562,66
53.420355,-2.553645,63
53.418178,-2.561420,64
53.413701,-2.549914,65
53.411673,-2.542187,67
53.411301,-2.562848,71
53.408392,-2.569146,72
53.403830,-2.564162,72
53.406207,-2.551773,69
53.401300,-2.553723,69
53.395610,-2.555863,68
53.402257,-2.512362,56
53.398366,-2.534775,65
53.391495,-2.533190,56
53.414899,-2.477541,42
53.404634,-2.535718,67
53.400030,-2.542661,69
53.370819,-2.580452,77
53.367044,-2.587573,74
53.375772,-2.562178,68
53.372949,-2.571979,72
53.415597,-2.617936,64
53.412665,-2.646536,56
53.409162,-2.628017,65
53.408080,-2.615844,65
53.401621,-2.632592,66
53.404942,-2.638977,63
53.402065,-2.621704,68
53.745948,-2.459815,78
53.745768,-2.472191,81
53.745324,-2.464268,78
53.754454,-2.470278,75
53.749187,-2.467378,79
53.750612,-2.459033,77
53.761540,-2.474767,73
53.757745,-2.471566,74
53.758394,-2.481181,75
53.756426,-2.477019,77
53.763114,-2.505732,56
53.757981,-2.508576,63
53.764618,-2.497721,62
53.751018,-2.518802,60
53.748904,-2.506360,75
53.750918,-2.499442,80
53.755394,-2.497880,76
53.752364,-2.505360,76
53.706715,-2.476030,72
53.712045,-2.477857,67
53.709904,-2.491016,64
53.704088,-2.434332,42
53.728231,-2.492939,70
53.724988,-2.501636,64
53.734594,-2.490637,75
53.734918,-2.484440,77
53.718584,-2.472457,58
53.719867,-2.494954,60
53.721722,-2.482428,64
53.731630,-2.481323,72
53.728478,-2.477132,67
53.721837,-2.465478,57
53.727783,-2.469410,60
53.733055,-2.471117,68
53.760893,-2.466851,70
53.756335,-2.458931,70
53.767312,-2.458924,63
53.766791,-2.471984,67
53.719178,-2.524290,58
53.723306,-2.539711,58
53.741575,-2.542267,54
53.729097,-2.526641,64
53.727575,-2.518705,62
53.692162,-2.446818,60
53.691340,-2.457286,72
53.682000,-2.442474,58
53.696147,-2.449549,71
53.734485,-2.514821,68
53.730423,-2.511064,68
53.723691,-2.508945,64
53.728891,-2.502805,67
53.740364,-2.496498,80
53.739647,-2.505749,77
53.733630,-2.498058,74
53.736129,-2.505658,75
53.660162,-2.496459,29
53.740524,-2.481477,79
53.742489,-2.466335,77
53.739405,-2.475573,78
53.731606,-2.456822,70
53.770551,-2.483980,67
53.765947,-2.478611,68
53.763290,-2.484457,70
53.777037,-2.469493,59
53.737191,-2.445929,68
53.739768,-2.449752,68
53.751635,-2.447249,72
53.746595,-2.446345,75
53.744105,-2.452931,74
53.755345,-2.488331,79
53.749866,-2.477841,80
53.751849,-2.484927,82
53.758440,-2.489345,78
53.697006,-2.456529,74
53.701681,-2.454336,67
53.705001,-2.468291,72
53.701248,-2.465834,72
53.699467,-2.461989,76
53.702020,-2.477982,73
53.698440,-2.487824,66
53.690189,-2.484999,73
53.693634,-2.465925,76
53.745138,-2.491045,83
53.750143,-2.492473,82
53.748342,-2.498921,81
53.744368,-2.505275,75
53.685195,-2.466279,68
53.673278,-2.471185,56
53.682068,-2.459083,65
53.865648,-3.026340,63
53.871622,-3.044780,71
53.872836,-3.036065,71
53.869226,-3.030388,68
53.853621,-3.049449,70
53.854157,-3.045501,70
53.847182,-3.045304,71
53.843723,-3.050039,68
53.811533,-3.044645,76
53.802321,-3.053980,77
53.806720,-3.052045,76
53.810520,-3.050096,77
53.803271,-3.047022,77
53.820500,-3.040578,80
53.820862,-3.031479,77
53.818424,-3.033053,78
53.823239,-3.036450,79
53.822702,-3.043560,80
53.826807,-3.041495,78
53.823857,-3.053328,77
53.825007,-3.047127,76
53.829070,-3.048536,75
53.829636,-3.042976,74
53.800146,-3.020215,72
53.799750,-3.000000,66
53.796727,-2.993522,62
53.796566,-3.011026,70
53.801746,-3.009336,71
53.839109,-3.030958,67
53.842679,-3.036577,68
53.844626,-3.023675,67
53.834789,-3.036719,72
53.802019,-3.025646,76
53.798330,-3.031853,75
53.796959,-3.027991,75
53.794571,-3.023373,71
53.794378,-3.034716,72
53.784052,-3.031187,69
53.782774,-3.038557,71
53.790452,-3.034306,71
53.787134,-3.037034,72
53.854834,-3.035606,69
53.854237,-3.022260,64
53.848802,-3.036743,70
53.850948,-3.029219,67
53.827940,-3.027309,75
53.823203,-3.029393,74
53.827372,-3.032798,77
53.822361,-3.023201,70
53.831835,-3.031793,74
53.812675,-3.021679,72
53.813368,-3.009066,68
53.807544,-2.998688,62
53.806709,-3.025965,76
53.863847,-3.043875,66
53.861115,-3.032139,65
53.860005,-3.043617,66
53.868260,-3.039522,69
53.829973,-3.014991,68
53.833522,-3.011486,64
53.822007,-3.011349,64
53.836746,-3.020183,68
53.831202,-3.021127,71
53.781031,-3.043703,71
53.783593,-3.053139,70
53.779866,-3.052071,67
53.785376,-3.045561,74
53.790096,-3.026645,69
53.782894,-3.010767,62
53.778134,-3.019987,66
53.790758,-3.013911,66
53.814503,-3.038750,76
53.814416,-3.034429,76
53.816435,-3.041214,78
53.814690,-3.051639,78
53.818768,-3.048292,80
53.809345,-3.041518,77
53.807162,-3.037340,76
53.809877,-3.031592,75
53.804666,-3.031523,77
53.811679,-3.038488,75
53.805092,-3.042013,77
53.802155,-3.035711,77
53.799160,-3.043067,76
53.797000,-3.038409,75
53.837520,-3.044949,72
53.833229,-3.053114,74
53.838548,-3.051639,71
53.832952,-3.044096,74
53.796703,-3.051051,76
53.790219,-3.054935,70
53.793527,-3.046038,74
53.791798,-3.051258,74
53.789973,-3.043681,73
53.756541,-0.373543,76
53.750762,-0.363339,79
53.757761,-0.368071,73
53.752257,-0.373895,76
53.753843,-0.368118,77
53.759120,-0.352941,81
53.759695,-0.361918,77
53.756147,-0.358153,81
53.786181,-0.354917,63
53.782202,-0.354997,69
53.773434,-0.346009,71
53.771238,-0.352660,75
53.790407,-0.365443,62
53.789077,-0.359992,61
53.742814,-0.407514,69
53.740510,-0.399779,69
53.743650,-0.393157,74
53.752522,-0.388542,69
53.754031,-0.394538,69
53.751066,-0.399309,70
53.747890,-0.389708,72
53.745642,-0.400791,69
53.786961,-0.311869,65
53.809494,-0.329875,50
53.803570,-0.327385,60
53.805104,-0.331419,61
53.797170,-0.324063,62
53.802274,-0.316271,65
53.792778,-0.307291,64
53.790603,-0.334451,67
53.795029,-0.333708,64
53.788410,-0.321636,72
53.791989,-0.328095,69
53.785033,-0.327522,71
53.783724,-0.313939,71
53.761589,-0.378208,70
53.768376,-0.381660,71
53.765197,-0.370323,70
53.764750,-0.386252,71
53.760037,-0.389006,68
53.751684,-0.415452,67
53.763647,-0.398363,61
53.761342,-0.404314,64
53.757713,-0.405812,67
53.756846,-0.415433,65
53.757979,-0.398112,67
53.753237,-0.406085,69
53.754531,-0.411681,68
53.761664,-0.321164,71
53.753962,-0.309872,79
53.759197,-0.327874,76
53.759443,-0.310803,76
53.755673,-0.315631,78
53.750684,-0.323220,76
53.746082,-0.312461,69
53.742335,-0.322579,70
53.770707,-0.301660,72
53.774786,-0.313381,67
53.772630,-0.307965,68
53.770559,-0.318889,64
53.765538,-0.298389,77
53.773706,-0.332149,66
53.767322,-0.310083,71
53.764734,-0.314687,71
53.762114,-0.306319,77
53.776986,-0.286123,67
53.777363,-0.297839,71
53.778315,-0.280378,63
53.770084,-0.275355,69
53.767160,-0.283137,74
53.784299,-0.290489,63
53.788741,-0.346743,64
53.787075,-0.336223,69
53.803253,-0.335749,60
53.774609,-0.259966,67
53.776370,-0.271352,66
53.777134,-0.256237,63
53.768962,-0.260204,68
53.770731,-0.268868,70
53.781933,-0.270624,62
53.780608,-0.259423,61
53.778316,-0.265682,68
53.762641,-0.267531,66
53.761341,-0.254745,61
53.757951,-0.265288,65
53.761146,-0.271698,69
53.754596,-0.248256,60
53.755251,-0.258552,63
53.752659,-0.255076,58
53.745288,-0.273605,63
53.765981,-0.270057,69
53.751516,-0.352777,83
53.748910,-0.357408,80
53.737941,-0.346241,78
53.740903,-0.356576,79
53.755414,-0.339479,77
53.754708,-0.348508,82
53.735550,-0.387031,73
53.745281,-0.370915,80
53.739400,-0.391009,75
53.749133,-0.378502,77
53.747246,-0.383744,75
53.744452,-0.378393,79
53.743054,-0.383200,78
53.762897,-0.362940,78
53.760856,-0.341915,79
53.766333,-0.357761,78
53.766910,-0.352325,78
53.766249,-0.362797,79
53.765508,-0.340999,77
53.763175,-0.355965,80
53.780017,-0.380384,71
53.780929,-0.387499,69
53.788257,-0.373640,65
53.790592,-0.378637,58
53.789034,-0.388437,56
53.785387,-0.381276,69
53.785262,-0.386041,66
53.783909,-0.373885,70
53.782718,-0.364069,70
53.725283,-0.409007,66
53.728465,-0.399101,67
53.727203,-0.418431,71
53.734122,-0.399016,72
53.731347,-0.416093,69
53.730315,-0.388550,74
53.730958,-0.373676,79
53.740070,-0.361622,78
53.739052,-0.367599,78
53.740461,-0.371121,77
53.754676,-0.290254,72
53.761886,-0.291171,76
53.763263,-0.282411,74
53.754217,-0.298821,75
53.752257,-0.305485,75
53.759232,-0.296664,78
53.759383,-0.300725,79
53.756348,-0.303896,77
53.778852,-0.303031,72
53.780210,-0.326501,70
53.780118,-0.319482,69
53.781049,-0.309171,69
53.788998,-0.302317,61
53.787019,-0.296601,62
53.783897,-0.333675,69
53.782302,-0.300764,66
53.781608,-0.337042,67
53.772844,-0.383636,71
53.771436,-0.368206,75
53.780196,-0.368072,73
53.775039,-0.361406,75
53.777601,-0.373615,70
53.776388,-0.382229,71
53.838825,-0.503771,36
53.817944,-0.485242,36
53.923320,-0.529469,18
53.894996,-0.478643,22
53.864440,-0.367994,31
53.872623,-0.542583,29
53.894157,-0.343752,36
53.870489,-0.477956,31
54.094621,-0.214314,64
54.092427,-0.199151,71
54.094934,-0.191263,67
54.094551,-0.201932,70
54.093963,-0.218408,67
54.134406,-0.182896,31
54.113890,-0.258318,55
54.096445,-0.177561,63
54.090161,-0.181854,65
54.119214,-0.117563,37
54.111155,-0.181488,45
54.101308,-0.187560,57
54.099855,-0.199692,61
54.105992,-0.159400,51
54.086163,-0.202380,73
54.084872,-0.188035,72
54.086865,-0.196329,73
54.082021,-0.230392,61
54.080566,-0.204961,71
54.082036,-0.192615,73
54.085866,-0.212221,69
54.071821,-0.212400,55
54.077802,-0.199453,69
54.089355,-0.190060,70
53.796031,-0.388555,48
53.786322,-0.435194,56
53.786721,-0.409185,66
53.783734,-0.425412,68
53.782444,-0.418391,72
53.780140,-0.430577,58
53.777419,-0.394501,63
53.779552,-0.410609,71
53.773896,-0.436481,58
53.773678,-0.404534,66
53.773509,-0.419492,66
53.771548,-0.391741,67
53.780274,-0.473212,34
53.765421,-0.601021,39
53.783804,-0.585134,37
53.750458,-0.619167,32
53.750817,-0.560655,45
53.733056,-0.572918,55
53.730170,-0.567329,55
54.016295,-0.439480,58
54.012749,-0.435542,63
54.006677,-0.449103,59
54.009779,-0.443394,63
54.003108,-0.434408,69
54.027265,-0.542857,14
53.999636,-0.439266,66
53.991007,-0.467743,47
53.976460,-0.395880,30
54.036484,-0.423794,33
53.981468,-0.252646,20
53.979550,-0.325231,18
53.922106,-0.317737,34
53.947103,-0.442287,36
54.123335,-0.367633,8
54.080947,-0.419958,14
54.044230,-0.291799,17
53.712848,-0.885437,62
53.711469,-0.878202,65
53.710039,-0.869269,68
53.720323,-0.857315,40
53.707238,-0.874251,72
53.714713,-0.867937,59
53.705553,-0.879251,72
53.698230,-0.866930,64
53.701623,-0.891083,64
53.692972,-0.874978,48
53.709035,-0.852285,53
53.707401,-0.864625,67
53.723433,-0.454759,59
53.727215,-0.424406,71
53.725623,-0.441010,70
53.721685,-0.426653,69
53.718008,-0.440643,64
53.732410,-0.425106,66
53.729291,-0.439281,70
53.728946,-0.452513,51
53.731850,-0.433051,67
53.726921,-0.430103,70
53.745414,-0.857604,55
53.740490,-0.911690,38
53.754809,-0.869663,52
53.749017,-0.753509,40
53.771910,-0.665752,28
53.739797,-0.808859,18
53.725119,-0.723745,35
53.809504,-0.902939,19
53.816584,-0.795485,17
53.838474,-0.784291,29
53.781088,-0.648039,34
53.769806,-0.729151,32
53.825028,-0.309835,34
53.758422,-0.131073,21
53.815801,-0.109656,18
53.816138,-0.178378,21
53.783205,-0.210859,40
53.795864,-0.241700,41
53.729574,-0.128517,30
53.866518,-0.238666,23
53.827414,-0.241868,24
53.842385,-0.420598,78
53.839164,-0.396915,70
53.845543,-0.419184,76
53.817745,-0.398006,49
53.838054,-0.410918,71
53.838494,-0.423406,77
53.831636,-0.439289,65
53.827373,-0.432596,58
53.824186,-0.443048,53
53.852077,-0.406301,73
53.914426,-0.175782,55
53.922523,-0.169946,56
53.924192,-0.224762,31
53.909599,-0.177134,61
53.874263,-0.147157,46
53.903804,-0.164676,53
53.940984,-0.783197,56
53.927165,-0.778621,59
53.939788,-0.768302,59
53.930756,-0.773655,63
53.922380,-0.900007,30
53.932551,-0.825304,42
53.962519,-0.894113,30
53.990077,-0.893537,34
53.984469,-0.909317,34
53.841747,-0.434068,79
53.837873,-0.450086,74
53.856785,-0.431796,53
53.854043,-0.418637,65
53.853574,-0.437200,66
53.853652,-0.430028,65
53.856788,-0.446760,63
53.850285,-0.422815,73
53.846288,-0.444153,75
53.846311,-0.426500,78
53.690797,-0.961049,29
53.671255,-0.995516,41
53.677338,-0.891801,34
53.679493,-1.068036,20
53.679038,-0.778524,20
53.685661,-1.031624,44
53.753206,-0.054287,19
53.697367,-0.005942,37
53.736953,0.022121,53
53.672808,-0.082522,28
53.731350,-0.002150,49
53.728759,0.034572,55
53.724401,0.034893,50
53.717454,-0.106411,36
53.674098,-0.015082,34
53.660598,0.068122,14
53.727833,-0.497011,44
53.718295,-0.502457,48
53.717013,-0.528395,43
53.748509,-0.494220,45
53.740721,-0.532132,42
53.735095,-0.478755,44
53.762296,-0.219923,50
53.742995,-0.198579,58
53.744189,-0.226687,53
53.740164,-0.185602,50
53.735347,-0.190938,46
53.696470,-0.181661,36
53.715515,-0.165193,39
53.719535,-0.176908,40
53.759407,-0.186963,44
53.746582,-0.414083,68
53.748767,-0.409842,67
53.748082,-0.433436,67
53.741255,-0.423464,66
53.741172,-0.432008,65
53.738683,-0.449280,55
53.758632,-0.443212,67
53.756287,-0.428211,67
53.764536,-0.423821,64
53.764810,-0.448830,65
53.748972,-0.467570,49
53.751995,-0.427803,66
53.758075,-0.457838,61
53.751895,-0.441594,67
53.748608,-0.450873,57
53.959890,-0.723908,15
53.862968,-0.693477,48
53.849972,-0.642450,43
53.876855,-0.773265,12
53.857288,-0.685331,53
53.862244,-0.662257,57
53.991825,-0.622246,12
53.981253,-0.839404,18
53.892462,-0.860181,14
53.558834,-0.035690,72
53.558017,-0.027449,72
53.555376,-0.044813,69
53.555804,-0.031550,71
53.552664,-0.033221,69
53.554248,-0.025959,70
53.551037,-0.039246,66
53.550634,-0.047193,68
53.576665,-0.063551,76
53.569607,-0.060646,75
53.567004,-0.064929,77
53.565753,-0.059769,75
53.565235,-0.071510,77
53.563170,-0.064649,75
53.575288,-0.118206,63
53.570567,-0.134852,58
53.581200,-0.113720,56
53.568478,-0.124671,63
53.567312,-0.143329,52
53.564820,-0.133599,59
53.560835,-0.137717,54
53.547341,-0.014871,60
53.550869,-0.024214,66
53.540084,-0.013566,55
53.545842,-0.043474,63
53.547330,-0.028119,64
53.541699,-0.038962,59
53.538051,-0.029639,56
53.560422,-0.060730,72
53.561042,-0.071223,76
53.560306,-0.049217,70
53.558990,-0.070572,75
53.557660,-0.075484,75
53.550959,-0.059104,68
53.552326,-0.069198,70
53.563192,-0.077109,77
53.524967,-0.010244,52
53.538172,-0.059806,52
53.529625,-0.075071,54
53.520769,-0.067896,56
53.592861,-0.187207,36
53.620751,-0.193369,57
53.611666,-0.254894,43
53.620896,-0.213176,62
53.616415,-0.208463,61
53.615794,-0.222952,59
53.610467,-0.209632,60
53.601007,-0.230326,60
53.558468,-0.080070,76
53.556228,-0.093336,71
53.548801,-0.078129,69
53.559135,-0.086101,75
53.543561,-0.088020,65
53.550552,-0.088018,69
53.562382,-0.089674,77
53.561927,-0.100549,74
53.532946,-0.104906,59
53.537053,-0.084776,63
53.533894,-0.094836,63
53.530253,-0.087747,58
53.528660,-0.098356,55
53.566638,-0.047577,72
53.567602,-0.052139,73
53.564882,-0.053978,73
53.566200,-0.039813,72
53.562625,-0.033355,71
53.562354,-0.041709,71
53.572207,-0.052516,71
53.571246,-0.047077,70
53.569212,-0.055390,73
53.551188,-0.103395,69
53.549910,-0.096362,70
53.551370,-0.113415,67
53.551310,-0.120728,66
53.546525,-0.102135,66
53.546278,-0.117839,62
53.545234,-0.109393,63
53.556969,-0.106105,69
53.555176,-0.113258,69
53.520475,-0.101723,56
53.492575,-0.107944,37
53.511977,-0.085082,50
53.518928,-0.112694,43
53.514598,-0.106182,50
53.575697,-0.100543,69
53.567904,-0.101558,71
53.572329,-0.099542,74
53.572722,-0.084281,77
53.567590,-0.089037,78
53.541688,-0.178068,37
53.492398,-0.150554,23
53.546027,-0.168994,38
53.550634,-0.131286,63
53.557160,-0.131144,60
53.554261,-0.126455,65
53.566989,-0.107976,72
53.564281,-0.105164,75
53.559285,-0.115711,69
53.561973,-0.650096,69
53.562102,-0.637710,69
53.565552,-0.636130,71
53.565551,-0.650331,73
53.525988,-0.795206,47
53.565722,-0.823625,24
53.538863,-0.863426,36
53.536650,-0.810933,41
53.592884,-0.741449,37
53.639807,-0.749653,14
53.600375,-0.817154,34
53.614238,-0.825762,43
53.603920,-0.839899,43
53.472721,-0.835726,27
53.502046,-0.879369,25
53.490063,-0.868534,28
53.517321,-0.771751,22
53.692809,-0.427043,62
53.685301,-0.434603,61
53.688608,-0.448981,60
53.668956,-0.448478,56
53.680319,-0.439156,64
53.683644,-0.418810,54
53.556834,-0.660350,63
53.554720,-0.652061,61
53.555223,-0.639801,59
53.558475,-0.645449,65
53.550936,-0.688811,56
53.549057,-0.665545,55
53.549787,-0.649201,52
53.607776,-0.458443,17
53.646862,-0.504422,22
53.571835,-0.460569,33
53.577886,-0.386559,35
53.559975,-0.491679,57
53.550707,-0.494534,61
53.553106,-0.480505,54
53.602725,-0.563517,28
53.563388,-0.565152,35
53.564771,-0.549865,39
53.571140,-0.544319,35
53.572200,-0.678565,59
53.576909,-0.681267,56
53.568646,-0.681648,59
53.566799,-0.673061,63
53.564064,-0.661885,68
53.560788,-0.677422,61
53.561046,-0.663622,66
53.580567,-0.678407,58
53.573845,-0.702703,56
53.578959,-0.725819,33
53.663192,-0.596834,48
53.617332,-0.682087,44
53.662027,-0.666679,21
53.659827,-0.616539,46
53.660118,-0.563259,48
53.645537,-0.680724,27
53.685161,-0.606866,28
53.595847,-0.676284,60
53.595630,-0.657855,74
53.609686,-0.655302,62
53.593646,-0.662668,72
53.595648,-0.667376,70
53.599203,-0.647274,74
53.591978,-0.677425,66
53.601004,-0.673523,56
53.694403,-0.321100,25
53.682775,-0.319210,26
53.673830,-0.379955,31
53.643715,-0.332339,20
53.672114,-0.372214,36
53.640305,-0.257927,28
53.605429,-0.361635,20
53.576214,-0.612187,66
53.573408,-0.633661,66
53.585391,-0.646184,73
53.589796,-0.620250,69
53.579120,-0.647790,72
53.570876,-0.645145,71
53.575059,-0.666632,68
53.574894,-0.651897,72
53.569653,-0.654642,72
53.568193,-0.665734,68
53.570049,-0.638292,69
53.580779,-0.661248,68
53.482238,-0.600871,41
53.475158,-0.546321,31
53.530840,-0.637228,30
53.526501,-0.475484,23
53.541642,-0.534757,31
53.532024,-0.657836,47
53.525558,-0.654562,43
53.505650,-0.537721,22
53.590251,-0.651210,77
53.599198,-0.630143,74
53.589756,-0.657410,77
53.587592,-0.664680,73
53.587440,-0.678034,66
53.962057,-1.128358,69
53.957803,-1.128630,72
53.959908,-1.137184,66
53.966516,-1.124861,67
53.970021,-1.128132,65
53.922579,-1.101201,55
53.918048,-1.093742,52
53.895716,-1.111193,33
53.970481,-1.082280,77
53.965471,-1.092724,76
53.970752,-1.089935,76
53.969338,-1.101175,74
53.974960,-1.088960,74
53.974545,-1.076578,76
53.974466,-1.093555,72
53.977105,-1.085498,73
53.958160,-0.965564,38
53.964638,-0.986110,48
53.938477,-1.117658,64
53.935472,-1.136597,52
53.931792,-1.118274,61
53.938777,-1.126765,63
53.934975,-1.106915,64
53.945017,-1.107579,69
53.944370,-1.115690,67
53.942789,-1.064804,68
53.947312,-1.078010,76
53.944104,-1.073624,74
53.951767,-1.064128,78
53.951298,-1.073834,80
53.963547,-1.084930,81
53.968101,-1.076317,78
53.963247,-1.076924,82
54.014724,-1.077459,62
54.008072,-1.081196,60
54.018373,-1.083322,59
54.013039,-1.069395,62
54.008313,-1.071190,61
54.019011,-1.060982,55
54.035159,-1.075635,57
54.019390,-1.098546,54
53.933372,-1.024817,62
53.967671,-1.055832,71
53.965201,-1.062129,76
53.963343,-1.049713,68
53.969014,-1.069130,75
53.962599,-1.068048,77
53.961652,-1.057111,72
53.974425,-1.062597,68
53.975328,-1.069263,69
53.972157,-1.054388,63
53.978720,-1.035195,53
53.968652,-1.042349,59
53.964913,-1.104179,72
53.958901,-1.102771,75
53.965550,-1.117290,71
53.960451,-1.112481,74
53.959343,-1.119138,75
53.954962,-1.110245,76
53.954028,-1.116416,76
53.951216,-1.107052,76
53.955854,-1.043178,69
53.957804,-1.056572,71
53.955231,-1.061216,76
53.957496,-1.049242,70
53.951830,-1.038856,67
53.953007,-1.052569,72
53.985917,-1.074894,68
53.983617,-1.063954,67
53.980536,-1.063444,68
53.997614,-1.071284,66
54.001785,-1.055303,58
53.994437,-1.038972,63
53.991046,-1.072732,67
53.987629,-1.059911,69
53.938603,-1.095846,75
53.948521,-1.087411,80
53.941582,-1.085153,75
53.953777,-1.091552,84
53.950710,-1.097977,80
53.950610,-1.081984,82
53.966807,-1.019208,61
53.959570,-1.025524,62
53.942250,-1.172525,32
53.973469,-1.139615,50
53.919876,-1.137606,45
53.913978,-1.154446,42
53.907897,-1.137587,40
53.979667,-1.182863,44
53.986550,-1.140334,49
53.976966,-1.098197,69
53.993063,-1.105482,66
54.009255,-1.126072,43
53.986307,-1.092529,68
53.986698,-1.122480,63
53.982888,-1.109978,67
53.974612,-1.112155,67
53.978807,-1.103836,68
54.016855,-1.034515,47
54.005652,-0.996906,37
54.045709,-1.046291,44
54.039161,-1.012337,39
54.032233,-1.049783,46
53.952811,-1.122721,74
53.952213,-1.136640,69
53.946124,-1.122199,70
53.953508,-1.142323,63
53.952228,-1.128191,73
53.946449,-1.136626,63
53.947830,-1.130053,68
53.942109,-1.129504,64
53.941791,-1.136469,60
53.899408,-1.032439,32
53.920727,-0.954226,31
53.892996,-0.952223,32
52.920549,-1.494521,81
52.915964,-1.496186,79
52.916216,-1.504692,76
52.916086,-1.486075,81
52.913303,-1.491862,78
52.908772,-1.496849,74
52.906464,-1.492307,74
52.919293,-1.488231,83
52.952495,-1.481031,62
52.956931,-1.489655,66
52.961828,-1.479767,55
52.951721,-1.494124,69
52.952292,-1.501974,65
52.946717,-1.502473,66
52.948270,-1.489752,70
52.936578,-1.504568,70
52.943123,-1.492665,71
52.898720,-1.419347,73
52.899974,-1.441155,75
52.896304,-1.449694,75
52.897062,-1.432199,76
52.891840,-1.417042,69
52.894367,-1.439610,75
52.894144,-1.409649,63
52.900181,-1.431588,76
52.915894,-1.477685,85
52.910721,-1.472809,82
52.911874,-1.483940,82
52.909073,-1.477495,81
52.909618,-1.483052,81
52.906307,-1.468867,79
52.903571,-1.472439,78
52.895901,-1.497088,66
52.898195,-1.504693,68
52.896288,-1.513264,66
52.901666,-1.497911,69
52.891558,-1.504227,67
52.889481,-1.494155,66
52.887727,-1.511622,62
52.885451,-1.498821,65
52.887035,-1.415824,64
52.887206,-1.452704,74
52.884288,-1.423467,65
52.884075,-1.437061,70
52.886050,-1.428948,69
52.891477,-1.426831,73
52.891856,-1.433992,75
52.889951,-1.441541,75
52.888088,-1.447380,75
52.932041,-1.437199,73
52.931550,-1.429264,73
52.926048,-1.437329,75
52.928813,-1.421583,67
52.920650,-1.439616,70
52.923892,-1.422754,70
52.923121,-1.427523,71
52.916144,-1.432579,70
52.935494,-1.433059,70
52.870657,-1.434871,65
52.865215,-1.436356,62
52.881712,-1.454375,68
52.880037,-1.444504,70
52.875966,-1.425343,61
52.877179,-1.435819,65
52.878042,-1.450456,66
52.928523,-1.494735,78
52.927511,-1.475466,81
52.926576,-1.486282,81
52.934791,-1.473635,76
52.946012,-1.473895,64
52.937710,-1.485007,72
52.931819,-1.484649,77
52.934668,-1.492544,70
52.942067,-1.459846,68
52.940640,-1.455722,71
52.939482,-1.448804,72
52.934025,-1.449341,74
52.935979,-1.441152,70
52.930985,-1.455124,75
52.929925,-1.462354,74
52.930820,-1.445827,74
52.923607,-1.452410,77
52.892878,-1.522300,59
52.898154,-1.535745,60
52.892274,-1.534193,57
52.913378,-1.511858,73
52.910059,-1.519092,68
52.902537,-1.525075,65
52.903932,-1.515063,72
52.904180,-1.504731,73
52.926402,-1.501926,75
52.927428,-1.510514,70
52.924853,-1.531956,62
52.923816,-1.506617,73
52.923904,-1.498984,77
52.927982,-1.518779,68
52.928731,-1.525404,64
52.924124,-1.492658,80
52.922831,-1.518805,66
52.913571,-1.552166,62
52.913018,-1.540553,67
52.915880,-1.527121,67
52.912472,-1.547404,65
52.905192,-1.536636,67
52.909199,-1.539491,70
52.904156,-1.545821,70
52.906973,-1.550404,66
52.919703,-1.542380,58
52.907482,-1.487671,76
52.906751,-1.481925,79
52.903827,-1.478670,78
52.902998,-1.488397,77
52.899723,-1.475528,75
52.900619,-1.484711,76
52.896983,-1.480356,74
52.893941,-1.490683,69
52.893793,-1.486090,69
52.947668,-1.439337,63
52.945814,-1.447626,66
52.944169,-1.421204,57
52.947799,-1.427700,57
52.948544,-1.416566,52
52.943508,-1.434075,64
52.939287,-1.426166,63
52.940421,-1.441185,68
52.938978,-1.433814,68
52.890442,-1.459454,76
52.888052,-1.471500,65
52.886200,-1.487261,67
52.881117,-1.496432,67
52.881365,-1.486952,66
52.876604,-1.479448,67
52.872252,-1.489751,60
52.900066,-1.465526,72
52.898129,-1.460031,73
52.921474,-1.400438,70
52.919895,-1.393463,65
52.927300,-1.402746,65
52.909296,-1.412791,69
52.925028,-1.411667,68
52.916649,-1.401182,69
52.913650,-1.393433,66
52.926058,-1.391689,60
52.670694,-1.147115,68
52.664784,-1.146950,71
52.669319,-1.137147,71
52.661179,-1.130683,74
52.661382,-1.141177,72
52.656454,-1.133735,74
52.656314,-1.146734,71
52.599665,-1.146555,73
52.601871,-1.163296,69
52.598579,-1.151862,71
52.594087,-1.163043,64
52.608318,-1.151113,74
52.607955,-1.140601,76
52.603461,-1.142614,75
52.681864,-1.154008,55
52.671994,-1.159894,62
52.663853,-1.175694,65
52.675197,-1.171203,68
52.665450,-1.159514,74
52.661259,-1.151667,72
52.657270,-1.155922,73
52.659651,-1.163136,74
52.654310,-1.166465,72
52.652427,-1.105814,76
52.655322,-1.119924,82
52.653773,-1.117137,82
52.652374,-1.111533,78
52.658267,-1.123597,80
52.657057,-1.111938,81
52.655325,-1.115055,81
52.623406,-1.174677,73
52.622822,-1.182789,72
52.621164,-1.162322,76
52.616487,-1.167919,73
52.616967,-1.156548,72
52.612584,-1.160235,69
52.629864,-1.174181,72
52.628651,-1.192341,70
52.627162,-1.167798,72
52.626964,-1.186472,71
52.625191,-1.160175,79
52.616666,-1.114772,81
52.614483,-1.122284,80
52.623773,-1.140136,83
52.621823,-1.125184,81
52.617031,-1.120168,82
52.648130,-1.100537,74
52.651164,-1.098389,74
52.644466,-1.092627,76
52.641983,-1.109693,81
52.644361,-1.102681,78
52.640670,-1.105073,81
52.638567,-1.109296,82
52.640280,-1.100969,80
52.637188,-1.104782,81
52.639762,-1.085596,76
52.634879,-1.086870,75
52.634811,-1.097547,80
52.635079,-1.092709,77
52.634374,-1.080082,71
52.639649,-1.094182,78
52.629117,-1.058598,65
52.630281,-1.076553,70
52.626117,-1.083062,72
52.623702,-1.063704,66
52.619177,-1.078972,71
52.636571,-1.075053,69
52.629722,-1.068588,67
52.593841,-1.148316,70
52.589925,-1.147767,70
52.591401,-1.155451,66
52.586493,-1.152493,66
52.583348,-1.154444,65
52.592692,-1.137925,74
52.595552,-1.130823,73
52.646487,-1.147692,79
52.642631,-1.147283,83
52.640704,-1.158009,79
52.639221,-1.152344,82
52.636337,-1.147597,83
52.649980,-1.156381,74
52.650175,-1.149870,75
52.616875,-1.142978,76
52.614772,-1.135977,79
52.614403,-1.127658,79
52.608305,-1.131412,75
52.602639,-1.135926,76
52.599745,-1.130963,73
52.599415,-1.138834,76
52.649815,-1.062130,69
52.652709,-1.069329,69
52.646279,-1.055620,64
52.644613,-1.078283,74
52.644978,-1.065096,66
52.611731,-1.117030,78
52.607428,-1.110904,70
52.608642,-1.102986,69
52.605685,-1.123194,72
52.602862,-1.102543,66
52.602586,-1.113977,73
52.600047,-1.123166,71
52.618288,-1.105084,77
52.615083,-1.108794,76
52.613043,-1.102097,73
52.650932,-1.120014,82
52.650007,-1.115059,80
52.652460,-1.124078,81
52.647594,-1.110232,75
52.648054,-1.115690,80
52.648661,-1.123707,82
52.644781,-1.118233,82
52.647098,-1.165984,72
52.649896,-1.179493,69
52.647108,-1.172500,72
52.643134,-1.157958,77
52.642678,-1.175849,71
52.639636,-1.191186,67
52.641376,-1.165281,73
52.632940,-1.195819,68
52.637614,-1.195983,65
52.636613,-1.205613,62
52.654338,-1.095996,75
52.662137,-1.083946,61
52.667890,-1.115814,75
52.668837,-1.100915,74
52.667532,-1.086574,60
52.666863,-1.095358,70
52.662312,-1.114531,78
52.663465,-1.104108,75
52.661623,-1.098675,74
52.657876,-1.104531,76
52.636533,-1.114521,85
52.636316,-1.110769,83
52.635536,-1.112629,84
52.633900,-1.107430,83
52.636395,-1.119118,85
52.629568,-1.098311,79
52.631727,-1.116723,86
52.629812,-1.092213,76
52.631149,-1.104011,81
52.631465,-1.112021,84
52.630539,-1.107413,83
52.630118,-1.113594,85
52.642296,-1.125559,84
52.640706,-1.122195,84
52.622327,-1.109307,81
52.619957,-1.093964,70
52.626006,-1.104581,81
52.620296,-1.098564,75
52.628574,-1.118263,87
52.628779,-1.112794,85
52.627699,-1.108061,84
52.626189,-1.114291,85
52.625267,-1.093807,75
52.625315,-1.109771,84
52.623394,-1.101069,78
52.635748,-1.057947,65
52.641321,-1.057795,63
52.641404,-1.069856,67
52.640529,-1.077838,71
52.637361,-1.049476,62
52.638132,-1.067083,66
52.628353,-1.149385,85
52.625512,-1.151746,83
52.620534,-1.154667,80
52.630266,-1.151710,84
52.634360,-1.165692,75
52.634637,-1.154082,82
52.631662,-1.156587,81
52.630897,-1.162843,77
52.627261,-1.157149,81
52.636710,-1.176611,71
52.636917,-1.158703,80
52.622263,-0.763095,18
52.727473,-0.683972,28
52.681496,-0.668807,24
52.728368,-0.587846,14
52.651274,-0.532382,33
52.611640,-0.576146,27
52.693889,-0.756525,36
52.568802,-0.700465,19
52.620710,-0.676746,19
52.662554,-0.593412,24
52.620192,-0.615935,24
52.678748,-0.721798,60
52.673708,-0.728597,71
52.666341,-0.765874,62
52.660128,-0.736541,64
52.689385,-0.457161,36
52.684728,-0.516399,39
52.582371,-0.737469,55
52.589864,-0.714194,53
52.592776,-0.740426,51
52.722152,-0.780624,27
52.966115,-1.176421,84
52.965863,-1.170883,85
52.963542,-1.173243,85
52.960649,-1.153679,84
52.961032,-1.167329,86
52.964444,-1.160086,84
52.957947,-1.158349,84
52.978825,-1.212242,71
52.979428,-1.221074,69
52.979029,-1.196205,75
52.978362,-1.202417,74
52.976101,-1.209953,75
52.976225,-1.217995,73
52.974395,-1.197152,76
52.974266,-1.205573,76
52.983648,-1.202672,75
52.983370,-1.214122,70
52.987507,-1.168175,73
52.984275,-1.175506,78
52.987476,-1.187384,77
52.983115,-1.191538,75
52.988038,-1.197580,70
52.979995,-1.183526,79
52.975415,-1.179490,77
52.993391,-1.182109,76
52.991399,-1.174832,77
52.988337,-1.180930,78
52.982356,-1.161689,77
52.982360,-1.168238,77
52.977383,-1.171657,81
52.977281,-1.161679,80
52.974170,-1.165391,82
52.971344,-1.171094,84
52.971177,-1.156858,84
52.971535,-1.162138,84
52.970157,-1.165258,83
52.967848,-1.168197,84
52.968453,-1.162159,84
53.004670,-1.163400,71
53.003159,-1.158567,73
53.008415,-1.164382,70
53.006548,-1.155561,72
52.999257,-1.154892,73
52.999116,-1.164375,73
52.996704,-1.173446,74
52.994666,-1.159106,71
52.963991,-1.235174,72
52.962399,-1.205836,74
52.960510,-1.228584,72
52.964541,-1.215452,74
52.954749,-1.242559,71
52.957321,-1.237821,73
52.979197,-1.235650,65
52.975214,-1.226491,70
52.971271,-1.228680,72
52.970738,-1.217772,71
52.966210,-1.226652,74
52.939751,-1.162684,79
52.943966,-1.149030,83
52.939165,-1.150566,80
52.939834,-1.145671,80
52.938104,-1.140465,80
52.993306,-1.215074,63
52.992311,-1.202291,74
52.998548,-1.201768,80
52.996208,-1.208602,71
53.013950,-1.188071,73
53.010553,-1.206929,76
53.013758,-1.195915,75
53.008557,-1.195597,79
53.005810,-1.215935,69
53.000447,-1.212448,72
53.002390,-1.197989,81
53.005653,-1.184723,77
53.010471,-1.170283,70
52.999655,-1.191663,80
52.998741,-1.181699,77
52.999420,-1.188274,78
52.994133,-1.189868,76
53.012363,-1.179653,70
53.002165,-1.173041,73
53.008211,-1.177835,72
52.913806,-1.162843,66
52.914949,-1.170445,72
52.907463,-1.177478,74
52.911297,-1.184736,71
52.908738,-1.172018,75
52.904538,-1.165857,72
52.930359,-1.158023,70
52.921040,-1.161530,67
52.917506,-1.175613,71
52.899024,-1.184177,71
52.901488,-1.188525,69
52.900483,-1.172708,72
52.903709,-1.180203,74
52.896860,-1.189435,67
52.902934,-1.203494,64
52.897603,-1.176374,70
52.893848,-1.178211,67
52.907666,-1.197564,67
52.961921,-1.113565,78
52.961314,-1.108413,77
52.955448,-1.100217,69
52.959520,-1.118484,78
52.954132,-1.113212,77
52.953663,-1.123877,80
52.951360,-1.127923,82
52.947311,-1.111014,79
52.950677,-1.122104,80
52.929640,-1.178219,78
52.969146,-1.205551,74
52.969140,-1.179856,80
52.967970,-1.192003,75
52.962319,-1.192923,77
52.957759,-1.188546,77
52.973021,-1.187514,78
52.981941,-1.129338,77
52.975098,-1.127466,73
52.976228,-1.138591,76
52.973388,-1.146550,80
52.966125,-1.120656,76
52.971786,-1.127428,69
52.968500,-1.150703,83
52.967468,-1.127199,74
52.968822,-1.139134,80
52.962467,-1.180683,83
52.961347,-1.174149,85
52.958224,-1.176480,83
52.959034,-1.170732,85
52.951700,-1.177158,82
52.958571,-1.128499,82
52.955104,-1.128641,83
52.964215,-1.143380,81
52.965171,-1.133474,79
52.962199,-1.135357,80
52.961976,-1.149095,85
52.961976,-1.125321,79
52.994597,-1.143621,76
52.992964,-1.149741,73
52.988403,-1.144386,76
52.985940,-1.150161,77
52.987381,-1.156063,77
52.983110,-1.138513,77
52.982030,-1.145880,82
52.981040,-1.153602,81
52.978913,-1.147721,82
52.975707,-1.153817,83
52.951098,-1.208650,71
52.958047,-1.198507,71
52.952246,-1.201521,74
52.954448,-1.227830,70
52.956302,-1.218461,70
52.946307,-1.219201,70
52.951147,-1.235986,69
52.947592,-1.235652,67
52.944519,-1.228962,67
52.064150,-2.709572,70
52.069027,-2.698027,64
52.061293,-2.697989,71
52.068990,-2.709528,66
52.026847,-2.626011,29
52.059179,-2.579526,15
52.036358,-2.741505,57
52.037099,-2.733831,60
52.047062,-2.730948,68
52.041897,-2.732733,65
52.044267,-2.738499,61
52.043408,-2.753841,55
52.306963,-2.758506,21
52.260275,-2.808809,22
52.235333,-2.513883,12
52.206213,-2.449750,12
52.165567,-2.512751,43
52.190582,-2.541373,42
52.151488,-2.595323,14
52.191397,-2.507061,49
52.102992,-2.768601,32
52.123411,-2.948954,15
52.146894,-3.040905,10
52.058594,-2.714644,78
52.056400,-2.707620,76
52.066991,-2.787098,36
52.090475,-2.798608,38
52.071668,-2.516916,13
52.134610,-2.500330,13
52.165296,-2.870982,34
52.201227,-2.833362,14
52.082131,-3.046184,19
52.055995,-2.945263,21
51.990540,-2.994322,7
51.970027,-2.898720,20
52.065331,-2.650199,39
52.096011,-2.635528,33
52.210804,-2.643955,9
52.162136,-2.686098,16
52.007634,-2.687743,20
52.083666,-2.440393,19
52.112345,-2.396162,28
52.070473,-2.373379,37
52.134021,-2.376826,22
51.853764,-2.651931,29
51.878303,-2.591601,22
52.200059,-3.048646,40
52.203466,-3.031885,51
52.036917,-2.430692,59
52.030693,-2.412882,47
52.033322,-2.425910,57
52.030273,-2.430936,53
52.042410,-2.432279,54
52.051520,-2.404864,59
52.230913,-2.745768,61
52.236597,-2.742456,55
52.228783,-2.755720,52
52.227413,-2.783222,42
52.212827,-2.718656,50
52.201638,-2.774712,54
52.222995,-2.743534,64
52.226504,-2.734978,65
51.927879,-2.628968,31
51.875844,-2.700734,11
52.346884,-2.869806,20
52.314861,-2.890198,7
51.954580,-2.566428,17
52.001636,-2.537116,12
52.238259,-2.898720,21
52.218464,-2.970513,10
51.913165,-2.517002,26
51.895121,-2.495751,20
51.920466,-2.742342,11
51.967498,-2.718019,23
51.915188,-2.567522,56
51.913846,-2.578144,64
51.905536,-2.585025,55
51.920842,-2.580664,63
51.923287,-2.587339,57
51.913900,-2.589266,64
51.907830,-2.596948,51
52.043645,-2.711363,66
52.040351,-2.703379,54
52.042588,-2.719927,67
52.043739,-2.726511,70
52.034327,-2.724102,62
52.039431,-2.712254,60
52.048622,-2.718335,73
52.052527,-2.732304,70
52.056201,-2.726765,74
52.058750,-2.748654,56
52.058648,-2.739583,65
52.045043,-2.851719,22
52.038541,-2.783473,32
52.120397,-2.683969,22
52.117129,-2.713469,28
52.071107,-2.757566,54
52.068248,-2.724027,68
52.062798,-2.737097,66
52.061265,-2.721601,76
52.074262,-2.744276,56
52.074339,-2.733649,55
52.068953,-2.738913,60
52.054065,-2.684461,60
52.052622,-2.694035,65
52.049126,-2.704196,72
52.048348,-2.681192,54
52.059421,-2.687352,64
52.060838,-2.691773,67
52.291559,-2.660988,12
52.256717,-2.719560,21
51.993960,-2.835901,32
51.969601,-2.801822,20
52.139659,-2.763759,21
52.112494,-2.850857,11
52.718198,-2.506664,54
52.710381,-2.505355,62
52.691665,-2.497412,65
52.694944,-2.504507,68
52.651804,-2.447406,61
52.654566,-2.445065,59
52.651101,-2.441275,61
52.650168,-2.434102,60
52.647668,-2.444211,63
52.737437,-2.433444,34
52.750406,-2.368674,52
52.698776,-2.502932,74
52.703558,-2.509084,73
52.632168,-2.430296,59
52.642494,-2.429473,62
52.625014,-2.444495,55
52.631367,-2.444654,61
52.656472,-2.458073,62
52.660664,-2.471235,65
52.653895,-2.469077,61
52.649266,-2.455182,61
52.647299,-2.463970,60
52.666635,-2.472203,69
52.715123,-2.442943,65
52.713098,-2.437952,64
52.717226,-2.432578,62
52.724054,-2.444474,56
52.710256,-2.526826,66
52.711532,-2.520843,64
52.788611,-2.437388,18
52.772637,-2.410013,35
52.694116,-2.518276,71
52.692730,-2.529312,60
52.760842,-2.516988,15
52.763246,-2.597786,14
52.719795,-2.474335,51
52.713045,-2.495425,56
52.704789,-2.491840,65
52.706218,-2.499912,63
52.701449,-2.491183,65
52.704276,-2.484251,66
52.701673,-2.530446,69
52.700109,-2.520006,76
52.624403,-2.465368,50
52.638690,-2.493613,43
52.689211,-2.462171,63
52.686444,-2.445282,65
52.700857,-2.459974,61
52.693778,-2.455189,67
52.693669,-2.474751,63
52.694836,-2.484610,65
52.681529,-2.453496,56
52.677972,-2.465276,64
52.635014,-2.457679,69
52.630677,-2.456114,62
52.632221,-2.469963,62
52.640354,-2.449268,70
52.666556,-2.452827,68
52.663324,-2.458481,69
52.672033,-2.451572,72
52.671290,-2.464402,69
52.711112,-2.410128,45
52.722861,-2.428542,57
52.712590,-2.429431,58
52.727194,-2.419674,51
52.771481,-2.374359,66
52.773408,-2.365720,59
52.772044,-2.386269,63
52.779180,-2.373797,52
52.767372,-2.365697,61
52.762865,-2.373696,67
52.764248,-2.385483,63
52.767509,-2.379221,68
52.706830,-2.530963,67
52.705897,-2.522479,72
52.689749,-2.410364,51
52.685083,-2.417762,54
52.686966,-2.430217,65
52.699706,-2.430725,56
52.691751,-2.439713,68
52.695344,-2.436255,65
52.702619,-2.441999,62
52.696892,-2.444713,66
52.720379,-2.529951,48
52.715554,-2.533907,51
52.676070,-2.438793,68
52.673195,-2.422658,59
52.659188,-2.433901,60
52.664643,-2.434772,62
52.665412,-2.436759,62
52.656777,-2.432081,61
52.637946,-2.463349,68
52.640973,-2.468442,65
52.638610,-2.478382,63
52.635990,-2.471976,65
52.641336,-2.461969,67
52.678582,-2.538087,47
52.713193,-2.552706,43
52.724030,-2.585617,26
52.711565,-2.456306,64
52.714885,-2.451148,66
52.713843,-2.464852,61
52.709973,-2.446348,66
52.704895,-2.452973,63
53.034998,-2.145418,64
53.037609,-2.133574,61
53.031785,-2.133801,61
53.028511,-2.149174,66
53.055436,-2.127326,51
53.056285,-2.134681,57
53.050389,-2.134197,56
53.042566,-2.136594,60
53.021948,-2.136116,67
53.023122,-2.143715,68
53.017312,-2.123990,60
53.017285,-2.135702,65
53.014108,-2.128340,62
53.006246,-2.113240,62
53.009716,-2.125787,62
53.026415,-2.127245,61
53.010655,-2.140775,62
53.017443,-2.149363,65
53.005733,-2.127822,60
53.023184,-2.151619,68
52.978034,-2.149497,68
52.981964,-2.168616,66
52.972249,-2.153233,66
52.971119,-2.160872,64
52.966032,-2.156487,60
52.988382,-2.158062,67
52.986912,-2.165230,67
53.067203,-2.196842,69
53.062242,-2.194838,72
53.059163,-2.187869,71
53.055108,-2.197325,75
53.052841,-2.185338,78
53.052512,-2.177412,75
53.050002,-2.193218,79
53.048875,-2.185385,79
53.042558,-2.184510,75
53.042395,-2.208960,73
53.047782,-2.208091,75
53.041675,-2.174568,73
53.033139,-2.186730,76
53.036830,-2.197815,72
53.033981,-2.177600,74
53.084095,-2.181007,54
53.081489,-2.206190,55
53.072929,-2.199435,62
53.077139,-2.192028,60
53.071570,-2.185625,63
53.068531,-2.189401,67
53.067061,-2.180663,61
53.086833,-2.193696,50
53.054022,-2.145121,60
53.048370,-2.174025,76
53.046564,-2.148409,62
53.051277,-2.165931,69
53.041702,-2.157717,66
53.044297,-2.168818,73
53.045361,-2.159258,69
53.059311,-2.137802,58
52.993435,-2.144896,76
52.999461,-2.153795,76
53.001994,-2.161356,77
53.002292,-2.169263,76
52.994452,-2.173233,68
52.995827,-2.139255,72
52.993615,-2.159712,71
53.002411,-2.144698,68
53.016866,-2.186257,76
53.010359,-2.173922,74
53.012684,-2.185818,76
53.009006,-2.178120,76
53.026526,-2.195594,69
53.019931,-2.185705,78
53.021797,-2.177853,77
53.013812,-2.209738,77
53.010474,-2.211009,77
53.007852,-2.202799,75
53.013022,-2.198522,71
53.005464,-2.196114,76
53.006467,-2.184699,78
53.003243,-2.208289,71
53.000621,-2.195672,76
52.998604,-2.123381,68
53.001403,-2.134677,66
52.996502,-2.133050,71
52.990993,-2.124485,69
52.994220,-2.128200,72
52.993631,-2.119500,64
52.987508,-2.130091,74
52.988866,-2.119455,66
52.984978,-2.115877,63
52.980631,-2.126230,73
52.982395,-2.133178,74
52.979905,-2.120222,72
52.982848,-2.151140,69
52.977326,-2.138824,72
52.973051,-2.124572,66
52.982431,-2.141548,72
52.976877,-2.130715,69
52.987856,-2.147148,73
52.964874,-2.117469,58
52.970923,-2.090015,54
52.974625,-2.106646,66
52.972321,-2.102370,63
52.968067,-2.096460,56
52.966644,-2.107043,59
52.964077,-2.098747,53
52.980454,-2.104359,65
52.977391,-2.112258,68
53.034170,-2.168340,78
53.038430,-2.165273,74
53.034052,-2.152566,63
53.037258,-2.155128,68
53.034009,-2.162161,74
53.026646,-2.163054,78
53.030163,-2.161642,75
53.028914,-2.171891,80
53.057939,-2.168044,62
53.056999,-2.158439,62
53.060953,-2.177495,63
53.056731,-2.180172,69
53.063637,-2.149114,52
53.063615,-2.168273,57
53.075029,-2.172865,51
52.995531,-2.199449,73
52.998889,-2.181078,76
52.996752,-2.190207,75
52.996177,-2.208944,71
52.990686,-2.202234,74
52.989809,-2.187110,74
52.985988,-2.204768,70
53.001979,-2.186822,79
52.978942,-2.192558,61
52.971665,-2.179753,53
52.971301,-2.197281,61
52.966412,-2.191682,61
52.968272,-2.182806,57
52.964106,-2.177830,55
52.956097,-2.183476,49
52.977835,-2.191476,65
53.058417,-2.218456,74
53.061235,-2.204909,75
53.052418,-2.212671,74
53.078646,-2.216777,64
53.070414,-2.227752,63
53.066941,-2.207786,69
53.069214,-2.215012,62
53.063084,-2.213317,75
52.994593,-2.108741,56
52.991830,-2.094515,56
52.985317,-2.107367,58
52.989289,-2.099320,59
52.983941,-2.092410,58
52.978914,-2.089785,59
52.977905,-2.098029,64
52.995579,-2.094258,51
51.382920,-2.360154,83
51.382606,-2.355297,81
51.386669,-2.362136,83
51.407862,-2.323141,55
51.388575,-2.307141,52
51.416625,-2.376881,34
51.409810,-2.295264,50
51.381610,-2.318108,53
51.377683,-2.331911,63
51.383771,-2.347148,76
51.366519,-2.608697,35
51.332722,-2.667836,17
51.335158,-2.590907,30
51.350866,-2.548191,28
51.332625,-2.548953,38
51.359005,-2.357984,66
51.363125,-2.334165,51
51.359826,-2.350301,64
51.363249,-2.358940,64
51.351887,-2.486471,36
51.383934,-2.495820,33
51.322758,-2.511356,39
51.306584,-2.524664,45
51.397183,-2.488039,53
51.415163,-2.480799,71
51.406156,-2.491344,66
51.408793,-2.479208,65
51.420445,-2.514655,64
51.418064,-2.502351,73
51.413206,-2.507668,71
51.410906,-2.499571,74
51.405078,-2.500887,67
51.386819,-2.383721,76
51.381412,-2.365463,84
51.400512,-2.348406,70
51.398997,-2.356412,70
51.399529,-2.336535,68
51.394086,-2.360623,73
51.400534,-2.374006,65
51.390276,-2.364547,79
51.373138,-2.365079,79
51.360561,-2.369923,67
51.368572,-2.367232,74
51.305600,-2.609423,24
51.317547,-2.556935,39
51.294936,-2.474538,61
51.291815,-2.485273,61
51.291595,-2.491493,61
51.287169,-2.479075,71
51.277529,-2.487173,60
51.281530,-2.489139,66
51.284368,-2.494911,63
51.383598,-2.391221,76
51.389723,-2.391898,72
51.385532,-2.397913,70
51.391987,-2.401442,68
51.360836,-2.381505,68
51.357077,-2.380404,70
51.353674,-2.377308,65
51.364289,-2.385036,67
51.376855,-2.377759,82
51.373953,-2.376360,80
51.369767,-2.377404,74
51.369737,-2.384190,73
51.299025,-2.497625,55
51.307704,-2.506398,52
51.309617,-2.483866,50
51.319808,-2.417410,48
51.319207,-2.432887,49
51.306923,-2.426731,48
51.312853,-2.431312,51
51.375572,-2.541757,38
51.403293,-2.554698,63
51.299144,-2.454797,54
51.294789,-2.437099,57
51.290852,-2.427368,53
51.283822,-2.448421,57
51.410161,-2.453905,57
51.396875,-2.456035,55
51.398574,-2.472053,55
51.370730,-2.400089,68
51.367305,-2.394099,69
51.373517,-2.390603,72
51.372959,-2.400236,65
51.323513,-2.474364,41
51.328149,-2.484194,41
51.376341,-2.394919,70
51.376089,-2.406827,64
51.381826,-2.405741,66
51.380193,-2.397589,72
51.395029,-2.353017,75
51.392482,-2.356155,78
51.392409,-2.347134,76
51.389554,-2.353337,77
51.286718,-2.467477,64
51.280364,-2.463476,60
51.288657,-2.456749,61
51.281080,-2.473176,68
51.376585,-2.383563,79
51.378743,-2.387595,78
51.372590,-2.385924,76
51.403133,-2.397983,57
51.401811,-2.388607,63
51.394232,-2.382509,68
51.396662,-2.392320,69
51.377124,-2.364139,81
51.370196,-2.346411,72
51.375738,-2.354775,82
51.378926,-2.372614,82
51.470118,-2.573724,81
51.465916,-2.578661,84
51.469741,-2.588199,83
51.468836,-2.582507,83
51.466218,-2.587134,86
51.473032,-2.580167,79
51.489479,-2.670750,70
51.490207,-2.682283,69
51.486179,-2.683386,67
51.486166,-2.674460,70
51.512429,-2.697008,61
51.494037,-2.667716,65
51.516978,-2.672243,65
51.496081,-2.693680,65
51.432737,-2.609102,79
51.433262,-2.627579,68
51.433608,-2.602570,77
51.437198,-2.611120,80
51.438944,-2.608593,81
51.434388,-2.618213,76
51.482220,-2.584666,81
51.479045,-2.587378,81
51.478648,-2.580113,79
51.484944,-2.582177,79
51.478735,-2.592742,81
51.475980,-2.588566,82
51.481371,-2.596314,79
51.483352,-2.589881,80
51.410945,-2.625914,70
51.406327,-2.624892,67
51.405920,-2.630132,64
51.428202,-2.609755,74
51.425806,-2.616576,73
51.423112,-2.628008,70
51.419244,-2.619776,73
51.415133,-2.625097,70
51.442129,-2.545095,69
51.440716,-2.538294,65
51.437126,-2.549323,75
51.434896,-2.531328,62
51.434306,-2.544716,75
51.451046,-2.548072,70
51.451695,-2.541643,67
51.449600,-2.539210,63
51.442777,-2.559802,75
51.442477,-2.553287,74
51.436108,-2.555425,76
51.437567,-2.560487,75
51.429924,-2.553359,72
51.425552,-2.538468,68
51.446475,-2.552807,73
51.460740,-2.604268,88
51.462433,-2.596518,87
51.459711,-2.624423,79
51.459305,-2.618555,82
51.454617,-2.617600,84
51.453758,-2.623211,80
51.451519,-2.623585,80
51.451514,-2.612242,82
51.450604,-2.617561,82
51.460560,-2.611565,86
51.463070,-2.614910,85
51.467062,-2.614072,85
51.456946,-2.612391,86
51.454470,-2.611680,85
51.466882,-2.617702,83
51.464310,-2.600740,86
51.463922,-2.606588,87
51.470110,-2.610995,85
51.467671,-2.607880,86
51.467746,-2.599525,84
51.467337,-2.603590,84
51.467079,-2.594105,86
51.462323,-2.561394,80
51.460905,-2.558904,82
51.460250,-2.554506,82
51.455465,-2.558035,82
51.467063,-2.563646,81
51.469250,-2.561101,80
51.465975,-2.554672,78
51.480416,-2.542681,72
51.476967,-2.539871,80
51.477079,-2.547538,75
51.471115,-2.556960,80
51.475822,-2.554860,76
51.468437,-2.546533,74
51.483629,-2.553206,66
51.432000,-2.584808,74
51.426254,-2.599347,71
51.419461,-2.595980,73
51.422110,-2.587572,74
51.425978,-2.589644,74
51.423515,-2.579830,73
51.429099,-2.592176,73
51.427836,-2.582204,72
51.490734,-2.527763,64
51.489185,-2.541625,66
51.482905,-2.535364,79
51.487440,-2.521124,69
51.481973,-2.527964,79
51.486884,-2.516200,72
51.482618,-2.522720,77
51.411803,-2.600145,69
51.412847,-2.610229,73
51.408514,-2.615935,71
51.408217,-2.608611,71
51.404612,-2.615880,69
51.418398,-2.604427,68
51.418642,-2.611760,71
51.414331,-2.616596,74
51.509447,-2.614479,68
51.511530,-2.627104,68
51.511031,-2.605973,67
51.510141,-2.619899,72
51.415258,-2.582358,69
51.416351,-2.570340,72
51.421983,-2.574882,73
51.412907,-2.562800,71
51.409095,-2.573619,67
51.409717,-2.566032,68
51.425239,-2.566880,73
51.419930,-2.565572,70
51.485140,-2.601300,76
51.487825,-2.612823,77
51.489036,-2.597114,74
51.489423,-2.605972,75
51.479444,-2.614004,81
51.482865,-2.608065,80
51.479540,-2.609690,82
51.474063,-2.526348,79
51.473042,-2.531702,78
51.471632,-2.517241,77
51.469863,-2.537006,75
51.468365,-2.521089,78
51.476462,-2.520309,76
51.498193,-2.576287,77
51.499188,-2.588733,76
51.495497,-2.585663,77
51.494469,-2.596577,75
51.494481,-2.578416,78
51.491399,-2.582191,77
51.490638,-2.590510,75
51.487598,-2.586876,80
51.501320,-2.662113,67
51.502283,-2.647633,65
51.507212,-2.654894,65
51.495593,-2.643239,63
51.495195,-2.654763,64
51.486186,-2.653540,64
51.490100,-2.649636,67
51.430148,-2.565097,76
51.431108,-2.571108,75
51.427471,-2.575054,74
51.437727,-2.568518,79
51.437887,-2.573060,79
51.433001,-2.577844,75
51.434722,-2.563921,77
51.461213,-2.566969,83
51.462892,-2.574197,83
51.465692,-2.568346,83
51.449949,-2.562789,81
51.495845,-2.570567,76
51.490827,-2.555972,69
51.492001,-2.570819,72
51.486890,-2.576993,75
51.486967,-2.567036,68
51.480708,-2.570336,71
51.474933,-2.566441,76
51.477675,-2.601716,79
51.476614,-2.606959,81
51.474844,-2.594754,83
51.471957,-2.602177,83
51.471951,-2.595849,83
51.472299,-2.589797,83
51.473321,-2.611301,83
51.464149,-2.514852,80
51.465087,-2.523963,76
51.462502,-2.519811,80
51.458950,-2.522192,75
51.454934,-2.536804,64
51.456121,-2.528329,73
51.453637,-2.522200,72
51.450389,-2.529969,67
51.457836,-2.551179,81
51.460227,-2.534995,77
51.460110,-2.540609,78
51.458769,-2.547101,80
51.464805,-2.531270,74
51.464074,-2.540381,76
51.460668,-2.528818,77
51.499533,-2.597379,76
51.502157,-2.602191,76
51.505989,-2.597259,73
51.500358,-2.610137,76
51.504460,-2.591244,74
51.512738,-2.591038,64
51.507012,-2.604209,74
51.443295,-2.626295,78
51.442036,-2.608785,81
51.442576,-2.604037,84
51.444615,-2.611655,79
51.439570,-2.616730,79
51.445130,-2.604398,82
51.416786,-2.538260,58
51.420512,-2.549057,63
51.414738,-2.556839,67
51.415425,-2.545547,62
51.411714,-2.551036,67
51.410717,-2.543812,62
51.423475,-2.558759,69
51.470393,-2.629126,59
51.473790,-2.630441,68
51.487362,-2.639190,64
51.483546,-2.635392,66
51.477810,-2.645793,59
51.479458,-2.628783,70
51.490276,-2.624079,72
51.492685,-2.632088,64
51.483859,-2.621506,72
51.499506,-2.625651,71
51.491824,-2.618066,76
51.495249,-2.605178,74
51.495075,-2.615421,76
51.404045,-2.576816,66
51.404843,-2.580887,67
51.402415,-2.572486,62
51.404220,-2.604320,70
51.402118,-2.597794,67
51.432850,-2.596090,77
51.443368,-2.577789,81
51.442969,-2.581872,81
51.440536,-2.573354,80
51.437892,-2.595707,82
51.439712,-2.590596,82
51.439558,-2.583474,80
51.435727,-2.588891,79
51.420196,-2.736773,59
51.417932,-2.749802,62
51.402857,-2.739751,46
51.411166,-2.691556,44
51.309379,-2.855196,42
51.310171,-2.824628,45
51.320935,-2.890023,31
51.333632,-2.833032,42
51.326941,-2.867906,42
51.330321,-2.725759,28
51.343897,-2.780805,36
51.333928,-2.796368,39
51.436229,-2.856810,68
51.432921,-2.853798,66
51.438081,-2.829166,62
51.435902,-2.844997,68
51.441226,-2.853896,63
51.438092,-2.862000,64
51.428189,-2.850630,62
51.429654,-2.844038,60
51.449950,-2.847741,51
51.443664,-2.850626,60
51.432482,-2.869358,61
51.422249,-2.876993,54
51.420464,-2.865707,58
51.428938,-2.856061,62
51.373475,-2.791050,52
51.361202,-2.817459,49
51.462529,-2.657847,48
51.482796,-2.705791,52
51.331440,-2.927365,47
51.323761,-2.934052,48
51.307782,-2.946937,36
51.376266,-2.882016,44
51.380061,-2.946182,42
51.430457,-2.742929,60
51.428226,-2.749478,64
51.425040,-2.764935,66
51.423177,-2.758905,67
51.433994,-2.750124,69
51.436421,-2.755712,69
51.433227,-2.766181,64
51.435674,-2.772543,60
51.430210,-2.782859,54
51.429539,-2.763785,67
51.420559,-2.791551,49
51.480732,-2.689728,55
51.474847,-2.679343,56
51.484369,-2.791615,44
51.490776,-2.769357,62
51.476388,-2.762821,65
51.474688,-2.796606,41
51.475967,-2.807498,35
51.481298,-2.776753,62
51.472202,-2.775964,57
51.480705,-2.783397,59
51.478407,-2.791165,51
51.347795,-2.968895,76
51.348982,-2.973656,78
51.345393,-2.979082,77
51.341866,-2.976161,76
51.320045,-2.980414,54
51.329436,-2.982235,63
51.318191,-2.961225,47
51.336155,-2.978806,70
51.336238,-2.973500,71
51.331567,-2.971436,65
51.343690,-2.957554,72
51.349041,-2.958940,70
51.351174,-2.941649,70
51.350503,-2.949197,70
51.355653,-2.949333,68
51.355648,-2.941049,70
51.363692,-2.932114,68
51.361870,-2.954984,58
51.360193,-2.940473,65
51.358923,-2.930357,71
51.371646,-2.912602,56
51.371350,-2.920265,56
51.369064,-2.908430,58
51.368005,-2.928903,60
51.367559,-2.922165,62
51.366100,-2.912072,62
51.364762,-2.917178,66
51.324116,-2.958103,58
51.340048,-2.961844,68
51.340572,-2.969008,72
51.334722,-2.967147,68
51.334001,-2.958937,66
51.329168,-2.962582,63
51.324446,-2.966674,54
51.361779,-2.916583,70
51.358521,-2.920280,71
51.355229,-2.927194,68
51.352154,-2.915562,66
51.352777,-2.932489,67
51.357107,-2.986602,60
51.354578,-2.984098,66
51.355244,-2.972029,70
51.351287,-2.978942,75
51.355864,-2.958822,66
51.352090,-2.965294,70
51.393601,-2.639913,42
51.367587,-2.670029,31
51.437971,-2.672423,42
51.426426,-2.646305,56
51.424916,-2.668302,56
51.446800,-2.717890,50
51.361027,-2.763195,39
51.366598,-2.731524,25
51.387794,-2.781055,48
51.401290,-2.811794,48
51.388804,-2.815807,56
51.402438,-2.860038,39
51.388247,-2.825572,58
51.383077,-2.821554,55
51.535347,-2.615132,46
51.554367,-2.552671,45
51.585256,-2.530971,49
51.576303,-2.517113,44
51.429639,-2.447393,50
51.434908,-2.476151,62
51.486332,-2.437413,41
51.458627,-2.319673,29
51.465602,-2.392800,23
51.452699,-2.438864,37
51.526528,-2.534995,62
51.523926,-2.544643,62
51.523647,-2.531568,64
51.541576,-2.559228,72
51.540256,-2.545132,65
51.541963,-2.550967,68
51.537009,-2.557122,72
51.546529,-2.558934,69
51.532139,-2.548443,70
51.532487,-2.539706,66
51.533128,-2.552444,70
51.527354,-2.544221,65
51.620510,-2.431133,30
51.633502,-2.401749,36
51.534355,-2.390906,65
51.541483,-2.389980,59
51.549217,-2.392512,68
51.532219,-2.405663,65
51.565036,-2.335045,28
51.516662,-2.337445,23
51.528638,-2.424871,62
51.528292,-2.431575,60
51.528758,-2.411838,62
51.527604,-2.417101,62
51.523921,-2.426081,56
51.494230,-2.510561,66
51.488580,-2.498432,74
51.487659,-2.505791,76
51.485388,-2.512726,74
51.500303,-2.501673,65
51.500667,-2.508782,62
51.494204,-2.501837,70
51.509799,-2.562293,71
51.509035,-2.567470,74
51.509266,-2.579179,76
51.504274,-2.566591,76
51.503346,-2.582716,76
51.501303,-2.571900,77
51.517571,-2.570658,70
51.542954,-2.504835,56
51.532449,-2.471935,58
51.530162,-2.479995,56
51.526316,-2.481973,52
51.450736,-2.513885,74
51.447677,-2.518090,75
51.449680,-2.505002,73
51.445417,-2.526682,68
51.441436,-2.517914,69
51.445379,-2.506584,72
51.436265,-2.517359,62
51.467513,-2.503690,73
51.470964,-2.506364,76
51.465587,-2.509616,79
51.465146,-2.487468,69
51.465832,-2.497032,70
51.463314,-2.499738,76
51.463244,-2.490793,71
51.563271,-2.460049,36
51.585648,-2.411410,26
51.440090,-2.498354,69
51.433301,-2.489696,63
51.439200,-2.481754,66
51.433065,-2.503811,62
51.444679,-2.496376,71
51.442911,-2.459630,64
51.440091,-2.472763,66
51.451242,-2.467020,66
51.448722,-2.473864,68
51.447271,-2.455664,65
51.446090,-2.483782,70
51.442658,-2.483571,68
51.454394,-2.482928,69
51.449533,-2.491452,69
51.449455,-2.480163,71
51.535194,-2.583068,67
51.536411,-2.563933,69
51.539729,-2.575492,66
51.532155,-2.577711,71
51.530530,-2.584538,70
51.561061,-2.641002,34
51.553623,-2.665479,36
51.478424,-2.491916,67
51.474320,-2.496769,71
51.472215,-2.490719,67
51.470000,-2.497533,69
51.489687,-2.492175,71
51.485142,-2.486697,71
51.484121,-2.492777,70
51.628916,-2.547912,24
51.582609,-2.599374,28
51.503938,-2.491215,62
51.497848,-2.494375,69
51.493509,-2.480225,70
51.495083,-2.489175,71
51.488920,-2.483919,70
51.456427,-2.465463,65
51.478049,-2.502070,74
51.481495,-2.499692,75
51.479094,-2.510176,76
51.475314,-2.507050,75
51.482265,-2.509039,77
51.519115,-2.533679,64
51.519295,-2.549823,68
51.519960,-2.542114,66
51.530764,-2.559059,67
51.526598,-2.552759,66
51.524128,-2.556850,66
51.615645,-2.513526,59
51.611943,-2.533302,65
51.618656,-2.523300,53
51.614287,-2.504099,59
51.626633,-2.484911,42
51.608144,-2.515526,64
51.600467,-2.533036,65
51.605491,-2.509044,57
51.591180,-2.486236,40
51.519360,-2.453116,46
51.521309,-2.471835,53
51.498923,-2.519259,59
51.530988,-2.503888,62
51.523771,-2.495572,58
51.524891,-2.517874,61
51.516747,-2.504291,58
51.458276,-2.488121,71
51.455161,-2.514999,75
51.454382,-2.494810,69
51.457949,-2.511027,78
51.454022,-2.502861,71
51.459943,-2.503048,78
51.459812,-2.493986,72
51.536510,-2.416797,72
51.533261,-2.429346,67
51.537888,-2.426606,73
51.534916,-2.410907,69
51.532056,-2.418818,66
51.561510,-2.408001,48
51.554047,-2.421182,57
51.548405,-2.407754,65
51.542185,-2.412128,74
51.542844,-2.404258,69
51.545118,-2.427974,67
51.543058,-2.421743,72
51.548153,-2.415758,66
51.548534,-2.422056,65
50.419667,-4.145730,68
50.424149,-4.163006,52
50.422789,-4.124291,58
50.419903,-4.160347,58
50.419439,-4.132351,60
50.419535,-4.155333,61
50.411493,-4.128730,67
50.417545,-4.147958,66
50.384430,-4.128744,77
50.382602,-4.134166,82
50.396795,-4.129432,68
50.389666,-4.130612,75
50.393875,-4.115372,62
50.392619,-4.124645,70
50.390119,-4.116065,66
50.386728,-4.121886,68
50.392283,-4.181094,72
50.389983,-4.172839,74
50.387546,-4.183871,72
50.385804,-4.175015,73
50.381356,-4.178060,76
50.381668,-4.173498,77
50.378057,-4.177622,78
50.371589,-4.179666,79
50.368544,-4.171105,76
50.370097,-4.175402,78
50.381402,-4.139149,80
50.378844,-4.135904,84
50.378331,-4.142064,82
50.377263,-4.130680,84
50.375361,-4.132171,84
50.375238,-4.137372,85
50.389625,-4.093213,59
50.386984,-4.101903,62
50.386412,-4.107674,64
50.389725,-4.111536,65
50.384058,-4.110187,67
50.382292,-4.109505,70
50.380975,-4.122520,77
50.380101,-4.128152,81
50.393078,-4.101446,59
50.403931,-4.129117,70
50.403752,-4.120044,66
50.398820,-4.119828,61
50.400526,-4.110752,60
50.403763,-4.108118,60
50.397191,-4.104344,59
50.406634,-4.143852,67
50.405098,-4.137370,70
50.390332,-4.163064,76
50.401198,-4.165488,68
50.400672,-4.155537,70
50.397198,-4.174511,71
50.399334,-4.178141,67
50.398884,-4.145855,72
50.392969,-4.166263,74
50.395767,-4.159687,73
50.393675,-4.171351,72
50.405904,-4.154624,68
50.419433,-4.187636,51
50.413383,-4.185852,57
50.417667,-4.171182,61
50.415138,-4.163627,67
50.411920,-4.146752,67
50.409879,-4.165415,65
50.412046,-4.160735,68
50.410801,-4.153443,68
50.418840,-4.099043,63
50.411918,-4.086301,55
50.415293,-4.113041,63
50.414233,-4.100486,64
50.409490,-4.098535,64
50.399038,-4.093435,60
50.403300,-4.092201,60
50.424631,-4.095918,50
50.388869,-4.138182,77
50.384190,-4.146994,76
50.386114,-4.136673,78
50.395751,-4.137428,72
50.393937,-4.150028,76
50.394590,-4.144835,76
50.392670,-4.156423,75
50.391106,-4.140314,75
50.389097,-4.151517,76
50.387026,-4.032122,56
50.387674,-4.040577,64
50.385132,-4.027042,57
50.390920,-4.032674,57
50.389022,-4.023702,52
50.381908,-4.061890,66
50.387124,-4.074191,61
50.383185,-4.053112,67
50.383450,-4.045311,64
50.381302,-4.035706,56
50.379067,-4.037133,54
50.394156,-4.079622,66
50.394436,-4.036146,52
50.400802,-4.076454,66
50.397797,-4.062171,63
50.393073,-4.069926,68
50.390705,-4.055809,71
50.393033,-4.047105,67
50.398876,-4.050312,61
50.357727,-4.080634,64
50.358096,-4.066822,58
50.353346,-4.078425,58
50.347938,-4.084191,54
50.346479,-4.092779,53
50.368282,-4.061541,49
50.365697,-4.079607,63
50.362181,-4.073761,61
50.361971,-4.089314,69
50.360984,-4.097791,70
50.360849,-4.107330,63
50.354930,-4.120584,43
50.349158,-4.110841,53
50.355555,-4.090752,64
50.353553,-4.098862,56
50.403349,-4.197189,60
50.401757,-4.179769,69
50.402497,-4.186296,71
50.396560,-4.194532,57
50.399365,-4.190671,65
50.409256,-4.182200,70
50.406799,-4.172672,63
50.405634,-4.182864,70
50.405897,-4.191078,69
50.375377,-4.148881,83
50.372836,-4.145425,85
50.373492,-4.154827,83
50.370575,-4.156329,83
50.367311,-4.140286,82
50.428129,-4.126463,61
50.429077,-4.116295,60
50.428413,-4.140196,55
50.425556,-4.137854,59
50.428622,-4.146902,52
50.438113,-4.113794,55
50.431705,-4.156730,43
50.434454,-4.124126,59
50.384112,-4.171313,75
50.386199,-4.167510,76
50.380005,-4.151366,79
50.381003,-4.160213,78
50.379902,-4.168617,78
50.374228,-4.161475,80
50.377356,-4.163622,78
50.384742,-4.161450,76
50.378232,-4.120442,77
50.376902,-4.112806,69
50.375258,-4.119772,76
50.376483,-4.124939,80
50.374086,-4.126573,81
50.373194,-4.111705,76
50.370241,-4.126996,79
50.366076,-4.120711,73
50.393833,-3.499734,57
50.392706,-3.528722,52
50.392558,-3.520020,58
50.394013,-3.513790,61
50.397542,-3.500607,52
50.398425,-3.521931,55
50.397371,-3.516890,60
50.434795,-3.610934,43
50.443542,-3.596609,52
50.439448,-3.588255,53
50.439752,-3.583532,61
50.433865,-3.588638,57
50.444175,-3.586194,55
50.406155,-3.567961,49
50.412624,-3.567139,51
50.400439,-3.545681,42
50.410743,-3.572751,50
50.387735,-3.549268,43
50.440904,-3.578313,62
50.445624,-3.578526,57
50.440299,-3.572398,68
50.435216,-3.580324,62
50.433156,-3.576964,68
50.466085,-3.573036,63
50.456447,-3.555775,52
50.462478,-3.547247,66
50.473418,-3.551634,65
50.474545,-3.563331,59
50.468444,-3.545984,70
50.470056,-3.557202,60
50.471283,-3.526952,74
50.471197,-3.518433,65
50.472323,-3.521619,71
50.468142,-3.527643,72
50.474237,-3.524640,72
50.426786,-3.563837,67
50.425618,-3.574112,61
50.424138,-3.582346,58
50.418444,-3.565857,51
50.418087,-3.578148,52
50.450762,-3.560057,58
50.448791,-3.565885,63
50.452448,-3.581306,48
50.445950,-3.570583,58
50.445852,-3.559140,65
50.442283,-3.562430,68
50.454423,-3.572408,44
50.437387,-3.569168,73
50.436688,-3.562944,71
50.432295,-3.570478,72
50.430170,-3.574897,69
50.430832,-3.560062,66
50.499649,-3.519322,52
50.482276,-3.531705,71
50.484435,-3.527527,70
50.480730,-3.522903,74
50.478246,-3.512510,70
50.476062,-3.527392,75
50.478198,-3.529051,75
50.474655,-3.513667,66
50.381330,-3.525069,48
50.381424,-3.532788,43
50.387885,-3.522967,55
50.383819,-3.509332,55
50.387661,-3.515952,58
50.478143,-3.566327,58
50.482524,-3.572860,51
50.480231,-3.556130,66
50.489346,-3.556709,51
50.483949,-3.560331,60
50.466918,-3.536060,74
50.462914,-3.528980,70
50.482407,-3.539945,67
50.478349,-3.545168,71
50.477932,-3.535608,72
50.472442,-3.534384,74
50.468563,-3.540458,74
50.489708,-3.538057,63
50.487724,-3.533920,64
50.500749,-3.534650,45
50.496044,-3.533926,54
50.493169,-3.529627,59
50.460647,-3.520486,63
50.460054,-3.512714,57
50.470694,-3.507755,58
50.466250,-3.519334,65
50.459215,-3.497836,44
50.723244,-1.828768,73
50.728984,-1.822889,80
50.727583,-1.818058,76
50.727619,-1.826658,78
50.731639,-1.824924,79
50.729721,-1.835006,80
50.725279,-1.846721,80
50.725983,-1.837036,78
50.728926,-1.844095,80
50.728892,-1.875812,74
50.728444,-1.859235,82
50.725868,-1.851498,78
50.724362,-1.858849,82
50.720613,-1.854810,77
50.734174,-1.845360,78
50.731231,-1.846132,80
50.730913,-1.852695,81
50.720072,-1.780574,64
50.722449,-1.793484,72
50.722127,-1.802553,72
50.721369,-1.768275,58
50.731000,-1.794708,72
50.726629,-1.799243,71
50.767429,-1.890204,67
50.770664,-1.914638,65
50.772500,-1.900764,70
50.764500,-1.908254,69
50.763431,-1.898818,70
50.772534,-1.891381,62
50.754067,-1.918598,69
50.757087,-1.929271,60
50.756208,-1.911699,69
50.757180,-1.905120,71
50.765564,-1.923814,64
50.761831,-1.919464,67
50.760132,-1.910348,69
50.735885,-1.827394,73
50.738989,-1.834326,67
50.740476,-1.812461,71
50.736832,-1.805820,71
50.735498,-1.816994,77
50.747026,-1.821888,68
50.751983,-1.870194,75
50.748841,-1.871739,78
50.748619,-1.863742,76
50.755138,-1.877946,75
50.757320,-1.873168,72
50.755712,-1.867858,71
50.733849,-1.865518,77
50.732833,-1.858116,77
50.730626,-1.865895,78
50.739429,-1.845891,74
50.740645,-1.857105,73
50.736895,-1.860316,76
50.763476,-1.880085,64
50.762537,-1.886176,65
50.760861,-1.893749,68
50.756453,-1.886677,72
50.755363,-1.898326,71
50.754044,-1.890667,72
50.751178,-1.832729,68
50.749971,-1.847966,73
50.747964,-1.836473,70
50.755316,-1.829399,62
50.745368,-1.851994,71
50.753296,-1.860471,72
50.730215,-1.891395,65
50.734105,-1.875630,77
50.737589,-1.878156,79
50.738106,-1.887804,70
50.756367,-1.857791,70
50.761495,-1.868300,66
50.761486,-1.861010,66
50.758774,-1.853021,67
50.763832,-1.849236,61
50.753716,-1.848839,72
50.748857,-1.905214,74
50.749368,-1.881335,79
50.748896,-1.897605,73
50.749792,-1.888185,76
50.748561,-1.913981,72
50.744262,-1.889104,78
50.732860,-1.808784,71
50.734036,-1.802711,67
50.730909,-1.812063,71
50.727740,-1.806067,70
50.726141,-1.813453,75
50.722652,-1.812430,71
50.716795,-1.883904,78
50.716134,-1.892015,72
50.718501,-1.900802,69
50.713561,-1.900199,59
50.721805,-1.903717,75
50.722028,-1.895308,75
50.742153,-1.864662,77
50.744114,-1.879934,81
50.742058,-1.876348,80
50.739378,-1.869500,78
50.745856,-1.873192,78
50.744021,-1.868590,77
50.752611,-1.939901,62
50.746574,-1.934390,66
50.747313,-1.920913,68
50.739882,-1.919145,69
50.744062,-1.917269,71
50.741436,-1.927242,69
50.738066,-1.927002,71
50.726639,-1.912284,73
50.738668,-1.909019,67
50.739826,-1.899712,71
50.731149,-1.909536,66
50.729254,-1.930510,77
50.732063,-1.924900,73
50.733830,-1.930820,71
50.732737,-1.935922,74
50.732006,-1.918644,72
50.756852,-1.994527,67
50.757846,-1.985527,61
50.753249,-2.008653,53
50.757050,-2.001887,62
50.770545,-1.988139,62
50.761880,-2.007535,60
50.769183,-2.002535,63
50.719888,-1.921089,69
50.720282,-1.909161,68
50.707630,-1.921712,53
50.713394,-1.909990,56
50.696147,-1.933659,44
50.743627,-1.970246,71
50.742512,-1.962669,70
50.751357,-1.959773,69
50.751033,-1.953407,67
50.746917,-1.958837,71
50.757328,-1.967692,63
50.753589,-1.968901,66
50.752316,-1.978367,64
50.750728,-1.967938,69
50.744276,-1.979612,64
50.741484,-1.997676,63
50.739945,-2.008196,59
50.750958,-2.001713,59
50.749922,-1.993262,65
50.743302,-1.991500,66
50.746361,-2.008683,56
50.725788,-2.011767,60
50.720484,-2.008191,64
50.714942,-2.011307,65
50.720224,-2.024487,56
50.716348,-2.017889,61
50.729990,-2.019077,60
50.723400,-2.032213,56
50.776051,-1.948451,44
50.786675,-1.970570,52
50.783778,-1.990074,52
50.774647,-1.967916,50
50.765052,-1.939982,54
50.770285,-1.929867,57
50.764810,-1.932124,60
50.733713,-1.942036,73
50.738356,-1.950544,73
50.736574,-1.956290,71
50.730526,-1.944235,76
50.742340,-1.939388,68
50.743738,-1.946522,70
50.737831,-1.937012,69
50.729333,-1.971296,74
50.727707,-1.977354,77
50.733725,-1.964300,72
50.736470,-1.983101,70
50.736603,-1.967308,71
50.732277,-1.986510,73
50.734905,-1.974483,73
50.718194,-1.959498,68
50.721483,-1.949485,71
50.725859,-1.945655,73
50.713539,-1.950361,59
50.726293,-1.961090,75
50.728239,-1.953785,74
50.713780,-1.936697,57
50.707706,-1.940502,52
50.726483,-1.939274,76
50.726200,-1.933310,74
50.725214,-1.928081,71
50.721565,-1.939567,70
50.718900,-1.930881,63
50.724542,-1.984900,78
50.723818,-1.969201,78
51.605315,-1.801259,64
51.598429,-1.736055,40
51.564003,-1.777259,83
51.558730,-1.795057,80
51.554203,-1.804529,75
51.567042,-1.766336,75
51.566657,-1.778407,82
51.569493,-1.739514,67
51.565507,-1.728303,60
51.569004,-1.731921,63
51.565353,-1.743243,69
51.562511,-1.724413,59
51.563861,-1.736153,67
51.550801,-1.740137,65
51.550270,-1.725804,59
51.546697,-1.734280,62
51.544165,-1.724860,59
51.555308,-1.729521,65
51.559136,-1.731552,67
51.559912,-1.775916,82
51.557269,-1.789220,82
51.556576,-1.785383,83
51.553950,-1.784746,82
51.553128,-1.795549,73
51.554788,-1.847154,61
51.553976,-1.841036,65
51.546818,-1.836162,63
51.553976,-1.835659,67
51.548713,-1.844776,64
51.560543,-1.852210,63
51.559693,-1.838389,66
51.582421,-1.779046,74
51.580027,-1.784194,75
51.575779,-1.781701,75
51.576455,-1.768963,75
51.570574,-1.776467,79
51.571540,-1.782738,78
51.594549,-1.795410,66
51.593958,-1.808077,69
51.589551,-1.800692,70
51.590107,-1.813472,68
51.589309,-1.806074,69
51.587013,-1.793616,69
51.597745,-1.798631,67
51.633665,-1.713727,58
51.621944,-1.722079,62
51.634794,-1.723968,51
51.637226,-1.705947,51
51.636549,-1.699292,54
51.631997,-1.721103,54
51.589271,-1.822235,63
51.585818,-1.818792,64
51.582599,-1.790616,73
51.585041,-1.811356,69
51.582885,-1.799968,72
51.581713,-1.807295,72
51.550306,-1.781614,79
51.548753,-1.764195,71
51.550372,-1.771730,76
51.543381,-1.761418,65
51.558076,-1.746437,69
51.560603,-1.747774,71
51.551902,-1.744848,67
51.554272,-1.754074,72
51.551905,-1.749349,69
51.549291,-1.752944,68
51.588621,-1.784072,69
51.591678,-1.779042,70
51.595171,-1.783097,67
51.594179,-1.787820,66
51.522729,-1.689789,33
51.549212,-1.664990,29
51.574690,-1.755248,69
51.569736,-1.747856,69
51.580328,-1.735805,65
51.589499,-1.748290,62
51.582971,-1.743461,64
51.578831,-1.746912,68
51.589681,-1.770336,69
51.594652,-1.769054,64
51.595836,-1.756479,59
51.584656,-1.761570,67
51.587439,-1.765340,69
51.582957,-1.770456,70
51.567820,-1.827775,70
51.577381,-1.828804,58
51.575291,-1.839557,59
51.569534,-1.833516,66
51.569140,-1.842113,63
51.566199,-1.841954,65
51.561598,-1.822912,72
51.556961,-1.816421,72
51.555391,-1.830569,69
51.553981,-1.823872,72
51.549487,-1.824469,69
51.562639,-1.754139,74
51.558954,-1.759579,76
51.559916,-1.768910,79
51.563996,-1.759460,74
51.555687,-1.766229,77
51.567921,-1.797760,78
51.563387,-1.808001,74
51.576944,-1.791962,73
51.574758,-1.811691,75
51.570862,-1.789455,76
51.528125,-1.793121,62
51.517832,-1.807525,55
51.529445,-1.800500,58
51.523597,-1.797144,63
51.519927,-1.733001,38
52.626708,-0.373927,33
52.636119,-0.440846,35
52.598961,-0.289690,59
52.598445,-0.281209,63
52.600530,-0.275379,64
52.590275,-0.284331,65
52.583148,-0.286979,64
52.608149,-0.287161,61
52.579207,-0.287206,62
52.576948,-0.295434,58
52.574895,-0.245607,82
52.580451,-0.247807,80
52.584559,-0.247168,80
52.591921,-0.256384,75
52.585840,-0.253312,78
52.592264,-0.225433,69
52.593447,-0.215939,61
52.602328,-0.226772,61
52.596312,-0.235505,70
52.597610,-0.219135,62
52.597053,-0.228410,66
52.577062,-0.231061,78
52.594469,-0.207645,58
52.585869,-0.193608,59
52.585179,-0.222371,70
52.579491,-0.215658,71
52.600551,-0.122582,29
52.636890,-0.071657,27
52.607852,-0.186487,48
52.603551,-0.187320,47
52.565794,-0.252747,73
52.557285,-0.248910,69
52.561228,-0.247563,73
52.613302,-0.438510,37
52.587756,-0.340226,35
52.595941,-0.448768,33
52.634468,-0.300720,48
52.637718,-0.211358,33
52.637674,-0.224333,23
52.596103,-0.257364,71
52.600419,-0.241850,65
52.597992,-0.250485,69
52.660627,-0.293863,46
52.647160,-0.327944,33
52.542522,-0.294740,68
52.558201,-0.289278,66
52.548449,-0.270367,68
52.546281,-0.277531,67
52.546684,-0.289547,67
52.544485,-0.287212,68
52.540122,-0.289697,66
52.545268,-0.316783,61
52.553616,-0.307157,63
52.550793,-0.295793,65
52.540226,-0.304329,67
52.560782,-0.313489,57
52.560127,-0.267474,64
52.593178,-0.241092,72
52.591550,-0.247154,74
52.588856,-0.229949,71
52.586900,-0.238974,80
52.582434,-0.234807,79
52.605485,-0.250210,62
52.605978,-0.242549,61
52.610882,-0.247157,57
52.609409,-0.256135,63
52.590386,-0.265742,67
52.592012,-0.276843,66
52.586472,-0.267772,69
52.588125,-0.274974,68
52.580648,-0.258112,75
52.561325,-0.228785,69
52.563655,-0.205888,65
52.554534,-0.236093,72
52.553355,-0.222895,69
52.551891,-0.215344,65
52.548129,-0.198040,57
52.554125,-0.209409,56
52.607785,-0.266485,67
52.603924,-0.257352,66
52.605531,-0.272565,70
52.600338,-0.263454,71
52.623977,-0.274195,60
52.623457,-0.291748,61
52.620712,-0.271318,61
52.629342,-0.271951,55
52.627188,-0.282518,56
52.613953,-0.270914,66
52.614905,-0.262586,62
52.615388,-0.254986,58
52.615174,-0.284342,64
52.576115,-0.282429,63
52.572048,-0.254292,71
52.568089,-0.286876,58
52.572536,-0.267861,67
52.582250,-0.273586,70
52.577788,-0.259681,74
51.900398,-0.414202,65
51.903239,-0.422096,68
51.898494,-0.422906,68
51.909945,-0.412999,62
51.906429,-0.413144,64
51.887266,-0.425087,81
51.884571,-0.423064,83
51.894215,-0.424799,73
51.894034,-0.433737,77
51.891283,-0.426862,79
51.889399,-0.437264,77
51.890985,-0.433194,80
51.888025,-0.430984,79
51.922816,-0.440254,62
51.923239,-0.427355,62
51.924657,-0.434620,61
51.921191,-0.445444,62
51.917747,-0.436190,67
51.894800,-0.455960,72
51.894948,-0.463951,72
51.892048,-0.469589,70
51.890451,-0.477201,71
51.889658,-0.460726,72
51.898808,-0.464444,72
51.898098,-0.452005,73
51.897925,-0.474851,69
51.877223,-0.395147,72
51.882871,-0.402173,75
51.887413,-0.381944,70
51.885747,-0.385692,68
51.882016,-0.390848,66
51.883437,-0.444998,71
51.885434,-0.432555,81
51.886813,-0.439507,76
51.883529,-0.429842,81
51.884375,-0.455351,66
51.881107,-0.427851,80
51.882077,-0.435309,79
51.889293,-0.449600,74
51.864256,-0.427716,64
51.877777,-0.442426,68
51.876765,-0.431687,74
51.874133,-0.424762,80
51.872908,-0.438024,68
51.872549,-0.429875,72
51.866311,-0.419589,80
51.889221,-0.418704,80
51.893120,-0.415535,73
51.888033,-0.407543,77
51.882729,-0.406434,80
51.910231,-0.430075,69
51.907191,-0.426032,65
51.918343,-0.427291,69
51.914194,-0.422759,65
51.914049,-0.431780,68
51.905000,-0.475354,67
51.900905,-0.458016,75
51.903239,-0.469624,73
51.910338,-0.473392,64
51.911710,-0.477872,61
51.908993,-0.469264,69
51.905246,-0.462720,75
51.904714,-0.490539,65
51.901102,-0.500386,68
51.903917,-0.480784,61
51.901295,-0.492513,68
51.900260,-0.486242,69
51.898117,-0.494958,69
51.894297,-0.480979,73
51.895706,-0.486582,72
51.909280,-0.447615,71
51.906415,-0.452914,74
51.906080,-0.438845,72
51.904503,-0.446544,74
51.911362,-0.440363,70
51.914806,-0.449295,68
51.917657,-0.447019,66
51.918369,-0.455521,68
51.912723,-0.453931,70
51.922901,-0.455790,64
51.922031,-0.460095,65
51.896873,-0.407389,69
51.896100,-0.394344,70
51.892868,-0.401077,73
51.892004,-0.408233,73
51.890695,-0.390829,69
51.889156,-0.397311,73
51.885912,-0.397616,72
51.900827,-0.433704,72
51.901122,-0.439901,73
51.898622,-0.430316,71
51.901331,-0.447127,75
51.896554,-0.438888,73
51.894755,-0.446764,72
51.891979,-0.441322,73
51.876256,-0.406813,80
51.869999,-0.403570,77
51.871994,-0.412387,80
51.866518,-0.413741,75
51.877421,-0.423160,81
51.900825,-0.399916,72
51.909089,-0.395119,59
51.904276,-0.391576,68
51.902684,-0.382433,65
51.901004,-0.388420,67
51.911222,-0.461859,68
51.916010,-0.460792,68
51.921590,-0.469379,60
51.918415,-0.474228,67
51.919736,-0.464124,65
51.892639,-0.369973,62
51.893111,-0.385983,69
51.879802,-0.364215,63
51.894135,-0.376397,66
51.889701,-0.363194,57
51.879609,-0.378823,69
51.898313,-0.379723,65
51.896278,-0.384632,68
51.553050,0.653367,75
51.552371,0.647283,74
51.565625,0.637054,60
51.561836,0.643631,65
51.561488,0.654142,70
51.557206,0.642573,70
51.552490,0.666177,75
51.549396,0.660508,79
51.551843,0.676286,75
51.547817,0.672397,79
51.559190,0.670216,72
51.559183,0.663612,72
51.555524,0.658327,74
51.538557,0.680186,70
51.538073,0.686641,73
51.544087,0.669541,79
51.541801,0.673945,75
51.542161,0.689570,80
51.543161,0.682350,77
51.570443,0.662287,69
51.567338,0.648812,68
51.565827,0.657948,70
51.573757,0.642470,66
51.570882,0.638436,65
51.572005,0.653389,68
51.539763,0.729899,79
51.536656,0.726575,78
51.534055,0.724755,77
51.534101,0.726110,75
51.542176,0.726187,78
51.540621,0.721652,81
51.545566,0.650641,78
51.542520,0.664470,77
51.543075,0.658881,78
51.539883,0.652873,76
51.545550,0.655579,79
51.545659,0.663593,80
51.535549,0.698467,78
51.536571,0.714630,83
51.535560,0.702598,80
51.538368,0.707839,84
51.540570,0.693981,82
51.538524,0.700091,83
51.558158,0.675639,71
51.555703,0.682094,74
51.557488,0.688892,74
51.553960,0.693274,77
51.552773,0.704378,79
51.549230,0.698708,80
51.569132,0.673221,66
51.565505,0.669791,69
51.564926,0.686845,64
51.559527,0.703125,71
51.564689,0.701367,69
51.560269,0.693342,71
51.546794,0.724674,75
51.547329,0.730877,74
51.554246,0.724694,72
51.545135,0.733008,76
51.542959,0.734056,78
51.557708,0.714058,74
51.554474,0.733936,72
51.532745,0.799332,62
51.532576,0.790514,65
51.544163,0.782778,56
51.541713,0.785772,61
51.539241,0.791382,63
51.540041,0.797175,59
51.537907,0.784814,64
51.540957,0.755177,66
51.541491,0.741835,77
51.540653,0.765752,66
51.549626,0.739917,69
51.546368,0.741004,72
51.550175,0.754015,66
51.534013,0.748656,66
51.535508,0.756529,68
51.531254,0.738616,69
51.535629,0.734639,75
51.530456,0.761045,65
51.536556,0.740168,73
51.542437,0.702254,83
51.548013,0.715838,76
51.544790,0.717130,78
51.547022,0.707343,80
51.544266,0.697884,82
51.546876,0.684010,80
51.545515,0.691363,80
51.549898,0.682697,78
51.548971,0.688204,78
51.547813,0.679238,79
51.548426,0.692400,78
51.546659,0.695350,79
51.544557,0.636962,72
51.545077,0.646102,77
51.539636,0.631254,68
51.552874,0.630181,66
51.551881,0.634764,70
51.548850,0.639630,76
51.547094,0.777318,60
51.538068,0.777338,65
51.534126,0.771042,67
51.533379,0.779609,71
51.530234,0.779086,70
51.530312,0.771730,65
51.526247,0.775295,64
51.489420,0.254769,52
51.495345,0.253049,60
51.504434,0.255285,58
51.511907,0.249720,53
51.494600,0.233603,57
51.500067,0.261354,61
51.503445,0.285628,63
51.504517,0.271786,63
51.500930,0.281601,65
51.504136,0.292727,61
51.507105,0.286805,64
51.510105,0.307843,60
51.480903,0.372349,56
51.484693,0.367327,61
51.481037,0.360629,62
51.487239,0.374682,56
51.492317,0.362405,55
51.492506,0.381237,52
51.491166,0.316967,61
51.490164,0.302627,59
51.496951,0.303850,58
51.541990,0.453718,58
51.530737,0.460631,59
51.523302,0.464356,62
51.522800,0.490620,51
51.484623,0.419945,48
51.481752,0.414135,50
51.475861,0.422609,44
51.486787,0.397756,47
51.475850,0.310044,68
51.473592,0.331796,73
51.476413,0.316871,70
51.473364,0.325272,75
51.483261,0.311179,64
51.479113,0.323200,77
51.491788,0.322682,66
51.486489,0.321945,67
51.482400,0.328545,75
51.487324,0.330920,73
51.479121,0.333531,76
51.474434,0.335662,75
51.496059,0.348950,59
51.491893,0.336546,69
51.489705,0.352992,63
51.495272,0.341677,61
51.482483,0.347773,68
51.482425,0.338180,73
51.477014,0.343280,69
51.487027,0.341133,72
51.527790,0.303403,63
51.515943,0.277780,64
51.518654,0.303537,55
51.518096,0.297149,63
51.511141,0.286000,65
51.504007,0.358086,47
51.544623,0.367246,20
51.516952,0.399976,42
51.526376,0.385357,40
51.488638,0.295508,66
51.522057,0.448701,66
51.523646,0.440875,64
51.519906,0.441267,63
51.520829,0.434400,63
51.526369,0.450975,64
51.527163,0.444233,64
51.517546,0.425138,68
51.512643,0.438665,64
51.512811,0.417389,64
51.507839,0.437312,62
51.505460,0.327767,59
51.496621,0.321698,63
51.494031,0.330857,65
51.499484,0.324298,57
51.536354,0.445719,52
51.531030,0.445118,55
51.530027,0.436857,53
51.522723,0.427232,58
51.525835,0.435717,57
51.527049,0.431573,55
51.461879,0.345948,67
51.459396,0.383532,64
51.461648,0.374209,58
51.464110,0.356948,66
51.470663,0.367810,61
51.465354,0.375976,55
51.463749,0.368922,63
51.465501,0.365091,65
51.481042,0.287901,65
51.483553,0.242583,56
51.485250,0.234094,59
51.478461,0.302049,66
51.377615,0.525158,77
51.379606,0.519703,81
51.374631,0.528800,78
51.377068,0.531566,79
51.376696,0.513982,76
51.373472,0.522668,76
51.374937,0.518166,75
51.371509,0.528705,75
51.372600,0.533199,75
51.367697,0.523670,72
51.347371,0.444488,48
51.378832,0.443901,46
51.366215,0.449690,48
51.355458,0.423499,39
51.385521,0.573754,61
51.388548,0.548300,82
51.388234,0.561139,70
51.392528,0.558436,74
51.390844,0.570308,63
51.392415,0.542969,78
51.393931,0.548338,78
51.389781,0.561429,74
51.389863,0.552154,80
51.385371,0.559848,77
51.384491,0.550655,81
51.383917,0.558365,79
51.381426,0.563452,75
51.381370,0.548362,81
51.382014,0.541234,80
51.377739,0.551524,79
51.377687,0.548059,80
51.377920,0.542480,80
51.385844,0.544209,83
51.350422,0.576156,59
51.345540,0.568923,59
51.340137,0.576946,57
51.345661,0.584084,63
51.358698,0.566667,55
51.336812,0.540647,58
51.335643,0.550949,54
51.332031,0.545629,56
51.349760,0.553275,56
51.346648,0.540011,56
51.339991,0.542555,56
51.372818,0.544507,75
51.369695,0.537376,72
51.374658,0.538059,77
51.369222,0.550195,72
51.365948,0.542439,64
51.363989,0.532722,63
51.358084,0.524162,65
51.358424,0.529256,64
51.376549,0.538897,79
51.467561,0.645802,29
51.452467,0.696442,30
51.458200,0.611898,28
51.458687,0.549360,26
51.426771,0.586928,43
51.429258,0.549753,48
51.419750,0.553960,54
51.354650,0.531469,62
51.355332,0.540305,55
51.351774,0.536309,58
51.349506,0.529506,61
51.345088,0.534379,61
51.363768,0.545054,61
51.359601,0.540900,60
51.353193,0.583651,62
51.363433,0.586203,65
51.362594,0.601108,75
51.360587,0.594637,71
51.360784,0.607406,75
51.356891,0.599019,69
51.356396,0.588783,64
51.353395,0.596065,67
51.382992,0.602830,60
51.373981,0.618313,60
51.365362,0.627065,64
51.367695,0.609762,71
51.365534,0.618736,69
51.365200,0.609938,76
51.342816,0.594189,63
51.337967,0.591189,60
51.342379,0.600645,60
51.362500,0.617016,73
51.349327,0.612128,64
51.355619,0.604407,69
51.349349,0.595511,66
51.346133,0.591191,65
51.345598,0.602953,61
51.383715,0.533503,78
51.374204,0.508446,72
51.379409,0.503437,76
51.372627,0.502599,71
51.368249,0.504633,69
51.383056,0.505924,80
51.378804,0.507334,75
51.363144,0.508401,69
51.359059,0.502790,69
51.348767,0.508686,69
51.357726,0.515507,69
51.351318,0.517332,67
51.370719,0.512296,71
51.369412,0.517927,74
51.365895,0.514245,70
51.366105,0.479488,54
51.365828,0.494545,66
51.381222,0.490877,58
51.386192,0.502305,79
51.379307,0.497244,70
51.372631,0.494030,63
51.404604,0.480561,67
51.405347,0.490879,68
51.403320,0.498457,76
51.398066,0.502625,75
51.401882,0.489153,77
51.400630,0.473568,60
51.399053,0.482911,70
51.398932,0.496456,80
51.397932,0.491142,78
51.457557,0.491848,34
51.423440,0.531985,45
51.423283,0.497766,43
51.433927,0.508400,43
51.398895,0.512771,69
51.410141,0.497722,63
51.474961,0.499182,31
51.391997,0.472533,67
51.395756,0.476434,68
51.395737,0.458338,59
51.394515,0.483591,74
51.390747,0.490885,74
51.395511,0.465924,63
51.389728,0.465598,63
51.386058,0.483237,62
51.383226,0.474344,58
51.378408,0.570779,68
51.378528,0.582493,67
51.374147,0.586187,69
51.373283,0.573694,70
51.375381,0.577419,70
51.374661,0.591561,66
51.371069,0.581189,71
51.370913,0.597172,67
51.369171,0.591035,70
51.343147,0.519508,64
51.342027,0.528136,63
51.339411,0.534851,61
51.344832,0.516030,67
51.338292,0.524041,60
51.347630,0.523112,67
51.375221,0.555115,78
51.369837,0.558284,73
51.366001,0.571568,63
51.381054,0.558184,78
51.378632,0.556299,77
51.375494,0.562345,73
51.413787,-0.702501,49
51.392097,-0.706176,45
51.424014,-0.691064,51
51.416911,-0.694158,52
51.420904,-0.780446,63
51.430736,-0.792543,54
51.428961,-0.774604,60
51.420926,-0.740850,67
51.417335,-0.725859,64
51.344316,-0.795675,66
51.348420,-0.784847,63
51.354255,-0.793508,63
51.345471,-0.788745,63
51.344695,-0.766209,63
51.348904,-0.777707,62
51.344252,-0.782615,67
51.340341,-0.781085,65
51.393432,-0.735183,59
51.398016,-0.728266,59
51.402223,-0.727555,62
51.398037,-0.733658,63
51.400254,-0.737412,65
51.398056,-0.741278,66
51.368865,-0.805018,65
51.376437,-0.760720,62
51.365106,-0.790986,67
51.406513,-0.768463,67
51.400614,-0.770440,67
51.395128,-0.768888,65
51.392547,-0.786472,59
51.389616,-0.775514,59
51.396402,-0.774736,64
51.394047,-0.761497,65
51.391634,-0.743539,63
51.392794,-0.754578,64
51.390011,-0.766139,61
51.389419,-0.756691,62
51.388792,-0.748650,62
51.407882,-0.722772,60
51.405924,-0.728351,65
51.406388,-0.735809,68
51.410444,-0.727839,67
51.356835,-0.805466,55
51.346728,-0.807342,61
51.352724,-0.814193,59
51.360013,-0.816752,58
51.399023,-0.753940,67
51.397092,-0.747787,66
51.402869,-0.754950,70
51.360188,-0.756740,55
51.358358,-0.778696,53
51.355029,-0.778164,54
51.352492,-0.784134,58
51.422503,-0.748796,68
51.423688,-0.759534,68
51.420789,-0.755329,71
51.421811,-0.767834,70
51.416885,-0.764955,71
51.421531,-0.728668,62
51.424599,-0.738273,62
51.426477,-0.729302,57
51.427433,-0.754112,61
51.404587,-0.758292,70
51.407494,-0.761574,72
51.444719,-0.671625,31
51.426136,-0.708242,44
51.378454,-1.144467,35
51.386936,-1.192399,32
51.492482,-1.135841,22
51.518544,-1.182396,28
51.453962,-1.059212,66
51.446514,-1.058480,67
51.449235,-1.045003,65
51.463883,-1.057076,64
51.457151,-1.053007,69
51.453645,-1.244292,30
51.450743,-1.151613,22
51.432951,-1.220580,32
51.422652,-1.175910,24
51.396666,-1.060574,51
51.399837,-1.065598,52
51.419981,-1.035239,45
51.405167,-1.053907,48
51.439717,-1.024287,65
51.445627,-1.036017,60
51.443165,-1.050652,65
51.438902,-1.032877,59
51.439699,-1.044117,61
51.438349,-1.054942,64
51.461360,-1.309607,27
51.406659,-1.307368,67
51.405392,-1.297340,62
51.411236,-1.308117,64
51.410742,-1.297936,56
51.420926,-1.261128,47
51.481774,-1.223430,22
51.515659,-1.249116,33
51.521721,-1.384162,13
51.504900,-1.323036,17
51.373133,-1.344109,50
51.379963,-1.344205,55
51.390913,-1.338302,64
51.385349,-1.342355,61
51.392071,-1.314583,65
51.386958,-1.315947,67
51.411712,-1.515077,58
51.405379,-1.502195,53
51.420975,-1.521604,51
51.412320,-1.526562,53
51.393501,-1.444525,39
51.404617,-1.451344,22
51.386792,-1.386768,32
51.484052,-1.465985,19
51.491378,-1.528238,30
51.529780,-1.539645,32
51.506355,-1.522382,35
51.378974,-1.072063,49
51.372042,-1.022704,45
51.395287,-1.074336,38
51.409851,-1.326031,72
51.403596,-1.334044,73
51.398210,-1.335659,70
51.483538,-1.078916,56
51.476491,-1.107580,49
51.464287,-1.079977,51
51.483628,-1.058758,48
51.477951,-1.044437,54
51.476680,-1.050465,57
51.394773,-1.332602,71
51.392618,-1.322869,73
51.387048,-1.325032,69
51.386301,-1.331244,65
51.415451,-1.341095,57
51.425496,-1.315008,57
51.409517,-1.336717,64
51.434481,-1.369854,22
51.413721,-1.145699,31
51.426244,-1.094471,45
51.397413,-1.263019,63
51.398055,-1.256638,66
51.407356,-1.263744,64
51.402565,-1.261602,70
51.409788,-1.237468,62
51.407097,-1.252806,66
51.410660,-1.260137,61
51.405747,-1.256758,68
51.392041,-1.255355,66
51.400407,-1.244111,63
51.383130,-1.243973,56
51.407487,-1.275605,62
51.399886,-1.270831,63
51.404127,-1.285040,58
51.410973,-1.273512,55
51.439209,-1.072711,65
51.432201,-1.081150,64
51.403910,-1.312362,73
51.399197,-1.314884,72
51.471699,-1.044741,63
51.467581,-1.048081,65
51.457262,-0.982153,85
51.463674,-0.981166,85
51.454260,-1.001652,79
51.453643,-0.994573,82
51.457335,-0.987106,85
51.463483,-0.997934,80
51.457312,-0.993346,84
51.456390,-0.998094,83
51.467008,-0.971783,84
51.467031,-0.952537,66
51.469414,-0.977156,81
51.463968,-0.964909,80
51.468604,-0.964167,77
51.468313,-0.958008,71
51.427948,-0.958028,74
51.423523,-0.953740,70
51.440595,-0.951828,76
51.433840,-0.948765,73
51.434487,-0.959434,73
51.428536,-0.950383,73
51.447935,-0.972531,84
51.445342,-0.968642,83
51.443302,-0.965730,84
51.439127,-0.969470,80
51.447491,-0.967770,85
51.463941,-1.038792,69
51.462300,-1.023649,70
51.464507,-1.014186,71
51.461427,-1.029378,69
51.469596,-1.034645,64
51.466338,-1.027086,66
51.473323,-0.996145,59
51.481693,-0.994473,55
51.440873,-0.980793,74
51.439625,-0.991439,68
51.450259,-0.984789,82
51.448091,-0.977427,82
51.450336,-0.995501,80
51.446896,-0.990025,76
51.450737,-1.023882,75
51.451845,-1.015883,75
51.456845,-1.018530,73
51.458648,-1.014602,74
51.458988,-1.010504,76
51.454567,-1.008719,75
51.457240,-1.005316,78
51.448362,-0.942094,80
51.448520,-0.935262,79
51.444726,-0.933928,79
51.455225,-0.948956,83
51.455770,-0.944916,80
51.452370,-0.941514,82
51.484295,-0.959282,70
51.478583,-0.954690,62
51.479689,-0.967276,72
51.474719,-0.948599,60
51.488295,-0.964691,59
51.483496,-0.950483,62
51.444641,-0.956035,80
51.449370,-0.958337,84
51.439243,-0.960046,79
51.451883,-0.951406,85
51.449742,-0.949585,83
51.447311,-0.947733,81
51.446753,-1.003073,75
51.443467,-1.013148,74
51.446098,-1.014127,69
51.445301,-1.023759,70
51.437626,-1.008567,70
51.442488,-0.999516,71
51.480184,-0.983972,62
51.474204,-0.984355,68
51.473358,-0.968826,74
51.473873,-0.979094,73
51.472814,-0.959585,69
51.483800,-0.980595,59
51.460673,-1.042794,71
51.458468,-1.048107,71
51.458460,-1.034787,73
51.455441,-1.025221,74
51.454223,-1.033920,72
51.454037,-1.043510,70
51.424260,-0.972388,74
51.424428,-0.962990,73
51.417888,-0.974112,69
51.419559,-0.960937,67
51.414055,-0.967301,64
51.428320,-0.964525,75
51.526835,-0.600448,69
51.524111,-0.599570,69
51.523146,-0.605062,75
51.518847,-0.601516,76
51.518126,-0.608124,77
51.528022,-0.606816,73
51.532563,-0.623859,69
51.535561,-0.629812,65
51.535237,-0.625535,68
51.532645,-0.643619,69
51.535513,-0.634181,64
51.531380,-0.636038,67
51.509667,-0.585073,81
51.510366,-0.575304,75
51.520483,-0.593012,77
51.516930,-0.584152,76
51.505107,-0.601918,80
51.502372,-0.609491,73
51.507279,-0.606175,78
51.512860,-0.609864,75
51.518293,-0.636598,73
51.518126,-0.652697,69
51.518438,-0.644446,73
51.515589,-0.631250,71
51.514308,-0.641601,71
51.514423,-0.650085,68
51.512748,-0.631174,69
51.511599,-0.621045,71
51.508067,-0.615615,71
51.510954,-0.643002,67
51.506327,-0.641321,64
51.506014,-0.621748,64
51.491124,-0.540334,62
51.487800,-0.534269,66
51.488132,-0.521532,67
51.481433,-0.510224,64
51.525595,-0.614402,77
51.527840,-0.619205,75
51.529211,-0.612279,74
51.521462,-0.623039,72
51.522175,-0.611359,77
51.531766,-0.616496,73
51.494383,-0.538138,69
51.501069,-0.538921,73
51.498545,-0.533024,64
51.522242,-0.657566,65
51.523158,-0.640213,75
51.522602,-0.651743,68
51.526568,-0.656255,71
51.527648,-0.649293,72
51.528117,-0.640183,67
51.526852,-0.631606,68
51.497739,-0.555157,73
51.501806,-0.560143,77
51.501967,-0.545685,77
51.498242,-0.548114,75
51.503942,-0.565587,75
51.502470,-0.554271,77
51.507551,-0.534131,63
51.507350,-0.556931,72
51.506764,-0.547695,77
51.504689,-0.536117,74
51.507962,-0.568076,70
51.505498,-0.583124,81
51.501842,-0.591978,77
51.502542,-0.575327,74
51.515423,-0.576190,74
51.517506,-0.574104,72
51.514470,-0.570687,67
51.527911,-0.574953,64
51.520529,-0.582545,72
51.520583,-0.570966,67
51.415615,-0.689571,52
51.411473,-0.651104,49
51.418598,-0.674056,48
51.525267,-0.730482,76
51.526359,-0.738802,74
51.523080,-0.742263,74
51.529445,-0.730922,76
51.527416,-0.723762,78
51.548973,-0.740452,56
51.545238,-0.774028,42
51.554623,-0.709569,60
51.566957,-0.730922,56
51.515757,-0.753676,64
51.516672,-0.744913,71
51.520422,-0.728728,80
51.517778,-0.734305,72
51.518461,-0.740386,73
51.504223,-0.708310,53
51.484547,-0.678289,38
51.497978,-0.707447,49
51.491406,-0.703231,45
51.476286,-0.715617,33
51.480520,-0.607969,79
51.478773,-0.616301,80
51.474798,-0.609532,77
51.483321,-0.618460,80
51.474438,-0.630163,70
51.477266,-0.626253,74
51.473484,-0.619883,71
51.483827,-0.647100,65
51.486244,-0.631848,72
51.482849,-0.657253,60
51.482175,-0.641634,68
51.479617,-0.636800,71
51.475873,-0.639471,71
51.475536,-0.647849,65
51.476279,-0.655763,58
51.506317,-0.748607,62
51.509153,-0.750104,64
51.513023,-0.763876,61
51.501027,-0.737976,59
51.498163,-0.752043,60
51.489194,-0.565502,60
51.488477,-0.584477,63
51.476691,-0.567030,58
51.484470,-0.600032,70
51.497823,-0.639636,54
51.497054,-0.626249,57
51.533386,-0.747658,63
51.533174,-0.738235,71
51.539221,-0.734150,64
51.537132,-0.729888,69
51.535470,-0.725766,71
51.461482,-0.564485,43
51.447476,-0.545980,49
51.471253,-0.542627,46
51.489082,-0.774335,38
51.530149,-0.817455,27
51.499640,-0.760889,52
51.472663,-0.807662,25
51.536897,-0.719276,72
51.531703,-0.705696,60
51.528676,-0.717359,76
51.526742,-0.705562,69
51.540574,-0.705164,44
51.458712,-0.582078,59
51.440301,-0.613488,53
51.460743,-0.575729,56
51.517535,-0.707955,71
51.511576,-0.719677,73
51.513030,-0.733381,72
51.509890,-0.737546,69
51.459399,-0.638577,66
51.464353,-0.611743,70
51.469866,-0.646062,58
51.521364,-0.751640,68
51.529187,-0.752285,68
51.535555,-0.757619,54
51.526932,-0.747377,73
51.522169,-0.766208,65
51.391730,-0.625732,52
51.390870,-0.650000,51
51.403093,-0.626638,49
51.398137,-0.658494,60
51.396945,-0.672603,54
51.404258,-0.646147,59
51.403810,-0.678746,60
51.386219,-0.893754,42
51.395731,-0.876328,42
51.459140,-0.935844,71
51.456268,-0.926414,70
51.454745,-0.917919,73
51.452933,-0.905837,74
51.450652,-0.897006,68
51.448871,-0.928450,72
51.479859,-0.885867,52
51.476858,-0.880107,54
51.456697,-0.893699,67
51.462311,-0.888428,62
51.456947,-0.902418,69
51.460932,-0.900707,65
51.413765,-0.850611,73
51.411612,-0.841812,78
51.424427,-0.851953,64
51.420993,-0.845470,69
51.418103,-0.861903,65
51.410425,-0.866559,59
51.411991,-0.857837,66
51.403465,-0.858668,64
51.394197,-0.850454,50
51.401050,-0.852173,65
51.415088,-0.864019,62
51.384118,-0.843352,48
51.377587,-0.835336,43
51.385833,-0.853330,47
51.387471,-0.860604,46
51.363608,-0.849601,40
51.380070,-0.864770,49
51.429958,-0.908317,62
51.428814,-0.915526,63
51.422670,-0.914777,56
51.427699,-0.902394,58
51.426266,-0.921838,61
51.422977,-0.927382,64
51.431009,-0.939525,70
51.430084,-0.922415,63
51.427878,-0.930973,66
51.424856,-0.936945,69
51.421406,-0.939780,64
51.441038,-0.837453,39
51.463355,-0.858778,51
51.458235,-0.876616,55
51.454734,-0.886463,65
51.449437,-0.884695,63
51.444250,-0.891407,63
51.444629,-0.901252,67
51.441996,-0.899973,64
51.435518,-0.923444,68
51.433119,-0.913579,64
51.435519,-0.904724,63
51.439857,-0.921686,70
51.437890,-0.909648,66
51.419094,-0.818671,63
51.418904,-0.834743,73
51.413808,-0.810362,62
51.413475,-0.825536,75
51.422117,-0.829085,68
51.498438,-0.866215,54
51.485335,-0.848062,58
51.417311,-0.951979,63
51.424152,-0.946051,71
51.459752,-0.911933,71
51.471579,-0.905812,58
51.442320,-0.911426,67
51.449704,-0.911636,71
51.446781,-0.919042,69
51.446961,-0.907280,71
51.373415,-0.974176,40
51.377120,-0.937519,28
51.475462,-0.862262,68
51.471541,-0.856404,58
51.481300,-0.871699,70
51.486153,-0.866360,63
51.409608,-0.831655,80
51.398029,-0.837949,69
51.423951,-0.867815,61
51.433725,-0.871627,58
51.434947,-0.890318,62
51.423170,-0.887094,56
51.429435,-0.880514,61
51.391118,-0.814933,46
51.379843,-0.800615,55
51.377783,-0.794440,61
51.372867,-0.817300,52
51.373756,-0.799375,61
51.993091,-0.722017,72
51.995825,-0.745500,70
51.991135,-0.744504,69
51.994056,-0.730980,76
51.988193,-0.756708,63
51.999379,-0.722885,73
52.054931,-0.776578,66
52.048965,-0.757427,73
52.049529,-0.788606,64
52.051643,-0.776222,67
52.050005,-0.760703,71
52.047079,-0.782032,66
52.046979,-0.772281,71
52.042456,-0.776304,73
52.033600,-0.756073,76
52.034553,-0.743250,74
52.030808,-0.751681,75
52.029069,-0.762189,74
52.037121,-0.749046,76
52.044045,-0.728652,67
52.039110,-0.729648,66
52.038798,-0.739935,74
51.996049,-0.676200,43
52.011841,-0.649772,55
52.003732,-0.756971,66
52.000843,-0.751779,69
52.008848,-0.752734,67
52.005733,-0.743912,69
52.005509,-0.747649,70
51.982241,-0.725153,66
51.980607,-0.718034,63
51.987371,-0.730306,69
51.987329,-0.720677,68
52.006997,-0.776130,65
52.002151,-0.773288,62
51.997784,-0.778854,58
52.012821,-0.783038,64
52.006174,-0.790019,66
52.006717,-0.764398,63
52.018228,-0.777761,66
52.014479,-0.772156,64
52.012266,-0.758049,65
52.012012,-0.766602,62
52.108903,-0.851013,30
52.116615,-0.822623,30
52.071599,-0.761669,61
52.067422,-0.734782,62
52.069309,-0.748163,63
52.066478,-0.755530,65
52.062487,-0.744563,65
52.075233,-0.742180,61
52.049654,-0.734083,70
52.060699,-0.721644,54
52.059249,-0.736641,64
52.060356,-0.751642,66
52.056347,-0.747673,67
52.055010,-0.737131,63
52.033149,-0.782416,69
52.023195,-0.770294,68
52.035896,-0.791449,66
52.034305,-0.797898,67
52.029048,-0.796829,67
52.023710,-0.798570,62
52.020513,-0.787639,65
52.037270,-0.688630,66
52.027094,-0.722230,65
52.084001,-0.743611,62
52.082662,-0.735088,66
52.094065,-0.739399,54
52.087977,-0.749896,54
52.087400,-0.738478,61
52.078784,-0.724068,64
52.076710,-0.731571,61
52.082807,-0.708411,57
52.085432,-0.719846,63
52.083940,-0.726908,66
52.156829,-0.702100,51
52.147547,-0.676014,49
52.171772,-0.710549,48
52.151498,-0.748589,42
52.171986,-0.664005,31
52.117872,-0.683807,32
52.120835,-0.757892,26
52.091200,-0.650900,27
52.058227,-0.764591,64
52.056833,-0.795562,61
52.063433,-0.778906,65
52.058429,-0.779008,66
52.057284,-0.787308,65
52.067369,-0.769485,66
52.049385,-0.815018,63
52.049970,-0.831334,61
52.051894,-0.840144,64
52.044126,-0.797362,59
52.037310,-0.800789,64
52.042793,-0.814881,61
52.059240,-0.848176,66
52.057523,-0.854419,67
52.051970,-0.802465,64
52.024169,-0.704142,59
52.031596,-0.697023,68
52.026416,-0.683439,62
52.027930,-0.689640,64
52.020875,-0.681266,58
52.018812,-0.691546,60
52.015642,-0.677608,52
52.011693,-0.689753,52
52.009999,-0.703704,50
51.992462,-0.762076,67
51.986180,-0.768934,56
51.998595,-0.766754,62
51.997807,-0.760239,65
51.990994,-0.774571,57
51.994967,-0.758008,68
52.067240,-0.785330,66
52.059532,-0.816406,73
52.061310,-0.810639,75
52.056884,-0.808762,70
52.053463,-0.819842,67
52.065776,-0.800937,69
52.019279,-0.732834,72
52.019018,-0.725928,69
52.017815,-0.747187,72
52.023466,-0.734295,71
52.031506,-0.737549,69
52.024727,-0.750654,71
52.027261,-0.742733,73
50.825658,-0.164817,80
50.823785,-0.159764,82
50.825265,-0.160922,81
50.826771,-0.159953,83
50.828092,-0.163681,83
50.826527,-0.156935,83
50.828905,-0.171578,82
50.828435,-0.167901,82
50.826314,-0.177581,79
50.826542,-0.174135,79
50.824951,-0.170488,80
50.830389,-0.175973,83
50.816616,-0.117762,77
50.819651,-0.119499,79
50.820123,-0.113752,77
50.826550,-0.097710,65
50.829351,-0.104635,65
50.824245,-0.104487,70
50.824829,-0.114345,74
50.822355,-0.107806,72
50.819309,-0.105902,74
50.834347,-0.161923,79
50.831602,-0.167140,82
50.832907,-0.173620,83
50.834192,-0.171136,82
50.831463,-0.162397,81
50.833370,-0.153760,82
50.830840,-0.153581,83
50.829023,-0.158403,82
50.836683,-0.168640,81
50.840459,-0.193233,73
50.841479,-0.199971,76
50.838707,-0.201686,77
50.852925,-0.196562,69
50.850706,-0.204477,68
50.847221,-0.189965,75
50.861089,-0.195576,73
50.848128,-0.194068,75
50.845780,-0.200777,74
50.843179,-0.188550,76
50.833279,-0.123201,80
50.835567,-0.123481,81
50.832534,-0.124349,81
50.834370,-0.117390,77
50.829764,-0.123996,79
50.829776,-0.130761,82
50.832020,-0.113113,78
50.829714,-0.127576,82
50.828070,-0.127581,81
50.862298,-0.111351,59
50.867576,-0.099262,57
50.854603,-0.120047,69
50.845629,-0.130617,75
50.848211,-0.126424,72
50.844665,-0.133495,78
50.841339,-0.124912,76
50.840472,-0.130046,78
50.844432,-0.091714,51
50.846344,-0.109735,68
50.850930,-0.105370,63
50.843878,-0.115178,72
50.839240,-0.108689,66
50.843409,-0.100884,61
50.839218,-0.119968,76
50.839861,-0.115331,72
50.855209,-0.089204,60
50.853826,-0.105826,65
50.864574,-0.225472,62
50.853465,-0.223362,63
50.851030,-0.227938,67
50.849581,-0.213202,67
50.848110,-0.218723,70
50.846477,-0.226793,70
50.845993,-0.222021,71
50.856392,-0.150190,68
50.865742,-0.143933,67
50.859897,-0.132113,67
50.864074,-0.124710,66
50.863985,-0.133477,68
50.874556,-0.148945,66
50.860423,-0.140536,68
50.856013,-0.138277,69
50.871765,-0.130492,62
50.839685,-0.135688,81
50.839934,-0.140789,79
50.842741,-0.137723,78
50.839469,-0.148755,80
50.835627,-0.144970,82
50.835966,-0.138967,83
50.833570,-0.147693,83
50.846073,-0.137236,77
50.843701,-0.142470,77
50.821422,-0.134309,84
50.820966,-0.123656,82
50.823680,-0.121589,79
50.818407,-0.128414,81
50.820126,-0.130571,83
50.826886,-0.121421,79
50.826293,-0.133420,83
50.826181,-0.128714,81
50.823220,-0.128158,83
50.828345,-0.148053,85
50.827914,-0.151740,84
50.821642,-0.144609,85
50.825755,-0.149387,85
50.823655,-0.154046,82
50.823040,-0.150449,83
50.814221,-0.029749,52
50.812871,-0.087417,63
50.810093,-0.040834,59
50.808120,-0.048543,66
50.810023,-0.058754,67
50.802906,-0.039452,62
50.819177,-0.061653,52
50.815983,-0.104368,75
50.830913,-0.136661,84
50.833014,-0.131220,82
50.830491,-0.145920,85
50.828025,-0.145163,85
50.824809,-0.140140,85
50.836114,-0.131546,81
50.835860,-0.127354,82
50.834338,-0.135860,83
50.840006,-0.221228,75
50.831756,-0.211038,77
50.834332,-0.214231,76
50.841543,-0.209729,73
50.843862,-0.214817,71
50.838388,-0.215433,75
50.837960,-0.180659,79
50.842059,-0.176341,77
50.838675,-0.160016,78
50.850289,-0.177421,71
50.852102,-0.171197,65
50.846147,-0.166929,71
50.847096,-0.180818,75
50.826987,-0.184471,76
50.831777,-0.186319,79
50.830356,-0.180145,81
50.828404,-0.188317,74
50.835305,-0.181191,81
50.833786,-0.180495,81
50.829424,-0.200876,73
50.834616,-0.193804,76
50.831441,-0.205515,76
50.829305,-0.193383,75
50.835114,-0.187730,79
50.834499,-0.201128,77
50.861769,-0.159638,62
50.873187,-0.173491,61
50.854605,-0.160905,66
50.851179,-0.144761,69
50.849038,-0.158721,70
50.847926,-0.145160,73
50.845107,-0.148889,77
50.843259,-0.157034,76
50.842581,-0.153785,78
50.838302,-0.071561,61
50.839489,-0.082722,62
50.831665,-0.064348,55
50.834379,-0.068781,58
50.835242,-0.050297,53
50.826334,-0.074436,55
50.811554,-1.063123,77
50.813661,-1.053041,75
50.808863,-1.050378,71
50.809404,-1.060198,77
50.805539,-1.053480,72
50.806362,-1.059041,76
50.803385,-1.063645,77
50.801701,-1.055298,72
50.802758,-1.045233,68
50.792234,-1.079956,83
50.790945,-1.066187,80
50.791072,-1.076206,82
50.790270,-1.071121,80
50.788122,-1.067626,78
50.787717,-1.073386,80
50.794132,-1.075350,84
50.793175,-1.066106,81
50.793210,-1.071116,82
50.798665,-1.079520,85
50.798332,-1.089347,85
50.803794,-1.101497,81
50.795903,-1.082807,83
50.808519,-1.079690,82
50.806691,-1.081161,81
50.804909,-1.088570,81
50.803666,-1.079650,83
50.801095,-1.084038,84
50.817426,-1.071412,78
50.812608,-1.066959,77
50.815182,-1.067110,78
50.814668,-1.072773,79
50.812761,-1.072935,78
50.827139,-1.049304,63
50.818988,-1.054305,76
50.823278,-1.057934,76
50.820196,-1.068676,78
50.852327,-1.063428,75
50.852130,-1.074198,77
50.846416,-1.076839,73
50.845145,-1.087448,71
50.840687,-1.074756,77
50.843113,-1.064073,78
50.842191,-1.058712,75
50.838975,-1.063337,76
50.837043,-1.057540,68
50.837189,-1.033838,67
50.838231,-1.050843,69
50.850917,-1.047500,69
50.850751,-1.034813,65
50.849415,-1.056471,71
50.845989,-1.051762,72
50.844125,-1.036157,64
50.786544,-1.050235,71
50.785278,-1.056996,74
50.783830,-1.062435,73
50.783142,-1.069308,75
50.785009,-1.076106,79
50.783672,-1.074296,76
50.780362,-1.077478,75
50.788401,-1.038815,61
50.809129,-1.073934,81
50.805210,-1.068653,80
50.805470,-1.075221,82
50.807131,-1.072424,80
50.801712,-1.074023,82
50.798658,-1.075180,84
50.798954,-1.071949,81
50.810762,-1.074164,80
50.810339,-1.066896,78
50.824485,-1.079422,79
50.829373,-1.062432,77
50.823538,-1.070228,78
50.821909,-1.077607,79
50.819005,-1.075741,80
50.833513,-1.080253,74
50.833615,-1.067717,77
50.828903,-1.075437,78
50.826338,-1.072392,81
50.793975,-1.044667,68
50.791588,-1.060861,79
50.791687,-1.055576,78
50.791410,-1.051393,76
50.788746,-1.062853,77
50.788328,-1.058549,75
50.797278,-1.064692,79
50.796083,-1.051850,76
50.795403,-1.058118,79
50.811899,-1.081841,82
50.811132,-1.088365,78
50.824081,-1.092125,72
50.820736,-1.083515,79
50.820058,-1.088343,76
50.819236,-1.080176,81
50.816096,-1.092343,79
50.818125,-1.086256,79
50.815443,-1.077187,80
50.814705,-1.080714,81
50.849317,-1.088744,69
50.840139,-1.102062,70
50.845115,-1.100205,59
50.853541,-1.089433,68
50.854761,-1.111179,68
50.855552,-1.095018,64
50.852181,-1.080551,68
50.852281,-1.105967,65
50.849853,-1.096981,70
50.782663,-1.080981,78
50.785198,-1.084004,80
50.782207,-1.090478,77
50.788858,-1.080050,81
50.787301,-1.086535,81
50.786409,-1.079293,81
50.786978,-1.091936,79
50.790831,-1.084169,82
50.793461,-1.082935,83
50.794262,-1.088139,83
50.791171,-1.099541,79
50.793228,-1.093184,82
50.791653,-1.088513,82
50.789566,-1.092209,80
50.911277,-1.408383,83
50.913277,-1.410917,82
50.914312,-1.411377,81
50.905038,-1.399710,82
50.941571,-1.396607,72
50.948927,-1.399406,60
50.945293,-1.413217,67
50.936811,-1.416698,74
50.946987,-1.404883,62
50.939412,-1.394411,76
50.939630,-1.411345,72
50.937301,-1.425850,72
50.932935,-1.424023,76
50.909913,-1.398049,82
50.910205,-1.387033,76
50.915330,-1.392990,80
50.909927,-1.394134,80
50.923182,-1.397768,79
50.919415,-1.402267,81
50.920335,-1.397209,81
50.917379,-1.396637,82
50.912543,-1.335870,66
50.907998,-1.332730,66
50.912115,-1.346379,68
50.910406,-1.328727,64
50.908314,-1.339652,68
50.903880,-1.334885,66
50.902837,-1.328221,64
50.901185,-1.339623,66
50.898893,-1.336010,63
50.920247,-1.372032,73
50.917349,-1.380087,71
50.922417,-1.367286,71
50.934547,-1.361991,66
50.931942,-1.373438,70
50.928356,-1.364381,69
50.925351,-1.376283,73
50.926184,-1.371770,71
50.930234,-1.359798,68
50.945343,-1.436764,61
50.945689,-1.447524,64
50.940489,-1.448507,70
50.945687,-1.428350,61
50.941540,-1.454402,68
50.940759,-1.430599,67
50.939471,-1.442089,70
50.939636,-1.437454,67
50.935701,-1.441335,71
50.914412,-1.417544,80
50.917172,-1.412013,79
50.914315,-1.421571,81
50.916114,-1.426661,82
50.913275,-1.430050,79
50.907944,-1.427866,80
50.910679,-1.425317,77
50.919849,-1.408404,79
50.918788,-1.420038,80
50.916899,-1.336711,66
50.916486,-1.347898,70
50.916105,-1.355866,75
50.927119,-1.356876,69
50.922627,-1.356944,72
50.920141,-1.362502,69
50.923842,-1.350783,68
50.920379,-1.341007,68
50.920407,-1.348083,70
50.927297,-1.446856,77
50.923573,-1.450338,75
50.923547,-1.440272,80
50.920316,-1.453851,74
50.920658,-1.436546,81
50.921486,-1.444306,76
50.918643,-1.432386,82
50.911273,-1.451743,72
50.917308,-1.444336,75
50.915094,-1.436053,77
50.907127,-1.373877,70
50.905901,-1.366085,72
50.901943,-1.378993,77
50.900906,-1.364981,73
50.902817,-1.370901,76
50.899654,-1.370482,75
50.914292,-1.369679,72
50.912926,-1.360838,76
50.909861,-1.366059,71
50.925229,-1.401511,77
50.921479,-1.393414,78
50.921555,-1.386936,74
50.931203,-1.387732,76
50.930197,-1.398228,76
50.926528,-1.382279,74
50.926152,-1.387761,77
50.924170,-1.392562,78
50.927849,-1.467197,69
50.924121,-1.458402,72
50.928642,-1.452887,72
50.917935,-1.464457,69
50.924690,-1.472255,70
50.937783,-1.459472,70
50.933629,-1.454577,70
50.935125,-1.448455,71
50.932512,-1.462936,70
50.928791,-1.459780,71
50.926541,-1.436079,80
50.921205,-1.426098,81
50.925624,-1.421811,78
50.924203,-1.412588,76
50.923673,-1.430914,83
50.931281,-1.435980,76
50.931118,-1.415215,74
50.930260,-1.442490,75
50.927847,-1.428694,80
50.904628,-1.358617,69
50.909025,-1.353008,71
50.905297,-1.343150,67
50.902076,-1.354250,69
50.903440,-1.346634,67
50.899247,-1.348259,67
50.897333,-1.357375,70
50.895149,-1.343044,66
50.892669,-1.349852,65
50.938566,-1.376131,72
50.941183,-1.366242,67
50.938854,-1.384138,75
50.936120,-1.380811,74
50.944727,-1.386113,67
50.944402,-1.378092,68
50.941557,-1.386142,71
50.895295,-1.372490,75
50.888474,-1.359803,65
50.893227,-1.364470,70
50.896552,-1.377509,76
50.889425,-1.354394,65
50.889366,-1.374057,68
50.887120,-1.365711,66
50.884047,-1.366849,64
50.715003,-1.168862,58
50.701980,-1.190694,45
50.685203,-1.103037,45
50.676295,-1.102179,42
50.725771,-1.204550,51
50.723638,-1.188164,58
50.699645,-1.108882,45
50.687180,-1.148793,50
50.679026,-1.395773,21
50.645606,-1.401535,32
50.695894,-1.306550,73
50.698142,-1.313622,68
50.684700,-1.342721,59
50.700268,-1.324894,58
50.669248,-1.254491,35
50.642553,-1.328793,22
50.596964,-1.276175,22
50.602267,-1.311979,19
50.763505,-1.306828,63
50.760557,-1.310173,62
50.753444,-1.309582,63
50.758332,-1.299847,67
50.755391,-1.302759,66
50.755209,-1.295113,64
50.752201,-1.299940,62
50.759845,-1.276718,56
50.752316,-1.282731,55
50.754294,-1.287649,57
50.703002,-1.247384,56
50.704443,-1.284782,71
50.675898,-1.523733,46
50.686763,-1.521795,46
50.749441,-1.328040,47
50.656651,-1.170873,62
50.650197,-1.172825,63
50.645840,-1.167081,61
50.645590,-1.177336,60
50.682333,-1.298252,61
50.693034,-1.300703,73
50.670052,-1.197105,32
50.646790,-1.203410,37
50.703270,-1.299747,74
50.700947,-1.294535,77
50.694915,-1.292972,74
50.697634,-1.299585,77
50.738092,-1.310675,54
50.694032,-1.277796,67
50.699824,-1.280599,68
50.713582,-1.324534,64
50.721616,-1.300843,55
50.728006,-1.155309,69
50.730520,-1.158141,72
50.729122,-1.165549,73
50.730335,-1.174615,68
50.720571,-1.163606,65
50.725101,-1.160375,72
50.724093,-1.179017,64
50.723883,-1.170581,68
50.714087,-1.152011,61
50.720278,-1.142349,60
50.720656,-1.155748,65
50.726234,-1.148991,65
50.665214,-1.136270,56
50.656957,-1.154238,64
50.653212,-1.158944,65
50.661418,-1.162156,58
50.714326,-1.126839,44
50.711682,-1.109838,45
50.697482,-1.438140,24
50.691640,-1.477088,39
50.631785,-1.191475,57
50.633395,-1.175137,63
50.638711,-1.171907,59
50.638619,-1.185068,61
50.620042,-1.189852,56
50.627335,-1.176769,62
50.671095,-1.551368,45
50.685023,-1.536353,47
50.597734,-1.205746,52
50.601530,-1.190394,45
50.588005,-1.238251,36
50.598443,-1.232137,51
50.732835,-1.236270,49
50.717901,-1.235231,53
50.627579,-1.259899,48
50.614668,-1.216726,41
52.021884,-0.491262,59
52.025705,-0.487697,60
52.031655,-0.521635,59
52.038976,-0.490238,61
52.028559,-0.496588,67
51.995007,-0.267469,44
52.023461,-0.253618,49
52.010231,-0.258620,47
52.018315,-0.614938,41
52.008446,-0.629726,45
52.064981,-0.246887,62
52.081559,-0.253749,68
52.084084,-0.256448,71
52.089256,-0.259698,72
52.088456,-0.268019,73
52.076828,-0.267565,68
52.103166,-0.262408,64
52.098348,-0.253311,61
52.043299,-0.291579,47
52.035037,-0.307614,47
52.018795,-0.337320,38
52.079239,-0.592740,41
52.070710,-0.597831,46
51.994359,-0.456703,37
52.014277,-0.497350,59
52.010065,-0.481549,64
52.010154,-0.493084,66
52.002097,-0.484454,63
51.997329,-0.496030,63
51.994604,-0.517877,59
52.001499,-0.500147,65
52.009404,-0.527699,58
52.004706,-0.502040,65
51.960400,-0.481204,45
51.966766,-0.493650,47
52.058278,-0.418254,30
52.071203,-0.330726,24
52.041750,-0.264241,42
52.058752,-0.264093,45
52.023058,-0.283850,47
52.060098,-0.550391,42
52.028818,-0.454093,44
52.030556,-0.466797,46
52.034423,-0.409278,38
52.099823,-0.321773,37
52.166144,-0.293811,31
52.122254,-0.320019,33
52.086386,-0.201573,25
52.122112,-0.174052,29
52.149656,-0.247658,37
52.137064,-0.215577,40
52.124372,-0.218216,40
52.135355,-0.303622,56
52.118725,-0.265887,60
52.117869,-0.293518,53
52.136364,-0.288630,57
52.133640,-0.292525,61
52.135790,-0.270919,61
52.140279,-0.291658,51
52.043472,-0.337718,57
52.037503,-0.325961,56
52.034864,-0.348552,56
52.031817,-0.326204,54
52.024263,-0.381982,32
51.996490,-0.320579,42
52.011026,-0.293188,46
51.982339,-0.370557,30
52.018460,-0.232489,54
52.014855,-0.217441,53
52.033847,-0.230778,48
51.979743,-0.512612,41
51.981647,-0.588017,22
51.990856,-0.639761,40
52.162808,-0.461175,57
52.160333,-0.455194,61
52.157403,-0.466044,63
52.152515,-0.455979,67
52.152845,-0.465813,68
52.164499,-0.455864,54
52.145073,-0.541533,40
52.150382,-0.504098,51
52.152409,-0.542461,41
52.156497,-0.527285,42
52.199878,-0.546186,25
52.178314,-0.581568,29
52.134481,-0.472942,83
52.136891,-0.454722,77
52.135265,-0.449347,75
52.138704,-0.447828,74
52.137583,-0.476493,82
52.123396,-0.462498,75
52.125889,-0.470256,77
52.120710,-0.474347,72
52.119543,-0.460363,72
52.116850,-0.460412,69
52.211784,-0.482007,27
52.163556,-0.481386,56
52.170639,-0.506816,51
52.177559,-0.486563,53
52.147446,-0.461981,75
52.142986,-0.447206,72
52.142243,-0.463408,78
52.142326,-0.455685,76
52.112255,-0.439206,51
52.148820,-0.437111,66
52.147840,-0.429777,67
52.146591,-0.422930,65
52.144315,-0.435443,68
52.153590,-0.424992,62
52.151019,-0.415000,53
52.162482,-0.358719,39
52.123787,-0.376070,33
52.144102,-0.470518,79
52.147842,-0.474634,74
52.150741,-0.482189,74
52.143552,-0.475882,78
52.140907,-0.478777,79
52.140682,-0.470875,82
52.255133,-0.615178,41
52.211974,-0.616235,33
52.116683,-0.494117,74
52.122856,-0.481193,71
52.118870,-0.482430,71
52.119151,-0.488269,73
52.122133,-0.496386,68
52.117964,-0.503164,69
52.127340,-0.497754,62
52.125762,-0.487143,71
52.114396,-0.490325,72
52.111501,-0.500077,70
52.111059,-0.506606,67
52.112170,-0.485286,68
52.120347,-0.452907,70
52.128478,-0.447670,66
52.126732,-0.425841,61
52.121657,-0.447859,68
52.130226,-0.461117,77
52.126603,-0.455124,74
52.134211,-0.440245,67
52.138291,-0.434989,64
52.136869,-0.430438,60
52.137991,-0.422392,64
52.175023,-0.530586,42
52.153075,-0.432173,66
52.159587,-0.447013,64
52.156217,-0.431245,64
52.153114,-0.444449,68
52.158009,-0.436562,65
52.148707,-0.447091,68
52.138679,-0.489638,70
52.135038,-0.482671,77
52.133193,-0.494394,69
52.131106,-0.483084,75
52.135978,-0.484049,76
52.265491,-0.436918,15
52.252861,-0.480537,23
52.189012,-0.336488,28
52.223511,-0.354139,19
52.223760,-0.536411,40
52.263248,-0.525755,26
52.156138,-0.608041,28
52.125283,-0.559806,37
52.073340,-0.439297,40
52.077823,-0.509446,33
52.100607,-0.525032,51
52.096308,-0.530128,50
51.916483,-0.660926,78
51.918200,-0.653617,73
51.919172,-0.666118,76
51.967686,-0.429033,50
51.961495,-0.425902,50
51.974641,-0.418105,47
51.859605,-0.464870,45
51.875286,-0.467885,51
51.863018,-0.458323,48
51.852845,-0.383190,43
51.880059,-0.525239,74
51.880675,-0.542707,62
51.881729,-0.530294,73
51.889752,-0.527053,79
51.886319,-0.527859,79
51.882687,-0.600752,38
51.865576,-0.564440,38
51.916057,-0.645753,66
51.912187,-0.647603,68
51.941839,-0.628666,43
51.903019,-0.545329,62
51.908597,-0.531681,65
51.904795,-0.503457,64
51.900422,-0.513108,69
51.889386,-0.497654,74
51.890150,-0.489854,72
51.891958,-0.508649,71
51.893907,-0.496578,72
51.859314,-0.505706,37
51.835465,-0.527017,24
51.884339,-0.567635,39
51.917434,-0.675610,76
51.926294,-0.675129,67
51.906616,-0.680303,71
51.884166,-0.508784,77
51.880854,-0.504770,71
51.876469,-0.500494,65
51.890932,-0.540912,67
51.888189,-0.533787,74
51.885740,-0.538863,71
51.896460,-0.542479,61
51.912054,-0.498672,62
51.911918,-0.506027,65
51.908851,-0.509856,66
51.925122,-0.643347,63
51.922181,-0.641156,62
51.918985,-0.636479,60
51.932542,-0.650655,54
51.932022,-0.668370,52
51.923497,-0.657303,72
51.925475,-0.652687,66
51.925237,-0.683797,64
51.919061,-0.691830,57
51.920085,-0.686743,62
51.917163,-0.680151,70
51.911868,-0.691291,65
51.937701,-0.444299,49
51.908082,-0.516540,69
51.917154,-0.524009,67
51.916980,-0.511978,62
51.947869,-0.525632,46
51.947831,-0.539669,46
51.940527,-0.532414,45
51.880221,-0.516193,74
51.874949,-0.507493,66
51.876450,-0.519790,70
51.873365,-0.512969,65
51.783260,-0.711520,46
51.789637,-0.772026,46
51.795896,-0.700696,43
51.789340,-0.753893,41
51.784992,-0.793461,57
51.815624,-0.806304,79
51.807384,-0.784488,67
51.805907,-0.776888,58
51.811482,-0.797881,73
51.802743,-0.786500,64
51.809190,-0.791295,69
51.811135,-0.781064,67
51.824070,-1.076380,28
51.797284,-1.049175,22
51.999732,-0.972557,61
51.999572,-0.989210,68
52.006710,-0.992349,63
52.005838,-0.978008,60
51.995751,-0.955001,63
51.994428,-0.995628,60
51.829956,-0.663892,36
51.870553,-0.662913,29
51.812328,-0.833125,71
51.815562,-0.828260,73
51.808251,-0.831599,65
51.842843,-0.572084,30
51.863142,-0.615869,30
51.827318,-0.810910,70
51.830779,-0.807064,63
51.825570,-0.802538,69
51.822115,-0.807399,76
51.821430,-0.811898,77
51.836341,-0.807070,54
51.821137,-0.825525,74
51.821674,-0.819093,76
51.828604,-0.827716,70
51.827500,-0.818260,70
51.962380,-0.727316,35
51.941577,-0.705206,28
51.997829,-0.871417,24
51.972626,-0.864943,19
51.871651,-1.032095,20
51.849178,-0.990701,22
51.768782,-0.941038,54
51.769548,-0.901256,41
51.769832,-0.926759,50
51.799560,-0.846574,45
51.800864,-0.883056,43
51.772888,-0.916632,57
51.774257,-0.997368,40
51.774520,-1.001095,40
51.769084,-1.058170,25
51.793873,-0.942077,35
51.802042,-0.803623,66
51.807275,-0.808393,68
51.801412,-0.797272,64
51.797766,-0.806353,65
51.798345,-0.791023,57
51.807283,-0.802245,72
51.902912,-1.063605,26
51.937972,-1.022395,21
51.973160,-0.760708,44
51.962305,-0.802065,33
51.823823,-0.794227,68
51.819076,-0.793277,72
51.818151,-0.799717,75
51.815042,-0.781558,67
51.835757,-0.616965,40
51.821832,-0.614854,40
51.877327,-0.935101,24
51.892776,-0.882596,26
51.828411,-0.842466,66
51.829529,-0.837529,67
51.823247,-0.835026,71
51.806998,-0.815026,72
51.802582,-0.813598,66
51.809370,-0.822446,72
51.811388,-0.816246,74
51.934821,-0.982743,29
51.925816,-0.957773,24
51.922927,-0.843706,21
51.923520,-0.772926,22
52.031105,-1.071832,25
51.979848,-1.030728,32
51.850035,-0.915813,44
51.827202,-0.925552,32
51.796588,-0.813744,62
51.796064,-0.819825,60
51.802860,-0.824136,62
51.800174,-0.820431,63
51.744262,-0.731225,50
51.767477,-0.758608,58
51.772979,-0.747687,52
51.768559,-0.736916,62
51.890777,-0.710180,47
51.896916,-0.732607,43
51.871079,-0.770034,30
51.870450,-0.699169,29
51.964200,-0.932847,28
51.940957,-0.882950,49
51.946599,-0.874543,45
51.941941,-0.884319,48
51.670969,-0.596727,64
51.675450,-0.579275,61
51.677872,-0.594601,65
51.676951,-0.601335,69
51.677916,-0.587889,61
51.656959,-0.598654,55
51.667843,-0.636582,62
51.667694,-0.602665,63
51.709803,-0.619238,68
51.714167,-0.618094,65
51.716737,-0.627638,55
51.703304,-0.563330,33
51.596270,-0.560865,64
51.712319,-0.662669,32
51.611141,-0.563330,66
51.605712,-0.538947,61
51.605082,-0.555740,68
51.616926,-0.550451,56
51.627919,-0.543024,54
51.623136,-0.552394,50
51.618696,-0.580900,52
51.637657,-0.575915,52
51.630167,-0.578985,54
51.651919,-0.560846,44
51.679707,-0.608395,69
51.686400,-0.599774,57
51.686040,-0.623691,59
51.741652,-0.666450,24
51.601628,-0.585511,66
51.703486,-0.709009,54
51.708864,-0.597349,65
51.708383,-0.609810,72
51.712269,-0.588660,52
51.669521,-0.678267,56
51.670394,-0.704106,60
51.668890,-0.566692,63
51.666600,-0.575432,60
51.668958,-0.554816,62
51.686033,-0.662689,36
51.682212,-0.702376,38
51.720617,-0.596658,57
51.713643,-0.606585,68
51.616884,-0.659112,55
51.643904,-0.649019,36
51.628832,-0.675414,46
51.687751,-0.734059,42
51.698761,-0.727728,50
51.702115,-0.747546,48
51.696369,-0.738294,48
51.723626,-0.618954,53
51.717990,-0.615134,61
51.696050,-0.607077,57
51.704637,-0.625001,69
51.695863,-0.590212,54
51.622745,-0.603100,46
51.721952,-0.610097,61
51.609341,-0.641243,71
51.609578,-0.655319,65
51.621590,-0.629414,62
51.601482,-0.639704,69
51.594482,-0.629928,66
51.593811,-0.662911,61
51.605457,-0.669953,59
51.557254,-0.643987,46
51.532196,-0.657418,74
51.534861,-0.664682,70
51.539764,-0.667932,63
51.524021,-0.665013,67
51.527553,-0.672641,67
51.528116,-0.666213,69
51.584665,-0.499512,58
51.591356,-0.516211,52
51.556847,-0.502317,64
51.570164,-0.498134,56
51.502974,-0.662985,53
51.564479,-0.612557,53
51.556073,-0.615552,59
51.545697,-0.613690,62
51.571336,-0.530787,52
51.588577,-0.540377,62
51.587057,-0.557366,68
51.584695,-0.579440,53
51.573164,-0.560633,41
51.570528,-0.581453,36
51.547400,-0.520870,48
51.531722,-0.520886,56
51.536484,-0.504367,58
51.514673,-0.501117,58
51.521090,-0.512531,60
51.501948,-0.514181,56
51.549472,-0.577184,51
51.555354,-0.595465,47
51.534289,-0.594991,57
51.542246,-0.682476,53
51.536460,-0.553225,49
51.518914,-0.542918,53
51.625727,-0.772762,72
51.629513,-0.757661,80
51.624401,-0.766854,75
51.624901,-0.753533,77
51.617903,-0.772524,71
51.617050,-0.753974,65
51.619272,-0.797997,63
51.615051,-0.788328,67
51.613447,-0.779485,67
51.582050,-0.705864,61
51.575187,-0.707627,61
51.585709,-0.708128,59
51.569770,-0.691728,52
51.633854,-0.735273,71
51.630465,-0.733657,73
51.637722,-0.732875,66
51.645802,-0.802409,52
51.632047,-0.852123,30
51.616687,-0.833738,42
51.622483,-0.819114,42
51.638012,-0.766148,72
51.635660,-0.756424,74
51.644421,-0.759510,66
51.640705,-0.765844,69
51.644571,-0.782909,59
51.655033,-0.780311,59
51.642133,-0.774659,62
51.596391,-0.696763,58
51.594108,-0.710624,57
51.592930,-0.743162,49
51.606994,-0.721820,58
51.602646,-0.709151,63
51.680897,-0.753287,34
51.658434,-0.748111,43
51.669894,-0.728011,47
51.673722,-0.772675,42
51.660531,-0.729110,52
51.678034,-0.786452,44
51.584007,-0.809178,37
51.592807,-0.775595,50
51.604283,-0.789837,50
51.588650,-0.882030,20
51.656028,-0.719920,61
51.652884,-0.715508,63
51.650827,-0.701160,61
51.645955,-0.714830,60
51.649307,-0.707640,64
51.747801,-0.855777,38
51.754519,-0.792056,36
51.694842,-0.817028,42
51.709607,-0.782923,35
51.581100,-0.764471,64
51.581844,-0.775808,64
51.577726,-0.773086,73
51.567129,-0.793026,62
51.575916,-0.779814,74
51.563143,-0.784962,71
51.573816,-0.770846,73
51.569266,-0.761845,70
51.575610,-0.763601,67
51.575928,-0.758253,61
51.626236,-0.716746,66
51.624345,-0.708995,63
51.633112,-0.716163,61
51.630819,-0.711829,62
51.629667,-0.776445,69
51.632090,-0.772161,74
51.633834,-0.766801,77
51.628962,-0.780254,69
51.624587,-0.780722,68
51.622890,-0.737694,72
51.625924,-0.786155,66
51.635762,-0.783311,66
51.635823,-0.776269,71
51.630447,-0.800997,60
51.644610,-0.902253,38
51.659874,-0.861822,27
51.663542,-0.913037,43
51.663935,-0.889764,44
51.629814,-0.740977,77
51.643740,-0.727997,65
51.642756,-0.745422,67
51.644326,-0.735698,64
51.633325,-0.748840,78
51.636272,-0.741860,72
51.626696,-0.727250,71
51.628423,-0.722364,68
51.636301,-0.725682,67
51.632130,-0.726194,70
51.724435,-0.827927,64
51.723785,-0.843673,58
51.717776,-0.827103,62
51.731814,-0.809694,55
51.728744,-0.830257,62
51.602170,-0.684232,58
51.592495,-0.680465,58
51.582801,-0.686976,53
51.630522,-0.696521,53
51.637694,-0.711114,57
51.611732,-0.688054,63
51.618766,-0.699868,57
51.610957,-0.708792,63
51.641845,-0.699807,56
52.210636,0.143713,79
52.217314,0.162221,65
52.212514,0.152915,71
52.212685,0.159084,68
52.204036,0.167489,67
52.214786,0.170592,62
52.217524,0.113163,78
52.213629,0.116420,80
52.227390,0.110982,69
52.227952,0.118736,73
52.221794,0.115466,77
52.224962,0.122818,75
52.223968,0.106717,74
52.184084,0.169335,70
52.178423,0.175178,69
52.186982,0.164059,71
52.195558,0.172578,64
52.190969,0.179824,67
52.189564,0.172467,70
52.192773,0.147657,75
52.192795,0.159279,74
52.188684,0.152359,73
52.187636,0.158409,70
52.230294,0.156252,68
52.220964,0.152879,67
52.219934,0.138531,74
52.222661,0.144648,70
52.228524,0.132352,71
52.227868,0.142066,70
52.227414,0.137000,70
52.228607,0.125979,74
52.232953,0.127444,69
52.232541,0.134478,67
52.208875,0.131951,83
52.197245,0.110780,70
52.196965,0.135562,81
52.200076,0.132834,82
52.205885,0.140476,80
52.202950,0.142343,80
52.203108,0.135880,82
52.183161,0.149846,71
52.182139,0.158456,71
52.173481,0.149604,64
52.186361,0.139432,75
52.204235,0.150947,72
52.200021,0.144760,77
52.198112,0.156912,75
52.198510,0.150127,77
52.196658,0.144671,78
52.195674,0.123617,80
52.222322,0.133626,74
52.220418,0.125488,76
52.215976,0.131657,78
52.215781,0.121900,79
52.212956,0.132237,77
52.210939,0.306163,28
52.225026,0.250951,43
52.263477,0.328784,41
52.273667,0.336673,45
52.295323,0.315952,41
52.280164,0.339526,43
52.199858,0.478972,21
52.227427,0.421712,57
52.448720,0.213644,15
52.434914,0.256424,35
52.411905,0.136575,28
52.202976,0.398859,21
52.419668,0.343134,33
52.397860,0.263685,72
52.383614,0.290164,61
52.421972,0.280013,55
52.410776,0.251324,66
52.401613,0.253406,67
52.314491,0.382230,35
52.287974,0.439362,29
52.352983,0.092923,32
52.344871,0.142683,30
52.378916,0.156404,33
52.398276,0.213787,40
52.345281,0.420119,22
52.353666,0.395404,22
52.452835,0.307512,52
52.444774,0.303072,48
52.465044,0.361847,40
52.488899,0.284965,43
52.365682,0.327845,40
52.322731,0.290330,39
52.339101,0.355960,57
52.327179,0.360876,52
52.333711,0.336616,60
52.352454,0.189884,27
52.342364,0.228645,30
52.383469,0.115472,37
52.392828,0.080909,38
52.253064,0.290927,28
52.579324,-0.070464,45
52.531020,-0.127845,28
52.530689,-0.042291,13
52.566565,-0.084377,36
52.458715,0.097056,52
52.668834,0.164220,72
52.568946,-0.143420,51
52.492984,0.027261,36
52.629544,0.161992,37
52.624798,0.189134,42
52.585403,0.137577,13
52.655334,0.171521,65
52.652869,0.163364,67
52.662481,0.170100,71
52.560547,-0.109865,50
52.672719,0.176824,61
52.554050,-0.107523,52
52.553860,-0.120195,55
52.489717,0.182104,28
52.549303,0.092215,64
52.547796,0.134014,52
52.542566,0.096269,57
52.553592,0.097729,57
52.572635,0.040772,46
52.555849,0.084070,62
52.562595,0.085224,58
52.564254,0.107496,48
52.539407,0.077363,55
52.537231,0.037870,49
52.549342,0.081900,62
52.533532,0.086527,54
52.655050,0.022984,22
52.618410,0.021492,20
52.641994,0.082738,26
52.659880,0.129100,57
52.682097,0.132698,39
52.688129,0.092255,21
52.684981,0.132230,48
52.717094,0.109874,17
52.556928,-0.139448,57
52.561838,-0.164008,51
52.558992,-0.127576,60
52.553000,-0.128329,59
52.668663,0.180424,61
52.661392,0.179639,61
52.451386,0.042657,58
52.440706,0.036468,49
52.674959,0.165021,63
52.678002,0.159147,57
52.676505,0.172069,60
52.422250,0.049143,55
52.505501,0.125971,32
52.364599,-0.265140,31
52.297804,-0.313550,18
52.312879,-0.227580,40
52.323570,-0.208381,45
52.322274,-0.255972,40
52.280256,-0.264834,33
52.298191,-0.237710,38
52.332499,-0.036233,35
52.324823,-0.024113,34
52.362491,0.034899,32
52.348337,-0.008378,32
52.346941,-0.318155,16
52.364975,-0.411163,14
52.519479,-0.335779,31
52.541375,-0.384412,29
52.293042,-0.081915,46
52.305910,-0.062738,42
52.324788,-0.163206,56
52.314155,-0.167335,53
52.311125,-0.171374,52
52.186741,-0.177993,22
52.277500,-0.202966,31
52.331075,-0.178347,72
52.345596,-0.164735,57
52.341781,-0.166270,61
52.339822,-0.156790,53
52.335609,-0.166182,64
52.336863,-0.177855,70
52.341490,-0.172839,66
52.343486,-0.181100,68
52.351045,-0.169780,59
52.345923,-0.172304,62
52.332415,-0.209586,54
52.339111,-0.199281,63
52.338763,-0.190649,69
52.259432,-0.337652,25
52.309473,-0.402087,30
52.250947,-0.272425,48
52.251942,-0.252249,46
52.463796,-0.064990,36
52.480265,-0.127108,14
52.449354,-0.107930,56
52.451275,-0.124540,49
52.449256,-0.116005,52
52.341331,-0.082364,56
52.348335,-0.065612,52
52.337761,-0.066600,55
52.339173,-0.076369,58
52.336264,-0.072524,60
52.327888,-0.066631,62
52.332112,-0.067730,61
52.320168,-0.063997,66
52.330123,-0.084738,60
52.336737,-0.082424,58
52.338899,-0.089909,56
52.226813,-0.277524,64
52.226566,-0.289851,56
52.222766,-0.283632,61
52.229983,-0.287150,57
52.236718,-0.280366,56
52.212910,-0.285510,60
52.215675,-0.293684,57
52.220121,-0.293717,57
52.223645,-0.294453,55
52.213831,-0.261205,59
52.226058,-0.256082,71
52.223448,-0.260631,69
52.220746,-0.272113,69
52.218187,-0.263446,64
52.232410,-0.268621,71
52.230428,-0.254143,72
52.239608,-0.253447,63
52.233641,-0.261690,70
52.438996,-0.295033,50
52.416955,-0.317418,33
52.439829,-0.258893,48
52.459201,-0.278380,39
52.437902,-0.279313,49
52.382059,-0.074340,19
52.384242,0.003040,39
52.379024,-0.003957,39
52.390831,0.004288,33
52.483804,-0.242482,29
52.490896,-0.296572,37
52.304540,-0.128311,36
52.318731,-0.091570,45
52.286663,-0.112092,24
52.337480,-0.123025,43
52.374973,-0.164906,33
52.428395,-0.186120,22
52.418532,-0.104821,31
52.424098,-0.044225,35
52.404778,-0.080489,38
52.434973,-0.103795,45
52.537379,-0.225640,51
52.517205,-0.203132,51
52.518617,-0.256195,58
52.518979,-0.248229,55
52.505714,-0.271019,54
52.513354,-0.261462,54
52.151395,0.348538,18
52.129593,0.313546,23
52.076294,0.361677,26
52.250968,0.019408,53
52.247548,0.022375,50
52.247655,-0.009707,45
52.208439,0.052683,36
52.185002,0.079942,45
52.093746,-0.049444,22
52.080681,-0.049251,33
52.067352,-0.073657,31
52.193877,-0.025040,34
52.191889,0.027878,39
52.303370,0.134872,35
52.287925,0.126917,48
52.284100,0.119711,47
52.279705,0.105903,43
52.260854,0.064671,49
52.071533,0.146318,37
52.096734,0.154940,41
52.113743,0.064438,41
52.083024,0.070890,30
52.178395,0.211254,50
52.186610,0.200024,59
52.171903,0.225091,48
52.154643,-0.193791,32
52.157539,-0.198259,30
52.148467,-0.115272,19
52.226676,0.086797,51
52.215892,0.010283,43
52.205644,0.003357,38
52.139183,0.078612,43
52.144401,0.098346,42
52.160818,0.004760,19
52.157829,0.064400,45
52.261076,0.121730,60
52.258611,0.093560,55
52.248434,0.126771,59
52.246018,0.098965,62
52.264748,0.113198,56
52.103765,0.258111,48
52.109874,0.284341,49
52.095775,0.307492,47
52.084356,0.015986,53
52.054267,0.051047,31
52.081397,0.023694,50
52.108187,0.023593,40
52.090845,-0.004614,48
52.249362,0.166330,52
52.233183,0.164909,53
52.239715,0.145780,55
52.134675,-0.012307,25
52.254567,-0.117960,38
52.263230,-0.064581,29
52.260031,-0.143101,35
52.120765,0.163066,57
52.131622,0.153567,57
52.123737,0.178823,56
52.115308,0.170053,53
52.133754,0.175860,53
52.290255,-0.000737,48
52.295274,-0.006915,49
52.202722,0.194439,49
52.190733,0.185085,61
52.124996,0.237162,43
52.115815,0.201370,34
52.075641,-0.121107,22
52.129265,0.111917,39
52.160302,0.136302,52
52.147219,0.134904,58
52.155112,0.138332,53
52.152570,0.171766,53
52.189479,0.266873,22
52.231016,0.205308,40
52.295114,0.211687,39
52.269671,0.188598,49
52.270953,0.163811,39
52.265672,0.194797,51
52.099129,0.111302,29
52.113938,0.149608,41
52.326092,0.072723,41
52.312297,0.011173,44
52.322828,0.027148,42
52.305153,0.067528,43
53.232077,-2.782978,28
53.209546,-2.929738,62
53.206988,-2.908571,65
53.209547,-2.923749,64
53.208196,-2.918756,67
53.204985,-2.936623,64
53.202131,-2.933282,67
53.204324,-2.922725,68
53.200734,-2.925127,66
53.198656,-2.932922,66
53.190317,-2.866918,75
53.187317,-2.856489,68
53.184023,-2.866991,66
53.181176,-2.858688,63
53.190915,-2.837256,51
53.187189,-2.822404,44
53.206228,-2.828060,43
53.198957,-2.898679,75
53.195366,-2.914913,70
53.195672,-2.903640,71
53.182543,-2.913083,68
53.181107,-2.904070,69
53.170964,-2.906456,63
53.139541,-2.904294,38
53.272511,-2.820465,41
53.258006,-2.848146,38
53.275949,-2.813552,40
53.090003,-2.865898,36
53.185422,-2.878063,72
53.175363,-2.885704,68
53.180920,-2.891721,75
53.197655,-2.875751,78
53.198683,-2.870579,75
53.201087,-2.862586,68
53.204620,-2.867647,70
53.203901,-2.860168,65
53.215263,-2.729071,31
53.213766,-2.710929,32
53.172800,-2.917430,65
53.175408,-2.920968,65
53.173897,-2.912714,66
53.168998,-2.919984,56
53.014968,-2.766889,39
53.029874,-2.726127,19
53.010861,-2.783420,26
53.218548,-2.835986,42
53.237138,-2.837762,35
53.243606,-2.925826,43
53.200829,-2.880370,77
53.204057,-2.882957,71
53.207466,-2.884848,70
53.207163,-2.870494,69
53.208884,-2.871929,68
53.217682,-2.950246,46
53.244213,-2.979778,39
53.190871,-2.760387,43
53.170053,-2.738352,24
53.197022,-2.755884,40
53.133588,-2.802850,29
53.126153,-2.711512,27
53.068988,-2.809558,19
53.209075,-2.894020,69
53.202772,-2.892785,72
53.221747,-2.882009,61
53.216909,-2.896745,62
53.215618,-2.876743,65
53.214072,-2.880747,67
53.218746,-2.869028,63
53.194763,-2.850742,67
53.193793,-2.863094,72
53.197254,-2.858124,68
53.199304,-2.852230,63
53.169617,-2.811309,37
53.098419,-2.316655,61
53.105815,-2.319291,58
53.100179,-2.298702,64
53.094143,-2.298126,64
53.086250,-2.289870,59
53.088653,-2.317914,59
53.096620,-2.326220,56
53.176421,-2.178888,55
53.175197,-2.193941,57
53.160522,-2.226698,65
53.160617,-2.219230,70
53.159206,-2.209714,68
53.165233,-2.200057,67
53.161278,-2.193566,64
53.166523,-2.213773,71
53.173429,-2.207252,60
53.146346,-2.186713,55
53.158575,-2.197465,65
53.166640,-2.161658,46
53.152950,-2.203097,59
53.170694,-2.240533,56
53.166401,-2.233208,65
53.161472,-2.241689,60
53.217373,-2.377084,34
53.219960,-2.314511,29
53.200111,-2.342415,56
53.201051,-2.379445,53
53.201002,-2.356629,60
53.196813,-2.355605,51
53.096703,-2.264901,51
53.122201,-2.326301,37
53.174970,-2.443270,47
53.197678,-2.442043,54
53.181751,-2.433181,43
53.184628,-2.425909,55
53.181486,-2.441050,57
53.197024,-2.453837,59
53.190630,-2.451158,63
53.186708,-2.446339,62
53.181362,-2.453051,57
53.116121,-2.229702,36
53.110100,-2.240971,38
53.117548,-2.291297,39
53.118805,-2.267067,41
53.137233,-2.371940,64
53.145398,-2.342564,57
53.136909,-2.358896,61
53.142697,-2.362364,67
53.152908,-2.384364,56
53.146706,-2.366655,69
53.152438,-2.372899,59
53.153844,-2.347053,60
53.151686,-2.393597,54
53.138067,-2.397480,47
53.125910,-2.374740,51
53.083120,-2.434870,69
53.079654,-2.445261,67
53.087197,-2.440875,77
53.084237,-2.447764,74
52.981739,-2.479387,23
52.989030,-2.557910,20
53.069113,-2.516389,72
53.062851,-2.530960,65
53.073129,-2.521016,69
53.078164,-2.512016,65
53.068259,-2.505470,64
53.065554,-2.511148,70
53.126308,-2.611198,25
53.111326,-2.456139,65
53.108858,-2.447511,70
53.107237,-2.453862,70
53.101126,-2.445875,78
53.103416,-2.438774,76
53.097881,-2.436628,77
53.104004,-2.457283,73
53.098415,-2.402049,56
53.113177,-2.400576,51
53.108819,-2.374694,39
53.102217,-2.399522,54
53.115340,-2.451024,62
53.116269,-2.457195,59
53.114959,-2.464604,55
53.121423,-2.455883,51
53.108035,-2.440182,72
53.106812,-2.430102,66
53.113435,-2.426752,65
53.118675,-2.439164,61
53.078506,-2.666421,11
53.101595,-2.489849,52
53.101039,-2.474741,60
53.108619,-2.469421,63
53.103718,-2.465166,68
53.090825,-2.439850,80
53.092847,-2.444955,80
53.089672,-2.453283,75
53.088637,-2.446808,78
53.081481,-2.473002,57
53.075443,-2.488941,52
53.082595,-2.463863,62
53.063847,-2.451727,46
53.067942,-2.440087,48
53.060487,-2.459132,43
53.092689,-2.459462,70
53.095564,-2.451829,78
53.096929,-2.465289,65
53.105860,-2.419364,60
53.100637,-2.422780,66
53.088755,-2.426624,72
53.090071,-2.416928,63
53.056520,-2.517952,62
53.063511,-2.519681,70
53.070890,-2.464634,57
53.077597,-2.452039,58
53.077831,-2.457997,57
53.066758,-2.489290,50
53.068012,-2.476173,51
53.088433,-2.492283,50
53.088035,-2.474193,58
53.091971,-2.468325,64
53.085987,-2.460923,67
53.023768,-2.632797,22
53.018717,-2.428096,18
53.047380,-2.437539,33
53.266142,-3.042118,39
53.280072,-2.903283,77
53.279694,-2.893171,74
53.275564,-2.898688,74
53.278961,-2.920006,71
53.279312,-2.926703,69
53.282717,-2.922363,70
53.279540,-2.911369,73
53.261933,-2.913304,61
53.264618,-2.919684,64
53.277955,-2.952251,59
53.275605,-2.946502,58
53.281405,-2.961137,53
53.284999,-2.950789,62
53.284195,-3.055283,64
53.285244,-3.040908,60
53.294491,-3.062194,66
53.299639,-3.049049,60
53.297123,-3.073974,56
53.294552,-3.083488,54
53.275405,-2.912056,75
53.274780,-2.919882,72
53.270172,-2.914389,69
53.277730,-2.934879,64
53.282797,-2.934999,62
53.283131,-2.941081,64
53.277725,-3.061136,51
53.275750,-3.076465,60
53.286296,-2.924598,65
53.287250,-2.934430,60
53.292800,-2.931397,54
53.288775,-2.944277,63
53.270344,-2.883724,63
53.267052,-2.881559,65
53.286720,-2.837932,63
53.270487,-2.890955,69
53.258097,-2.919434,55
53.262474,-2.926190,59
53.271674,-2.933173,63
53.272914,-2.926236,69
53.268894,-2.921773,67
53.266675,-2.928589,60
53.271458,-2.943358,53
53.266577,-2.936215,52
53.256593,-2.926663,50
53.271460,-2.906494,71
53.266161,-2.895143,66
53.264950,-2.905982,65
53.260438,-2.901579,56
53.297012,-2.993749,46
53.288638,-2.976098,49
53.291519,-3.017519,47
53.302740,-2.255603,57
53.301768,-2.222435,59
53.305816,-2.235115,65
53.295861,-2.108332,57
53.302741,-2.094610,53
53.288293,-2.098963,54
53.292511,-2.119148,55
53.286368,-2.118310,54
53.281454,-2.256727,32
53.266694,-2.289193,41
53.331621,-2.199028,53
53.336543,-2.221408,62
53.330934,-2.215679,58
53.354100,-2.031563,54
53.338754,-2.042588,53
53.359532,-2.046950,55
53.319281,-2.243808,68
53.313999,-2.245519,62
53.316133,-2.258771,58
53.209832,-2.150275,35
53.355105,-2.221623,66
53.346421,-2.200097,65
53.353362,-2.211944,68
53.347775,-2.219379,69
53.338564,-2.213558,62
53.328525,-2.472242,24
53.347848,-2.446719,29
53.317057,-2.215770,64
53.323602,-2.238580,74
53.328679,-2.230392,71
53.296214,-2.377393,63
53.299833,-2.383667,67
53.312320,-2.380023,63
53.304871,-2.379169,70
53.294453,-2.351692,55
53.298771,-2.359696,63
53.305161,-2.357809,62
53.304927,-2.364271,67
53.310963,-2.351615,54
53.341463,-2.227010,58
53.336658,-2.232716,63
53.263008,-2.153099,66
53.264899,-2.130036,77
53.263987,-2.142303,73
53.269503,-2.137989,66
53.267452,-2.160262,60
53.267989,-2.171239,55
53.273119,-2.148369,61
53.261767,-2.162355,63
53.260250,-2.133507,81
53.254670,-2.136503,76
53.258341,-2.126805,82
53.254816,-2.132297,81
53.253348,-2.117147,75
53.255097,-2.090484,63
53.266108,-2.119379,74
53.265338,-2.111274,70
53.273590,-2.113453,65
53.256771,-2.142864,70
53.252956,-2.147911,66
53.248906,-2.150401,61
53.251502,-2.130201,79
53.248558,-2.137125,68
53.242612,-2.139070,65
53.236168,-2.126771,62
53.246452,-2.119739,74
53.248127,-2.126217,73
53.277540,-2.121042,58
53.273438,-2.133629,57
53.280542,-2.133073,53
53.271608,-2.126222,66
53.255379,-2.154201,65
53.253414,-2.161584,59
53.258206,-2.160251,65
53.334949,-2.393508,24
53.323553,-2.298699,33
53.321954,-2.332386,38
53.344084,-2.255540,51
53.331352,-2.242494,66
53.324694,-2.253739,66
53.274000,-2.351508,27
53.349426,-2.117552,69
53.342911,-2.123120,67
53.341324,-2.118509,63
53.357701,-2.106908,61
53.350723,-2.089260,47
53.346071,-2.142159,54
53.345279,-2.129670,67
53.358127,-2.128125,58
53.353560,-2.137649,59
53.286801,-2.161070,43
53.309548,-2.171707,37
53.319192,-2.123075,36
53.291999,-2.056096,36
53.224274,-2.051105,31
53.277524,-2.549815,46
53.276396,-2.558750,46
53.272897,-2.542486,50
53.266504,-2.552778,49
53.284528,-2.554759,34
53.245318,-2.605298,43
53.225569,-2.636296,28
53.233433,-2.585484,48
53.228944,-2.603140,49
53.198705,-2.478175,45
53.219043,-2.514270,48
53.224752,-2.525164,51
53.234341,-2.512335,58
53.250376,-2.713165,28
53.301442,-2.717973,62
53.299425,-2.706222,59
53.291317,-2.698573,58
53.295000,-2.721040,66
53.298788,-2.753363,65
53.278022,-2.728331,54
53.247714,-2.539156,63
53.216520,-2.574441,34
53.249515,-2.557459,52
53.238950,-2.539543,52
53.265003,-2.773429,51
53.278806,-2.764851,54
53.271522,-2.768084,57
53.271664,-2.682133,32
53.243621,-2.510827,63
53.243722,-2.519180,60
53.244759,-2.500737,59
53.238800,-2.522551,54
53.250611,-2.507479,63
53.275355,-2.472953,47
53.283721,-2.473615,36
53.270820,-2.455238,50
53.203527,-2.674311,23
53.287108,-2.635517,33
53.254571,-2.523282,72
53.250676,-2.524975,69
53.255412,-2.533083,69
53.257380,-2.521208,72
53.263015,-2.509984,74
53.264527,-2.488062,65
53.256254,-2.495160,69
53.257154,-2.503353,73
53.244514,-2.474427,51
53.253608,-2.488958,62
53.250048,-2.487907,58
53.311010,-2.538757,31
53.229221,-2.417627,24
53.160005,-2.677842,54
53.155314,-2.659904,49
53.172175,-2.588395,22
53.266044,-2.570860,54
53.255311,-2.585645,51
53.258317,-2.561962,54
53.256577,-2.575060,57
53.185330,-2.531411,66
53.187755,-2.520397,65
53.189426,-2.533327,67
53.187810,-2.488193,54
53.193010,-2.505000,62
53.186893,-2.505726,59
53.190435,-2.546967,62
53.193224,-2.560144,51
53.182885,-2.560973,57
53.183825,-2.544788,56
53.177530,-2.533074,53
53.182178,-2.537456,61
53.177359,-2.525055,53
53.206184,-2.536171,54
53.198496,-2.548764,61
53.192431,-2.540486,67
53.195441,-2.529827,65
53.196368,-2.513216,65
53.198168,-2.503713,61
53.203030,-2.498939,55
50.499193,-4.311591,49
50.499053,-4.311266,54
50.512973,-4.315195,42
50.521415,-4.255774,23
50.523590,-4.222242,34
50.508854,-4.207927,32
50.500736,-4.232649,25
50.378128,-4.344382,18
50.405478,-4.441081,19
50.396380,-4.526410,16
50.357517,-4.534755,28
50.345225,-4.498889,33
50.421591,-4.301823,25
50.447019,-4.252333,25
50.477780,-4.279024,19
50.398877,-4.614686,20
50.460275,-4.461658,60
50.454908,-4.447658,58
50.452162,-4.470271,59
50.451722,-4.460779,64
50.448658,-4.477432,52
50.346618,-4.470578,40
50.372290,-4.425420,40
50.532218,-4.393959,14
50.445327,-4.414877,23
50.491326,-4.379193,25
50.353690,-4.219154,34
50.352134,-4.226028,30
50.482535,-4.494202,30
50.492337,-4.442134,27
50.508795,-4.547172,10
50.430418,-4.349861,20
50.411108,-4.227487,66
50.421093,-4.252367,51
50.411933,-4.233012,64
50.403841,-4.221128,65
50.407987,-4.222411,69
50.402862,-4.215685,64
50.417722,-4.218642,60
50.411759,-4.212563,65
50.406118,-4.231785,59
50.397120,-4.259528,49
50.409347,-4.237508,56
50.373311,-4.197224,63
50.375357,-4.202932,65
50.380616,-4.204228,65
50.373143,-4.210721,56
50.149896,-5.055047,61
50.153153,-5.070279,68
50.146156,-5.071160,64
50.149612,-5.076578,68
50.253941,-5.053330,64
50.258772,-5.059349,69
50.261155,-5.067007,69
50.145260,-5.090989,54
50.146316,-5.082927,56
50.135314,-5.085841,47
50.150951,-5.091905,60
50.328601,-5.040790,28
50.214770,-5.058192,19
50.240074,-5.091056,34
50.231139,-5.074278,41
50.264434,-5.116563,50
50.265386,-5.159300,44
50.287665,-5.094720,30
50.260655,-5.108498,54
50.267683,-5.045766,67
50.272387,-5.042175,60
50.275041,-5.219225,28
50.281569,-5.188616,39
50.195201,-5.088672,31
50.173851,-5.072540,33
50.222641,-5.162112,32
50.212720,-5.125551,39
50.372163,-5.050772,30
50.385651,-5.107438,33
50.350924,-5.118602,36
50.165721,-5.117573,55
50.172967,-5.113643,59
50.166903,-5.106915,63
50.171279,-5.100815,58
50.157479,-5.080359,68
50.158902,-5.075189,67
50.154263,-5.076084,71
50.161772,-5.082133,62
50.344920,-5.148095,49
50.314904,-5.139354,29
50.347996,-5.150798,52
50.286145,-4.936353,34
50.262909,-4.991954,28
50.329265,-4.957279,23
50.291861,-4.954373,42
50.182587,-4.997650,28
50.228040,-4.934327,16
50.315436,-5.205223,45
50.266724,-5.034692,62
50.257934,-5.035607,56
50.263780,-5.081501,61
50.269800,-5.070600,63
50.270799,-5.059437,62
50.155206,-5.090373,65
50.159305,-5.088931,65
50.110716,-5.336052,29
50.111101,-5.380659,29
50.167631,-5.291590,27
50.146500,-5.350315,23
50.225330,-5.288533,64
50.220687,-5.297322,64
50.215623,-5.295308,70
50.209299,-5.278621,60
50.211475,-5.285297,63
50.208203,-5.296532,67
50.192623,-5.280645,46
50.202132,-5.285319,55
50.219997,-5.306487,62
50.214333,-5.306536,69
50.224596,-5.338831,51
50.202758,-5.310080,58
50.214165,-5.300127,71
50.117148,-5.124190,28
50.115568,-5.193675,21
50.002259,-5.194141,26
50.107254,-5.281483,57
50.110147,-5.257721,53
50.110935,-5.266192,56
50.104104,-5.273433,68
50.085864,-5.268049,63
50.095875,-5.282835,65
50.102906,-5.264739,63
50.245842,-5.259906,49
50.242619,-5.278790,48
50.240336,-5.305220,46
50.265697,-5.267410,33
50.250567,-5.266222,50
50.206889,-5.246573,40
50.227838,-5.252352,63
50.236505,-5.259702,58
50.219019,-5.267116,63
50.231102,-5.262277,62
50.157910,-5.145963,51
50.144618,-5.113983,46
50.186145,-5.125618,38
50.076064,-5.153124,15
50.059769,-5.236618,16
50.012708,-5.237081,36
50.117605,-5.293700,29
50.087027,-5.318940,40
50.080971,-5.307903,39
50.252316,-5.233050,47
50.238848,-5.223097,66
50.242376,-5.228436,64
50.235691,-5.234946,69
50.241810,-5.208399,60
50.231855,-5.225092,69
50.222089,-5.229773,64
50.228143,-5.219408,63
50.211384,-5.203317,42
50.219053,-5.206702,47
50.238053,-5.195619,43
50.227491,-5.187546,39
50.040781,-5.116851,18
50.185623,-5.180269,30
50.157038,-5.229462,21
50.535394,-4.738714,23
50.502769,-4.827878,31
50.587894,-4.515534,10
50.527443,-4.656861,13
50.474903,-4.733887,60
50.470817,-4.726444,67
50.469303,-4.746756,54
50.465957,-4.730663,60
50.459022,-4.734426,52
50.475607,-4.707196,63
50.470748,-4.717958,68
50.463159,-4.696714,57
50.460044,-4.719058,61
50.829606,-4.547453,61
50.826137,-4.531880,57
50.818319,-4.544841,53
50.601057,-4.740089,26
50.638644,-4.732032,27
50.662140,-4.733859,34
50.889793,-4.503433,21
50.443485,-4.728228,29
50.455744,-4.799320,24
50.628404,-4.369919,57
50.644643,-4.371744,55
50.644443,-4.358576,51
50.636908,-4.357733,65
50.804002,-4.506479,19
50.644172,-4.399704,28
50.688122,-4.428806,12
50.490965,-4.989324,19
50.524654,-5.001214,30
50.501337,-4.920494,25
50.539949,-4.959466,41
50.542818,-4.941384,49
50.842734,-4.523750,42
50.824975,-4.520734,52
50.837706,-4.545901,50
50.567008,-4.804832,18
50.608981,-4.401845,18
50.574109,-4.327955,14
50.536774,-4.306855,17
50.657877,-4.565258,9
50.699659,-4.644492,17
50.521523,-4.831546,52
50.515536,-4.843138,57
50.514318,-4.835409,58
50.512368,-4.823239,51
50.738946,-4.463672,11
50.123077,-5.429846,35
50.126742,-5.548319,59
50.125956,-5.555065,61
50.188663,-5.392341,45
50.178837,-5.356863,27
50.210639,-5.364846,39
50.194558,-5.403011,58
50.194863,-5.418890,62
50.180797,-5.425503,56
50.185656,-5.459572,44
50.194413,-5.463348,49
50.170363,-5.497589,27
50.138082,-5.494767,44
50.158749,-5.571667,27
50.121316,-5.451978,40
50.155804,-5.646310,29
50.117142,-5.672576,37
50.123326,-5.684932,50
50.120437,-5.547822,64
50.119529,-5.540653,74
50.126645,-5.527005,66
50.126835,-5.538412,65
50.123339,-5.537618,73
50.120492,-5.534951,74
50.112276,-5.547435,65
50.115480,-5.536151,72
50.089589,-5.549302,43
50.108177,-5.559105,55
50.098813,-5.549429,55
50.068661,-5.656324,22
50.093746,-5.599218,18
50.147171,-5.420478,32
50.209007,-5.488821,59
50.203496,-5.506887,52
50.212146,-5.491821,57
50.201649,-5.481319,55
50.212730,-5.480938,61
50.344290,-4.759232,59
50.346942,-4.768012,59
50.346639,-4.775136,65
50.350457,-4.770066,57
50.410655,-5.062949,58
50.415915,-5.064582,67
50.414971,-5.073752,70
50.405713,-5.072390,59
50.409936,-5.079983,66
50.405096,-5.064176,57
50.367501,-4.689061,42
50.349803,-4.662319,38
50.352396,-4.699815,50
50.338914,-4.639431,50
50.416141,-5.092661,65
50.414252,-5.084492,69
50.409730,-5.093946,54
50.402477,-5.107391,41
50.336991,-4.805747,53
50.335407,-4.796585,67
50.350856,-4.805781,57
50.401366,-4.667769,46
50.400826,-4.739426,20
50.413045,-4.682005,39
50.264721,-4.790852,41
50.248333,-4.821682,22
50.287117,-4.789679,43
50.337218,-4.784708,71
50.339253,-4.772185,69
50.334647,-4.779709,67
50.340892,-4.765009,64
50.352093,-4.782692,60
50.344231,-4.780019,70
50.342045,-4.789743,70
50.433414,-5.041653,57
50.412897,-5.008773,36
50.421087,-5.045229,59
50.439274,-4.863383,34
50.408588,-4.814139,36
50.384794,-4.872673,30
50.384766,-4.882004,34
50.356117,-4.722001,51
50.360771,-4.725161,48
50.347288,-4.712457,51
50.350570,-4.731870,51
50.456081,-4.965241,24
50.437004,-4.945670,43
50.429320,-4.942823,45
50.370115,-4.957724,34
50.412175,-4.938439,36
50.394680,-4.932183,45
50.291683,-4.862077,27
50.304917,-4.800873,37
50.322522,-4.837679,35
50.364190,-4.899692,27
50.357134,-4.854719,34
50.337025,-4.883955,30
50.342357,-4.892441,36
50.346085,-4.831033,44
50.386811,-4.778645,36
50.369446,-4.791528,33
50.392362,-4.793565,39
49.935254,-6.314054,33
54.652593,-3.357481,58
54.670280,-3.353131,59
54.664082,-3.342263,62
54.773122,-3.284646,32
54.764054,-3.342100,45
54.697479,-3.165844,17
54.661314,-3.437528,31
54.665445,-3.412607,38
54.694555,-3.391823,26
54.655552,-3.372720,60
54.665190,-3.368666,66
54.643413,-3.477746,35
54.613930,-3.299524,10
54.620766,-3.434998,16
54.543907,-3.170594,23
54.706998,-3.443748,35
54.727694,-3.447455,31
54.706278,-3.476247,60
54.712061,-3.482261,60
54.706588,-3.490624,61
54.689561,-3.461484,47
54.688639,-3.504198,48
54.614836,-3.555869,52
54.617874,-3.519622,37
54.816806,-3.364013,14
54.598821,-3.143136,57
54.552878,-3.064614,39
54.916634,-3.190360,6
54.626674,-3.551475,61
54.631501,-3.550456,65
54.631288,-3.543376,63
54.626541,-3.565770,58
54.619738,-3.561897,57
54.634159,-3.563293,65
54.717866,-3.490923,67
54.716677,-3.496716,64
54.644031,-3.538504,76
54.636767,-3.547651,69
54.640116,-3.548591,75
54.633892,-3.529025,67
54.641902,-3.565664,72
54.643602,-3.553971,75
54.654065,-3.552709,66
54.672213,-3.518305,47
54.658269,-3.537438,49
54.665459,-3.489236,47
54.862029,-3.392171,40
54.863952,-3.348970,27
54.783650,-3.330307,16
54.646352,-3.514302,50
54.863563,-3.110374,25
54.761460,-3.069519,12
54.849442,-3.211284,21
54.737227,-3.303984,16
54.817096,-3.152928,51
54.824147,-3.173264,50
54.829120,-3.157385,55
54.819204,-3.166326,60
54.102047,-3.217091,66
54.105708,-3.234352,68
54.112642,-3.224748,77
54.111788,-3.219130,76
54.108711,-3.220701,76
54.182084,-3.202042,38
54.186687,-3.211121,39
54.173214,-3.165792,47
54.159801,-3.181603,62
54.142143,-3.176389,52
54.154854,-3.190906,60
54.157086,-3.169858,61
54.151105,-3.173279,57
54.131307,-3.217282,65
54.135458,-3.220756,62
54.149196,-3.209142,55
54.137732,-3.210475,61
54.117918,-3.236818,76
54.115465,-3.226738,77
54.116359,-3.231323,76
54.122249,-3.234390,74
54.120329,-3.205773,67
54.119121,-3.198035,64
54.125120,-3.200241,60
54.131877,-3.200409,60
54.144555,-3.229870,55
54.131321,-3.232673,62
54.125008,-3.230301,69
54.126853,-3.224355,70
54.119810,-3.215050,72
54.126190,-3.217216,70
54.123192,-3.221486,72
54.120245,-3.225184,74
54.111426,-3.205197,72
54.113099,-3.210374,72
54.115708,-3.206080,70
54.118309,-3.186502,51
54.113420,-3.196024,64
54.098171,-3.172289,35
54.128393,-3.179163,48
54.130496,-3.262497,53
54.107900,-3.255779,63
54.105021,-3.252521,66
54.102195,-3.255926,62
54.103720,-3.247584,66
54.069901,-3.221448,53
54.909485,-2.955319,60
54.908577,-2.952389,59
54.922400,-2.951686,58
54.917265,-2.943352,62
54.893873,-2.983583,55
54.890611,-2.963081,70
54.893275,-2.969284,65
54.897488,-2.975277,60
54.895898,-2.905319,65
54.889369,-2.903449,65
54.883943,-2.896218,63
54.883967,-2.888671,60
54.940976,-2.728609,43
54.937938,-2.743985,51
54.947223,-2.730531,49
54.903430,-3.041951,18
54.898948,-2.944485,77
54.895322,-2.958579,72
54.893805,-2.931619,80
54.891835,-2.954058,75
54.878903,-2.934610,67
54.880585,-2.925961,70
54.875199,-2.931493,65
54.886002,-2.929915,73
54.819685,-2.969742,23
54.889763,-2.946874,74
54.887996,-2.941364,75
54.880682,-2.942762,71
54.878281,-2.952300,67
54.869584,-2.707580,21
54.881534,-2.914295,67
54.878669,-2.896367,62
54.880611,-2.904432,68
54.874061,-2.898919,60
54.904313,-2.769352,30
55.002692,-2.633379,7
54.957517,-3.016206,25
55.010263,-2.966772,42
55.019571,-2.957593,29
55.077396,-2.770329,5
54.882164,-2.963868,67
54.877599,-2.965239,62
54.887569,-2.956685,71
54.883282,-2.957445,66
54.890089,-2.923111,78
54.893229,-2.913942,74
54.887832,-2.919013,77
54.895454,-2.920352,76
54.924712,-2.926858,47
54.953120,-2.828763,12
54.926484,-2.937633,33
54.909000,-2.925648,56
54.906317,-2.942424,70
54.905881,-2.934036,68
54.910990,-2.938546,67
54.873700,-2.907043,62
54.870706,-2.920947,58
54.873323,-2.917196,61
54.876580,-2.924760,65
54.896739,-2.853886,33
54.846890,-2.816635,26
54.898362,-2.876217,50
54.887252,-2.972549,63
54.883260,-2.974673,57
54.889383,-2.984808,55
54.888710,-2.983187,53
54.559538,-3.496713,28
54.456846,-3.545262,31
54.460884,-3.483992,27
54.325849,-3.359852,15
54.556756,-3.584369,63
54.556977,-3.562013,48
54.551966,-3.572252,57
54.530640,-3.528359,43
54.520261,-3.524647,51
54.506222,-3.501489,44
54.518576,-3.514722,53
54.592441,-3.560244,46
54.575856,-3.575852,46
54.493295,-3.544235,50
54.483313,-3.541908,52
54.514817,-3.548647,40
54.488845,-3.528041,57
54.475006,-3.548101,54
54.541729,-3.486776,43
54.535834,-3.498533,42
54.446883,-3.353676,26
54.549128,-3.589296,72
54.544251,-3.581253,66
54.539044,-3.577170,63
54.198385,-3.300741,31
54.535462,-3.558595,58
54.530404,-3.564536,56
54.543265,-3.557597,61
54.539921,-3.570417,62
54.544448,-3.568624,58
54.211415,-3.283038,55
54.216934,-3.272499,59
54.539020,-3.599093,58
54.540510,-3.589669,60
54.294463,-3.274145,12
54.531750,-3.575671,55
54.525916,-3.578907,52
54.520182,-3.574897,52
54.202425,-3.260604,57
54.209437,-3.262032,61
54.496985,-3.587231,30
54.531084,-3.587445,51
54.514895,-3.603505,39
54.401996,-3.474183,33
54.404583,-3.298575,13
54.772876,-2.414028,30
54.573837,-2.502181,45
54.579879,-2.484325,47
54.565892,-2.807864,15
54.480594,-2.349883,12
54.528244,-2.558557,12
54.648419,-2.825480,23
54.631466,-2.739850,31
54.664301,-2.985453,17
54.709362,-2.549719,9
54.799505,-2.841244,17
54.726235,-2.809889,21
54.444362,-2.312812,28
54.470653,-2.350439,46
54.642111,-2.624778,20
54.801483,-2.649175,11
54.723202,-2.633415,15
54.747673,-2.738295,18
54.650324,-2.438800,12
54.586471,-2.653178,11
54.436607,-2.582007,17
54.662575,-2.724003,51
54.665077,-2.745913,71
54.666438,-2.738562,61
54.692852,-2.755490,56
54.669105,-2.753117,71
54.673855,-2.759543,62
54.656660,-2.740277,67
54.660299,-2.751799,75
54.653297,-2.753598,69
54.663092,-2.771109,68
54.665959,-2.759413,74
54.499512,-2.729507,21
54.742254,-2.915576,9
54.567663,-2.939845,18
54.570283,-2.417272,12
54.211828,-2.758645,25
54.331183,-3.180929,23
54.255381,-3.162989,16
54.346074,-2.789298,32
54.201942,-2.723818,32
54.179734,-2.703008,34
54.196566,-2.974030,36
54.341803,-3.079301,22
54.222782,-3.101448,26
54.239834,-2.665900,20
54.192138,-2.919169,46
54.201380,-2.906137,48
54.181167,-2.922879,37
54.332881,-2.998771,15
54.165270,-2.985300,39
54.325366,-2.716884,58
54.333614,-2.722536,64
54.329827,-2.756420,71
54.317476,-2.753078,66
54.316329,-2.729139,61
54.322623,-2.756659,70
54.320542,-2.749277,71
54.338897,-2.736866,69
54.323025,-2.732595,62
54.310974,-2.727591,56
54.312198,-2.751929,60
54.339541,-2.749760,63
54.338405,-2.757004,58
54.201398,-2.596332,53
54.225039,-2.559576,32
54.437027,-2.961348,53
54.439255,-2.927683,45
54.454214,-3.053035,31
54.258763,-2.783576,33
54.180248,-3.119864,46
54.158727,-3.103367,22
54.129795,-3.136542,14
54.260917,-2.864445,16
54.229829,-2.765225,51
54.286696,-2.754418,32
54.305096,-2.455720,21
54.324261,-2.529417,43
54.262522,-2.951323,19
54.396564,-2.844938,32
54.181819,-3.078887,59
54.191760,-3.070952,58
54.202802,-3.091331,66
54.177009,-3.087288,50
54.194503,-3.092189,70
54.185486,-3.106756,60
54.366188,-2.680374,11
54.383616,-2.909147,52
54.365098,-2.900887,58
54.352179,-2.920410,47
53.102103,-1.376024,73
53.100327,-1.393982,76
53.094178,-1.371717,69
53.094828,-1.380606,75
53.092515,-1.393000,71
53.044493,-1.535072,23
53.111720,-1.507182,31
53.023747,-1.482774,73
53.026448,-1.468387,69
53.030550,-1.466698,62
53.025792,-1.451366,57
53.028128,-1.456747,60
53.034281,-1.453384,56
53.034039,-1.464312,56
53.032851,-1.496269,52
53.032878,-1.484943,68
53.036827,-1.470415,62
53.019491,-1.478287,66
53.014599,-1.466325,60
53.005292,-1.483886,60
53.042509,-1.366406,59
53.042926,-1.383704,61
53.035040,-1.386718,57
53.097034,-1.482903,42
53.078494,-1.484375,45
52.983064,-1.497515,57
52.980515,-1.479427,58
52.990512,-1.501017,58
53.046232,-1.460481,47
53.048377,-1.438386,45
53.059616,-1.472068,43
53.019507,-1.355754,70
53.026382,-1.372199,56
53.019981,-1.365139,67
53.012888,-1.339234,68
53.010326,-1.331635,63
53.009069,-1.346328,70
53.004582,-1.350599,64
53.013587,-1.364091,73
53.017489,-1.345824,70
53.013384,-1.351957,74
53.011236,-1.358073,74
53.055720,-1.356791,52
53.068666,-1.374797,65
53.066315,-1.354039,58
53.066969,-1.366701,61
53.007252,-1.425206,55
52.996398,-1.458162,51
53.019488,-1.409254,54
53.013454,-1.446681,55
53.008536,-1.432102,57
53.034853,-1.344172,65
53.022586,-1.342188,69
53.015800,-1.326424,70
53.054082,-1.414823,62
53.057631,-1.405253,65
53.056263,-1.388596,67
53.046129,-1.390113,64
53.043419,-1.401856,69
53.048734,-1.398185,69
53.035803,-1.413172,59
53.049371,-1.412001,69
53.045074,-1.418188,63
53.043831,-1.409184,67
53.000033,-1.383255,62
52.998630,-1.408336,51
52.989974,-1.426983,49
53.079621,-1.351517,59
53.077446,-1.363886,65
53.078260,-1.376977,68
53.086262,-1.375663,71
53.084444,-1.395121,58
53.077245,-1.387581,57
53.074985,-1.402798,62
53.071158,-1.391623,60
53.084361,-1.436600,36
53.295034,-1.291848,41
53.289135,-1.281013,50
53.122216,-1.337924,45
53.115822,-1.361137,48
53.132484,-1.330771,50
53.234858,-1.301912,56
53.252207,-1.298755,43
53.237729,-1.264122,58
53.230556,-1.278188,56
53.225629,-1.276148,58
53.227300,-1.306283,53
53.226026,-1.296557,58
53.224180,-1.289278,59
53.281598,-1.262756,57
53.278328,-1.248639,53
53.271858,-1.255380,54
53.255909,-1.243378,51
53.275093,-1.191239,46
53.260959,-1.211907,54
53.255396,-1.217522,55
53.087061,-1.330775,58
53.097597,-1.312186,59
53.093883,-1.329125,62
53.191488,-1.284915,41
53.183812,-1.247399,50
53.210645,-1.296828,52
53.230189,-1.207821,47
53.218022,-1.245398,43
53.203264,-1.209099,68
53.209832,-1.213642,65
53.212585,-1.226717,61
53.206226,-1.221391,66
53.191500,-1.210943,63
53.110221,-1.324990,59
53.108109,-1.336534,62
53.104365,-1.334635,64
53.105306,-1.356895,66
53.099881,-1.330817,61
53.094213,-1.348658,56
53.099466,-1.345254,63
53.166363,-1.329209,43
53.144703,-1.331900,51
53.144109,-1.338128,53
53.285746,-1.195821,45
53.295201,-1.216221,44
53.277769,-1.224382,47
53.270270,-1.407299,57
53.279512,-1.376500,49
53.279808,-1.414054,57
53.275006,-1.407001,59
53.260846,-1.395564,65
53.264370,-1.391854,62
53.263216,-1.404886,64
53.245412,-1.409272,63
53.253063,-1.393872,65
53.245269,-1.389225,56
53.256508,-1.411189,64
53.248468,-1.444154,71
53.238635,-1.434660,80
53.243483,-1.442964,74
53.240088,-1.446323,73
53.257573,-1.460469,67
53.261490,-1.435534,73
53.265193,-1.458198,61
53.259659,-1.444212,67
53.217589,-1.405090,66
53.223620,-1.411321,70
53.222641,-1.402812,65
53.217750,-1.418851,68
53.247193,-1.339530,50
53.250875,-1.370048,57
53.245791,-1.369352,52
53.256132,-1.377942,59
53.264314,-1.382077,57
53.234648,-1.448239,76
53.236510,-1.451428,74
53.232127,-1.442228,75
53.251181,-1.457364,64
53.251238,-1.470647,55
53.242629,-1.474481,52
53.244672,-1.462971,64
53.245856,-1.469300,59
53.245163,-1.452995,68
53.279336,-1.326812,53
53.268078,-1.326196,57
53.273208,-1.347628,62
53.258660,-1.347309,61
53.261467,-1.366224,64
53.260403,-1.362845,66
53.252764,-1.425735,73
53.252588,-1.439776,73
53.255888,-1.437130,72
53.268030,-1.418110,64
53.275235,-1.441953,63
53.262526,-1.423389,67
53.224546,-1.430496,72
53.225673,-1.439379,72
53.216849,-1.433997,63
53.220901,-1.433171,69
53.243495,-1.424497,78
53.248697,-1.433277,75
53.245066,-1.432921,75
53.228021,-1.408355,61
53.224092,-1.418798,70
53.235373,-1.405413,66
53.227595,-1.451521,68
53.227042,-1.460464,62
53.223408,-1.458504,59
53.222454,-1.447063,62
53.238861,-1.459451,65
53.232340,-1.461337,68
53.231616,-1.472322,61
53.223566,-1.472396,52
53.015491,-1.721275,56
53.024564,-1.716589,55
53.009714,-1.729682,56
53.007138,-1.717140,52
53.011936,-1.737941,59
53.198277,-1.680590,49
53.218228,-1.724633,46
53.205708,-1.676547,57
53.308292,-1.744794,36
52.957192,-1.643542,29
53.271558,-1.644641,38
53.081327,-1.664622,17
53.233761,-1.600655,40
52.990839,-1.709158,27
53.163102,-1.599532,50
53.159226,-1.564928,49
53.178720,-1.573372,45
53.089347,-1.749459,18
52.905208,-1.795152,31
53.201711,-1.811011,20
53.316124,-1.628504,42
53.319732,-1.669123,39
53.030917,-1.609823,25
53.175182,-1.732294,24
53.254618,-1.709970,25
53.104492,-1.551415,52
53.121924,-1.597300,42
53.155928,-1.537245,60
53.147746,-1.554192,62
53.133881,-1.567612,68
53.140983,-1.563975,63
53.138529,-1.541372,63
53.125034,-1.539001,59
53.138661,-1.516148,42
53.145600,-1.533610,59
52.944855,-1.762154,13
53.173714,-1.626371,34
53.286659,-1.790440,39
53.143357,-1.646141,30
53.073592,-1.565482,54
53.094681,-1.570140,42
53.082804,-1.587053,58
53.082353,-1.568577,60
52.985931,-1.320512,65
52.980726,-1.316557,71
52.978290,-1.325340,60
52.904948,-1.305282,61
52.904214,-1.323320,60
52.887224,-1.317492,63
52.985278,-1.307878,69
52.982926,-1.311393,71
52.988369,-1.301842,67
52.900623,-1.277005,80
52.912120,-1.285742,70
52.904871,-1.281322,78
52.907737,-1.296288,68
52.908464,-1.289689,71
52.902885,-1.286506,77
52.900687,-1.293085,71
52.901779,-1.351605,57
52.886893,-1.338090,61
52.929914,-1.321898,51
52.962380,-1.302391,76
52.952825,-1.292901,66
52.956101,-1.306528,65
52.970960,-1.300304,73
52.977909,-1.301120,74
52.976025,-1.303613,75
52.996978,-1.308820,62
52.994068,-1.318321,61
52.989954,-1.313630,65
52.953643,-1.319455,62
52.954123,-1.329489,62
52.959982,-1.320117,68
52.961182,-1.332803,63
52.975289,-1.456205,42
52.961165,-1.426165,50
52.974542,-1.314860,78
52.966786,-1.318518,73
52.963467,-1.309820,75
52.891282,-1.269216,76
52.890930,-1.274051,76
52.886696,-1.279335,71
52.884298,-1.269183,63
52.902732,-1.269303,74
52.900303,-1.259174,75
52.887755,-1.253602,68
52.896831,-1.267061,79
52.912842,-1.372564,57
52.901607,-1.373085,62
52.906775,-1.384292,64
52.928500,-1.367651,50
52.909606,-1.374035,60
52.963119,-1.293895,73
52.967412,-1.293418,70
52.966435,-1.302641,76
52.928508,-1.303123,64
52.929355,-1.288281,67
52.923226,-1.291966,73
52.913834,-1.295976,63
52.917651,-1.288714,69
52.919492,-1.295874,70
52.880243,-1.305000,61
52.878651,-1.279334,68
52.885706,-1.302263,65
52.879258,-1.293806,68
52.962531,-1.381757,47
52.974045,-1.360397,50
52.965235,-1.358941,51
52.948917,-1.363112,48
52.887434,-1.289008,73
52.888208,-1.295472,68
52.890276,-1.300499,65
52.894833,-1.293095,68
52.892983,-1.282868,75
53.268336,-1.894497,66
53.341251,-1.965354,42
53.349823,-1.918727,42
53.307139,-1.939267,41
53.247083,-1.946172,47
53.254177,-1.915099,72
53.254922,-1.906050,70
53.258251,-1.911151,73
53.332659,-1.882131,48
53.325637,-1.915883,53
53.321976,-1.922489,53
53.311632,-1.919638,49
53.274194,-1.920501,63
53.259760,-1.925076,65
53.250194,-1.903569,64
53.241446,-1.877635,51
53.234413,-1.903575,42
53.451825,-1.954520,63
53.446051,-1.987922,53
53.449153,-1.988906,54
53.463084,-1.976961,61
53.456833,-1.983042,59
53.450825,-1.976214,60
53.457839,-1.972808,63
53.382767,-1.912666,42
53.348742,-1.698040,35
53.390596,-1.799979,25
53.358957,-1.754463,43
53.443566,-1.959254,70
53.443084,-1.949585,72
53.438637,-1.953418,68
53.301731,-1.897102,37
53.272007,-1.848012,25
53.370735,-1.992146,55
53.363168,-1.971954,52
53.362303,-1.993980,59
53.370910,-2.003649,59
53.374011,-2.015183,54
53.361646,-2.004462,62
53.440314,-1.929584,51
53.449477,-1.936673,59
53.442867,-1.936376,58
53.465723,-1.965281,60
53.461518,-1.955161,61
53.452081,-1.906947,42
53.395854,-1.971125,42
53.438118,-1.971372,58
53.443442,-1.968729,63
53.434728,-1.958059,62
53.257922,-1.885105,59
53.259469,-1.900736,65
53.253932,-1.893981,58
53.247050,-1.920792,66
53.503780,-1.896369,53
53.314886,-1.982737,42
53.328049,-1.981087,53
53.342895,-1.999226,49
53.334349,-1.989410,49
53.435832,-1.942502,66
53.168935,-1.493332,28
53.283763,-1.537254,34
53.238948,-1.520569,38
53.207784,-1.481579,43
53.172476,-1.433655,54
53.173594,-1.414192,58
53.158504,-1.418239,58
53.158706,-1.403173,55
53.312629,-1.451657,60
53.311567,-1.460344,66
53.306908,-1.471936,72
53.311883,-1.469896,71
53.300779,-1.456317,70
53.295369,-1.472116,68
53.293973,-1.455833,59
53.290147,-1.467343,61
53.300301,-1.470325,72
53.311859,-1.491063,62
53.307858,-1.511915,57
53.311575,-1.375342,62
53.299187,-1.352301,66
53.301245,-1.370541,61
53.295450,-1.480206,65
53.298923,-1.497219,59
53.303414,-1.487443,63
53.199626,-1.401249,58
53.196372,-1.391647,58
53.207409,-1.387898,53
53.197789,-1.337325,49
53.186947,-1.359937,52
53.317645,-1.302352,53
53.324379,-1.315266,60
53.327880,-1.301427,53
53.318313,-1.323496,56
53.314177,-1.327247,54
53.323644,-1.324808,57
53.319625,-1.317455,58
53.190386,-1.382236,57
53.180047,-1.378689,55
53.182014,-1.395970,58
53.175508,-1.392977,56
53.162631,-1.378037,47
53.151695,-1.368380,48
53.145643,-1.412933,42
53.296851,-1.328141,50
53.320384,-1.416137,44
53.123686,-1.394703,49
53.130483,-1.419415,45
53.119799,-1.427692,37
53.134679,-1.401358,48
53.226163,-1.382216,55
53.224795,-1.344580,41
53.236027,-1.390441,57
53.202135,-1.414767,50
53.185602,-1.406668,57
53.190071,-1.408291,59
53.293270,-1.424043,46
53.207646,-1.447322,46
53.204337,-1.437027,48
53.196415,-1.427016,46
53.208086,-1.427349,52
52.882381,-1.367880,46
52.861737,-1.374095,39
52.855390,-1.446082,42
52.763867,-1.556158,66
52.762517,-1.565409,65
52.903095,-1.578526,49
52.884551,-1.590605,52
52.859091,-1.598218,45
52.776014,-1.513056,46
52.793823,-1.486373,33
52.784441,-1.541896,59
52.869628,-1.679544,51
52.866944,-1.685355,51
52.877206,-1.621245,55
52.868034,-1.618919,51
52.758983,-1.630613,42
52.742674,-1.590063,45
52.757780,-1.592054,48
52.835920,-1.431213,52
52.823736,-1.423025,55
52.819952,-1.423907,54
52.784490,-1.565536,68
52.788840,-1.561206,62
52.783852,-1.557506,67
52.780412,-1.548766,68
52.787365,-1.570198,65
52.786731,-1.575432,67
52.779687,-1.597883,57
52.781706,-1.570589,68
52.776369,-1.580949,62
52.777410,-1.572718,63
52.902274,-1.671315,21
52.809646,-1.572237,39
52.830001,-1.502190,35
52.838226,-1.556851,46
52.716227,-1.607683,36
52.742393,-1.665126,31
52.735457,-1.562061,44
52.865081,-1.513084,56
52.872567,-1.498911,62
52.877803,-1.501393,64
52.778387,-1.560336,72
52.773013,-1.556427,73
52.769226,-1.564620,70
52.770312,-1.573078,63
52.848995,-1.571484,48
52.859962,-1.550057,46
52.770486,-1.528017,59
50.781888,-2.993611,52
50.793744,-3.014355,54
50.768419,-2.999188,48
50.699401,-3.137325,33
50.785743,-3.407375,21
50.631530,-3.319657,45
50.648442,-3.336593,36
50.629811,-3.341798,46
50.636993,-3.332110,46
50.707252,-3.431934,35
50.737699,-3.068909,45
50.744221,-3.093327,38
50.757987,-3.146232,16
50.854252,-3.225318,19
50.776785,-3.522519,22
50.634634,-3.390539,55
50.646865,-3.381384,45
50.638761,-3.394928,51
50.637743,-3.386433,51
50.642165,-3.398637,45
50.634967,-3.404673,58
50.626940,-3.406929,68
50.636923,-3.412165,53
50.618819,-3.405343,70
50.613242,-3.394578,58
50.620236,-3.369089,54
50.620584,-3.392160,61
50.618221,-3.412424,74
50.622583,-3.407642,72
50.620409,-3.417440,69
50.624261,-3.412054,73
50.629536,-3.387227,56
50.627081,-3.394027,62
50.628242,-3.399095,64
50.633610,-3.397889,56
50.637788,-3.370999,51
50.788174,-3.283356,32
50.796264,-3.191052,64
50.795241,-3.197929,59
50.790949,-3.188467,55
50.792211,-3.208321,50
50.777497,-3.192809,52
50.800772,-3.197037,63
50.802981,-3.182042,62
50.798902,-3.173175,58
50.784903,-3.067913,22
50.755693,-3.032570,28
50.702448,-3.302846,29
50.842355,-3.130600,7
50.721159,-3.356116,25
50.727261,-3.285435,26
50.746294,-3.284545,46
50.751449,-3.256046,46
50.755398,-3.277715,49
50.677792,-3.334960,25
50.707633,-3.082626,51
50.705537,-3.067682,55
50.713979,-3.074168,53
50.719176,-3.073482,48
50.709670,-3.068269,55
50.722469,-3.211076,38
50.700160,-3.228979,49
50.704140,-3.239059,49
50.709224,-3.252444,48
50.693017,-3.234327,57
50.682624,-3.238146,56
50.682858,-3.254518,50
50.694933,-3.256621,54
50.823574,-3.260561,20
50.826026,-3.319953,17
50.727900,-2.995428,28
50.771220,-3.337772,25
50.676610,-3.396382,35
50.665531,-3.404493,33
50.649183,-3.424431,47
50.818187,-2.983274,24
50.855698,-3.047501,9
50.698841,-3.533682,63
50.704708,-3.534426,65
50.697644,-3.517110,60
50.712314,-3.526389,74
50.711770,-3.534416,73
50.707268,-3.545303,70
50.717248,-3.557399,60
50.717602,-3.551004,70
50.712209,-3.559712,62
50.712960,-3.550555,68
50.733797,-3.556138,54
50.723054,-3.559954,60
50.737666,-3.558381,51
50.728834,-3.549348,62
50.726047,-3.556291,56
50.723559,-3.546978,67
50.723168,-3.499045,71
50.721957,-3.506956,76
50.719188,-3.500558,72
50.724089,-3.503958,73
50.741226,-3.504614,60
50.737300,-3.500918,65
50.734405,-3.496616,69
50.747776,-3.497790,57
50.727528,-3.516283,78
50.724865,-3.519429,79
50.722178,-3.518160,78
50.730550,-3.517304,77
50.739302,-3.514931,63
50.735911,-3.520156,71
50.735872,-3.510586,68
50.751547,-3.517482,54
50.740640,-3.485282,62
50.743276,-3.475442,60
50.735595,-3.468196,61
50.734683,-3.482374,68
50.730901,-3.505050,71
50.732835,-3.513176,75
50.729619,-3.510616,75
50.726176,-3.509376,76
50.709886,-3.510247,66
50.701350,-3.502351,55
50.693797,-3.491074,54
50.716391,-3.505016,69
50.715495,-3.497332,68
50.708142,-3.503635,64
50.727717,-3.539124,76
50.723206,-3.535974,79
50.733020,-3.520938,73
50.730695,-3.523669,76
50.731187,-3.533048,75
50.728146,-3.527163,79
50.714030,-3.516583,65
50.718580,-3.517315,74
50.717800,-3.524632,76
50.719225,-3.483159,64
50.715261,-3.491146,65
50.718851,-3.546322,74
50.717768,-3.541341,78
50.713602,-3.545003,75
50.713568,-3.539156,76
50.728633,-3.496846,67
50.731397,-3.486668,69
50.727378,-3.475809,63
50.727089,-3.486366,67
50.723990,-3.491961,67
50.784113,-3.652629,60
50.792396,-3.645802,56
50.823223,-3.432162,26
50.839003,-3.525609,14
50.930135,-3.355612,27
50.971532,-3.375011,14
50.947188,-3.482693,51
50.908751,-3.488565,67
50.959065,-3.561591,5
51.002671,-3.472231,29
50.893791,-3.465351,48
50.896392,-3.475906,63
50.902925,-3.469051,57
50.860388,-3.385168,51
50.855206,-3.389372,60
50.851265,-3.380640,32
50.856190,-3.399440,57
50.851501,-3.398243,56
50.907396,-3.410704,25
50.792281,-3.659223,63
50.792253,-3.668590,57
50.880852,-3.375550,36
50.898153,-3.332125,36
50.889231,-3.374877,36
50.907229,-3.472085,62
50.910918,-3.474430,59
50.789397,-3.593187,20
50.827605,-3.673705,16
50.872425,-3.714509,16
50.813840,-3.471267,21
50.846538,-3.849657,7
50.881385,-3.819828,17
50.910695,-3.266749,21
50.915538,-3.196622,21
50.784657,-3.782047,16
50.874045,-3.605115,10
50.903907,-3.493410,66
50.899397,-3.498997,61
50.909565,-3.544826,43
50.880644,-3.511447,47
50.740091,-3.768755,11
50.780548,-3.692373,26
51.070170,-4.089527,54
51.065640,-4.090290,52
51.010680,-3.719585,12
51.132024,-3.928325,20
51.106634,-4.157928,57
51.125733,-4.131125,41
51.102301,-4.197559,41
51.113199,-4.171117,51
51.102382,-4.172319,57
51.080252,-4.058569,75
51.082610,-4.053448,71
51.076768,-4.050464,72
50.994582,-3.920746,10
50.927471,-3.847891,22
51.187731,-4.052133,30
51.201028,-3.939628,19
51.200892,-4.028091,37
51.074910,-4.025217,54
51.076574,-4.040248,66
51.074509,-4.033494,62
51.073811,-4.132745,32
51.069721,-4.154886,23
51.060458,-4.128457,34
51.166676,-4.157484,31
51.139951,-4.203624,28
51.096705,-4.127858,41
51.204966,-4.118907,61
51.209426,-4.119639,64
51.205869,-4.133898,63
51.207880,-4.111443,61
51.198631,-4.095298,48
51.201376,-4.125197,63
51.189840,-4.145746,46
51.199826,-4.135261,57
51.033753,-4.140414,17
51.068441,-3.980456,38
51.039184,-3.974761,24
51.034639,-4.048107,31
51.075289,-4.080820,57
51.073951,-4.067620,64
51.069994,-4.078742,57
51.206319,-3.800704,31
51.140110,-4.031384,18
51.068556,-4.049252,65
51.072120,-4.041129,68
51.073119,-4.050178,72
51.073348,-3.801626,15
51.086346,-4.074015,67
51.090898,-4.060689,62
51.089239,-4.052367,67
51.014384,-3.831174,57
51.016585,-3.857000,50
51.019491,-3.829872,57
50.953178,-3.702358,18
51.085088,-4.054327,69
51.083382,-4.033699,65
51.086416,-4.042607,61
50.340455,-3.750435,19
50.396057,-3.758941,17
50.431743,-4.097855,49
50.450881,-4.055642,30
50.435771,-4.091456,49
50.315621,-3.873948,14
50.434331,-3.943928,23
50.401055,-4.014677,32
50.445675,-3.720877,45
50.340315,-3.582177,44
50.350723,-3.580833,49
50.363805,-3.549282,24
50.354116,-3.607590,45
50.351261,-3.597316,50
50.432178,-3.639271,30
50.477013,-3.813334,14
50.350930,-3.877497,31
50.351372,-3.944388,19
50.403159,-3.869236,28
50.389787,-3.923555,57
50.391767,-3.908274,52
50.387294,-3.912489,54
50.392728,-3.915915,57
50.392657,-3.936192,49
50.389086,-3.931345,51
50.391880,-3.941579,48
50.282230,-3.765795,51
50.292259,-3.769279,57
50.463170,-3.602804,44
50.315993,-4.022803,22
50.239637,-3.815073,30
50.230801,-3.784456,41
50.250600,-3.725791,15
50.319151,-3.644057,22
50.420628,-3.810951,30
50.423011,-3.831785,30
50.259574,-3.676721,17
50.290850,-3.810880,21
50.433755,-3.682473,65
50.429947,-3.670282,57
50.430995,-3.705683,53
50.431214,-3.685759,70
50.422371,-3.691677,66
50.327855,-4.066672,34
50.330637,-4.102173,22
50.356165,-4.041702,36
50.368044,-3.658786,14
50.270426,-3.796450,51
50.352993,-3.990748,29
50.508845,-3.657039,34
50.504790,-3.613520,45
50.500250,-3.696852,26
50.522095,-3.629384,49
50.533109,-3.740882,37
50.517517,-3.760142,46
50.531479,-3.784475,32
50.483420,-3.784841,44
50.474548,-3.772361,44
50.570612,-3.544046,34
50.550121,-3.550423,37
50.581632,-3.663385,41
50.593101,-3.663943,43
50.571156,-3.653595,44
50.613170,-3.715398,24
50.594413,-3.676564,47
50.532630,-3.625632,67
50.529892,-3.632115,59
50.536557,-3.624391,63
50.530419,-3.588667,63
50.528720,-3.584555,60
50.525456,-3.581107,55
50.522111,-3.588349,58
50.518973,-3.579930,45
50.530900,-3.618756,72
50.531703,-3.597839,79
50.530885,-3.609478,80
50.538133,-3.613209,68
50.604188,-3.608569,34
50.616235,-3.581481,33
50.600601,-3.597681,37
50.608757,-3.647465,29
50.527292,-3.604911,78
50.527170,-3.615878,77
50.521356,-3.613386,68
50.517858,-3.602378,67
50.580865,-3.467087,67
50.587089,-3.475849,63
50.590984,-3.456174,54
50.587071,-3.465543,61
50.566985,-3.477472,43
50.576395,-3.475859,57
50.580643,-3.502734,58
50.560155,-3.676130,38
50.560855,-3.718677,20
50.488339,-3.639796,38
50.481465,-3.633275,34
50.660877,-3.479437,34
50.659835,-3.541661,32
50.683944,-3.493134,39
50.685659,-3.571832,34
50.621420,-3.472575,44
50.621355,-3.510286,31
50.519071,-3.560498,37
50.498438,-3.574732,42
50.490566,-3.586742,40
50.506685,-3.585656,43
50.550127,-3.591869,63
50.571017,-3.577296,42
50.541416,-3.590222,61
50.556155,-3.593560,58
50.551844,-3.598172,65
50.546276,-3.601938,68
50.566873,-3.619102,53
50.563241,-3.600905,54
50.670474,-3.756783,34
50.595071,-3.818443,8
50.535789,-3.514209,52
50.523554,-3.526595,32
50.726429,-3.616206,16
50.732038,-3.687221,18
50.549015,-3.500138,68
50.562477,-3.507562,53
50.553341,-3.502140,60
50.553165,-3.491340,57
50.563774,-3.491556,51
50.545413,-3.496297,67
50.558004,-3.513108,53
50.549244,-3.507548,66
50.549713,-3.514727,60
50.668958,-3.688921,17
50.670936,-3.653071,15
51.053536,-4.194196,43
51.051872,-4.211889,44
51.009309,-4.196282,56
50.996075,-4.139607,26
51.017602,-4.186095,52
51.017623,-4.209524,68
51.020503,-4.220861,53
51.023057,-4.208038,66
51.010103,-4.232353,49
51.013530,-4.211660,63
51.012761,-4.219341,54
50.717855,-4.308887,7
50.890786,-4.131980,12
50.987889,-4.413513,14
50.828028,-4.237178,10
50.761556,-4.264478,12
50.926805,-4.442240,16
50.991654,-4.483323,19
50.837578,-4.349682,28
50.815218,-4.357499,45
50.985998,-4.288966,18
50.967116,-4.208227,18
51.041341,-4.213229,50
51.035917,-4.212050,47
51.044067,-4.225954,42
51.027760,-4.220429,56
50.890726,-4.217516,11
50.815486,-4.414836,14
50.908823,-4.038233,14
50.952830,-4.153286,49
50.949471,-4.140342,55
50.953923,-4.130450,48
50.963889,-4.135888,49
50.966627,-4.051619,16
50.915640,-4.293234,7
50.882113,-3.950748,19
50.472571,-4.186270,21
50.480230,-4.190516,28
50.702718,-4.130142,9
50.495704,-4.128570,26
50.476330,-4.106852,25
50.502814,-4.028830,25
50.659057,-3.850436,31
50.710111,-3.849847,9
50.804020,-3.978630,8
50.823055,-4.088770,20
50.594346,-3.963484,24
50.602820,-4.095657,17
50.616236,-4.224449,8
50.804704,-3.889271,29
50.743978,-3.991008,56
50.739986,-3.993951,57
50.713102,-4.003611,49
50.741094,-4.002716,60
50.552521,-4.196081,15
50.550427,-4.146794,60
50.563260,-4.141821,51
50.539090,-4.158499,55
50.544954,-4.141940,57
50.538931,-4.130894,47
50.552637,-4.131352,52
50.535550,-4.142442,49
50.733083,-3.900216,20
50.659195,-4.241285,21
50.534376,-4.097555,24
50.509475,-4.091631,31
50.747500,-1.761928,52
50.754473,-1.770442,45
50.763296,-1.759107,42
50.736359,-1.752766,71
50.741312,-1.746286,67
50.741200,-1.754090,68
50.741843,-1.693367,56
50.739949,-1.709268,53
50.748403,-1.797124,64
50.749531,-1.784059,63
50.746637,-1.794010,64
50.733605,-1.744743,62
50.734680,-1.730815,50
50.728809,-1.741448,56
50.748839,-1.690338,53
50.748854,-1.705648,52
50.743912,-1.785483,72
50.740250,-1.788217,74
50.740618,-1.798400,72
50.731553,-1.755111,67
50.739313,-1.763103,69
50.733044,-1.766137,73
50.778081,-1.825833,40
50.748588,-1.805458,58
50.732761,-1.779790,77
50.742840,-1.719340,50
50.739952,-1.733108,56
50.748073,-1.717555,47
50.746037,-1.733811,55
50.902342,-1.844548,27
50.915887,-1.823380,28
50.809445,-1.905282,56
50.814496,-1.903872,53
50.809722,-1.948671,50
50.811333,-1.938974,51
50.815122,-1.956315,47
50.812799,-1.984987,58
50.804248,-1.964485,53
50.771692,-2.019806,53
50.766950,-2.019256,56
50.772675,-2.012979,55
50.779604,-2.033151,49
50.784697,-2.012817,48
50.759758,-2.015847,54
50.757916,-2.027702,51
50.913797,-1.925695,21
50.810828,-1.883782,59
50.814675,-1.894496,59
50.804650,-1.891942,68
50.805402,-1.868217,47
50.806675,-1.876553,54
50.798132,-1.880179,64
50.891633,-2.019544,11
50.956210,-2.005083,19
50.846948,-1.953407,17
50.778990,-1.876578,53
50.791492,-1.878895,57
50.788256,-1.892888,53
50.845298,-1.821864,38
50.836993,-1.828631,36
50.815358,-1.830110,33
50.832238,-1.850251,33
50.797788,-1.943264,47
50.809569,-1.917128,53
50.783723,-2.067860,29
50.812766,-2.062792,28
50.850257,-1.884492,43
50.855863,-1.867118,42
50.880545,-1.890313,45
50.881424,-1.884129,52
50.870115,-1.890512,48
50.874663,-1.873919,49
50.874056,-1.867351,46
50.883219,-1.857362,42
50.869541,-1.855413,34
50.886525,-1.873654,51
50.835924,-1.883058,50
50.823391,-1.893632,57
50.824249,-1.880980,55
50.825427,-1.867182,51
50.816170,-1.873451,54
50.802433,-1.981825,67
50.794909,-1.964151,57
50.798770,-1.990339,69
50.794727,-1.976407,64
50.784680,-2.264770,24
50.822222,-2.300760,13
50.790767,-2.193278,14
50.935427,-2.382036,21
50.954301,-2.379574,35
50.864455,-2.162916,62
50.867324,-2.152226,54
50.858398,-2.153546,61
50.860796,-2.168555,67
50.861411,-2.158849,65
51.030968,-2.331457,21
50.864454,-2.268152,14
50.918655,-2.115321,19
51.034783,-2.271666,62
50.884617,-2.209864,25
50.920925,-2.191321,22
50.914510,-2.241940,30
51.043636,-2.269287,55
50.872869,-2.377193,13
50.967031,-2.303887,29
51.057945,-2.277690,43
50.846907,-2.185677,51
50.819007,-2.156851,30
51.008184,-2.193651,62
51.013711,-2.185712,55
51.004598,-2.201887,57
50.929208,-2.317197,38
50.971214,-2.191893,21
50.988022,-2.275909,17
51.039508,-2.289576,54
51.031593,-2.295563,55
50.742877,-2.198846,22
50.643927,-2.018196,34
50.649832,-2.110928,29
50.603858,-2.021392,30
50.760453,-2.120758,32
50.765209,-2.080752,35
50.741567,-2.020385,54
50.751247,-2.039006,52
50.733184,-2.027996,58
50.739109,-2.073524,46
50.738728,-2.038774,54
50.717327,-2.119970,37
50.705079,-2.092946,43
50.612716,-1.971349,58
50.613116,-1.961230,59
50.624423,-1.970334,49
50.603778,-1.956353,57
50.607216,-1.963002,61
50.607313,-1.982626,52
50.598393,-1.972369,56
50.689544,-2.097429,59
50.689660,-2.124631,55
50.699835,-2.117316,51
50.694905,-2.114380,53
50.659720,-2.203281,20
50.690250,-2.277314,18
50.678363,-2.228532,45
50.677766,-2.224603,49
50.700455,-2.240106,33
50.828994,-2.732708,22
50.818748,-2.744913,42
50.809332,-2.733522,40
50.918312,-2.577660,27
50.746440,-2.738678,50
50.740172,-2.762129,57
50.736690,-2.757769,65
50.740229,-2.748283,59
50.728871,-2.760843,62
50.732732,-2.757604,64
50.719614,-2.750225,50
50.688944,-2.384908,22
50.822407,-2.815750,17
50.702735,-2.686367,24
50.897504,-2.493144,13
50.774933,-2.465201,24
50.751762,-2.468253,34
50.758746,-2.915635,33
50.680502,-2.581888,18
50.624164,-2.507098,52
50.638250,-2.501985,52
50.610394,-2.499992,56
50.603733,-2.489531,58
50.738322,-2.812134,36
50.714292,-2.426765,67
50.709069,-2.429168,68
50.708994,-2.418551,60
50.707052,-2.435231,74
50.703621,-2.447010,64
50.703377,-2.436182,65
50.707068,-2.451831,70
50.710079,-2.446202,73
50.709810,-2.459509,68
50.784513,-2.544065,13
50.851357,-2.623179,9
50.754394,-2.685403,30
50.725721,-2.943402,48
50.738117,-2.932091,47
50.778953,-2.609867,19
50.792838,-2.876071,11
50.772814,-2.758442,28
50.662370,-2.349518,25
50.715299,-2.327472,30
50.813538,-2.412640,14
50.764027,-2.342760,23
50.953642,-2.513058,24
50.956136,-2.508321,57
50.959034,-2.517873,60
50.949317,-2.513759,64
50.944516,-2.518074,63
50.941370,-2.532684,51
50.690986,-2.483767,33
50.884598,-2.583142,25
50.645733,-2.450545,51
50.643797,-2.454369,51
50.619009,-2.454602,68
50.612425,-2.454498,73
50.616581,-2.454433,70
50.621650,-2.451205,67
50.634886,-2.439724,50
50.649516,-2.416407,43
50.644688,-2.430289,48
50.627681,-2.450734,61
50.625802,-2.459235,66
50.542752,-2.432595,57
50.551527,-2.428789,49
50.546630,-2.448542,53
50.540347,-2.440558,55
50.527988,-2.446847,43
50.564378,-2.439763,47
50.663534,-2.480145,49
50.649628,-2.466634,53
50.611384,-2.467132,70
50.609238,-2.462850,70
50.619397,-2.465864,65
50.613672,-2.474811,63
50.622582,-2.477216,54
50.606911,-2.475974,64
50.609231,-2.482224,63
50.639519,-2.471123,57
50.631129,-2.470618,60
50.602148,-2.454347,66
50.605084,-2.459165,72
50.600035,-2.467114,65
50.604655,-2.467237,68
50.594171,-2.468186,57
50.591648,-2.480297,60
50.588106,-2.472962,57
50.597732,-2.475240,63
50.598751,-2.481365,60
54.854002,-1.539594,58
54.863256,-1.527492,58
54.856585,-1.583718,73
54.855217,-1.577083,77
54.850315,-1.574268,75
54.846064,-1.569801,72
54.865544,-1.580622,69
54.862039,-1.587550,67
54.861331,-1.571483,73
54.849454,-1.583633,72
54.845253,-1.582744,64
54.855461,-1.595508,62
54.852849,-1.588746,69
54.844838,-1.595424,55
54.843150,-1.626277,48
54.848696,-1.596654,60
54.864636,-1.650533,53
54.827703,-1.596732,51
54.840743,-1.525640,56
54.842598,-1.548832,56
54.833983,-1.549254,54
54.872888,-1.548425,60
54.871499,-1.578469,64
54.886918,-1.591700,52
54.882852,-1.598949,56
54.874035,-1.602671,62
54.867925,-1.602777,62
54.868597,-1.617718,56
54.858239,-1.614696,49
54.816992,-1.631124,61
54.827631,-1.642981,59
54.819378,-1.617414,60
54.883674,-1.631625,49
54.886160,-1.607026,47
54.860480,-1.723839,62
54.853925,-1.748295,62
54.859926,-1.739050,63
54.865464,-1.855291,57
54.870768,-1.852173,52
54.866667,-1.847032,57
54.859831,-1.862354,54
54.858639,-1.853022,61
54.861692,-1.842774,63
54.826972,-1.685838,38
54.902139,-1.750293,53
54.903743,-1.719227,51
54.901271,-1.742582,51
54.817404,-1.938227,39
54.864000,-1.744014,59
54.868270,-1.747012,58
54.849811,-1.828056,71
54.858465,-1.824409,72
54.862343,-1.829990,71
54.854332,-1.836389,74
54.845887,-1.870045,47
54.776686,-1.801464,31
54.865450,-1.682587,60
54.857323,-1.685207,61
54.850861,-1.667584,54
54.840704,-1.821750,56
54.836787,-1.810622,51
54.849233,-1.815191,62
54.878616,-1.769728,52
54.886881,-1.744613,51
54.896008,-1.798799,35
54.887703,-1.837622,38
54.876067,-1.819850,45
54.795926,-1.666368,51
54.797089,-1.674631,50
54.790673,-1.695987,43
54.873238,-1.699780,71
54.875178,-1.687281,67
54.886534,-1.679152,58
54.814584,-1.788003,39
54.824146,-1.739279,53
54.822606,-1.751458,53
54.867631,-1.803322,54
54.857463,-1.804289,60
54.852881,-1.789185,54
54.868664,-1.714204,69
54.861045,-1.707169,67
54.851134,-1.709449,59
54.864234,-1.695116,69
54.866787,-1.670968,61
54.868979,-1.690357,70
54.894999,-1.705484,52
54.881163,-1.728708,50
54.876060,-1.708780,56
54.786911,-1.642071,57
54.801661,-1.626132,52
54.810277,-1.632872,56
54.780693,-1.527694,66
54.785339,-1.521945,64
54.738073,-1.667344,58
54.750606,-1.632533,58
54.746872,-1.642130,49
54.756218,-1.643600,53
54.761416,-1.624039,60
54.794696,-1.532793,63
54.788907,-1.525856,67
54.786110,-1.544974,67
54.780073,-1.539021,72
54.740327,-1.525109,55
54.739693,-1.493689,46
54.726558,-1.556956,43
54.734838,-1.528905,57
54.712087,-1.509366,54
54.721234,-1.490945,47
54.718326,-1.461796,41
54.717999,-1.506018,54
54.785591,-1.581772,73
54.774486,-1.582102,77
54.772329,-1.587833,75
54.768290,-1.709032,50
54.761250,-1.710721,45
54.794317,-1.593342,74
54.810956,-1.557612,54
54.802401,-1.591476,69
54.795389,-1.583822,74
54.775965,-1.596848,69
54.772087,-1.625705,50
54.778721,-1.634232,58
54.802311,-1.567546,64
54.801246,-1.575705,70
54.799088,-1.565331,63
54.796460,-1.574978,70
54.793829,-1.570165,62
54.781792,-1.554319,72
54.778557,-1.553750,75
54.771615,-1.545822,70
54.792206,-1.480207,40
54.809630,-1.500237,53
54.820241,-1.517177,48
54.762883,-1.453795,41
54.780359,-1.505249,52
54.771247,-1.508363,52
54.755168,-1.530254,49
54.765177,-1.346183,64
54.768720,-1.352503,59
54.768904,-1.347482,62
54.750728,-1.298424,59
54.747975,-1.291397,60
54.833158,-1.341795,66
54.832659,-1.331756,66
54.825362,-1.330310,63
54.826069,-1.345369,56
54.755677,-1.315954,67
54.758812,-1.325665,69
54.755779,-1.332986,63
54.835512,-1.359033,67
54.835461,-1.364643,68
54.835495,-1.351837,67
54.831008,-1.364354,62
54.792676,-1.333864,53
54.795449,-1.322470,53
54.784098,-1.332843,53
54.804338,-1.350578,47
54.780448,-1.369583,55
54.763787,-1.336669,69
54.764758,-1.328812,69
54.770344,-1.337114,64
54.760995,-1.398605,54
54.755350,-1.372798,58
54.756889,-1.387421,55
54.780884,-1.428131,38
54.768987,-1.319573,68
54.776606,-1.318946,57
54.763864,-1.321492,69
54.766538,-1.309286,69
54.761360,-1.301384,63
54.753318,-1.356991,56
54.756573,-1.348284,63
54.759942,-1.354003,63
54.721648,-1.327603,31
54.825235,-1.373089,58
54.820948,-1.394590,56
54.812380,-1.404582,53
54.752405,-1.342566,62
54.747306,-1.339555,50
54.746260,-1.356298,47
54.760449,-1.342042,68
54.840247,-1.341707,67
54.840362,-1.353463,68
54.837260,-1.333406,70
54.838628,-1.393755,58
54.835414,-1.370636,64
54.746992,-1.405380,54
54.742705,-1.440851,49
54.735335,-1.410882,53
54.752863,-1.436600,48
54.723906,-1.416645,45
54.733662,-1.389805,54
54.736665,-1.379353,52
54.709438,-1.378830,52
54.678494,-1.490566,34
54.699305,-1.514119,45
54.688108,-1.541740,53
54.687617,-1.548835,59
54.629298,-1.648485,60
54.628236,-1.665139,57
54.660592,-1.554110,48
54.685255,-1.568077,58
54.686749,-1.560807,62
54.699050,-1.548599,56
54.691777,-1.414761,45
54.685077,-1.443258,44
54.680953,-1.432009,45
54.702354,-1.427977,46
54.627803,-1.595701,56
54.626436,-1.587709,61
54.630256,-1.603873,51
54.620225,-1.595649,57
54.709615,-1.603916,59
54.705859,-1.593267,68
54.703551,-1.601553,69
54.698847,-1.583995,65
54.695381,-1.644412,51
54.675133,-1.594746,51
54.690159,-1.615626,63
54.613889,-1.577106,64
54.614961,-1.564102,64
54.598008,-1.571592,54
54.711313,-1.419080,43
54.641182,-1.448737,38
54.660686,-1.453723,53
54.654543,-1.445102,54
54.622888,-1.566024,66
54.622673,-1.572706,66
54.622715,-1.543623,61
54.618481,-1.560838,64
54.692699,-1.604070,71
54.704417,-1.608262,58
54.642332,-1.628765,59
54.635044,-1.639529,62
54.624807,-1.628808,53
54.631508,-1.637671,57
54.717721,-1.597357,58
54.618680,-1.586930,61
54.619385,-1.579932,67
54.611600,-1.597421,46
54.624611,-1.581603,64
54.629925,-1.568542,57
54.629266,-1.577018,61
54.635715,-1.577868,52
54.638031,-1.565927,51
54.542826,-1.914919,60
54.545689,-1.902889,58
54.536458,-1.934491,51
54.549865,-1.922677,57
54.612885,-1.807332,37
54.581509,-2.012467,16
54.662095,-1.756811,32
54.624376,-1.719662,40
54.620847,-1.760014,43
54.632069,-1.779585,34
54.568846,-1.753580,26
54.501441,-1.980058,9
54.657307,-1.877546,16
54.578618,-1.857661,29
54.662491,-1.668686,69
54.668827,-1.691858,61
54.654190,-1.690554,68
54.651966,-1.681677,75
54.658564,-1.684682,74
54.665632,-1.622475,51
54.659807,-1.622234,52
54.678818,-1.653457,44
54.725392,-1.771132,56
54.713656,-1.745257,63
54.714819,-1.756204,60
54.712000,-1.761236,51
54.652378,-1.644735,52
54.647767,-1.666616,58
54.659251,-1.721621,42
54.655317,-1.701178,55
54.648349,-1.677340,70
54.652598,-1.670848,69
54.655422,-1.674236,73
54.704508,-1.765262,43
54.686781,-1.714758,37
54.745948,-2.222792,16
54.711132,-1.982515,31
54.776137,-2.073714,21
54.747629,-1.819823,42
54.742381,-1.756219,42
54.735249,-1.817558,39
54.630603,-1.716100,58
54.629123,-1.726493,51
54.709019,-1.739290,57
54.714110,-1.725353,58
54.710005,-1.676281,54
54.708328,-1.690293,60
54.703387,-1.699467,53
54.723720,-1.676833,45
54.719236,-1.712179,59
54.733353,-1.878271,41
54.732013,-1.887443,31
54.643028,-1.684731,70
54.648710,-1.694109,63
54.644677,-1.689514,68
50.773920,0.299463,76
50.769379,0.286630,78
50.769417,0.292614,77
50.781021,0.307870,71
50.775540,0.292432,75
50.777945,0.300770,74
50.772805,0.289222,77
50.805244,0.272161,63
50.805389,0.279083,63
50.801357,0.278947,69
50.799664,0.286246,68
50.796797,0.270513,70
50.794973,0.279370,75
50.807791,0.268755,56
50.809287,0.299101,59
50.807594,0.295317,61
50.806586,0.311341,60
50.805489,0.289368,58
50.802820,0.301943,66
50.802151,0.308249,65
50.811224,0.289436,55
50.761567,0.268186,65
50.763407,0.272424,71
50.766247,0.281427,78
50.764507,0.285969,76
50.761784,0.279248,71
50.775516,0.254041,71
50.776378,0.261705,75
50.782277,0.258530,69
50.780960,0.250965,67
50.772320,0.233848,65
50.772838,0.260997,75
50.766672,0.258372,69
50.792526,0.262647,65
50.796021,0.242700,57
50.786817,0.248337,65
50.785144,0.268129,69
50.804354,0.266219,62
50.800313,0.261995,65
50.792589,0.300875,70
50.782121,0.298493,72
50.787790,0.289424,66
50.779518,0.291192,70
50.798028,0.310237,65
50.802984,0.322070,60
50.796824,0.317831,64
50.790667,0.314065,66
50.790476,0.322666,58
50.786475,0.313341,65
50.785343,0.321749,60
50.783261,0.276887,71
50.771770,0.267647,77
50.773339,0.278089,77
50.776622,0.282019,74
50.773544,0.272364,77
50.769642,0.278377,78
50.879306,0.553664,66
50.885789,0.534691,46
50.886549,0.553826,63
50.877004,0.597681,58
50.868964,0.587677,62
50.876447,0.591304,56
50.864310,0.578866,68
50.861256,0.571510,71
50.865919,0.586175,70
50.856951,0.583214,72
50.855806,0.575537,74
50.861853,0.586451,71
50.861442,0.589953,70
50.854562,0.556943,73
50.854267,0.562296,74
50.854310,0.565899,73
50.851657,0.551346,68
50.883458,0.573619,54
50.883972,0.562022,58
50.878290,0.565958,58
50.857012,0.560681,73
50.863323,0.559756,75
50.859585,0.553698,72
50.859493,0.562826,73
50.876854,0.547520,66
50.881750,0.542773,64
50.877922,0.535353,60
50.872568,0.533107,51
50.855174,0.543599,62
50.854175,0.550097,67
50.860681,0.545114,62
50.865681,0.603553,66
50.868886,0.605708,66
50.861087,0.601017,66
50.857769,0.591556,72
50.873354,0.628934,62
50.878390,0.612447,62
50.866369,0.615913,64
50.876772,0.578809,53
50.869395,0.578768,62
50.870577,0.570571,59
50.874132,0.558556,68
50.870347,0.558174,71
50.866383,0.561018,72
50.872596,0.603355,64
50.864425,0.592693,68
50.868232,0.597302,65
50.852856,0.535400,65
50.849484,0.518928,62
50.862781,0.529135,55
50.872124,0.550837,69
50.870800,0.543761,61
50.866875,0.546285,64
50.918800,0.011760,28
50.971694,-0.083503,47
50.938394,-0.023353,33
50.963134,-0.020817,35
50.918521,-0.105908,44
50.805050,-0.023796,52
50.802352,-0.007002,58
50.808667,-0.011419,57
50.801750,-0.031931,59
50.796785,-0.019359,62
50.849392,-0.026576,35
50.880656,0.017837,64
50.884067,0.007644,55
50.876840,0.030703,74
50.879328,-0.000319,64
50.883441,-0.004668,55
50.875803,0.007842,75
50.866527,0.011004,76
50.870621,-0.000579,72
50.867822,-0.014562,64
50.878641,-0.013840,58
50.874600,-0.007837,68
50.785905,0.038507,62
50.788683,0.060069,62
50.803103,0.069082,52
50.799303,0.056407,59
50.791029,0.049610,68
50.793564,0.045635,70
50.792788,0.035072,63
50.799236,0.040620,63
50.979920,0.006477,42
50.965108,0.026217,39
50.886584,0.073079,37
50.897454,0.058514,50
50.902151,0.044642,47
50.833273,0.077338,45
50.792235,0.006699,62
50.786808,0.018304,58
50.793210,0.020391,55
50.802459,0.000053,57
50.799379,0.008225,55
50.807328,0.006462,53
50.792744,-0.005772,64
50.794252,-0.001044,64
50.797451,-0.001289,60
50.933004,-0.063038,39
50.918027,-0.056018,25
50.778142,0.099906,66
50.774932,0.103604,70
50.771299,0.099031,71
50.765262,0.135121,55
50.777675,0.121691,60
50.780233,0.138144,57
50.790290,0.118575,55
50.783451,0.121799,59
50.780549,0.107271,63
50.771032,0.117123,64
50.765667,0.114384,69
50.773989,0.112186,67
50.778364,0.091108,60
50.786433,0.083388,48
50.789860,0.098213,55
50.907767,0.480878,53
50.921700,0.504563,47
50.917810,0.463745,48
50.926379,0.616116,30
50.948101,0.585826,23
50.913622,0.574751,34
50.841031,0.467364,73
50.837925,0.469547,72
50.843170,0.473679,75
50.838255,0.449658,60
50.839438,0.458635,66
50.836784,0.438686,51
50.908147,0.413146,20
50.889150,0.509310,33
50.993996,0.395374,32
50.971626,0.375417,17
50.948483,0.465912,22
50.920658,0.682878,30
50.929604,0.747635,30
50.963151,0.775122,31
50.974855,0.543507,20
50.936495,0.540794,30
50.845584,0.442228,59
50.846720,0.452863,58
50.844673,0.460251,66
50.900672,0.628571,31
50.890819,0.673408,26
50.847193,0.478436,72
50.849968,0.482890,65
50.855524,0.485772,66
50.995665,0.619237,30
50.982782,0.629288,31
50.970018,0.686502,26
50.951873,0.737907,57
50.944197,0.724635,53
50.954744,0.724012,51
50.843282,0.493686,65
50.842906,0.482863,72
50.839404,0.480011,73
50.856680,0.434208,51
50.847604,0.423499,53
50.836044,0.400140,47
50.847515,0.492625,66
50.856092,0.508299,58
50.852703,0.496993,57
50.853483,0.456242,61
50.851053,0.463896,66
50.848266,0.470226,70
50.989584,0.463303,39
50.999861,0.508113,35
51.019282,0.471268,37
50.855177,0.469545,68
50.859314,0.473824,66
50.866003,0.467102,59
50.866609,0.467205,55
51.054465,0.422831,36
51.052645,0.413227,29
51.023407,0.401800,23
50.863617,0.150119,22
50.819158,0.138542,29
50.989420,0.153375,33
51.011064,0.156494,29
50.998613,0.085052,40
50.908711,0.177552,30
50.909149,0.126869,30
50.990492,0.221553,33
50.964171,0.233834,44
51.045006,0.175502,51
51.039070,0.169213,47
51.050295,0.171166,56
51.052218,0.189171,50
51.045367,0.188292,51
51.055898,0.167943,63
51.063279,0.169548,60
51.058443,0.181271,55
51.053267,0.140695,50
51.056425,0.157790,64
51.051095,0.162277,60
51.040706,0.150182,47
51.043798,0.038295,27
51.009555,0.023002,27
50.954208,0.071929,28
50.794073,0.189828,32
51.095180,0.046514,47
51.080123,0.013338,41
51.118430,0.051424,29
50.954713,0.167374,27
51.094303,0.266141,30
51.120827,0.147116,31
51.082434,0.166665,28
50.874309,0.280672,52
50.874599,0.256757,57
50.869711,0.256548,65
50.863753,0.260106,68
50.850653,0.278116,52
50.863199,0.270023,61
50.848753,0.246788,59
50.864416,0.241700,54
50.863633,0.252878,67
50.860403,0.248627,63
50.854645,0.256054,65
50.857868,0.262768,63
51.104819,0.090737,27
51.056309,0.092458,20
50.934667,0.318581,12
50.969925,0.292743,25
50.986568,0.279040,38
50.973060,0.253095,56
50.961804,0.257590,50
50.964553,0.249897,51
50.965293,0.258096,51
50.873917,0.248661,57
50.888061,0.325356,37
50.889755,0.321554,21
50.930697,0.236991,40
50.932148,0.254535,35
51.019063,0.258554,46
51.015826,0.281279,29
50.875953,0.428247,33
50.867666,0.379403,22
50.833798,0.331485,49
50.819781,0.366467,38
50.828060,0.288090,50
50.814376,0.309232,49
50.814526,0.282843,52
50.812594,0.346743,51
50.823128,0.246973,63
50.830769,0.245551,60
50.817895,0.249715,62
50.817267,0.233796,58
51.030533,0.190188,39
51.051785,0.224131,35
50.970739,0.086055,61
50.972237,0.096543,68
50.964852,0.093976,68
50.967879,0.102509,67
50.974540,0.104729,66
50.979466,0.091126,64
50.984570,0.098282,62
50.977976,0.113144,60
50.955718,0.101016,53
50.961411,0.098140,56
51.062315,0.293020,31
51.059414,0.342425,31
51.063695,0.325954,45
50.806277,0.250321,64
50.811527,0.262394,60
50.795895,0.219269,55
50.802050,0.255292,62
50.812796,0.241532,62
51.638418,0.437691,52
51.644859,0.437054,51
51.632647,0.427572,66
51.626718,0.422084,75
51.622349,0.447199,54
51.629262,0.438358,53
51.622176,0.430552,64
51.622946,0.417206,74
51.645424,0.410739,55
51.632912,0.411133,67
51.633670,0.419492,69
51.637591,0.411079,61
51.636259,0.397762,57
51.640113,0.424461,60
51.644451,0.429316,57
51.642182,0.417651,59
51.627720,0.398272,69
51.602433,0.404221,44
51.618824,0.402119,70
51.617839,0.406236,57
51.609514,0.447783,56
51.616206,0.427945,66
51.610710,0.429290,60
51.601520,0.467980,48
51.587602,0.412282,55
51.591201,0.440949,63
51.586035,0.429303,55
51.613356,0.487805,39
51.575501,0.474400,67
51.575570,0.466380,72
51.586886,0.482259,59
51.583386,0.461072,65
51.585876,0.493549,63
51.577098,0.484453,62
51.576756,0.491399,60
51.579759,0.477818,65
51.576852,0.417772,66
51.580811,0.425465,66
51.572239,0.418137,68
51.572026,0.410647,66
51.575447,0.393436,60
51.581052,0.435852,64
51.565417,0.406874,60
51.565818,0.417326,66
51.556549,0.430854,60
51.561608,0.423285,65
51.562403,0.400551,54
51.568322,0.408349,61
51.569190,0.425550,72
51.569529,0.441684,69
51.568462,0.432527,69
51.574531,0.432619,67
51.573714,0.425580,68
51.575561,0.442080,70
51.571603,0.436642,70
51.570663,0.448108,75
51.561834,0.443100,64
51.566268,0.470152,66
51.561113,0.451536,71
51.566128,0.446036,72
51.555406,0.464392,65
51.549957,0.486988,56
51.577466,0.517354,59
51.578607,0.501775,65
51.578243,0.510491,64
51.574614,0.506371,67
51.570442,0.502640,70
51.574010,0.497941,69
51.586980,0.503497,61
51.581964,0.507999,61
51.585032,0.517771,60
51.548936,0.511452,63
51.557919,0.493586,64
51.564762,0.536085,44
51.569054,0.522105,63
51.574313,0.514868,63
51.571375,0.513283,67
51.566573,0.506220,73
51.567046,0.499337,72
51.571107,0.461381,77
51.576647,0.454259,74
51.571208,0.477310,66
51.570669,0.470810,71
51.570992,0.482648,66
51.563067,0.483847,66
51.565217,0.477683,69
51.560604,0.484422,64
51.570538,0.491010,66
51.567378,0.486407,66
51.564074,0.493590,63
51.611871,0.515111,68
51.598191,0.505977,62
51.609307,0.520372,69
51.608596,0.510114,63
51.614717,0.504957,59
51.617432,0.524315,67
51.606026,0.549081,54
51.613056,0.528173,66
51.616196,0.541690,60
51.621990,0.513513,60
51.615360,0.534170,66
51.612862,0.548812,59
51.606427,0.542872,57
51.603932,0.520463,63
51.603889,0.529068,61
51.594322,0.537091,54
51.600292,0.540522,57
51.607614,0.528878,64
51.851462,0.546892,44
51.816750,0.569600,22
51.887443,0.574858,54
51.883334,0.558513,66
51.885459,0.584336,57
51.883434,0.575471,61
51.883695,0.567386,64
51.895035,0.548350,53
51.911275,0.553479,42
51.895899,0.573849,48
51.885744,0.553675,67
51.883494,0.536408,71
51.889419,0.548195,62
51.845727,0.622714,43
51.872081,0.630496,36
51.829349,0.650469,43
51.876414,0.531923,63
51.877702,0.548396,73
51.873505,0.542626,67
51.873597,0.580154,59
51.871241,0.571940,66
51.877942,0.578518,63
51.879575,0.570894,68
51.868651,0.548679,65
51.867666,0.560963,64
51.865411,0.556165,63
52.051227,0.416677,28
52.044311,0.458828,30
51.862563,0.712968,45
51.872654,0.683784,53
51.884375,0.675532,51
51.879187,0.603743,42
51.933164,0.577149,36
51.934298,0.635274,41
51.867489,0.524742,50
51.862825,0.530091,53
51.855367,0.520903,50
51.856881,0.528418,50
51.945165,0.633475,64
51.944178,0.644972,63
51.941064,0.651578,56
51.950515,0.643695,57
51.936263,0.630967,56
51.941550,0.627825,61
51.937541,0.635298,60
51.776593,0.591763,54
51.774057,0.601473,53
51.772662,0.595081,41
51.962454,0.588193,43
51.992624,0.635008,17
51.977125,0.586573,44
51.979733,0.558554,37
51.841006,0.682093,52
51.836222,0.703375,54
51.847260,0.728208,51
51.909277,0.489925,21
51.882299,0.500680,45
52.048983,0.642322,18
51.985683,0.722875,26
51.925250,0.710111,39
51.943190,0.691180,39
51.930452,0.694313,47
51.941241,0.443603,32
51.980314,0.462493,23
51.947676,0.520911,20
52.025340,0.517097,16
51.797616,0.647342,73
51.805100,0.644786,72
51.814734,0.628156,66
51.823946,0.627699,61
51.813873,0.639791,61
51.810973,0.643794,62
51.793142,0.639400,70
51.794569,0.625389,67
51.785564,0.640416,65
51.809544,0.620494,59
51.810480,0.625464,64
51.801241,0.609764,63
51.802953,0.631191,70
51.797889,0.621514,65
52.017674,0.574137,29
51.629716,0.300268,72
51.625171,0.290864,66
51.624234,0.304087,81
51.623693,0.296202,73
51.615696,0.317345,65
51.613225,0.326876,57
51.617197,0.285100,62
51.668567,0.291448,43
51.662972,0.306253,40
51.658462,0.232232,31
51.657045,0.295312,41
51.599162,0.355496,44
51.574413,0.352397,44
51.622526,0.348085,64
51.629798,0.349133,64
51.625612,0.371348,54
51.634502,0.361531,58
51.635415,0.350609,63
51.639986,0.348817,60
51.634116,0.340400,65
51.616698,0.335558,53
51.626015,0.333385,67
51.620049,0.332041,54
51.681643,0.363397,54
51.668759,0.394457,63
51.664735,0.377594,58
51.653094,0.366284,45
51.635110,0.293389,57
51.640384,0.300055,55
51.646005,0.277763,54
51.633103,0.289308,61
51.633104,0.317130,74
51.623894,0.318205,71
51.645078,0.327958,64
51.627829,0.260354,49
51.691092,0.325079,32
51.683782,0.280363,30
51.675016,0.309295,35
51.605232,0.296630,69
51.589175,0.302234,50
51.609722,0.311453,70
51.609724,0.301469,76
51.564169,0.547814,66
51.561917,0.552874,65
51.563863,0.561309,66
51.559261,0.562689,61
51.544404,0.569795,62
51.559643,0.573657,59
51.556311,0.593391,64
51.550197,0.580138,55
51.521772,0.587108,66
51.521772,0.573940,66
51.522134,0.566556,68
51.525280,0.586303,65
51.523762,0.579981,65
51.515669,0.606138,56
51.520133,0.607376,59
51.518164,0.620230,52
51.521014,0.613092,55
51.526816,0.597323,59
51.527353,0.590232,63
51.525508,0.616326,52
51.523892,0.599247,63
51.518779,0.601450,62
51.518882,0.593638,64
51.516449,0.587596,62
51.513724,0.592476,57
51.514914,0.561401,62
51.514235,0.577275,64
51.530462,0.549100,61
51.533536,0.587357,63
51.530575,0.575248,65
51.528779,0.581919,66
51.527066,0.569878,66
51.525855,0.573695,67
51.573916,0.592720,63
51.569336,0.589562,62
51.564119,0.590425,60
51.565541,0.580856,63
51.572487,0.553499,64
51.574879,0.551506,56
51.577013,0.556483,58
51.571137,0.547073,65
51.555768,0.624639,67
51.542823,0.612401,72
51.555775,0.616143,68
51.548457,0.598403,68
51.550480,0.547489,55
51.549205,0.558086,62
51.556931,0.546382,61
51.555819,0.558485,63
51.569357,0.556005,67
51.567350,0.572040,64
51.569852,0.563430,65
51.577667,0.574161,58
51.559931,0.599965,66
51.561150,0.606179,61
51.570036,0.604814,58
51.566210,0.622584,52
51.695761,0.586529,35
51.675713,0.571213,30
51.753600,0.549094,47
51.770540,0.534517,44
51.823592,0.505377,37
51.819830,0.444471,33
51.790182,0.472893,42
51.769537,0.458888,60
51.759080,0.475042,64
51.743838,0.506389,64
51.736057,0.515464,62
51.735209,0.501431,66
51.732649,0.498232,66
51.731590,0.511650,62
51.777523,0.391375,25
51.722244,0.367376,24
51.699157,0.465064,63
51.699683,0.478496,59
51.694555,0.475177,57
51.696271,0.492109,55
51.718073,0.454623,72
51.712884,0.473566,69
51.711789,0.468713,70
51.704860,0.454512,64
51.723977,0.504764,68
51.710329,0.510834,61
51.709075,0.501184,63
51.724617,0.488254,75
51.722317,0.495722,69
51.716233,0.492211,69
51.711976,0.491006,66
51.737986,0.564547,30
51.713435,0.562766,49
51.711343,0.594544,48
51.708246,0.535040,36
51.715255,0.590073,50
51.742032,0.460365,77
51.739075,0.457484,78
51.746637,0.457742,75
51.724294,0.478190,79
51.724717,0.461237,78
51.726898,0.472954,83
51.723511,0.468112,79
51.729059,0.466184,83
51.720497,0.477844,74
51.718270,0.468003,71
51.716359,0.478410,71
51.716382,0.472972,72
51.751657,0.472139,71
51.755266,0.466553,68
51.751435,0.460492,71
51.755434,0.456993,67
51.747724,0.468430,75
51.744499,0.467745,77
51.621569,0.526770,59
51.632015,0.532253,48
51.748196,0.452395,72
51.748015,0.439596,63
51.745262,0.443707,64
51.741880,0.448527,68
51.754522,0.442935,63
51.751915,0.446710,65
51.679075,0.425980,42
51.643001,0.497472,34
51.636473,0.629274,56
51.638903,0.603421,50
51.639730,0.608029,56
51.640885,0.616227,61
51.635658,0.614764,55
51.644857,0.623866,61
51.657164,0.616388,60
51.649772,0.613958,61
51.646552,0.617598,64
51.653707,0.596014,61
51.644550,0.607614,60
51.757132,0.487781,67
51.752176,0.504745,66
51.754045,0.498739,69
51.753076,0.491852,68
51.749196,0.501020,68
51.745016,0.482756,72
51.751019,0.480694,69
51.750087,0.490049,69
51.746591,0.495049,71
51.741019,0.494206,71
51.739348,0.482608,79
51.736755,0.488791,73
51.733124,0.487653,74
51.729766,0.448592,73
51.733631,0.450538,69
51.733702,0.426419,60
51.728482,0.416795,54
51.728355,0.407524,49
51.725516,0.431089,58
51.871710,0.906271,67
51.866056,0.901588,62
51.855819,0.892927,57
51.863853,0.910533,63
51.860130,0.906912,62
51.875211,0.901741,70
51.826083,0.778675,43
51.823163,0.837355,25
51.847116,0.863284,38
51.892159,0.890477,81
51.895918,0.905326,74
51.890073,0.911399,77
51.898610,0.886217,80
51.882120,0.894023,80
51.884545,0.883988,78
51.880828,0.880108,76
51.950002,0.948055,30
51.949001,0.997851,32
51.855543,0.947126,43
51.852599,0.923616,50
51.950446,0.892391,31
51.940706,0.817032,27
51.929097,0.875615,47
51.931232,0.761432,33
51.893245,0.750800,27
51.876206,0.927595,66
51.874745,0.913436,68
51.872878,0.922216,63
51.866256,0.930109,58
51.913538,0.913767,66
51.913356,0.921658,68
51.908578,0.923700,67
51.905831,0.916692,65
51.888388,0.864328,69
51.886730,0.850317,70
51.891212,0.853842,68
51.893330,0.869880,70
51.877567,0.753033,45
51.875364,0.773164,48
51.883408,0.902520,81
51.878494,0.911925,73
51.884114,0.915079,74
51.881234,0.911901,76
51.879065,0.869864,72
51.874828,0.855003,65
51.881378,0.854164,67
51.876405,0.861308,67
51.882419,0.863775,71
51.814678,0.935447,22
51.835246,0.912791,33
51.890729,0.940537,66
51.893858,0.935408,69
51.888084,0.944726,63
51.890323,0.931116,69
51.886356,0.938912,67
51.896890,0.917030,70
51.897882,0.925221,70
51.893841,0.924758,71
51.895157,0.945915,58
51.888724,0.922853,71
51.898162,0.933263,67
51.904201,0.943665,62
51.902357,0.928597,65
51.909207,0.931959,63
51.871172,0.873066,69
51.875794,0.873814,71
51.858942,0.874639,62
51.868803,0.862799,66
51.876233,0.886783,71
51.890477,0.833584,61
51.888752,0.840009,69
51.885066,0.843172,68
51.865311,0.845175,64
51.874917,0.829901,61
51.810366,0.762723,60
51.811728,0.740314,61
51.807374,0.732473,52
51.821249,0.747344,58
51.817820,0.740261,61
51.919737,0.837532,48
51.907123,0.856245,47
51.898442,0.814173,45
51.777095,0.927379,42
51.781338,0.919292,46
51.790769,0.935043,39
51.783129,0.909984,44
51.776566,0.911430,46
51.877749,0.950986,52
51.869079,0.970287,52
51.856777,0.958576,56
51.859014,0.969567,55
51.864232,0.958572,56
51.723212,0.074390,34
51.630260,0.054074,73
51.625584,0.052133,75
51.619457,0.047262,73
51.625619,0.030961,77
51.631508,0.031220,76
51.631873,0.042070,76
51.622456,0.040802,77
51.621900,0.107635,59
51.631427,0.084883,62
51.620108,0.068786,64
51.611866,0.064248,69
51.704149,0.225061,54
51.695447,0.247552,52
51.709989,0.247213,58
51.693824,0.127535,55
51.694974,0.115176,72
51.691743,0.104816,72
51.685883,0.113405,62
51.706565,0.104593,64
51.718068,0.131899,55
51.702027,0.110512,70
51.697171,0.101649,69
51.607546,0.087477,74
51.613770,0.090974,70
51.607503,0.074891,71
51.612625,0.082398,71
51.768474,0.172599,35
51.739614,0.298307,24
51.641761,0.133740,39
51.641759,0.075327,72
51.644925,0.066603,73
51.645309,0.076270,75
51.660799,0.087186,68
51.654100,0.092402,72
51.646918,0.085974,79
51.657281,0.081736,71
51.653430,0.078498,73
51.656826,0.074985,73
51.639335,0.038614,66
51.647676,0.043899,74
51.641362,0.049811,74
51.640421,0.061620,76
51.637457,0.064232,75
51.634885,0.057658,73
51.654769,0.067160,73
51.660772,0.054273,73
51.666520,0.073223,66
51.648436,0.062421,74
51.650155,0.073590,73
51.646948,0.055190,76
51.738814,0.001841,51
51.729390,0.011914,42
51.740720,0.034715,40
51.803549,0.166223,57
51.744212,0.224337,23
51.727740,0.171757,42
51.715800,0.174070,48
51.716167,0.154710,49
51.673991,0.175379,21
51.762505,0.032974,48
51.721089,0.247379,54
51.663584,0.099336,57
51.670405,0.102044,60
51.675354,0.099213,60
51.670608,0.030106,43
51.686736,0.014489,65
51.682406,0.009539,63
51.682664,0.017882,61
51.679092,0.023318,55
51.692733,0.010581,63
51.709103,0.019183,46
51.687449,0.006932,69
51.692895,0.027297,56
51.688089,0.029895,55
51.687858,0.022371,61
51.681087,-0.002449,62
51.695103,-0.009534,71
51.762286,0.118123,72
51.762914,0.111117,74
51.760315,0.122927,71
51.757632,0.107767,73
51.757518,0.114167,74
51.766352,0.148900,55
51.762777,0.137453,63
51.766925,0.140181,61
51.766157,0.131779,65
51.762185,0.145927,57
51.754909,0.069371,60
51.755230,0.078022,67
51.756182,0.086732,72
51.759984,0.070717,61
51.759289,0.081251,70
51.759161,0.138576,64
51.755333,0.129169,67
51.759677,0.129793,68
51.752227,0.121158,68
51.750808,0.114553,66
51.779681,0.082709,71
51.772728,0.066310,64
51.766583,0.077811,70
51.767197,0.085239,77
51.774691,0.090376,77
51.775604,0.121110,75
51.781849,0.111710,76
51.768624,0.121955,70
51.772325,0.116967,74
51.785780,0.123359,73
51.769794,0.102771,76
51.773432,0.110593,77
51.773388,0.098718,81
51.768436,0.110929,74
51.779302,0.101719,76
51.791066,0.141493,64
51.783623,0.136305,72
51.783586,0.131351,75
51.750181,0.102336,67
51.751186,0.092927,71
51.746902,0.099005,68
51.750811,0.108220,67
51.747433,0.091787,68
51.750092,0.083790,68
51.750693,0.076816,64
51.750333,0.069770,59
51.745256,0.077577,57
51.741755,0.088538,62
51.761362,0.092601,72
51.756554,0.096960,72
51.762759,0.101245,73
51.755522,0.101242,71
51.684972,0.753468,28
51.696422,0.721676,35
51.658577,0.743136,22
51.634687,0.813353,55
51.627920,0.827717,54
51.626066,0.818672,54
51.629339,0.805176,57
51.780788,0.704258,28
51.769660,0.685596,44
51.744674,0.698600,52
51.731312,0.732540,39
51.736481,0.694165,55
51.743561,0.675429,55
51.744735,0.688791,55
51.719746,0.703122,60
51.733742,0.682546,69
51.731815,0.674342,69
51.735296,0.658852,65
51.714552,0.683412,56
51.724369,0.678134,65
51.722763,0.682325,63
51.720948,0.660393,54
51.720416,0.673786,59
51.725085,0.671971,64
51.689780,0.768085,26
51.670020,0.782974,28
51.697829,0.812627,15
51.656292,0.657845,25
51.682586,0.662983,24
51.667254,0.812203,41
51.669174,0.828890,46
51.652674,0.868730,45
51.698599,0.900358,19
51.762491,0.854484,26
51.759539,0.752421,16
51.760305,0.807863,27
51.790681,0.775600,31
51.778814,0.660750,42
51.731276,0.633241,30
51.619521,0.685459,47
51.606536,0.774045,25
51.622475,0.747815,32
51.572448,0.779394,38
51.604421,0.607426,57
51.599159,0.610131,61
51.609821,0.581283,51
51.584822,0.878169,38
51.555644,0.797071,51
51.553954,0.811229,49
51.552944,0.778672,48
51.593582,0.603269,70
51.590638,0.591996,68
51.604220,0.690414,51
51.600156,0.683139,53
51.604216,0.684609,49
51.589599,0.696906,61
51.595772,0.702396,57
51.593955,0.692982,57
51.592506,0.661975,50
51.594063,0.680229,53
51.595455,0.654038,59
51.600678,0.657430,65
51.601753,0.652152,65
51.606320,0.658009,60
51.604180,0.666768,60
51.613691,0.660072,52
51.605920,0.638532,54
51.625562,0.640844,44
51.625302,0.609364,50
51.613145,0.620148,48
51.619662,0.613103,51
51.579011,0.637738,64
51.581633,0.628393,63
51.584421,0.625419,63
51.580583,0.618352,67
51.583511,0.617002,68
51.586316,0.620313,67
51.582158,0.711472,62
51.593824,0.711503,62
51.580682,0.673345,60
51.584091,0.707197,67
51.573310,0.709127,60
51.594022,0.589011,64
51.593290,0.583677,59
51.596568,0.594825,63
51.590338,0.628416,63
51.594432,0.613790,68
51.586622,0.609870,73
51.584653,0.585685,69
51.588128,0.601695,75
51.576626,0.617230,67
51.581371,0.606918,72
51.847926,0.999172,47
51.793754,1.143511,75
51.795294,1.136703,71
51.797665,1.147333,74
51.923333,0.964086,39
51.913272,1.015380,36
51.862013,1.147562,44
51.869639,1.191890,36
51.811725,1.133178,61
51.807045,1.133721,60
51.799090,1.113182,55
51.922159,1.131612,27
51.819359,1.032287,44
51.810769,1.014949,46
51.813442,1.044978,44
51.808224,1.024074,47
51.824145,1.005474,42
51.816058,1.178374,56
51.837824,1.253325,58
51.829580,1.245146,58
51.834320,1.238267,61
51.777757,1.105837,46
51.787304,1.108507,50
51.780014,1.118860,52
51.900401,1.177520,26
51.910590,1.228454,39
51.849478,1.068313,37
51.841418,1.250928,61
51.840207,1.238905,60
51.844501,1.245225,60
51.945028,1.287404,58
51.940911,1.285314,62
51.933324,1.274881,64
51.936782,1.267072,63
51.939508,1.273416,66
51.929836,1.238984,50
51.924064,1.253683,55
51.927221,1.265581,60
51.931800,1.258537,63
51.938135,1.258642,62
51.809054,1.205119,53
51.852264,1.230590,47
51.842559,1.226047,53
51.828481,1.211289,41
51.852392,1.254431,59
51.941397,1.030722,49
51.930028,1.044115,51
51.952230,1.051518,57
51.824749,1.137765,48
51.835594,1.154669,40
51.853099,1.120438,42
51.892345,1.091447,30
51.944115,1.071911,54
51.940254,1.087420,43
51.801230,1.142773,69
51.799045,1.134458,66
51.802743,1.135680,63
51.788805,1.152718,75
51.793147,1.149892,76
51.792244,1.157028,74
51.926287,1.207140,37
51.798383,1.125130,61
51.794102,1.124917,64
51.789963,1.129795,66
51.806614,1.184622,58
51.800156,1.183214,61
51.803017,1.190391,59
51.782081,1.131086,57
51.785430,1.143943,67
51.788798,1.142116,66
51.817124,1.150469,58
51.812250,1.159373,58
51.806892,1.161998,66
51.802879,1.151989,71
51.799566,1.155247,73
51.807843,1.150785,66
51.783629,1.070653,39
51.794689,1.046846,27
51.820082,1.095187,36
51.796937,1.167741,67
51.797036,1.161358,71
51.800422,1.171762,64
51.886497,1.009400,32
51.881169,0.997361,46
51.847535,1.034401,35
51.866286,1.276347,50
51.849815,1.261600,58
51.847737,1.268352,61
52.051851,0.301628,23
51.821913,0.372404,23
51.842234,0.244902,33
51.840987,0.187823,39
51.971007,0.146304,20
51.923067,0.249672,37
51.916559,0.225877,46
51.855818,0.464410,28
51.869044,0.368445,60
51.856310,0.352111,51
51.873544,0.376010,59
51.808996,0.217300,43
52.017314,0.179441,25
51.965851,0.217461,36
51.988990,0.201407,48
52.004330,0.238669,60
52.018725,0.226362,66
52.022272,0.239486,70
52.045942,0.255279,52
52.031209,0.243266,61
52.024641,0.254907,62
52.009758,0.246314,59
52.019903,0.251709,62
52.011262,0.257770,58
51.929159,0.202539,50
51.911926,0.186117,57
51.901178,0.193361,61
51.887382,0.218210,58
51.882788,0.193132,55
51.906740,0.413244,22
51.921296,0.147219,21
51.945518,0.360296,31
51.961714,0.338387,40
52.068456,0.219821,39
51.909024,0.314068,27
51.804857,0.300421,20
52.005042,0.376921,17
52.018416,0.117672,11
51.984610,0.287419,27
51.897646,-2.061983,75
51.901193,-2.062585,76
51.899556,-2.069964,81
51.892607,-2.057599,72
51.890637,-2.029374,66
51.893698,-2.112680,69
51.893149,-2.121514,66
51.889588,-2.133532,61
51.871258,-2.038102,61
51.880906,-2.052002,69
51.885797,-2.052810,70
51.881375,-2.042376,65
51.881940,-2.063845,62
51.870649,-2.060661,57
51.889453,-2.063639,71
51.893000,-2.071588,79
51.896237,-2.076156,80
51.885416,-2.072183,71
51.888491,-2.076282,75
51.908383,-2.113135,72
51.904852,-2.112554,73
51.905046,-2.120062,70
51.899042,-2.129386,65
51.898543,-2.088766,78
51.895898,-2.095694,73
51.896052,-2.083890,79
51.900323,-2.080632,81
51.877413,-2.087570,62
51.875672,-2.076053,59
51.883943,-2.080962,70
51.908576,-2.054328,69
51.905399,-2.043147,67
51.903665,-2.054007,70
51.904751,-2.060241,72
51.891029,-2.099312,69
51.892067,-2.090072,75
51.891451,-2.082575,78
51.886440,-2.088275,73
51.912456,-2.074976,66
51.909719,-2.062785,70
51.907339,-2.069528,77
51.903172,-2.068901,79
51.920195,-2.062764,61
51.913394,-2.051200,64
51.910377,-2.044136,62
51.917049,-2.042697,56
51.900726,-2.112879,73
51.897940,-2.109591,73
51.903860,-2.104424,72
51.899718,-2.102282,73
51.909099,-2.085398,77
51.907166,-2.080594,76
51.904312,-2.075758,81
51.907145,-2.076235,78
51.907183,-2.096993,72
51.900648,-2.095243,77
51.910067,-2.102144,72
51.912399,-2.106248,71
51.913687,-2.113506,68
51.914052,-2.122971,64
51.907637,-2.124880,67
51.917103,-2.089862,67
51.912931,-2.092795,73
51.925858,-2.096928,65
51.924100,-2.078840,62
51.884559,-2.121979,61
51.888458,-2.116922,65
51.884542,-2.111525,64
51.882168,-2.113120,61
51.879374,-2.104481,63
51.881495,-2.098484,65
51.888491,-2.108702,66
51.885900,-2.102145,67
51.757358,-1.871215,21
51.669194,-2.120569,22
51.930843,-1.721451,48
51.931382,-1.670772,22
52.020839,-1.738503,24
51.872448,-1.784298,43
52.044289,-1.810594,34
52.054331,-1.775509,47
52.069644,-1.756471,30
52.099183,-1.771874,29
51.832849,-1.946541,14
51.795958,-1.994222,23
51.719401,-1.949822,62
51.715854,-1.949287,63
51.712037,-1.949048,64
51.706505,-1.978702,60
51.707224,-1.973458,64
51.701099,-1.983466,59
51.716136,-1.968635,72
51.720812,-2.015450,65
51.727094,-1.963135,57
51.729973,-1.989647,45
51.705731,-1.960651,65
51.713084,-1.959970,71
51.710667,-1.965484,69
51.783255,-2.057486,13
51.727996,-1.778500,26
51.707846,-1.794901,40
51.707582,-1.773160,44
51.980532,-1.724625,19
51.694401,-1.853755,22
51.702795,-1.713954,35
51.680787,-1.755942,16
51.692838,-1.672305,37
51.989655,-1.704548,50
51.822611,-1.836645,36
51.792864,-1.746414,12
51.875978,-1.910303,23
51.642951,-2.162907,51
51.644874,-2.165457,50
51.641864,-2.152906,50
51.635299,-2.160721,50
51.698205,-2.049503,24
51.935577,-1.827298,19
51.670092,-1.970079,31
51.707363,-1.932078,50
51.716367,-2.522879,60
51.718600,-2.568389,35
51.766474,-2.462283,24
51.809028,-2.614969,46
51.863036,-2.450725,26
51.749801,-2.564470,41
51.754830,-2.581241,41
51.987082,-2.432269,16
51.819143,-2.616204,31
51.869694,-2.372050,32
51.821152,-2.496644,60
51.826640,-2.492987,60
51.821478,-2.536560,53
51.816728,-2.503713,54
51.836388,-2.505880,58
51.797320,-2.610211,56
51.796958,-2.627917,52
51.793294,-2.600322,52
51.800946,-2.599743,46
51.785599,-2.611866,52
51.781004,-2.600048,47
51.932579,-2.315301,23
51.701892,-2.618359,21
51.805452,-2.498474,33
51.809306,-2.493162,42
51.855869,-2.563998,31
51.845654,-2.542279,34
51.839819,-2.579563,28
51.721371,-2.519412,52
51.734119,-2.501840,50
51.725040,-2.528024,59
51.742791,-2.516465,46
51.866163,-2.483070,47
51.863723,-2.492709,40
51.856545,-2.513086,45
51.926373,-2.405516,48
51.929813,-2.403044,49
51.750836,-2.641315,20
51.768579,-2.612195,35
51.812152,-2.449942,32
51.831058,-2.385979,22
51.935133,-2.410256,36
51.751909,-2.539958,35
51.778667,-2.550770,31
51.971092,-2.353889,19
51.900409,-2.385721,20
51.638896,-2.649595,52
51.624964,-2.655360,27
51.674492,-2.646851,33
51.648647,-2.668572,55
51.836423,-2.207794,60
51.839322,-2.204041,62
51.844022,-2.209229,65
51.846982,-2.214638,67
51.844634,-2.201476,63
51.842910,-2.194444,61
51.851235,-2.204647,65
51.855475,-2.199466,67
51.854477,-2.222812,72
51.854300,-2.210044,67
51.851695,-2.217669,69
51.863128,-2.206643,67
51.856601,-2.229730,78
51.861121,-2.235368,82
51.859446,-2.230135,79
51.857091,-2.236284,80
51.858130,-2.239662,80
51.855189,-2.240891,80
51.852542,-2.234381,76
51.874020,-2.201993,65
51.870784,-2.208995,69
51.870502,-2.218446,70
51.866275,-2.217488,73
51.830177,-2.264847,67
51.826723,-2.257022,63
51.835096,-2.263564,67
51.832492,-2.256857,66
51.858698,-2.189249,66
51.855751,-2.183856,63
51.853108,-2.191311,65
51.848586,-2.189442,62
51.848332,-2.197165,64
51.860920,-2.193536,65
51.872330,-2.233871,77
51.876060,-2.241878,75
51.867907,-2.237422,82
51.865555,-2.227051,75
51.881702,-2.219918,60
51.878549,-2.231739,64
51.878923,-2.212924,64
51.881441,-2.206793,63
51.876007,-2.211722,68
51.874692,-2.222526,67
51.835502,-2.215446,61
51.830218,-2.221581,58
51.848842,-2.227266,72
51.843753,-2.223444,68
51.845818,-2.234313,68
51.840739,-2.217234,66
51.837469,-2.231272,67
51.852286,-2.251719,78
51.845958,-2.243783,74
51.851981,-2.244739,78
51.848564,-2.239221,76
51.851084,-2.255738,76
51.847994,-2.248901,74
51.856323,-2.250417,80
51.841166,-2.262998,67
51.843572,-2.252147,69
51.826172,-2.279821,71
51.823254,-2.289010,66
51.819045,-2.283134,66
51.833599,-2.280231,67
51.827386,-2.289166,65
51.830372,-2.277001,68
51.832550,-2.290627,58
51.839144,-2.241650,67
51.836508,-2.250688,64
51.828916,-2.245901,59
51.829566,-2.248698,60
51.714162,-2.238946,43
51.723458,-2.457127,25
51.705939,-2.440306,30
51.695423,-2.457755,41
51.750765,-2.134021,34
51.743963,-2.256110,57
51.741256,-2.245859,66
51.750626,-2.250330,57
51.747909,-2.245668,62
51.695250,-2.366846,55
51.694987,-2.337857,49
51.700194,-2.356166,53
51.699342,-2.383641,50
51.709388,-2.365861,49
51.698891,-2.375406,55
51.723951,-2.162678,42
51.727172,-2.143697,40
51.728676,-2.172639,42
51.730362,-2.162617,46
51.690693,-2.290710,31
51.710089,-2.327986,29
51.683034,-2.357781,59
51.674893,-2.337219,50
51.677815,-2.350557,57
51.690292,-2.361001,58
51.762329,-2.295571,41
51.752262,-2.235974,66
51.835386,-2.321335,55
51.817733,-2.288372,64
51.611772,-2.337415,33
51.709682,-2.200804,45
51.709896,-2.181502,45
51.703785,-2.161981,37
51.678537,-2.228808,44
51.694825,-2.216320,54
51.703258,-2.241239,48
51.697172,-2.232180,50
51.758768,-2.244735,50
51.783780,-2.190490,43
51.779964,-2.201022,34
51.794137,-2.139020,17
51.728025,-2.221905,49
51.738205,-2.233635,67
51.738148,-2.224293,64
51.773172,-2.339764,33
51.790727,-2.398644,19
51.731581,-2.389932,28
51.745366,-2.196288,60
51.744583,-2.291806,60
51.750940,-2.273683,62
51.753595,-2.283111,60
51.751188,-2.293640,60
51.742291,-2.272702,59
51.722891,-2.275538,45
51.730296,-2.254466,47
51.728724,-2.309191,44
51.726504,-2.207314,41
51.728856,-2.189333,44
51.739940,-2.199362,67
51.754507,-2.213750,64
51.673076,-2.444982,23
51.749057,-2.201342,68
51.651740,-2.349190,37
51.634087,-2.343225,47
51.638950,-2.345775,49
51.638789,-2.357429,53
51.844892,-2.157950,63
51.853482,-2.159697,61
51.848216,-2.152417,59
51.879844,-2.183847,60
51.872574,-2.165625,58
51.881966,-2.166885,59
51.884849,-2.192927,64
51.890688,-2.168624,63
51.884043,-2.185647,64
51.895103,-2.181413,54
51.938308,-2.080489,59
51.947125,-2.045126,60
51.934973,-2.020276,45
51.949370,-2.083843,61
51.945072,-2.071415,62
51.952238,-2.071447,55
51.891845,-2.233968,58
51.945802,-2.153506,40
51.922559,-2.217406,30
51.893783,-2.278996,37
51.863213,-2.303783,37
51.956918,-2.238220,17
51.886213,-2.198186,60
51.898185,-2.202890,54
52.008876,-1.941987,16
52.002279,-2.111561,55
52.009879,-2.115286,53
52.000708,-2.118599,56
51.966355,-2.083772,35
51.866977,-2.103535,49
51.998841,-2.132824,63
51.974854,-2.166178,57
51.985481,-2.156407,65
51.989246,-2.153190,68
51.991879,-2.165802,72
51.999334,-2.150103,67
52.001186,-2.144920,61
52.028234,-2.155928,30
51.920623,-1.929249,43
51.955024,-1.974383,48
51.967124,-1.992472,29
51.977183,-1.917285,41
51.280724,-1.025280,50
51.262496,-1.018619,38
51.265689,-1.042086,50
51.284917,-1.046627,58
51.274079,-1.057971,55
51.327881,-1.182073,31
51.357635,-1.169082,49
51.246169,-1.116424,70
51.244345,-1.100526,64
51.247269,-1.105956,69
51.238424,-1.116434,63
51.242989,-1.123431,67
51.241812,-1.113668,68
51.242493,-1.108193,65
51.257199,-1.099181,74
51.262491,-1.101684,76
51.257035,-1.125432,69
51.255803,-1.131092,66
51.258948,-1.135295,62
51.259382,-1.128797,68
51.308180,-1.316078,24
51.335479,-1.323914,29
51.321635,-1.040862,33
51.334020,-1.051991,41
51.327773,-1.017188,27
51.359512,-1.085765,30
51.286993,-1.058046,61
51.291894,-1.061796,60
51.295893,-1.056262,55
51.292850,-1.049951,55
51.357948,-1.375900,32
51.350643,-1.405860,25
51.263526,-1.073951,71
51.260401,-1.089620,80
51.252639,-1.088202,67
51.251086,-1.100656,68
51.257998,-1.070694,62
51.255516,-1.079099,69
51.240213,-1.129894,62
51.235586,-1.122427,57
51.236348,-1.130368,59
51.231633,-1.127448,54
51.337356,-1.362205,26
51.274812,-1.405244,15
51.249449,-1.126542,65
51.252664,-1.139768,61
51.244992,-1.143000,54
51.238001,-1.144796,53
51.242181,-1.135981,57
51.301091,-1.227075,33
51.321130,-1.240408,41
51.341062,-1.241713,27
51.276670,-1.069294,71
51.277103,-1.083915,71
51.275740,-1.092448,72
51.271902,-1.084123,76
51.257272,-1.177380,49
51.252740,-1.190664,40
51.246633,-1.178232,46
51.266670,-1.158101,44
51.207023,-1.181417,31
51.234292,-1.260857,37
51.244989,-1.260390,49
51.237957,-1.263497,48
51.332864,-1.118678,40
51.355028,-1.117881,44
51.287455,-1.082575,63
51.281598,-1.081022,67
51.280733,-1.089723,69
51.279540,-1.101088,68
51.301225,-1.140143,40
51.251862,-1.112777,71
51.255667,-1.120734,70
51.259296,-1.113031,72
51.262781,-1.119018,70
51.258518,-1.107321,72
51.352727,-1.146581,58
51.351875,-1.157181,57
51.354691,-1.135958,59
51.357650,-1.155771,58
51.351494,-1.132481,56
51.343835,-1.139344,55
51.344218,-1.132192,54
51.336968,-1.149238,54
51.185611,-1.115628,10
51.227269,-1.030166,25
51.247961,-1.325041,48
51.221870,-1.362674,48
51.235152,-1.346463,53
51.271010,-1.126168,64
51.272085,-1.115226,67
51.267775,-1.119185,68
51.262768,-1.140333,62
51.274968,-1.121461,63
51.157341,-0.983086,66
51.153243,-0.985091,66
51.143419,-0.968744,64
51.154130,-0.968322,72
51.156353,-0.972400,69
51.149312,-0.973459,75
51.148477,-0.979238,71
51.162056,-0.970204,60
51.159632,-0.975688,65
51.191189,-0.865815,36
51.161186,-0.886554,25
51.071293,-0.796160,51
51.078507,-0.799113,55
51.091798,-0.778408,44
51.090494,-0.817679,35
51.078620,-0.808069,55
50.941186,-0.994698,49
50.936248,-0.972053,43
50.941278,-1.008210,47
51.140787,-1.036731,23
50.986850,-0.998989,23
51.101749,-1.034950,41
51.121418,-1.050997,44
51.102912,-1.054177,44
51.124658,-1.073407,34
51.040042,-0.981287,28
51.111883,-0.757989,51
51.117841,-0.813490,35
51.112940,-0.832884,43
51.118434,-0.797046,30
51.135827,-0.816611,28
51.182470,-0.969920,21
51.164744,-0.948762,56
50.924408,-1.024603,48
50.931625,-0.998627,52
50.927097,-1.000726,52
50.919250,-0.986819,58
50.910582,-1.012837,58
50.916391,-1.006619,58
50.911390,-1.006712,60
51.118787,-0.846193,52
51.038942,-0.889858,52
51.045272,-0.909582,49
51.038301,-0.879100,41
51.012616,-0.944293,64
51.004451,-0.949807,65
51.000853,-0.943939,64
50.995316,-0.942423,62
50.998115,-0.919890,52
51.005540,-0.918020,62
51.013243,-0.924408,60
51.079505,-1.034504,26
50.882921,-0.970692,48
50.891784,-0.969093,45
51.116479,-0.917368,27
51.064379,-0.919255,23
51.055832,-0.869442,36
51.106513,-0.861699,58
51.110152,-0.860475,64
51.108462,-0.852660,60
51.113381,-0.850195,60
51.116518,-0.859262,62
51.126424,-0.860131,51
51.102448,-0.865783,55
51.079448,-0.862881,43
50.970555,-1.321344,59
50.964769,-1.311602,56
50.959907,-1.319533,55
50.967018,-1.307200,58
50.979645,-1.322711,55
50.978295,-1.338743,60
50.970620,-1.329705,62
50.963947,-1.331687,65
50.901689,-1.290205,58
50.907681,-1.276964,56
50.889161,-1.320367,63
50.884634,-1.322524,59
50.893929,-1.331624,62
50.894068,-1.306562,56
50.883656,-1.313037,60
50.979292,-1.374521,69
50.983415,-1.372305,71
50.985048,-1.379601,73
50.976733,-1.379448,66
50.974204,-1.390838,66
50.989226,-1.386098,66
50.983309,-1.388738,69
50.969337,-1.355728,79
50.972935,-1.364582,74
50.965813,-1.358310,77
50.961249,-1.344475,74
50.970001,-1.346859,76
50.982265,-1.351328,67
50.976803,-1.349715,74
50.978481,-1.361069,71
50.981609,-1.363815,66
50.990126,-1.353374,54
50.963283,-1.373102,66
50.960095,-1.357868,72
50.972286,-1.384443,66
50.968384,-1.377272,64
50.967483,-1.279988,51
50.976383,-1.303726,52
50.966104,-1.303083,58
50.964105,-1.295063,58
50.956966,-1.303491,52
50.949919,-1.294377,48
50.858476,-1.319204,52
50.874985,-1.330373,53
50.863785,-1.328736,52
50.932311,-1.298513,57
50.928814,-1.294349,56
50.923053,-1.290044,59
50.913795,-1.296155,62
50.910893,-1.300488,62
50.909873,-1.312231,62
50.907497,-1.316514,57
50.906295,-1.298920,56
50.920436,-1.306500,66
50.917442,-1.298286,64
50.916671,-1.313125,63
50.924355,-1.300858,64
50.988489,-1.365674,68
50.990951,-1.372896,68
50.997498,-1.368100,59
50.994458,-1.392049,57
51.001501,-1.386720,53
50.995858,-1.381855,63
50.879525,-1.353576,58
50.877771,-1.347720,59
50.876772,-1.342699,59
50.942118,-1.323242,52
50.930420,-1.332825,60
50.934058,-1.343263,64
50.931342,-1.352374,67
50.928378,-1.349296,67
50.926162,-1.343009,66
50.922300,-1.327069,65
50.872351,-1.164837,60
50.857302,-1.165536,67
50.856305,-1.178885,72
50.850565,-1.178134,75
50.842025,-1.179552,67
50.862300,-1.186943,64
50.863700,-1.194467,63
50.856321,-1.193615,69
50.853915,-1.186944,78
50.874669,-1.195148,51
50.864215,-1.208532,61
50.865372,-1.208605,58
50.862786,-1.219786,59
50.860062,-1.201650,63
50.859408,-1.210666,65
50.849902,-1.193262,74
50.844072,-1.194929,70
50.847984,-1.183858,73
50.841349,-1.186931,72
50.846178,-1.199579,71
50.848057,-1.204986,67
50.849473,-1.210426,65
50.856362,-1.218300,63
50.854634,-1.201858,66
50.814378,-1.216744,60
50.820846,-1.233200,48
50.817560,-1.222334,55
50.829273,-1.227488,58
50.823275,-1.224171,58
50.864937,-1.265377,65
50.862860,-1.271628,66
50.860147,-1.276292,63
50.859172,-1.266537,62
50.868660,-1.269696,70
50.872249,-1.266559,69
50.866285,-1.285449,60
50.861523,-1.286060,59
50.857877,-1.282096,58
50.874511,-1.276570,67
50.842934,-1.143186,66
50.840702,-1.134021,67
50.839339,-1.119650,69
50.841139,-1.126403,71
50.854912,-1.124043,70
50.846967,-1.122112,74
50.846348,-1.131757,72
50.850076,-1.157820,58
50.850993,-1.128768,69
50.852482,-1.137081,65
50.848831,-1.152188,60
50.847845,-1.143983,62
50.880567,-1.258743,62
50.891260,-1.267180,56
50.874989,-1.296464,52
50.883331,-1.278291,58
50.828560,-1.218991,61
50.826724,-1.213322,62
50.817533,-1.197932,60
50.864112,-1.247640,53
50.834656,-1.240808,50
50.852019,-1.240621,58
50.851621,-1.219560,62
50.848192,-1.223028,59
50.854645,-1.264812,58
50.854310,-1.254203,54
50.867460,-1.259176,65
50.862603,-1.257831,66
50.858023,-1.258236,63
50.851605,-1.272394,56
50.848483,-1.300212,51
50.841286,-1.278624,42
50.857676,-1.295858,56
50.784592,-1.155130,65
50.789047,-1.168249,59
50.789723,-1.149617,70
50.789219,-1.142903,71
50.784313,-1.127232,52
50.780478,-1.141881,61
50.828448,-1.180267,69
50.830490,-1.175271,69
50.834558,-1.171733,67
50.826160,-1.173268,70
50.828232,-1.160783,67
50.816814,-1.168622,68
50.803390,-1.154012,72
50.801940,-1.147033,73
50.794803,-1.133271,76
50.795452,-1.136723,75
50.810153,-1.148500,72
50.819041,-1.151175,67
50.813241,-1.149936,71
50.806455,-1.144671,71
50.805880,-1.148767,72
50.803899,-1.140860,72
50.807720,-1.167150,66
50.805864,-1.176102,62
50.808856,-1.141577,69
50.812705,-1.139399,66
50.806763,-1.192553,59
50.801311,-1.202113,61
50.807432,-1.203198,58
50.792051,-1.184608,56
50.794263,-1.143310,74
50.797455,-1.146751,73
50.799618,-1.139808,73
50.816781,-1.174994,66
50.821800,-1.177768,66
50.821431,-1.183234,63
50.794280,-1.156517,68
50.790679,-1.158900,65
50.795870,-1.151652,71
50.816879,-1.162685,70
50.812244,-1.164235,69
50.811892,-1.177133,64
50.791841,-1.130087,72
50.788722,-1.136527,72
51.314686,-0.808195,54
51.325091,-0.772529,66
51.332518,-0.783723,66
51.264768,-0.835139,57
51.260774,-0.829567,56
51.270488,-0.819100,54
51.257094,-0.848929,48
51.261147,-0.842355,56
51.262788,-0.852089,54
51.231799,-0.861635,34
51.235860,-0.864053,39
51.337548,-0.945251,16
51.341127,-0.877190,34
51.286570,-0.841820,65
51.278446,-0.834800,63
51.280688,-0.840479,70
51.270571,-0.840355,62
51.270187,-0.845572,58
51.272648,-0.833173,59
51.290010,-0.809366,48
51.282612,-0.822220,56
51.277832,-0.819736,54
51.287049,-0.827439,59
51.275219,-0.856582,59
51.274212,-0.850187,65
51.336006,-0.788274,66
51.338385,-0.791993,66
51.337459,-0.799843,65
51.330745,-0.801277,64
51.306839,-0.925035,44
51.308159,-0.873823,47
51.297842,-0.916307,46
51.283108,-0.949638,53
51.299071,-0.969964,47
51.285366,-0.972605,53
51.284084,-0.963327,58
51.282046,-0.951226,54
51.260416,-0.909075,36
51.247881,-0.952297,50
51.258597,-0.945885,51
51.338663,-0.822019,63
51.332974,-0.816619,60
51.343194,-0.824929,63
51.346553,-0.834261,58
51.346453,-0.843673,56
51.339104,-0.844342,61
51.329273,-0.829642,54
51.335036,-0.843145,58
51.328207,-0.842038,58
50.865407,-1.008692,68
50.864574,-0.997003,70
50.875201,-1.006171,65
50.868404,-1.007352,66
50.871896,-0.978959,71
50.862018,-0.984019,72
50.865140,-0.986235,74
50.879915,-0.987318,67
50.861283,-1.010236,64
50.859539,-0.994981,70
50.853209,-1.006775,63
50.855788,-0.988963,73
50.856477,-0.999030,68
50.862197,-0.976660,71
50.874337,-0.970171,63
50.869818,-0.966193,64
50.863878,-0.970364,68
50.869506,-0.973418,68
50.895034,-1.008971,66
50.899942,-1.021886,61
50.897642,-1.018317,64
50.891075,-1.009134,63
50.888448,-1.012606,58
50.856879,-0.934267,58
50.866766,-0.940382,52
50.857596,-0.943998,56
50.850714,-0.948777,62
50.846172,-0.950213,59
50.846647,-0.938103,66
50.893481,-1.039825,63
50.893352,-1.025977,69
50.900326,-1.027882,62
50.901318,-1.032930,60
50.896922,-1.035249,62
50.781195,-0.952324,46
50.815237,-0.965052,47
50.791666,-0.971637,61
50.785617,-0.962942,52
50.783409,-0.970575,55
50.783999,-0.948513,41
50.786107,-0.993195,54
50.795559,-1.003534,45
50.812383,-0.979998,45
50.789524,-0.981837,62
50.796443,-0.985273,55
50.859084,-1.048233,61
50.865563,-1.043708,66
50.857361,-1.022687,65
50.864177,-1.034920,65
50.858822,-1.041439,61
50.859087,-1.031948,63
50.844119,-0.986525,67
50.850880,-0.971602,68
50.862516,-0.963457,60
50.857089,-0.975900,71
50.853462,-0.960949,59
50.871614,-1.034879,68
50.869925,-1.023053,66
50.867318,-1.024455,67
50.871734,-1.040132,67
50.874516,-1.024966,67
50.873930,-1.018016,62
50.874434,-1.031446,69
50.884681,-0.998594,63
50.875218,-0.995687,67
50.871986,-0.994319,69
50.871107,-0.989732,70
50.866944,-0.991987,73
50.884484,-1.016531,61
50.884205,-1.024984,66
50.880136,-1.032671,72
50.879679,-1.016592,59
50.887389,-1.040774,66
50.888684,-1.031314,67
50.895311,-1.520289,44
50.911915,-1.566884,38
50.904156,-1.547329,31
50.926101,-1.524978,45
50.743275,-1.668103,61
50.739123,-1.663726,58
50.740021,-1.680694,52
50.773910,-1.665521,40
50.760023,-1.666738,54
50.754189,-1.641172,62
50.740399,-1.638988,55
50.755964,-1.634292,56
50.785426,-1.611169,40
50.776076,-1.517196,33
50.780212,-1.589892,32
50.942916,-1.565095,32
50.907861,-1.636447,14
50.778646,-1.738018,35
50.783145,-1.734416,36
50.769953,-1.711096,29
50.831487,-1.691945,26
50.816799,-1.607968,39
50.829232,-1.474394,19
50.820315,-1.572720,56
50.764950,-1.553958,55
50.768152,-1.555269,58
50.855082,-1.416334,60
50.851502,-1.401975,54
50.852650,-1.409153,59
50.847303,-1.398626,51
50.876123,-1.430032,45
50.873775,-1.407330,63
50.860426,-1.422358,57
50.864048,-1.428070,54
50.966887,-1.869941,14
50.965548,-1.764483,27
50.825531,-1.367148,46
50.816772,-1.378530,49
50.823436,-1.351056,36
50.804238,-1.366950,42
50.761554,-1.646243,58
50.757087,-1.658656,65
50.756132,-1.668664,61
50.765540,-1.646421,56
50.931648,-1.816615,41
50.914047,-1.797908,55
50.929374,-1.779892,59
50.941881,-1.795279,56
50.926142,-1.731817,31
50.880251,-1.764534,26
50.840151,-1.392511,52
50.857109,-1.393531,53
50.823128,-1.369694,50
50.831620,-1.398285,54
50.832917,-1.386072,55
50.827032,-1.379359,51
50.826822,-1.386813,53
50.752505,-1.615587,42
50.769980,-1.632837,45
50.753012,-1.592508,38
50.864570,-1.395295,61
50.860946,-1.407314,61
50.862899,-1.402406,62
50.864544,-1.411901,61
50.753734,-1.536152,56
50.758881,-1.542325,65
50.757990,-1.551224,65
50.747095,-1.539002,57
50.871430,-1.561522,46
50.861360,-1.587372,43
50.891345,-1.450534,49
50.892183,-1.463183,47
50.894663,-1.437191,42
50.881915,-1.450506,47
50.732761,-1.581147,42
50.725630,-1.586974,46
50.730651,-1.611304,41
50.750135,-1.659174,70
50.749394,-1.673431,67
50.750779,-1.649958,67
50.755312,-1.651648,70
50.751434,-1.566148,57
50.738716,-1.552094,57
50.761173,-1.573998,54
50.755359,-1.558475,62
50.848812,-1.754997,45
50.800764,-1.759903,30
50.853227,-1.768361,53
50.851179,-1.773598,58
50.853233,-1.791101,61
50.857884,-1.772028,52
50.847719,-1.778244,63
50.844533,-1.778030,61
50.845292,-1.791834,70
50.818138,-1.784542,54
50.914220,-1.507107,60
50.912711,-1.513436,58
50.920397,-1.495370,71
50.917068,-1.499191,67
50.924573,-1.500694,65
50.918592,-1.485083,73
50.926506,-1.487326,68
50.929023,-1.501586,61
50.933683,-1.508285,59
50.926256,-1.519682,58
50.928049,-1.515245,59
50.927038,-1.509313,60
50.912168,-1.490409,67
50.904725,-1.479576,62
50.911191,-1.496934,64
50.907467,-1.501423,55
50.920752,-1.507320,64
50.919912,-1.512875,61
50.919074,-1.519661,58
51.288596,-0.772213,69
51.288503,-0.781549,60
51.288889,-0.792500,57
51.293652,-0.776227,67
51.289001,-0.761738,72
51.294192,-0.746706,73
51.299671,-0.756568,71
51.294326,-0.763267,74
51.315035,-0.773429,61
51.310812,-0.785429,57
51.310006,-0.779141,61
51.305573,-0.786853,60
51.303194,-0.747007,67
51.311745,-0.756835,66
51.308314,-0.759284,68
51.312982,-0.763086,64
51.235665,-0.752672,66
51.234082,-0.746091,62
51.240683,-0.748629,71
51.238797,-0.741756,66
51.287519,-0.746795,70
51.289647,-0.738911,63
51.283499,-0.756433,72
51.283298,-0.738270,65
51.239728,-0.755746,70
51.243920,-0.760051,76
51.237800,-0.761855,68
51.244969,-0.754361,75
51.307228,-0.764807,67
51.304560,-0.762921,68
51.310035,-0.770381,63
51.304864,-0.768858,67
51.243964,-0.741657,69
51.244942,-0.749399,70
51.253024,-0.737451,62
51.247709,-0.778325,68
51.246818,-0.773845,73
51.243761,-0.780008,63
51.241294,-0.769969,71
51.297691,-0.781235,65
51.297928,-0.796773,54
51.302028,-0.786125,60
51.296720,-0.790232,59
51.273170,-0.772509,69
51.278015,-0.743323,72
51.278822,-0.749964,75
51.278729,-0.735951,68
51.270771,-0.739302,66
51.257584,-0.745047,63
51.246022,-0.762655,79
51.246399,-0.767919,78
51.303347,-0.771408,68
51.303471,-0.777494,67
51.299397,-0.765181,71
51.298075,-0.772810,69
50.989863,-1.490647,71
50.987960,-1.497289,71
50.991413,-1.503761,68
51.221601,-1.478821,62
51.226143,-1.475499,59
51.221503,-1.482987,61
51.222065,-1.470942,62
51.018502,-1.445484,39
51.186163,-1.599715,28
51.177009,-1.491400,36
51.003410,-1.560927,19
50.976498,-1.575059,26
50.980700,-1.603908,27
51.292762,-1.481468,15
51.093849,-1.540941,17
51.129300,-1.562331,24
51.132369,-1.441513,23
51.225731,-1.502876,53
50.941630,-1.480261,54
50.961184,-1.426919,47
50.953457,-1.460071,51
50.946836,-1.457171,63
50.999495,-1.477065,59
50.997131,-1.489381,65
50.994495,-1.484578,66
51.054161,-1.583994,18
51.176658,-1.401998,22
51.212433,-1.497368,69
51.213894,-1.510569,68
51.225130,-1.486316,53
51.219257,-1.488212,60
51.215944,-1.494526,66
51.068809,-1.473231,20
51.066577,-1.473521,25
51.204185,-1.502448,67
51.206688,-1.494026,71
51.200574,-1.496918,64
51.208434,-1.520669,59
51.209373,-1.490572,72
50.973975,-1.449809,48
50.974984,-1.440601,53
50.986733,-1.428886,52
50.978960,-1.452331,48
51.150964,-1.614232,19
51.231722,-1.540194,37
51.207265,-1.659504,31
51.223490,-1.603596,26
50.991179,-1.460448,51
51.210794,-1.471191,72
51.213697,-1.471972,69
51.213428,-1.480298,70
51.218001,-1.467534,62
50.987670,-1.482238,65
50.987388,-1.473011,57
50.994231,-1.474449,57
50.991541,-1.477649,59
50.989830,-1.401740,52
50.986348,-1.408001,49
50.982701,-1.398371,60
50.978500,-1.407066,52
50.974833,-1.398325,62
51.201331,-1.465195,65
51.202523,-1.485962,71
51.199836,-1.477007,68
51.199874,-1.485671,63
51.208104,-1.463766,65
50.956275,-1.232856,49
50.945558,-1.220888,54
50.971077,-1.207249,49
50.950540,-1.197042,55
51.049445,-1.158720,23
51.024245,-1.303639,50
50.993923,-1.304204,46
50.992640,-1.323856,46
51.034399,-1.387726,42
51.004387,-1.338533,50
50.904143,-1.092408,36
50.905684,-1.054795,52
50.904243,-1.069768,47
50.900266,-1.063873,50
50.949102,-1.098604,28
51.092975,-1.232512,23
51.102973,-1.300051,42
51.108568,-1.303389,40
51.093399,-1.297154,47
51.081824,-1.338567,60
51.094640,-1.350639,44
51.049822,-1.332181,64
51.047378,-1.338686,63
51.042173,-1.350465,57
50.930485,-1.253414,35
51.002373,-1.251711,24
51.072817,-1.329467,70
51.072442,-1.343656,62
51.077274,-1.327824,67
51.076959,-1.337056,67
51.065099,-1.309608,79
51.065210,-1.316098,80
51.074230,-1.308971,61
51.070467,-1.315541,75
51.067607,-1.301373,72
51.069017,-1.295037,67
51.059574,-1.303216,69
51.056075,-1.295400,64
51.055410,-1.347017,66
51.054954,-1.336786,67
51.053496,-1.329371,68
51.051462,-1.339677,65
51.059516,-1.328766,73
51.057155,-1.313106,76
51.047795,-1.316925,67
51.057420,-1.324113,72
51.067145,-1.320915,79
51.068438,-1.325994,78
51.065026,-1.343733,72
51.064559,-1.328096,77
50.916623,-1.212401,37
50.938007,-1.203026,45
50.927775,-1.195266,43
51.093359,-1.375248,41
50.941757,-1.168863,44
50.936802,-1.181302,44
50.917704,-1.137133,18
51.085174,-1.162160,57
51.082570,-1.162433,51
51.112745,-1.132618,33
51.089941,-1.165872,56
50.999540,-1.120168,25
50.901373,-1.178379,48
51.155323,-1.320870,27
51.121673,-1.333827,33
51.159094,-1.249184,18
51.744902,-0.038078,61
51.748757,-0.023465,71
51.749254,-0.014728,74
51.741662,-0.016990,71
51.692943,-0.059910,60
51.704341,-0.045740,73
51.706995,-0.054471,67
51.700364,-0.050941,68
51.704577,-0.040098,75
51.706608,-0.029783,75
51.703716,-0.023397,74
51.699486,-0.030159,76
51.705852,-0.035795,79
51.711743,-0.031700,73
51.711128,-0.038570,72
51.711006,-0.024957,69
51.717026,-0.035625,66
51.715211,-0.023103,64
51.727948,-0.071482,45
51.720247,-0.065758,55
51.716349,-0.054394,63
51.721558,-0.040358,66
51.702761,-0.081796,52
51.714848,-0.074984,53
51.709829,-0.099856,50
51.708094,-0.065346,57
51.721192,-0.084481,46
51.778406,-0.002664,67
51.776319,-0.013931,68
51.774859,-0.006167,69
51.771024,-0.019346,69
51.759918,-0.008573,78
51.752918,-0.009375,73
51.761532,-0.034265,71
51.762798,-0.014004,75
51.715445,-0.063097,60
51.712043,-0.058470,64
51.711267,-0.053840,68
51.767805,-0.008759,75
51.773608,-0.001507,71
51.770681,-0.010163,72
51.764413,0.005784,69
51.766143,-0.003350,73
51.692574,-0.037770,78
51.695782,-0.032587,76
51.699168,-0.039835,77
51.694468,-0.023434,73
51.688001,-0.030922,79
51.684439,-0.033017,81
51.686865,-0.042843,75
51.735321,-0.019517,63
51.735053,-0.038004,61
51.726987,-0.019978,59
51.719879,-0.024369,62
51.760271,-0.433297,71
51.767688,-0.441129,65
51.759609,-0.451484,72
51.754901,-0.447323,75
51.752703,-0.451702,75
51.751784,-0.459152,75
51.756605,-0.460717,71
51.789751,-0.617519,36
51.738626,-0.478807,65
51.775344,-0.529177,42
51.805511,-0.553284,18
51.744699,-0.452239,72
51.742716,-0.444486,72
51.738512,-0.450779,70
51.737756,-0.456261,70
51.761667,-0.560817,71
51.760039,-0.543762,62
51.770614,-0.579799,57
51.767215,-0.569329,65
51.757348,-0.564691,70
51.754624,-0.558929,67
51.746574,-0.556562,58
51.759958,-0.570143,71
51.765399,-0.584962,61
51.764259,-0.576706,64
51.758401,-0.585038,56
51.753712,-0.577867,62
51.725878,-0.534967,46
51.719067,-0.510662,43
51.707285,-0.488451,37
51.719979,-0.537872,44
51.714831,-0.538175,39
51.736512,-0.499616,56
51.746365,-0.490043,75
51.753542,-0.482795,75
51.751211,-0.489477,73
51.746347,-0.483949,75
51.752209,-0.511887,62
51.750211,-0.498817,68
51.755333,-0.499627,67
51.742595,-0.464859,73
51.747101,-0.458908,73
51.745155,-0.468947,75
51.741140,-0.460001,71
51.765665,-0.486157,65
51.760173,-0.483065,67
51.767897,-0.495569,61
51.772409,-0.454736,67
51.776964,-0.456581,64
51.775731,-0.448877,64
51.771778,-0.462370,63
51.773322,-0.466089,58
51.765877,-0.473896,73
51.755396,-0.472373,79
51.760115,-0.465073,74
51.767538,-0.455268,70
51.763837,-0.454882,71
51.763806,-0.469268,72
51.765343,-0.463841,72
51.704575,-0.456269,61
51.724669,-0.465909,58
51.713651,-0.462861,61
51.752026,-0.429499,64
51.747392,-0.428085,64
51.749392,-0.442675,72
51.747050,-0.439814,70
51.744208,-0.435681,66
51.731718,-0.453556,66
51.735847,-0.439945,63
51.776227,-0.586812,46
51.767177,-0.591002,53
51.798507,-0.661411,66
51.809067,-0.658731,56
51.797565,-0.666912,66
51.803818,-0.652612,63
51.781560,-0.649137,57
51.792936,-0.677061,61
51.831001,-0.703886,29
51.794564,-0.672850,65
51.791789,-0.663067,70
51.760471,-0.497904,66
51.763934,-0.508082,57
51.756882,-0.493105,71
51.834235,-0.446592,37
51.799952,-0.475174,22
51.832471,-0.461398,43
51.835657,-0.466218,44
51.775836,-0.437609,60
51.780378,-0.440183,58
51.779034,-0.445314,62
51.778162,-0.435246,58
51.872071,0.175989,69
51.878224,0.175924,67
51.871391,0.185304,66
51.868557,0.169557,78
51.864764,0.173622,68
51.861570,0.147241,66
51.862986,0.161927,74
51.859933,0.153185,69
51.864111,0.151843,71
51.861148,0.139026,61
51.873639,0.155814,74
51.878247,0.170658,70
51.865695,0.137630,60
51.877208,0.138676,64
51.873105,0.137977,61
51.867236,0.148492,71
51.856639,0.143389,60
51.855950,0.152388,64
51.858718,0.163815,68
51.853266,0.145739,60
51.851533,0.157712,60
51.858563,0.132181,54
51.959389,0.056387,20
51.910925,0.033281,35
51.972864,-0.010804,43
51.946860,-0.019933,53
51.869734,-0.151016,41
51.794866,-0.017289,51
51.784481,-0.010926,60
51.799330,-0.081814,77
51.814816,-0.064893,63
51.809728,-0.077382,62
51.813422,-0.086847,59
51.802876,-0.086492,71
51.785592,-0.086013,58
51.788693,-0.066213,61
51.797026,-0.068150,72
51.790196,-0.098301,69
51.788579,-0.037281,50
51.761047,-0.065979,37
51.797844,-0.051019,57
51.801555,-0.060941,65
51.803606,-0.050515,62
51.834636,-0.096325,30
51.779741,-0.128264,34
51.801707,-0.101227,64
51.807188,-0.106482,53
51.797826,-0.103035,64
51.801403,-0.095844,69
51.821691,0.021737,25
51.801692,0.070577,38
51.904259,0.093041,23
51.937863,-0.045336,30
51.888570,-0.049621,23
51.831725,0.113582,32
51.851071,0.067005,35
51.827260,0.155052,65
51.801242,0.130974,57
51.815091,0.137255,68
51.812573,0.155130,69
51.807345,0.148418,65
51.789411,0.020704,51
51.786216,0.004029,60
51.841820,-0.015176,36
51.871256,0.017554,35
51.924652,-0.132800,40
51.804274,-0.036770,69
51.804724,-0.024545,72
51.808055,-0.019247,70
51.812614,-0.013451,61
51.812491,-0.030466,74
51.814689,-0.046026,62
51.819950,-0.040444,62
51.813754,-0.037504,69
51.817493,-0.018737,63
51.815931,-0.025607,66
51.819804,-0.029854,65
51.690079,-0.308013,66
51.671388,-0.308182,64
51.679781,-0.315085,73
51.689083,-0.325760,67
51.683579,-0.332653,66
51.673974,-0.340513,46
51.665078,-0.288761,69
51.659021,-0.275861,81
51.662686,-0.283413,74
51.658025,-0.280492,80
51.670273,-0.294529,67
51.671511,-0.273725,66
51.672251,-0.282680,70
51.671038,-0.287596,71
51.664528,-0.269013,76
51.662287,-0.273541,80
51.650690,-0.269930,77
51.655649,-0.265590,79
51.646394,-0.266893,74
51.646120,-0.256925,70
51.665173,-0.252120,68
51.661678,-0.260228,74
51.656055,-0.255021,74
51.650913,-0.255213,73
51.637375,-0.331081,71
51.638484,-0.345044,73
51.630663,-0.354706,74
51.647008,-0.332607,63
51.668239,-0.376484,65
51.657126,-0.371381,77
51.660122,-0.381811,76
51.661796,-0.354926,58
51.644958,-0.347156,66
51.643420,-0.353513,72
51.636954,-0.362654,76
51.648303,-0.374200,79
51.651395,-0.353771,68
51.646100,-0.356792,75
51.652708,-0.363031,70
51.643007,-0.369570,79
51.642750,-0.303841,65
51.653203,-0.293055,76
51.643084,-0.283370,64
51.695790,-0.214770,67
51.695177,-0.198929,74
51.692106,-0.205260,69
51.705012,-0.206126,70
51.698976,-0.168499,68
51.694907,-0.172963,75
51.690876,-0.181237,77
51.689365,-0.166936,68
51.683049,-0.174690,72
51.678983,-0.192304,68
51.694930,-0.186813,77
51.703479,-0.190629,75
51.700171,-0.196193,77
51.699376,-0.178973,75
51.694570,-0.291093,48
51.697525,-0.289989,47
51.692159,-0.270337,48
51.694705,-0.242049,45
52.030874,-0.178985,23
52.030734,-0.145665,35
51.991218,-0.172613,57
51.990504,-0.180236,66
51.988650,-0.187267,71
51.992617,-0.193672,69
51.984031,-0.183052,66
51.981131,-0.192189,67
51.979876,-0.183980,61
51.982141,-0.286875,50
51.846558,-0.244373,42
51.852963,-0.236446,41
52.011782,0.035625,25
52.017072,-0.038529,22
51.935414,-0.230960,45
51.952772,-0.271008,81
51.955895,-0.272290,78
51.958029,-0.282156,73
51.964746,-0.277682,70
51.967426,-0.264474,68
51.943142,-0.272627,74
51.944977,-0.255656,62
51.942396,-0.263066,69
51.947666,-0.268956,80
51.949477,-0.261111,69
51.961634,-0.289987,65
51.955347,-0.292927,72
51.958502,-0.298990,66
51.938277,-0.273345,65
51.944295,-0.297120,72
51.949855,-0.282503,78
51.962824,-0.248356,62
51.959611,-0.257413,66
51.955780,-0.260746,72
51.953000,-0.250939,62
51.948760,-0.249819,61
51.922786,-0.261229,49
51.882732,-0.273826,27
51.926664,-0.372277,40
51.900639,-0.314291,27
51.851749,-0.304729,35
51.867984,-0.225007,45
51.863796,-0.181016,65
51.871318,-0.187653,61
51.977440,-0.214131,72
51.979355,-0.218597,74
51.990339,-0.206146,63
51.984957,-0.212245,67
51.984069,-0.228349,69
51.996028,-0.232573,57
51.997752,-0.211582,61
51.991674,-0.231329,59
51.989049,-0.230992,62
51.959284,-0.208169,56
51.970299,-0.207937,61
51.974978,-0.197799,57
51.966682,-0.214687,60
51.974934,-0.208685,67
51.974576,-0.228096,75
51.975104,-0.234369,72
51.972898,-0.241740,69
51.970784,-0.220187,67
51.960105,-0.230429,64
51.980526,-0.236291,73
51.977068,-0.247778,66
51.982787,-0.252037,59
51.982856,-0.240683,66
51.951492,-0.333196,36
52.039615,-0.014902,64
52.044834,-0.034262,63
52.054592,-0.030934,69
52.054326,-0.012733,61
52.045113,-0.001192,62
52.046010,-0.014713,65
52.052912,-0.022172,69
52.059842,-0.025247,65
52.060464,-0.018273,56
51.973235,-0.124140,23
51.751889,-0.297096,74
51.750747,-0.305439,80
51.748791,-0.316828,80
51.747721,-0.306022,77
51.756485,-0.302582,74
51.760947,-0.350584,71
51.760938,-0.339345,78
51.770648,-0.340619,64
51.765689,-0.342217,70
51.755934,-0.308583,77
51.752276,-0.316273,84
51.756932,-0.317953,78
51.754845,-0.327428,85
51.746688,-0.296761,69
51.740453,-0.288064,62
51.754908,-0.273676,54
51.744710,-0.308934,74
51.744399,-0.317690,75
51.740238,-0.311802,74
51.734625,-0.312295,65
51.818695,-0.336256,69
51.816038,-0.342195,73
51.828715,-0.338382,63
51.823756,-0.341136,69
51.821063,-0.349893,78
51.828328,-0.365715,71
51.824142,-0.376631,62
51.826093,-0.356081,70
51.827722,-0.349011,67
51.827575,-0.383492,58
51.807374,-0.332858,61
51.796661,-0.355771,51
51.804820,-0.342146,67
51.801887,-0.339250,58
51.820476,-0.361161,78
51.816469,-0.368236,74
51.810882,-0.354826,80
51.814606,-0.347532,78
51.810376,-0.343382,71
51.719560,-0.288137,62
51.728497,-0.301110,65
51.724320,-0.294164,65
51.714995,-0.298470,62
51.769041,-0.314466,71
51.767942,-0.306301,72
51.768134,-0.301050,69
51.761397,-0.295970,70
51.772202,-0.329626,66
51.763046,-0.313889,72
51.762509,-0.323502,73
51.761558,-0.330403,78
51.704774,-0.347573,46
51.726736,-0.339118,58
51.720091,-0.353703,56
51.708946,-0.321408,48
51.714502,-0.348593,53
51.765887,-0.389284,40
51.799948,-0.407406,49
51.796733,-0.397926,52
51.814731,-0.395091,47
51.748919,-0.335068,85
51.751821,-0.334523,87
51.756601,-0.339441,84
51.730778,-0.358938,59
51.722288,-0.360338,55
51.719639,-0.384125,54
51.698617,-0.367381,54
51.773519,-0.307760,64
51.767960,-0.292083,64
51.784715,-0.298711,50
51.741286,-0.342801,75
51.734235,-0.329275,68
51.735509,-0.341711,70
51.745997,-0.338243,82
51.741417,-0.329403,78
51.744525,-0.361523,65
51.747049,-0.350423,76
51.741205,-0.359402,67
51.754219,-0.353253,78
51.806162,-0.281968,53
51.812462,-0.290770,54
51.826260,-0.297990,41
51.806883,-0.318428,50
51.890849,-0.159410,63
51.891632,-0.163409,67
51.899052,-0.168390,70
51.898051,-0.158512,60
51.895373,-0.164818,68
51.895671,-0.191895,77
51.901591,-0.183565,74
51.903025,-0.190733,78
51.907936,-0.167124,67
51.903363,-0.163621,65
51.902973,-0.172804,69
51.907797,-0.176954,70
51.879129,-0.158913,55
51.875694,-0.168040,56
51.885107,-0.171497,67
51.880972,-0.170295,63
51.908658,-0.159332,59
51.912733,-0.173045,68
51.912959,-0.165480,64
51.918433,-0.170367,67
51.918176,-0.187610,67
51.917656,-0.165169,62
51.919042,-0.177266,67
51.909295,-0.202673,79
51.910783,-0.211206,75
51.916258,-0.201339,75
51.913081,-0.196089,73
51.906828,-0.195428,75
51.913830,-0.180226,69
51.911706,-0.185584,71
51.911823,-0.190652,70
51.882451,-0.186699,69
51.883590,-0.179488,65
51.878622,-0.176405,62
51.889706,-0.200079,73
51.921812,-0.185769,65
51.925102,-0.185491,63
51.924530,-0.179723,64
51.890595,-0.173452,71
51.895928,-0.173984,71
51.892539,-0.171361,72
51.891016,-0.184035,72
51.919991,-0.222250,69
51.912013,-0.221309,67
51.915443,-0.225363,62
51.903371,-0.221895,68
51.924442,-0.196841,63
51.924226,-0.213491,68
51.928804,-0.179239,57
51.704285,-0.416247,68
51.704975,-0.427818,60
51.709982,-0.412870,66
51.620877,-0.384556,66
51.617690,-0.396883,63
51.725875,-0.423088,50
51.624468,-0.378568,65
51.626460,-0.372876,63
51.634364,-0.382317,64
51.653198,-0.480505,46
51.659475,-0.494685,37
51.659300,-0.502283,39
51.645653,-0.529446,52
51.648252,-0.511315,60
51.657859,-0.513807,59
51.656553,-0.529915,56
51.648009,-0.447058,73
51.651174,-0.458668,71
51.650793,-0.438494,73
51.651960,-0.446886,71
51.655932,-0.447019,66
51.655647,-0.433859,66
51.645024,-0.435159,71
51.643339,-0.450811,70
51.629710,-0.406196,60
51.629859,-0.392279,67
51.698407,-0.426857,61
51.698509,-0.417543,65
51.691369,-0.442497,57
51.704428,-0.394580,64
51.698820,-0.381571,62
51.637980,-0.517569,60
51.634925,-0.493622,69
51.613531,-0.508174,52
51.624799,-0.520615,48
51.622411,-0.424601,62
51.619656,-0.410664,62
51.630974,-0.434207,56
51.623807,-0.396641,64
51.621955,-0.390671,66
51.626066,-0.397733,70
51.636927,-0.410134,61
51.636649,-0.394151,61
51.638049,-0.492949,65
51.643572,-0.496432,63
51.627345,-0.464623,60
51.637119,-0.472225,78
51.647933,-0.471094,73
51.638345,-0.481744,74
51.643260,-0.487088,66
51.679773,-0.478334,30
51.667645,-0.396319,81
51.671401,-0.401689,78
51.675382,-0.398800,79
51.673988,-0.394616,79
51.656729,-0.388648,83
51.650546,-0.392521,86
51.648464,-0.411312,79
51.643681,-0.415622,74
51.644446,-0.408173,73
51.646439,-0.423256,73
51.679486,-0.413066,68
51.675530,-0.403704,77
51.679512,-0.405680,72
51.683150,-0.413097,66
51.680624,-0.398938,76
51.685698,-0.379757,67
51.680301,-0.374652,61
51.684879,-0.387663,73
51.681143,-0.383278,67
51.691341,-0.381733,70
51.674517,-0.414274,66
51.664752,-0.402557,83
51.681311,-0.423298,62
51.641593,-0.382044,77
51.643957,-0.394627,72
51.645369,-0.379809,84
51.641876,-0.390169,74
51.657676,-0.422002,75
51.668564,-0.427138,64
51.658350,-0.410159,82
51.663713,-0.414910,72
51.684973,-0.397282,72
51.685563,-0.408224,66
51.688738,-0.404790,69
51.690515,-0.390744,72
51.689248,-0.399047,72
51.666968,-0.389158,75
51.677826,-0.390557,74
51.674592,-0.382320,69
51.672395,-0.388491,73
51.654646,-0.404888,86
51.653216,-0.410429,82
51.650703,-0.403569,84
51.647683,-0.399560,81
51.650780,-0.408590,82
51.698524,-0.399811,70
51.694906,-0.393743,71
51.693204,-0.404016,70
51.689145,-0.412634,68
51.726298,-0.191927,56
51.717908,-0.174539,49
51.736152,-0.156033,35
51.710866,-0.186542,66
51.806194,-0.185496,65
51.806923,-0.174462,60
51.813543,-0.186779,63
51.811258,-0.194732,63
51.789302,-0.217849,65
51.795718,-0.212028,73
51.802031,-0.208900,77
51.803018,-0.222082,68
51.764341,-0.229605,80
51.763406,-0.236230,78
51.760034,-0.231228,79
51.756084,-0.228727,72
51.760148,-0.221332,81
51.763055,-0.174000,42
51.764748,-0.207732,72
51.765663,-0.222459,78
51.771224,-0.225464,73
51.769877,-0.219083,73
51.743892,-0.236151,59
51.746167,-0.227307,63
51.747325,-0.238363,62
51.754159,-0.237172,70
51.750769,-0.225741,68
51.749791,-0.237730,66
51.755619,-0.249469,68
51.788650,-0.189618,66
51.789641,-0.202643,68
51.784352,-0.193381,62
51.791958,-0.174701,62
51.795295,-0.181592,65
51.786500,-0.173260,62
51.784482,-0.183223,61
51.703323,-0.140114,44
51.709884,-0.115001,55
51.716086,-0.127965,43
51.801769,-0.160835,53
51.801020,-0.175369,61
51.797642,-0.168955,60
51.794275,-0.167772,58
51.793222,-0.187973,66
51.793958,-0.199335,71
51.793666,-0.194331,70
51.798377,-0.188809,69
51.810466,-0.214687,69
51.815246,-0.204002,65
51.811344,-0.201804,67
51.820330,-0.209397,60
51.737976,-0.221895,59
51.850628,-0.191293,50
51.842793,-0.196491,48
51.847627,-0.176869,55
51.836343,-0.207292,53
51.828055,-0.243272,51
51.823166,-0.220392,55
51.826172,-0.185185,59
51.137978,0.894183,66
51.137832,0.884964,65
51.139721,0.851001,67
51.138711,0.856643,70
51.134598,0.858479,70
51.135040,0.847924,64
51.113889,0.641021,23
51.116817,0.638140,36
51.167362,0.878509,63
51.164695,0.863306,56
51.157914,0.886049,65
51.161189,0.878529,65
51.218615,0.805522,33
51.200470,0.784053,46
51.255969,0.966489,31
51.225211,0.948583,21
51.209949,0.866187,29
51.178947,0.821247,27
51.150637,0.861053,78
51.150817,0.850899,65
51.137628,0.902353,65
51.131186,0.900486,60
51.030414,0.774246,12
51.015604,0.699415,20
51.169344,0.897147,60
51.131586,0.870023,71
51.138065,0.872148,71
51.144949,0.896832,67
51.146541,0.908088,55
51.141011,0.896071,68
51.122804,0.873145,58
51.124261,0.860991,61
51.052695,0.667494,41
51.036872,0.621137,31
51.090201,0.674413,48
51.082687,0.711535,52
51.111861,0.954019,30
51.077197,0.914468,20
51.145126,0.982414,24
51.142365,0.846420,63
51.136599,0.840088,59
51.129267,0.855033,67
51.131718,0.851280,65
51.152928,0.877376,76
51.156461,0.869351,74
51.146766,0.885235,72
51.073915,0.691632,54
51.067732,0.694072,54
51.057304,0.725880,47
51.145132,0.853400,68
51.142501,0.864060,74
51.132179,0.756513,29
51.104979,0.711353,27
51.178883,0.759479,24
51.190513,0.716023,22
51.152625,0.690495,23
51.065584,0.841069,40
51.083055,0.770243,26
51.106401,0.827943,24
51.185040,0.931939,47
51.171782,0.946682,38
51.212830,1.169856,32
51.211910,1.142520,31
51.274850,1.089314,80
51.268393,1.112490,68
51.263356,1.094685,71
51.283739,1.109848,66
51.279649,1.090702,79
51.276900,1.101421,71
51.241462,1.008743,37
51.252302,1.046823,40
51.212408,1.046302,18
51.350407,1.046332,60
51.337869,1.070196,46
51.359327,1.072231,53
51.354301,1.054906,54
51.365640,1.067052,56
51.350743,1.026349,70
51.348156,1.031160,65
51.337463,1.034992,59
51.354266,1.034769,70
51.360377,1.118567,61
51.348270,1.095082,54
51.358894,1.106350,59
51.278192,1.016660,37
51.286854,1.052599,57
51.357787,1.027855,75
51.355918,1.020143,73
51.360016,1.033543,71
51.362684,1.028311,73
51.359052,1.137024,55
51.355791,1.142520,55
51.350408,1.127012,56
51.355882,1.158068,48
51.342491,1.130073,46
51.370469,1.127288,74
51.367247,1.119122,71
51.371569,1.132947,72
51.370949,1.118494,72
51.367419,1.132266,71
51.366099,1.126229,72
51.283296,1.148389,42
51.287487,1.185615,35
51.333332,1.160617,44
51.333578,1.191186,36
51.254430,1.125383,41
51.231768,1.126501,34
51.288777,1.097748,72
51.293298,1.105916,66
51.283921,1.093535,78
51.284687,1.085958,80
51.370917,1.195640,41
51.369753,1.140353,67
51.368909,1.159018,52
51.367575,1.151886,60
51.365075,1.142969,60
51.296338,1.085935,64
51.293730,1.080104,68
51.293106,1.091433,68
51.289772,1.075707,75
51.287726,1.069570,75
51.285080,1.075817,79
51.347330,1.008552,57
51.349469,1.018708,66
51.339018,1.016203,60
51.342063,0.976178,43
51.330162,1.004124,47
51.318748,1.114829,44
51.310401,1.129594,54
51.304927,1.127722,54
51.294098,1.125004,59
51.361714,1.048164,64
51.361167,1.057182,60
51.362972,1.041067,67
51.370115,1.105898,63
51.366072,1.112154,69
51.365449,1.103159,62
51.365445,1.089182,52
51.283515,1.069661,78
51.281591,1.063689,73
51.288442,1.060746,67
51.281190,1.080876,83
51.277516,1.057988,65
51.262871,1.052123,52
51.272527,1.062159,66
51.273462,1.073760,78
51.271118,1.083255,75
51.421829,0.263873,44
51.429766,0.259937,56
51.424067,0.282881,42
51.414233,0.259869,46
51.438066,0.235263,79
51.437704,0.227189,77
51.432181,0.239903,71
51.436160,0.249742,70
51.452221,0.283696,65
51.444146,0.186947,73
51.438185,0.199225,73
51.438519,0.186994,70
51.446156,0.193508,77
51.417778,0.169527,55
51.421081,0.158656,54
51.433364,0.176016,61
51.426612,0.175252,57
51.451546,0.236915,73
51.460502,0.241075,67
51.448583,0.229283,78
51.414089,0.313630,38
51.399514,0.298220,63
51.393226,0.333744,38
51.394467,0.322942,43
51.444005,0.231226,79
51.448160,0.239854,71
51.442877,0.240660,75
51.445295,0.224725,82
51.439838,0.211964,81
51.437593,0.207183,75
51.435407,0.219009,75
51.433707,0.208484,73
51.441781,0.248655,73
51.446515,0.253987,70
51.441131,0.261853,65
51.449611,0.264363,63
51.418276,0.221207,44
51.408565,0.228831,52
51.401114,0.225331,53
51.442001,0.309926,69
51.442760,0.299999,65
51.445667,0.302906,67
51.449460,0.311342,67
51.454924,0.210016,73
51.449463,0.213990,80
51.444047,0.215885,86
51.449009,0.201414,80
51.448291,0.208706,82
51.443145,0.206007,82
51.449581,0.195909,78
51.429968,0.213640,63
51.424137,0.188650,60
51.424656,0.203946,58
51.221608,1.232086,37
51.222932,1.196775,51
51.140405,1.298389,68
51.136835,1.302964,73
51.142221,1.307158,63
51.146366,1.297285,61
51.141852,1.292066,66
51.114813,1.234358,39
51.207529,1.307111,24
51.225005,1.336509,38
51.246022,1.296916,42
51.176566,1.208678,31
51.198278,1.246167,30
51.201179,1.269867,28
51.304581,1.252016,24
51.254565,1.251594,31
51.297492,1.310573,39
51.270189,1.218093,41
51.118474,1.277741,63
51.123865,1.283347,62
51.123801,1.299064,71
51.125547,1.305282,75
51.123060,1.291946,70
51.215659,1.392969,66
51.220155,1.379575,61
51.227723,1.390806,69
51.218832,1.389004,67
51.212531,1.387729,63
51.212398,1.378234,60
51.206329,1.376886,60
51.211140,1.383995,63
51.219977,1.370030,58
51.234247,1.397131,58
51.223752,1.401388,72
51.231554,1.399382,63
51.227862,1.400445,68
51.218472,1.401137,70
51.181027,1.387063,39
51.140937,1.277497,52
51.135281,1.221401,34
51.143927,1.279503,56
51.168587,1.355859,35
51.157715,1.378995,32
51.156144,1.325952,42
51.133768,1.301913,77
51.130552,1.280476,68
51.136215,1.288664,71
51.272065,1.362310,42
51.271308,1.333220,61
51.289019,1.343698,65
51.265580,1.298847,40
51.128929,1.302578,77
51.131283,1.307927,79
51.127721,1.294968,73
51.113056,1.288749,52
51.207583,1.396170,60
51.202724,1.388204,56
51.212611,1.400539,66
51.197931,1.397934,52
51.151195,1.292840,58
51.165415,1.284831,48
51.162011,1.304269,47
51.439227,0.371176,84
51.438004,0.377131,80
51.433721,0.381387,73
51.433270,0.373734,79
51.435394,0.417058,58
51.432581,0.356448,77
51.430239,0.354543,76
51.426199,0.353976,72
51.408365,0.463193,50
51.415398,0.462797,52
51.434085,0.469262,47
51.402481,0.358018,44
51.413121,0.344343,45
51.383972,0.350348,49
51.366191,0.349882,47
51.373701,0.371742,47
51.351043,0.365255,32
51.332760,0.351633,34
51.330529,0.359058,35
51.439790,0.347456,76
51.443958,0.338660,66
51.453095,0.321333,68
51.443013,0.350499,76
51.434036,0.341743,76
51.437571,0.354171,81
51.435613,0.347790,78
51.434942,0.353778,80
51.427714,0.348172,72
51.422141,0.350933,67
51.425136,0.342116,68
51.427977,0.339062,70
51.439255,0.360835,84
51.438063,0.366606,84
51.435346,0.363475,80
51.439165,0.390536,75
51.437737,0.399332,64
51.443044,0.375738,83
51.440396,0.384526,77
51.416934,0.392134,62
51.420147,0.404572,64
51.417532,0.398361,61
51.422628,0.427791,53
51.398154,0.418695,41
51.368694,0.392248,36
51.412865,0.379755,57
51.411431,0.385689,57
51.423137,0.376257,68
51.418706,0.377698,65
51.418370,0.384777,63
51.426137,0.387706,68
51.425321,0.396697,65
51.423778,0.391747,65
51.430846,0.390950,69
51.426192,0.407872,67
51.428009,0.373990,74
51.428471,0.382665,71
51.424009,0.380911,67
51.418666,0.365775,58
51.430064,0.363483,78
51.429570,0.368782,76
51.423243,0.369463,69
51.278612,0.488728,65
51.283304,0.490948,64
51.281821,0.498838,68
51.288070,0.496107,65
51.291223,0.503890,62
51.262224,0.452281,52
51.268502,0.564625,56
51.263556,0.565584,53
51.272404,0.581523,51
51.266761,0.577242,54
51.273019,0.567194,56
51.234287,0.537368,46
51.210943,0.557915,28
51.327897,0.549811,52
51.312229,0.546558,40
51.280467,0.551760,58
51.276299,0.554019,57
51.272306,0.510661,78
51.279591,0.510392,74
51.277366,0.502651,71
51.230984,0.497389,51
51.245061,0.493535,43
51.237076,0.499432,48
51.219994,0.485823,32
51.247601,0.460645,37
51.295166,0.592068,37
51.273626,0.559417,54
51.260102,0.566375,50
51.251955,0.572489,51
51.276834,0.537405,70
51.277551,0.526698,79
51.284124,0.538021,69
51.281547,0.542619,66
51.279946,0.529813,75
51.267153,0.503679,71
51.267093,0.495244,69
51.261106,0.484510,64
51.262579,0.494655,65
51.241931,0.708643,47
51.231737,0.724465,34
51.170251,0.625454,40
51.171278,0.624125,47
51.206717,0.656214,16
51.271864,0.497060,68
51.266575,0.479358,63
51.268999,0.532974,74
51.266186,0.526781,75
51.267468,0.520794,73
51.263257,0.521611,69
51.241968,0.615305,29
51.238854,0.516969,51
51.226678,0.414159,38
51.232086,0.438408,37
51.193077,0.474762,24
51.167145,0.475741,39
51.171242,0.498068,50
51.281751,0.523660,77
51.286007,0.520150,65
51.288543,0.513279,60
51.290060,0.531826,60
51.285368,0.530069,69
51.281856,0.678328,22
51.239653,0.558524,61
51.249972,0.538251,66
51.264465,0.539216,67
51.263187,0.551888,57
51.258646,0.534682,66
51.256679,0.546369,62
51.253925,0.537950,65
51.249358,0.551736,62
51.251035,0.547098,63
51.250601,0.559592,60
51.247918,0.556275,62
51.261780,0.505896,66
51.252254,0.514591,55
51.259157,0.516473,64
51.247336,0.531511,61
51.256460,0.526981,65
51.151194,0.531152,44
51.167493,0.561565,48
51.161027,0.543514,49
51.154174,0.555904,49
51.231511,0.588477,39
51.196714,0.588606,36
51.369229,0.307575,49
51.368414,0.293093,49
51.363402,0.312184,42
51.275461,0.148925,49
51.283197,0.121371,38
51.284286,0.162149,57
51.252427,0.116748,27
51.176487,0.099815,22
51.369245,0.162240,47
51.287205,0.167962,65
51.266205,0.168605,68
51.200705,0.066674,57
51.214144,0.060366,47
51.197250,0.083905,51
51.201475,0.048074,52
51.197315,0.061196,57
51.177832,0.066814,46
51.361700,0.202032,40
51.386649,0.247923,40
51.378510,0.225516,36
51.395430,0.266507,48
51.330522,0.262756,33
51.344044,0.242337,34
51.370686,0.275142,35
51.350853,0.257730,38
51.335791,0.141820,37
51.317287,0.117550,33
51.387375,0.312534,54
51.360722,0.324187,42
51.389344,0.302010,60
51.392104,0.308680,59
51.412370,0.176447,55
51.407855,0.179343,57
51.414227,0.193422,53
51.305521,0.209317,53
51.305595,0.217526,47
51.307931,0.242507,42
51.202038,0.187624,33
51.331304,0.192412,41
51.314062,0.201347,60
51.305055,0.185398,52
51.180862,0.147763,22
51.153253,0.177959,25
51.294541,0.217899,51
51.278476,0.237525,40
51.242967,0.206622,30
51.287190,0.201372,67
51.280289,0.200578,72
51.255359,0.189435,50
51.273108,0.177195,66
51.261740,0.181173,55
51.293795,0.190385,66
51.292710,0.205337,64
51.285867,0.179107,69
51.284880,0.190872,73
51.275142,0.186722,79
51.279880,0.188121,74
51.264124,0.205476,72
51.402369,0.196634,59
51.390367,0.186957,68
51.391204,0.177081,68
51.392734,0.171955,73
51.395012,0.164637,71
51.397942,0.168032,71
51.402258,0.157586,65
51.401864,0.181259,64
51.398640,0.175713,72
51.405942,0.161618,66
51.402378,0.170641,68
51.278503,0.069226,51
51.244001,0.071350,31
51.273087,0.078181,50
51.027024,0.986200,41
51.010068,0.976126,34
51.008766,0.971184,31
51.042939,1.019181,34
51.165250,1.102051,26
51.087975,1.138684,73
51.097289,1.142905,67
51.091294,1.143144,72
51.090189,1.128761,68
51.083022,1.135906,68
51.098880,1.172746,63
51.095068,1.200079,63
51.093034,1.186268,68
51.089812,1.184674,70
51.087099,1.183450,73
51.088028,1.179407,75
51.085803,1.177029,76
51.088959,1.199933,66
51.079575,1.186508,74
51.083386,1.188328,69
51.082461,1.177307,78
51.080128,1.169534,78
51.075832,1.168840,75
51.076792,1.162323,72
51.080182,1.157035,72
51.088078,1.146032,74
51.091289,1.152575,73
51.084819,1.150283,73
51.089232,1.168682,71
51.092609,1.163226,69
51.085407,1.164912,76
51.092559,1.175781,66
51.076051,1.135069,59
51.082448,1.146029,69
51.075615,1.149716,63
51.066621,1.081481,60
51.075681,1.075620,59
51.070245,1.076874,64
51.069687,1.087600,61
51.077454,1.107563,51
51.072325,1.093421,59
51.079633,1.120263,53
51.064706,1.064194,48
51.061628,1.041468,35
51.071695,1.066607,60
50.960257,0.961000,34
50.927406,0.960206,26
50.948327,0.899179,40
50.946664,0.912234,40
51.085384,1.014911,30
50.975896,0.960434,39
50.990860,0.965107,45
50.983166,0.943427,55
50.989646,0.944833,51
51.122942,1.164108,50
51.116547,1.174455,49
51.142328,1.163400,38
51.148689,1.042961,24
51.103224,0.999192,37
51.123847,1.077654,39
51.004675,0.839825,15
51.014768,0.926274,15
51.101223,1.085414,39
51.313064,0.898502,70
51.315304,0.908271,64
51.317191,0.895072,74
51.332084,0.691121,48
51.274332,0.910067,26
51.322740,0.946922,26
51.298287,0.950571,40
51.291999,0.968857,31
51.341072,0.728627,78
51.338189,0.726048,78
51.344899,0.732055,73
51.342587,0.723381,73
51.320754,0.889747,67
51.327716,0.894316,63
51.271046,0.859045,26
51.266662,0.802385,15
51.341772,0.712982,68
51.343521,0.643431,41
51.354179,0.676209,46
51.383558,0.655421,49
51.373665,0.646309,45
51.375338,0.682036,37
51.358396,0.739429,60
51.364874,0.732593,58
51.361418,0.753732,55
51.378281,0.906514,38
51.409309,0.903802,32
51.349844,0.727963,70
51.354377,0.732188,64
51.351231,0.741902,69
51.422961,0.794858,54
51.421768,0.832217,45
51.431187,0.787613,48
51.429636,0.806243,48
51.423506,0.805490,54
51.344011,0.748807,70
51.352409,0.766582,61
51.337982,0.757789,68
51.346369,0.757561,60
51.418697,0.762911,56
51.415407,0.775983,59
51.409289,0.756004,59
51.410226,0.732357,51
51.422826,0.780859,57
51.337971,0.748209,77
51.331795,0.753414,70
51.332660,0.746995,73
51.315470,0.886663,74
51.314156,0.880957,69
51.320091,0.871592,59
51.317389,0.878625,66
51.335839,0.734475,78
51.339285,0.739167,80
51.440691,0.764209,70
51.438692,0.779158,65
51.438498,0.769256,69
51.436283,0.770418,68
51.440009,0.756757,68
51.437028,0.759036,68
51.432905,0.747597,57
51.427500,0.760218,59
51.419008,0.790238,57
51.390583,0.799400,46
51.418245,0.803735,54
51.332000,0.841607,35
51.332382,0.807034,51
51.326895,0.788596,49
51.302904,0.896951,67
51.306861,0.883579,69
51.313078,0.870915,62
51.304975,0.724442,34
51.332574,0.765176,58
51.331338,0.721386,72
51.318952,0.720968,61
51.336098,0.718093,68
51.371371,1.423905,69
51.374422,1.417681,66
51.371937,1.429471,67
51.378707,1.294346,55
51.379101,1.293321,55
51.375224,1.317403,64
51.374641,1.301093,62
51.370025,1.290923,58
51.367220,1.318242,61
51.366241,1.441034,66
51.360870,1.438601,74
51.367124,1.434519,70
51.339667,1.408097,78
51.334546,1.416139,79
51.334891,1.407909,78
51.335073,1.412068,78
51.329074,1.414494,76
51.331103,1.395706,66
51.331094,1.390031,71
51.327231,1.365041,40
51.390377,1.423021,53
51.384202,1.422246,60
51.384990,1.412017,67
51.388799,1.409973,66
51.390614,1.392402,73
51.388582,1.395860,71
51.386025,1.399175,72
51.390016,1.401031,69
51.387154,1.388795,74
51.379628,1.413479,64
51.377089,1.403408,62
51.382478,1.393974,71
51.382231,1.400635,69
51.379865,1.404053,65
51.333737,1.423328,79
51.342284,1.415025,77
51.339807,1.421853,79
51.338033,1.417893,80
51.335990,1.425149,75
51.377698,1.367181,65
51.375200,1.349978,66
51.381345,1.364189,71
51.379349,1.437891,49
51.386303,1.380153,76
51.383109,1.388224,74
51.337066,1.389375,60
51.335393,1.396504,70
51.334391,1.403190,75
51.342765,1.387662,65
51.347219,1.395807,70
51.341762,1.396971,73
51.345744,1.401986,71
51.350958,1.406774,72
51.345964,1.410257,73
51.353986,1.393190,73
51.363494,1.414580,72
51.355978,1.419834,71
51.362811,1.405051,72
51.366236,1.420864,75
51.363097,1.428030,76
51.374570,1.393707,70
51.378749,1.380032,73
51.371095,1.384727,64
51.381819,1.379948,73
51.339737,1.428153,76
51.346420,1.420721,67
51.343180,1.429073,74
51.329563,1.322195,50
51.352076,1.261121,37
51.334148,1.300671,47
51.357134,1.439866,74
51.357909,1.429689,78
51.355044,1.434971,75
51.348947,1.434719,67
51.351080,1.426453,69
51.385475,1.366629,74
51.382982,1.356739,68
51.382723,1.348934,66
51.374626,1.329993,64
51.381240,1.331045,67
51.383175,1.340141,68
51.373629,1.336448,65
51.289043,0.478955,59
51.295020,0.467290,64
51.309273,0.485329,58
51.336829,0.515633,57
51.329313,0.507612,46
51.332877,0.521179,55
51.254698,0.293364,26
51.284354,0.328544,40
51.287869,0.304310,56
51.294534,0.308052,56
51.324162,0.485484,39
51.207832,0.284620,66
51.215195,0.285657,60
51.222747,0.288691,54
51.199183,0.264718,77
51.203920,0.278804,73
51.207190,0.268280,65
51.301349,0.457768,62
51.282461,0.458807,60
51.302732,0.450870,60
51.281185,0.431437,51
51.296807,0.437556,64
51.288003,0.444304,62
51.211798,0.395451,45
51.216708,0.362254,37
51.227940,0.326778,44
51.257791,0.358927,33
51.227376,0.335389,44
51.205721,0.301300,53
51.214078,0.293341,58
51.207941,0.290182,63
51.212999,0.307934,52
51.205602,0.243551,52
51.216332,0.254524,52
51.224446,0.236263,40
51.280108,0.276183,29
51.193528,0.262432,73
51.189678,0.260350,78
51.187406,0.247353,64
51.272010,0.391946,49
51.313834,0.438214,55
51.314109,0.449285,59
51.300455,0.433355,64
51.302658,0.436159,65
51.301830,0.443558,64
51.187093,0.286325,64
51.197285,0.290885,73
51.333464,0.450325,60
51.323254,0.434139,57
51.328091,0.430779,57
51.212904,0.274789,66
51.217593,0.272983,60
51.216419,0.279392,64
51.184909,0.273554,76
51.187908,0.271180,80
51.180480,0.272867,71
51.257218,0.412196,49
51.304458,0.425474,58
51.287430,0.402604,56
51.300912,0.428711,58
51.309714,0.303458,42
51.089180,0.519124,36
51.092310,0.543199,50
51.067770,0.586245,23
51.098138,0.539575,54
51.114882,0.527348,44
51.133576,0.411793,24
51.150322,0.370183,31
51.151602,0.444601,25
51.121533,0.248782,65
51.126136,0.242737,59
51.118389,0.249538,60
51.182177,0.330295,37
51.136741,0.256079,73
51.138526,0.249101,63
51.139460,0.264847,74
51.125139,0.581674,25
51.087994,0.445933,19
51.106185,0.375334,23
51.125485,0.483545,25
51.038545,0.500917,42
51.045860,0.506811,45
51.024863,0.565899,25
51.055593,0.500642,33
51.176233,0.388639,60
51.174709,0.412080,48
51.185195,0.393234,61
51.186195,0.385203,59
51.177856,0.381759,59
51.171299,0.380810,53
51.121458,0.264260,65
51.116029,0.264756,57
51.126368,0.260970,74
51.125068,0.271608,68
51.129774,0.276543,71
51.130124,0.300909,65
51.133030,0.269305,76
51.122812,0.280330,59
51.150259,0.330401,42
51.145287,0.326356,47
51.151580,0.327914,42
51.141513,0.327949,47
51.138788,0.231882,57
51.135464,0.228611,59
51.137415,0.240236,59
51.137557,0.273660,72
51.137638,0.268644,75
51.142492,0.275899,69
51.143938,0.268480,71
51.148367,0.272245,72
51.148786,0.254230,70
51.143945,0.256382,75
51.153560,0.294388,58
51.149027,0.280868,68
51.144968,0.283647,65
51.141518,0.290814,62
51.153206,0.277346,66
51.155835,0.257247,71
51.153388,0.266816,72
51.153586,0.246504,67
51.159786,0.276170,70
51.160133,0.261676,67
51.158929,0.247910,66
51.169306,0.262425,58
51.125884,0.183689,43
51.130999,0.220952,53
51.144069,0.213294,39
51.167827,0.225902,40
53.787786,-2.230273,76
53.801655,-2.231562,77
53.795853,-2.230826,75
53.789466,-2.236234,77
53.811172,-2.202784,60
53.807920,-2.164861,46
53.812000,-2.214062,65
53.809069,-2.210765,63
53.790750,-2.216979,67
53.786694,-2.224343,72
53.790279,-2.222742,70
53.782574,-2.214828,61
53.791298,-2.206000,50
53.781044,-2.160212,41
53.769641,-2.203005,44
53.748230,-2.184118,35
53.777785,-2.255965,64
53.780437,-2.264523,65
53.775721,-2.260866,60
53.761274,-2.258303,53
53.802448,-2.241398,73
53.800008,-2.239272,77
53.792671,-2.244302,75
53.803312,-2.250892,72
53.794858,-2.289726,63
53.795101,-2.277100,66
53.794853,-2.269604,71
53.791432,-2.270413,69
53.807579,-2.310921,62
53.798014,-2.303771,65
53.799182,-2.312617,67
53.796148,-2.306714,67
53.787974,-2.323203,57
53.768227,-2.302920,49
53.801446,-2.325344,65
53.793918,-2.317004,64
53.813294,-2.226510,69
53.805305,-2.220788,72
53.800878,-2.224008,75
53.813377,-2.219754,67
53.804544,-2.234688,76
53.809263,-2.244348,64
53.810587,-2.233985,71
53.806868,-2.232357,75
53.783700,-2.282410,67
53.783880,-2.270378,65
53.790457,-2.292613,60
53.790189,-2.279490,67
53.776391,-2.248363,62
53.777893,-2.229832,70
53.777328,-2.253253,64
53.783840,-2.238389,74
53.787458,-2.259413,72
53.786610,-2.264169,71
53.789024,-2.252008,72
53.781557,-2.248578,71
53.794618,-2.260961,66
53.804791,-2.293843,60
53.799010,-2.261189,57
53.805814,-2.270967,60
53.616511,-2.599051,63
53.607291,-2.618318,59
53.611455,-2.607456,60
53.611093,-2.577080,59
53.661445,-2.648248,66
53.717984,-2.587700,37
53.610639,-2.678218,58
53.637388,-2.696540,42
53.626299,-2.680116,51
53.653291,-2.622722,78
53.652933,-2.605869,71
53.648231,-2.617900,73
53.656970,-2.616222,74
53.660404,-2.618079,73
53.657236,-2.627005,78
53.666774,-2.628662,70
53.654336,-2.643063,75
53.651855,-2.653336,68
53.650777,-2.635301,79
53.663993,-2.636180,74
53.641939,-2.628584,71
53.632701,-2.624004,64
53.650252,-2.628440,79
53.645254,-2.631945,75
53.641129,-2.639224,72
53.638085,-2.649077,63
53.632407,-2.637236,56
53.697515,-2.645552,61
53.700692,-2.634322,60
53.694426,-2.636404,61
53.680172,-2.637602,58
53.715766,-2.640553,63
53.711259,-2.646567,65
53.714193,-2.633746,63
53.709137,-2.636380,65
53.704764,-2.648607,62
53.695021,-2.658300,55
53.705062,-2.665794,57
53.694267,-2.670604,62
53.619729,-2.657206,58
53.627052,-2.661133,60
53.615853,-2.645922,55
53.628087,-2.654398,58
53.649913,-2.734345,52
53.627976,-2.777529,36
53.645786,-2.745418,44
53.646018,-2.710781,53
53.673034,-2.696211,52
53.669963,-2.672457,55
53.667640,-2.682710,55
53.658137,-2.666174,59
53.660420,-2.695304,53
53.663820,-2.660778,58
53.628893,-2.567784,53
53.666543,-2.789645,38
53.674355,-2.747622,30
53.664581,-2.779250,45
53.661120,-2.572450,49
53.684906,-2.535409,41
53.686522,-2.579144,41
53.687718,-2.556792,45
53.741692,-2.982268,61
53.739948,-2.992133,60
53.744867,-2.992944,62
53.757671,-3.040484,67
53.757979,-3.028801,68
53.753570,-3.037959,71
53.752435,-3.025628,72
53.747704,-3.028904,70
53.756955,-3.020490,70
53.739481,-2.958642,70
53.735939,-2.965485,68
53.746932,-2.969549,63
53.846584,-2.894599,36
53.743551,-3.015281,60
53.740498,-3.003531,58
53.746105,-3.021173,67
53.746019,-2.858941,55
53.758037,-2.849889,45
53.745408,-2.869738,54
53.758498,-2.876455,54
53.765040,-3.001891,56
53.754384,-3.013057,67
53.749466,-3.012013,68
53.765883,-3.023045,60
53.761555,-3.015031,62
53.770184,-3.017351,53
53.784944,-2.897308,55
53.783138,-2.864467,60
53.784548,-2.876449,69
53.776834,-2.876874,65
53.780591,-2.873547,68
53.801851,-2.884080,63
53.788600,-2.881612,67
53.792552,-2.830188,36
53.771249,-2.844176,46
53.756985,-2.983996,51
53.749650,-2.998735,61
53.756286,-2.995283,56
53.773142,-2.909549,50
53.746360,-2.940732,59
53.745622,-2.954411,66
53.736650,-2.944357,63
53.765643,-3.030143,58
53.770278,-3.043412,61
53.760918,-3.031747,66
53.833428,-2.929515,37
53.811638,-2.952955,46
53.818115,-2.987149,46
53.750567,-2.910261,49
53.746328,-2.884555,54
53.779417,-2.958608,40
53.784399,-2.374630,64
53.780849,-2.357015,60
53.766333,-2.378783,71
53.750715,-2.335106,72
53.750824,-2.363235,77
53.745165,-2.359140,73
53.737490,-2.345567,62
53.733456,-2.344034,59
53.739559,-2.353620,64
53.754451,-2.371720,79
53.749763,-2.374532,77
53.760166,-2.386072,75
53.758386,-2.380076,74
53.757711,-2.393980,73
53.781741,-2.387217,59
53.777437,-2.388919,67
53.770973,-2.392410,64
53.765020,-2.340950,57
53.759183,-2.344186,70
53.773938,-2.339202,53
53.724867,-2.387286,61
53.739642,-2.399922,71
53.739245,-2.385782,68
53.759751,-2.363559,79
53.760934,-2.372882,77
53.764683,-2.361717,74
53.782412,-2.407101,70
53.793119,-2.383706,58
53.782040,-2.403523,70
53.783379,-2.416681,68
53.794573,-2.420286,64
53.785997,-2.409023,70
53.795743,-2.396624,66
53.757054,-2.360886,79
53.754588,-2.358306,78
53.754027,-2.354432,76
53.773062,-2.417817,69
53.765690,-2.407463,68
53.774654,-2.405662,68
53.763836,-2.417755,69
53.765648,-2.433847,66
53.748803,-2.393965,75
53.743622,-2.392173,74
53.746054,-2.400964,70
53.747476,-2.408876,66
53.747011,-2.435542,67
53.730118,-2.422860,57
53.747382,-2.412989,64
53.743480,-2.378903,71
53.747870,-2.382889,74
53.744239,-2.369928,74
54.074632,-2.845193,71
54.079853,-2.831269,66
54.079172,-2.842275,71
54.123787,-2.785139,51
54.101618,-2.788360,51
54.111815,-2.796730,48
54.054047,-2.785940,74
54.060668,-2.789161,69
54.052870,-2.795510,82
54.049091,-2.792601,82
54.056027,-2.777561,64
54.119410,-2.771898,62
54.121588,-2.763383,60
54.132609,-2.764280,61
54.050930,-2.807653,78
54.045425,-2.827681,68
54.049366,-2.812784,75
54.042398,-2.809352,80
54.039426,-2.821281,66
53.987578,-2.676646,48
53.993160,-2.790010,49
53.974920,-2.828484,29
54.078764,-2.772999,47
54.093962,-2.718391,40
54.066544,-2.878396,74
54.066880,-2.864467,72
54.068310,-2.871631,74
54.063506,-2.871256,71
54.052399,-2.891766,62
54.052504,-2.884921,61
54.058026,-2.889487,66
54.063541,-2.883023,72
54.061218,-2.877734,71
54.057959,-2.881534,66
54.063134,-2.887766,71
54.043954,-2.879721,55
54.043692,-2.900632,58
54.039221,-2.888024,55
54.039500,-2.896114,57
54.041808,-2.780025,65
54.035048,-2.781816,65
54.046348,-2.789814,81
54.134430,-2.704089,26
54.041268,-2.734283,31
54.064708,-2.589010,18
54.077552,-2.712405,39
54.070269,-2.859486,77
54.069088,-2.845802,74
54.068203,-2.853679,75
54.073351,-2.867150,78
54.074318,-2.855617,75
54.031818,-2.789958,72
54.024003,-2.787385,62
54.026644,-2.790788,65
54.034104,-2.801444,71
54.036913,-2.791553,75
54.027090,-2.813150,66
54.038745,-2.795263,77
54.171095,-2.797138,33
54.063779,-2.801042,68
54.060148,-2.804223,72
54.057458,-2.802202,76
54.066682,-2.794868,61
54.062687,-2.816374,68
54.063753,-2.810297,65
54.062069,-2.821779,68
54.058252,-2.811903,72
54.054834,-2.823262,70
54.087559,-2.807842,51
54.082630,-2.804125,49
54.096314,-2.805976,47
54.073846,-2.831007,66
54.070719,-2.840082,70
54.069338,-2.829575,67
54.065048,-2.832475,69
54.061526,-2.832023,66
54.116084,-2.640886,26
54.178753,-2.570736,17
54.144036,-2.769060,45
54.143729,-2.790751,42
54.063710,-2.855868,66
54.057770,-2.868474,62
54.057725,-2.843601,61
54.062854,-2.844204,69
53.845101,-2.233793,61
53.855698,-2.224357,65
53.851008,-2.211577,68
53.875229,-2.220157,48
53.865274,-2.099718,49
53.855564,-2.140509,58
53.833857,-2.107363,39
53.846420,-2.207689,72
53.841836,-2.217028,76
53.844211,-2.202355,76
53.840787,-2.209845,76
53.829082,-2.234675,70
53.823167,-2.240475,68
53.824622,-2.216421,68
53.831992,-2.210053,74
53.831325,-2.203768,70
53.825132,-2.203386,66
53.924065,-2.194932,59
53.920512,-2.183122,62
53.928655,-2.175123,54
53.920006,-2.192004,62
53.906761,-2.189753,59
53.915589,-2.188141,64
53.921378,-2.213480,57
53.914329,-2.178293,63
53.904888,-2.169783,46
53.910319,-2.129149,50
53.912899,-2.138048,51
53.895119,-2.136533,48
53.878636,-2.165932,53
53.848738,-2.280559,32
53.862796,-2.164422,72
53.864696,-2.151782,67
53.859188,-2.167075,74
53.859550,-2.157663,72
53.835910,-2.169552,65
53.842140,-2.196477,73
53.836181,-2.255021,47
53.819025,-2.227110,65
53.819216,-2.255256,62
53.818483,-2.211871,64
53.822443,-2.229730,70
53.828159,-2.180086,67
53.836448,-2.202045,75
53.835909,-2.206715,75
53.838772,-2.203857,76
53.864106,-2.169332,71
53.866300,-2.176753,66
53.863328,-2.190505,68
53.856717,-2.177725,74
53.833170,-2.215047,77
53.829389,-2.220501,72
53.852647,-2.188143,71
53.853729,-2.169393,73
53.847913,-2.176073,70
53.834066,-2.226015,74
53.837509,-2.220383,76
53.766174,-2.736370,72
53.766168,-2.726330,75
53.771570,-2.735460,75
53.787399,-2.649688,65
53.777313,-2.672137,69
53.777451,-2.663941,72
53.783293,-2.670576,67
53.781415,-2.665754,67
53.779788,-2.722754,72
53.777262,-2.728467,69
53.780811,-2.715046,73
53.784017,-2.706336,68
53.779753,-2.699506,74
53.767584,-2.691379,83
53.773835,-2.682186,79
53.770204,-2.687969,82
53.759022,-2.680042,82
53.763305,-2.664810,75
53.762633,-2.653314,69
53.756109,-2.669376,78
53.782555,-2.690634,70
53.779601,-2.680677,67
53.792915,-2.676759,56
53.786275,-2.681831,60
53.788198,-2.661916,59
53.787678,-2.715598,74
53.789670,-2.732071,54
53.787937,-2.721202,69
53.796337,-2.720882,67
53.777338,-2.744354,67
53.779782,-2.735723,65
53.782897,-2.745947,64
53.788691,-2.745397,62
53.785853,-2.740431,61
53.773225,-2.757883,60
53.771803,-2.744173,69
53.769752,-2.749431,69
53.766071,-2.758177,66
53.764910,-2.749541,67
53.763975,-2.778737,59
53.765465,-2.765251,64
53.778634,-2.774891,53
53.784603,-2.755148,58
53.771661,-2.709136,79
53.773173,-2.699652,81
53.775244,-2.711472,77
53.807897,-2.711872,55
53.799282,-2.637326,47
53.851154,-2.661336,37
53.827339,-2.732734,42
53.821641,-2.663128,42
53.773698,-2.649116,64
53.773756,-2.656931,71
53.771928,-2.669922,73
53.776712,-2.640211,70
53.779225,-2.654246,69
53.760097,-2.740985,65
53.756006,-2.717237,78
53.755045,-2.710445,80
53.750492,-2.711620,75
53.766467,-2.703319,82
53.765455,-2.694626,83
53.770214,-2.695186,81
53.764297,-2.686092,83
53.768122,-2.671601,78
53.764888,-2.677871,81
53.768139,-2.678617,81
53.791931,-2.710208,71
53.789483,-2.696865,69
53.797303,-2.702629,64
53.795869,-2.708401,70
53.795481,-2.691807,67
53.752938,-2.686990,76
53.757817,-2.685781,81
53.754487,-2.701324,83
53.774301,-2.716750,76
53.773837,-2.724836,72
53.770796,-2.717722,76
53.770778,-2.727180,76
53.768169,-2.721316,76
53.767014,-2.711758,80
53.761758,-2.714107,77
53.861790,-2.484736,17
53.808817,-2.597321,57
53.816735,-2.577285,64
53.815827,-2.412632,55
53.817823,-2.439686,34
53.963027,-2.426878,10
53.889179,-2.314421,43
53.948896,-2.551274,23
53.800809,-2.516042,36
53.780424,-2.493436,52
53.831223,-2.604477,72
53.856400,-2.568616,59
53.838057,-2.571058,58
53.829151,-2.596424,65
53.865165,-2.413745,58
53.870867,-2.405658,63
53.952606,-2.281592,17
53.811151,-2.460407,43
53.863062,-2.385091,70
53.869122,-2.388439,74
53.784938,-2.566677,42
53.770266,-2.529469,47
53.868472,-2.395995,73
53.862922,-2.404921,62
53.810415,-2.336474,47
53.808984,-2.364100,45
53.825582,-2.545488,38
53.834246,-2.340392,37
53.874828,-2.401579,72
53.885680,-2.384562,68
53.871538,-2.375671,72
53.880736,-2.373632,68
53.903839,-2.413022,33
53.929086,-2.365695,29
53.821578,-2.397296,57
53.850042,-2.432471,48
53.796143,-2.473402,43
53.855696,-2.364176,50
53.713835,-2.287991,61
53.707877,-2.288719,71
53.663718,-2.316575,52
53.656712,-2.279731,46
53.679829,-2.173047,48
53.670525,-2.169943,53
53.728481,-2.291641,53
53.734130,-2.286105,44
53.698490,-2.326655,65
53.698383,-2.319812,67
53.688995,-2.314751,63
53.701676,-2.315682,69
53.718604,-2.198284,34
53.708447,-2.195986,54
53.701293,-2.201400,59
53.694302,-2.207430,55
53.694918,-2.258323,62
53.706365,-2.271786,69
53.700626,-2.257151,60
53.649133,-2.170980,53
53.660204,-2.192708,55
53.671236,-2.336300,53
53.689637,-2.366963,55
53.691224,-2.326742,66
53.689028,-2.331846,61
53.703436,-2.177846,53
53.699103,-2.195204,57
53.691607,-2.189127,51
53.687837,-2.294332,62
53.694856,-2.288027,67
53.701630,-2.303079,66
53.681284,-2.230110,56
53.683294,-2.212593,54
53.700442,-2.225626,56
53.698202,-2.241118,57
53.681166,-2.250186,57
53.726772,-2.243917,34
53.704379,-2.249946,51
53.722591,-2.328616,53
53.709254,-2.321072,67
53.706296,-2.361684,68
53.704577,-2.317991,69
53.731644,-2.658694,72
53.724494,-2.640757,59
53.720805,-2.654295,70
53.736953,-2.655069,69
53.740230,-2.665054,68
53.735202,-2.671286,68
53.724190,-2.667601,71
53.730796,-2.670880,69
53.729578,-2.665073,73
53.745638,-2.723592,72
53.737391,-2.729955,70
53.738115,-2.737580,65
53.732757,-2.700661,65
53.729783,-2.709639,65
53.731963,-2.626965,54
53.739769,-2.620464,53
53.696859,-2.715493,68
53.699807,-2.723593,61
53.713584,-2.678644,68
53.702592,-2.683705,72
53.722880,-2.712204,62
53.700414,-2.704025,71
53.696492,-2.697357,77
53.696323,-2.706309,73
53.748606,-2.756229,68
53.753761,-2.736656,73
53.753111,-2.728239,74
53.737925,-2.721596,68
53.736546,-2.715514,66
53.733060,-2.721362,64
53.697169,-2.690035,77
53.698947,-2.681340,73
53.684056,-2.686875,67
53.685361,-2.698683,77
53.700189,-2.801892,47
53.707310,-2.775204,51
53.725067,-2.816978,51
53.725946,-2.775982,57
53.739369,-2.799206,55
53.723580,-2.784839,58
53.721655,-2.689122,70
53.724641,-2.677928,66
53.725473,-2.686034,70
53.679584,-2.713680,66
53.689705,-2.706450,71
53.688407,-2.713333,71
53.746581,-2.708386,71
53.693164,-2.745477,53
53.702328,-2.739584,57
53.731176,-2.747633,56
53.724993,-2.737526,53
53.716111,-2.754088,48
53.762221,-2.598829,33
53.747451,-2.662518,68
53.743596,-2.637080,59
53.690752,-2.718777,68
53.682125,-2.725141,63
53.732645,-2.681923,65
53.732048,-2.691762,64
53.739524,-2.677386,66
53.744239,-2.691227,61
53.743407,-2.676287,69
53.746670,-2.734030,73
53.741977,-2.740195,69
53.566235,-2.781921,57
53.561666,-2.776923,63
53.562203,-2.762756,59
53.559283,-2.769345,63
53.534015,-2.902690,48
53.541789,-2.924404,49
53.552923,-2.993201,25
53.546939,-2.911579,54
53.555481,-2.897435,59
53.563314,-2.922842,53
53.548483,-2.891062,56
53.524844,-2.842983,36
53.556272,-2.772432,65
53.554075,-2.778144,63
53.553532,-2.765107,64
53.598239,-2.840400,64
53.604490,-2.830547,59
53.613732,-2.841020,66
53.589154,-2.858798,61
53.598279,-2.867382,61
53.564342,-2.874203,72
53.568887,-2.871640,71
53.559100,-2.883324,69
53.564620,-2.855567,57
53.543767,-2.770695,64
53.541644,-2.762664,63
53.537895,-2.766979,61
53.594589,-2.977858,42
53.695504,-2.865453,38
53.715923,-2.865998,45
53.699745,-2.840416,50
53.573779,-2.900109,69
53.565154,-2.890398,75
53.566142,-2.901113,70
53.559698,-2.898604,67
53.536107,-2.751639,60
53.537225,-2.757811,61
53.541221,-2.753038,62
53.588064,-2.808890,44
53.660089,-2.926919,42
53.699808,-2.916234,44
53.683788,-2.935705,48
53.579631,-2.750835,47
53.610351,-2.766548,41
53.588665,-2.767692,57
53.639734,-2.837933,37
53.627203,-2.925130,44
53.605692,-2.893208,31
53.575048,-2.885518,69
53.581284,-2.874187,66
53.571075,-2.885709,75
53.583114,-2.889221,63
53.552613,-2.791573,66
53.545524,-2.782891,64
53.559754,-2.794582,64
53.541054,-2.797220,59
53.549251,-2.799406,65
53.552578,-2.798693,64
53.550358,-2.809468,65
53.547691,-2.767743,64
53.546086,-2.757724,62
53.551014,-2.751399,58
53.689748,-2.836983,52
53.667601,-2.872329,35
53.682032,-2.826217,56
53.667043,-2.837147,55
53.535104,-2.730147,56
53.526509,-2.754248,49
53.543308,-2.734434,57
53.536836,-2.722673,59
53.604714,-2.717829,40
53.581193,-2.722334,46
53.557397,-2.724339,51
53.888926,-3.008188,59
53.884267,-3.016869,64
53.881728,-2.999465,63
53.877722,-3.011930,68
53.851468,-2.981993,68
53.847601,-2.989142,75
53.866555,-2.735121,40
53.926195,-2.780849,49
53.906243,-2.737267,48
53.856088,-3.014032,63
53.854855,-3.000269,66
53.859893,-3.005792,64
53.879583,-2.788877,44
53.884087,-3.031467,64
53.884764,-3.025786,61
53.886922,-3.037337,67
53.892209,-3.026079,56
53.907839,-2.772616,59
53.900193,-2.812785,55
53.903356,-2.782471,59
53.840139,-2.831412,35
53.872026,-2.870322,32
53.873754,-2.948734,38
53.877051,-2.953519,43
53.896834,-2.955442,34
53.833825,-2.980198,60
53.841534,-2.981026,70
53.830694,-3.002636,61
53.838783,-3.000221,68
53.878872,-3.044723,71
53.882828,-3.043259,68
53.888804,-3.043500,62
53.916797,-3.027784,71
53.917400,-3.020654,73
53.906688,-3.015455,60
53.871073,-3.011099,68
53.874031,-3.004793,68
53.908585,-3.030846,67
53.912717,-3.031246,69
53.900746,-3.032765,61
53.924460,-3.018957,72
53.921184,-3.014316,74
53.924383,-3.012676,73
53.924833,-3.009222,72
53.918841,-2.873733,27
53.930261,-2.979408,43
53.932274,-2.962799,40
53.924792,-2.990952,39
53.919769,-2.959889,42
53.913083,-3.038430,67
53.908122,-3.042476,61
53.913894,-3.045734,64
53.899870,-3.043299,59
53.866467,-3.001247,65
53.864040,-2.986860,59
53.874794,-2.985165,58
53.872351,-2.997858,63
53.849007,-3.002681,72
53.843592,-3.013685,64
53.843661,-3.003874,67
53.875124,-3.024416,68
53.867118,-3.019425,62
53.879426,-3.025591,67
53.877249,-3.036941,72
53.920546,-3.040803,67
53.922537,-3.032388,67
53.923026,-3.025918,71
53.918154,-3.033624,71
53.934724,-2.702819,32
52.571546,-1.167689,68
52.566116,-1.167790,65
52.563233,-1.158149,63
52.546371,-1.202841,47
52.557519,-1.191797,50
52.546162,-1.170250,51
52.550856,-1.153544,54
52.553074,-1.103669,52
52.552843,-1.143041,56
52.558897,-1.146829,54
52.551500,-1.246914,37
52.559061,-1.285845,38
52.651637,-1.205367,64
52.658229,-1.198919,58
52.645607,-1.213654,59
52.585865,-1.209684,63
52.603400,-1.216936,55
52.589974,-1.187049,61
52.647966,-1.196469,67
52.654014,-1.188726,63
52.620786,-1.212589,56
52.618009,-1.221489,56
52.623908,-1.205743,65
52.617107,-1.235159,58
52.624966,-1.214860,61
52.607262,-1.183710,70
52.602572,-1.182480,67
52.626541,-1.230826,56
52.637871,-1.234250,53
52.624059,-1.249020,52
52.566156,-1.200409,55
52.573225,-1.200803,60
52.569010,-1.219521,58
52.570754,-1.231857,48
52.589885,-1.260652,36
52.576317,-1.181492,64
52.569480,-1.183177,63
52.564233,-1.175344,59
52.578447,-1.209580,59
52.585479,-1.223395,57
52.585768,-1.216426,58
52.604258,-1.172329,68
52.614756,-1.178958,72
52.612177,-1.183135,70
52.611846,-1.169493,70
52.609072,-1.174876,67
52.584667,-1.172383,63
52.579207,-1.145555,66
52.573644,-1.152501,69
52.589199,-1.164762,62
52.552711,-1.288138,38
52.535616,-1.290890,39
52.544470,-1.265414,41
52.519006,-1.308062,27
52.538122,-1.277042,41
52.623615,-1.196318,68
52.618569,-1.185055,70
52.619940,-1.196911,66
52.610262,-1.194541,66
52.679004,-1.188796,64
52.678467,-1.180126,61
52.675554,-1.202273,61
52.666552,-1.188760,65
52.739832,-1.129881,55
52.746448,-1.151099,60
52.759484,-1.138698,55
52.756957,-1.141375,56
52.674590,-1.131237,68
52.682827,-1.135805,64
52.672804,-1.122378,71
52.681505,-1.109997,67
52.683094,-1.120553,70
52.678829,-1.122662,73
52.713787,-1.054164,51
52.716261,-1.059318,50
52.704461,-1.236330,33
52.729452,-1.203583,39
52.770016,-1.232563,73
52.764132,-1.242203,69
52.783134,-1.248942,64
52.794827,-1.255355,56
52.766804,-1.258488,61
52.776561,-1.253960,63
52.776260,-1.235531,73
52.771120,-1.243247,68
52.771802,-1.201213,82
52.771851,-1.184935,75
52.768089,-1.197704,78
52.762459,-1.189831,65
52.775134,-1.205987,81
52.786313,-1.217612,77
52.781007,-1.192555,76
52.784979,-1.202932,73
52.759267,-1.236120,63
52.754817,-1.257294,52
52.764045,-1.227867,68
52.746740,-1.240739,58
52.756524,-1.220049,64
52.745035,-1.226862,61
52.760768,-1.220037,66
52.758833,-1.200132,70
52.756919,-1.209350,69
52.765998,-1.203760,79
52.762884,-1.208885,75
52.768582,-1.212427,80
52.769607,-1.218721,81
52.776576,-1.225095,75
52.774034,-1.221313,78
52.774371,-1.215152,81
52.779323,-1.228084,71
52.726560,-1.133769,55
52.725133,-1.142591,58
52.721832,-1.147534,53
52.719740,-1.150365,46
52.682063,-1.023935,48
52.705358,-1.057808,58
52.754741,-1.174832,56
52.741807,-1.162016,59
52.737043,-1.181278,54
52.734399,-1.153953,58
52.692398,-1.165082,41
52.715879,-1.129232,55
52.710487,-1.175498,37
52.703653,-1.141960,56
52.751615,-1.285371,61
52.768018,-1.283010,65
52.766170,-1.289529,65
52.775163,-1.274873,64
52.757752,-1.312624,53
52.780434,-1.292591,60
52.772931,-1.314068,65
52.767474,-1.298270,64
52.725590,-1.111374,55
52.743978,-1.099218,52
52.735383,-1.095111,54
52.730205,-1.096423,55
52.694136,-1.062786,60
52.697603,-1.069486,67
52.693548,-1.070812,61
52.693244,-1.076700,66
52.701706,-1.081764,65
52.698186,-1.090863,55
52.698268,-1.099107,63
52.702106,-1.073462,68
52.784826,-1.142043,33
52.799849,-1.083251,33
52.672840,-1.081680,59
52.675898,-1.103879,71
52.674382,-1.091075,65
52.672047,-1.097244,70
52.685195,-1.097267,70
52.680191,-1.080965,64
52.755216,-1.062762,33
52.721363,-1.066423,42
52.579181,-0.921373,19
52.522398,-1.222509,51
52.523028,-1.211532,50
52.531498,-1.214339,53
52.530098,-1.241500,55
52.542750,-1.228893,55
52.507164,-1.211992,31
52.532661,-1.057940,34
52.534110,-1.040919,36
52.540784,-1.048460,34
52.567311,-1.052456,32
52.576347,-1.031793,36
52.573774,-1.003968,29
52.538434,-0.936918,28
52.539210,-0.995957,49
52.523943,-0.992374,47
52.499786,-1.009780,26
52.484421,-0.972650,37
52.459225,-1.215753,54
52.447896,-1.227510,55
52.456520,-1.195061,64
52.494092,-0.927428,64
52.482509,-0.921397,73
52.482069,-0.909961,73
52.501623,-0.908121,59
52.469394,-0.904218,67
52.478229,-0.893648,61
52.476842,-0.906509,68
52.478168,-0.926755,74
52.484103,-0.933736,66
52.476843,-0.938260,62
52.467111,-0.922773,63
52.474000,-0.923638,71
52.469377,-0.916834,70
52.440629,-1.171513,24
52.551548,-0.798141,14
52.505581,-1.114808,17
52.613990,-1.044654,55
52.628114,-1.031215,48
52.621972,-0.994180,35
52.637217,-0.895332,14
52.480218,-1.254066,35
52.576762,-1.405476,41
52.590096,-1.441002,31
52.652490,-1.381265,30
52.649164,-1.359752,31
52.568785,-1.349984,63
52.571207,-1.336727,66
52.574866,-1.345923,58
52.563842,-1.339291,64
52.570786,-1.362734,60
52.582052,-1.334256,59
52.535574,-1.359535,69
52.538654,-1.342567,60
52.532713,-1.368145,70
52.530896,-1.349122,65
52.527418,-1.363788,66
52.517474,-1.360655,56
52.516739,-1.335300,60
52.522341,-1.357015,62
52.528250,-1.380940,66
52.529640,-1.357760,67
52.646897,-1.438418,23
52.620165,-1.388927,35
52.572204,-1.315966,63
52.573531,-1.328288,64
52.567722,-1.296863,57
52.578770,-1.297530,56
52.580444,-1.318594,64
52.573981,-1.308099,62
52.658430,-1.231993,57
52.660307,-1.217686,55
52.655356,-1.219384,55
52.669930,-1.238532,52
52.537449,-1.378073,75
52.539043,-1.363604,75
52.543149,-1.380062,73
52.540811,-1.370985,78
52.544170,-1.392692,63
52.539642,-1.394643,63
52.536414,-1.386671,68
52.535771,-1.391735,65
52.545154,-1.367473,77
52.544987,-1.356175,69
52.560587,-1.367741,59
52.554452,-1.367782,64
52.551660,-1.348328,60
52.550489,-1.370157,69
52.557335,-1.393533,61
52.548423,-1.376141,72
52.548767,-1.388387,66
52.546127,-1.386817,67
52.687675,-1.281293,48
52.685724,-1.272229,47
52.676011,-1.273924,43
52.692426,-1.308997,41
52.624560,-1.341981,36
52.603316,-1.327105,32
52.618858,-1.296735,43
52.640370,-1.340029,35
52.633453,-1.281152,40
52.646358,-1.255378,54
52.660011,-1.263185,51
52.650137,-1.233777,54
52.581374,-1.495354,34
52.633327,-1.520146,19
52.763315,-0.969091,44
52.775303,-0.935120,44
52.940203,-0.794077,40
52.941991,-0.818709,46
52.849098,-0.785773,10
52.756927,-0.980627,27
52.718838,-0.911018,21
52.848719,-0.900321,30
52.852160,-0.924898,31
52.893831,-0.842048,21
52.759031,-0.863187,60
52.758110,-0.877426,70
52.746737,-0.893386,58
52.749104,-0.907435,61
52.760926,-0.899049,67
52.765463,-0.914314,67
52.769141,-0.891220,70
52.772403,-0.905216,66
52.781136,-0.881784,61
52.781293,-0.870664,55
52.768282,-0.866077,68
52.783838,-0.900382,55
52.774996,-0.892274,63
52.779423,-0.885896,56
52.746565,-0.884403,61
52.752774,-0.879119,63
52.808298,-0.967780,24
52.688603,-0.853946,16
52.806219,-0.844483,29
52.774160,-0.753407,14
52.687550,-1.514809,28
52.739586,-1.460260,50
52.744433,-1.467759,58
52.751110,-1.476672,60
52.753070,-1.475252,62
52.735375,-1.483975,51
52.751840,-1.488627,60
52.735673,-1.497144,57
52.792269,-1.335023,34
52.806434,-1.378735,24
52.838490,-1.370837,57
52.831461,-1.347024,57
52.844621,-1.344933,61
52.724227,-1.361523,64
52.724879,-1.369249,70
52.719381,-1.369618,69
52.719419,-1.337609,52
52.721501,-1.327804,46
52.733672,-1.297893,44
52.728157,-1.334691,49
52.724429,-1.346104,55
52.711184,-1.363639,59
52.704136,-1.385245,52
52.701073,-1.349370,49
52.687802,-1.374996,48
52.692368,-1.425342,42
52.695007,-1.399962,51
52.680308,-1.403132,53
52.810658,-1.292889,42
52.832593,-1.282425,48
52.846734,-1.278161,48
52.697605,-1.499943,43
52.709826,-1.495653,48
52.704762,-1.515657,48
52.751688,-1.541141,49
52.736937,-1.529453,41
52.758261,-1.511591,45
52.720179,-1.518225,39
52.714530,-1.540602,36
52.717576,-1.445821,38
52.726879,-1.414635,47
52.725085,-1.378805,69
52.726969,-1.389642,59
52.715007,-1.387516,60
52.751061,-1.369085,49
52.742259,-1.366726,55
52.754914,-1.364618,48
52.774355,-1.386111,28
52.765592,-1.423400,32
52.743208,-1.388571,45
52.741912,-1.343229,52
52.732865,-1.344649,49
52.743676,-1.354084,52
52.736064,-1.363555,56
52.585756,-1.069028,59
52.591988,-1.072474,69
52.590093,-1.082495,67
52.612191,-1.083086,59
52.605450,-1.086549,69
52.605797,-1.072785,67
52.595683,-1.087488,72
52.599815,-1.093280,72
52.595964,-1.077462,73
52.598140,-1.071157,69
52.603984,-1.063326,64
52.598961,-1.062679,66
52.596185,-1.052704,53
52.594383,-1.065031,63
52.589685,-1.059307,55
52.587449,-1.129673,71
52.585673,-1.136915,72
52.582275,-1.135175,76
52.573712,-1.124610,69
52.573364,-1.132966,73
52.578716,-1.115001,70
52.570284,-1.109493,64
52.583214,-1.108530,77
52.577946,-1.104990,71
52.585782,-1.119887,75
52.593713,-1.121652,72
52.589058,-1.118742,73
52.572295,-1.086187,55
52.584920,-1.099161,73
52.583729,-1.089601,66
52.580366,-1.097618,70
52.590442,-1.102508,71
52.589679,-1.093701,70
52.588723,-1.109791,73
52.991879,0.069330,32
52.973306,0.056535,26
53.004517,0.097955,26
52.986743,-0.043788,58
52.975528,0.008389,52
52.991618,0.014964,54
52.948222,0.033686,39
52.971548,0.003894,54
52.918369,-0.153789,28
52.888077,-0.062388,22
52.948784,-0.064378,29
52.911222,-0.008338,47
52.931602,-0.081455,47
52.989845,-0.014889,66
52.996401,-0.019527,59
53.048571,0.139399,31
53.043400,0.081924,28
52.973235,-0.018955,73
52.974170,-0.008635,64
52.968436,-0.007666,60
52.978541,-0.010827,70
52.973446,-0.035501,72
52.972558,-0.041052,65
52.979356,-0.037608,70
52.999538,-0.160188,21
52.938612,-0.135867,32
52.976626,-0.051044,54
52.984530,-0.022891,74
52.984838,-0.029829,70
52.993493,-0.037339,54
52.969462,-0.062963,47
52.943800,0.001241,45
52.945600,-0.028372,46
53.262653,0.152078,49
53.254754,0.175277,47
53.268262,0.245294,25
53.413337,-0.099193,23
53.160678,0.267697,35
53.158786,0.238382,35
53.218148,0.332113,45
53.230190,0.300041,33
53.227467,0.327229,46
53.097693,-0.148745,41
53.085509,-0.177000,38
53.117769,-0.191603,40
53.102222,-0.186841,43
53.149326,0.181180,18
53.123688,0.252022,25
53.054639,-0.059290,15
53.382652,0.092870,30
53.145947,0.104077,26
53.146958,0.020170,16
53.511000,-0.051031,44
53.495608,-0.060349,45
53.510502,-0.063994,49
53.196773,-0.108330,50
53.211964,-0.107606,52
53.213700,-0.143759,50
53.206743,-0.115579,59
53.224802,0.089743,23
53.190804,0.321168,45
53.335306,-0.017529,26
53.330376,-0.159844,13
53.331994,0.241335,50
53.338489,0.261625,51
53.347006,0.236429,44
53.112293,-0.099424,17
53.443628,0.059010,19
53.378727,-0.013370,59
53.372781,-0.006577,64
53.446822,0.135342,29
53.461172,-0.038904,28
53.365772,0.003281,71
53.211600,-0.205637,14
53.152723,0.317750,64
53.152508,0.334383,64
53.378648,0.004728,55
53.374426,0.009264,57
53.356785,-0.006352,67
53.361765,0.017500,61
53.354920,0.014939,51
53.143309,0.327631,70
53.143267,0.342060,70
53.143189,0.314236,60
53.134422,0.344011,61
53.128920,0.333166,53
53.137732,0.330760,66
53.042059,0.011080,27
53.382866,0.174870,18
53.178579,0.102678,51
53.166454,0.092140,52
53.096887,0.057047,23
53.306860,0.266079,43
53.296885,0.276378,37
53.222929,-0.051599,15
53.490437,-0.019465,30
53.499528,0.018039,22
53.369691,0.013860,60
53.318569,0.252846,42
53.106602,0.188413,33
53.067825,0.194303,21
53.090538,0.270517,39
53.213139,0.220728,20
53.148570,0.345094,70
53.170239,0.334599,52
53.157994,0.345500,63
53.311059,0.155157,14
53.148352,-0.216899,38
53.148066,-0.171406,36
53.155540,-0.213227,43
53.292801,-0.263484,33
53.232146,-0.531267,79
53.234537,-0.504443,61
53.229329,-0.516185,72
53.235720,-0.519370,68
53.229062,-0.527763,77
53.219376,-0.605317,56
53.219942,-0.611056,56
53.224031,-0.597780,51
53.220491,-0.599946,58
53.228474,-0.557322,76
53.215850,-0.547900,75
53.212111,-0.556924,69
53.221878,-0.577697,63
53.194483,-0.552288,60
53.191353,-0.559759,58
53.193370,-0.570225,64
53.188600,-0.554792,57
53.197916,-0.562734,64
53.198611,-0.554158,63
53.235027,-0.560554,70
53.235394,-0.548532,75
53.231451,-0.551064,76
53.243538,-0.566235,61
53.237570,-0.541290,77
53.249662,-0.549447,57
53.251385,-0.542449,61
53.244453,-0.542821,69
53.246053,-0.514931,67
53.245042,-0.506359,64
53.242046,-0.518033,71
53.247195,-0.501002,55
53.244002,-0.522771,71
53.250038,-0.514690,64
53.215110,-0.590118,55
53.215982,-0.597785,57
53.211228,-0.600001,57
53.212192,-0.578512,61
53.206336,-0.588560,56
53.205980,-0.607496,54
53.243584,-0.532204,69
53.250730,-0.523824,66
53.248408,-0.534470,66
53.236979,-0.532194,76
53.252498,-0.534139,64
53.201744,-0.573146,63
53.203327,-0.560745,66
53.201969,-0.580890,62
53.209392,-0.568641,67
53.206868,-0.569429,67
53.210069,-0.544000,72
53.205256,-0.550866,69
53.223386,-0.522132,78
53.221646,-0.538692,77
53.216785,-0.536787,76
53.081424,-0.434394,20
53.088899,-0.376904,24
53.123158,-0.618756,30
53.083849,-0.248349,27
53.163541,-0.518484,45
53.173474,-0.545246,47
53.197338,-0.540827,55
53.189886,-0.521886,50
53.188115,-0.530837,50
53.197370,-0.486722,46
53.181422,-0.489663,43
53.196288,-0.399148,30
53.085562,-0.673925,20
53.130304,-0.677783,23
53.107272,-0.508916,37
53.129736,-0.549141,35
53.074081,-0.566088,34
53.063931,-0.478381,25
53.039485,-0.507376,25
53.196663,-0.675849,27
52.990117,-0.252085,35
52.957594,-0.285473,28
52.984256,-0.305666,41
53.210693,-0.499351,44
53.219183,-0.461756,45
53.217415,-0.426281,41
53.215093,-0.458999,44
53.041702,-0.268731,15
53.007847,-0.333083,40
53.013134,-0.466128,37
53.125004,-0.319041,20
53.160206,-0.410778,33
53.157021,-0.340263,36
53.138540,-0.403053,47
53.191289,-0.582387,67
53.193605,-0.579064,65
53.185353,-0.594468,64
53.188052,-0.585729,64
53.183232,-0.577293,60
52.939404,-0.415876,16
53.036437,-0.383252,50
53.046866,-0.407526,44
53.052821,-0.350661,47
53.242081,-0.616822,36
53.228329,-0.615428,40
52.996474,-0.413370,72
52.996547,-0.425133,63
53.010345,-0.435093,57
53.013247,-0.400339,57
52.985794,-0.405986,65
53.002318,-0.398886,67
52.992479,-0.426078,57
53.002735,-0.411539,71
53.001893,-0.430575,65
53.184073,-0.559576,54
53.173351,-0.566597,49
52.687537,-0.148888,30
52.672919,-0.166230,32
52.732688,-0.225706,17
52.903948,-0.212702,40
52.912285,-0.206443,39
52.880295,-0.204042,24
52.761634,0.025369,36
52.822136,0.121086,22
52.865701,-0.151245,35
52.859390,0.057851,24
52.730387,-0.027949,21
52.802205,0.017692,57
52.803303,-0.002549,47
52.808368,0.006738,56
52.806296,0.027694,51
52.752293,0.120417,29
52.779376,0.130338,52
52.804573,0.156972,37
52.788768,0.111316,46
52.820018,-0.144360,47
52.807350,-0.224367,17
52.826504,-0.165602,46
52.774311,-0.189833,51
52.776878,-0.176225,54
52.785470,-0.168062,66
52.763034,-0.170411,45
52.783844,-0.155728,73
52.768365,-0.136470,58
52.784168,-0.137755,62
52.797673,-0.118799,60
52.792550,-0.136706,65
52.789502,-0.142699,69
52.795494,-0.159959,63
52.790179,-0.162976,64
52.852226,-0.187574,24
52.768662,0.190009,41
52.786447,0.211705,30
52.767431,0.169764,40
52.706754,0.025085,18
52.813025,-0.090137,33
52.751831,-0.077381,30
52.836934,-0.041802,27
52.740196,-0.120728,27
52.762441,-0.036363,26
52.827632,-0.017562,36
52.662493,-0.487355,62
52.658029,-0.483675,69
52.658773,-0.494851,57
52.850453,-0.352114,13
52.920866,-0.702749,42
52.917908,-0.608007,51
52.915907,-0.600605,46
52.927494,-0.621275,46
52.773306,-0.315706,40
52.773394,-0.372647,61
52.773403,-0.351306,66
52.770151,-0.382076,64
52.782587,-0.392041,55
52.775880,-0.378536,57
52.677952,-0.302467,58
52.674278,-0.260220,39
52.682849,-0.305942,56
52.677194,-0.291926,52
52.672661,-0.298856,55
52.902766,-0.668414,61
52.910309,-0.659651,66
52.910236,-0.670054,59
52.907640,-0.656871,67
52.904404,-0.659671,65
52.965217,-0.590062,34
52.983717,-0.534518,31
52.878078,-0.681808,28
52.812165,-0.501883,18
52.906683,-0.648186,73
52.901902,-0.641241,67
52.893466,-0.648865,60
52.915403,-0.668141,55
52.914553,-0.654418,66
52.917540,-0.646960,70
52.929875,-0.653639,52
52.922058,-0.618780,56
52.918809,-0.628859,68
52.923205,-0.628578,60
52.917634,-0.617068,60
53.034878,-0.591890,29
52.731970,-0.454420,19
52.816609,-0.637648,22
52.893518,-0.510258,16
53.017677,-0.652504,24
52.675062,-0.345627,49
52.676490,-0.317772,61
52.695061,-0.292219,52
52.680635,-0.312610,60
52.766432,-0.575317,19
52.764983,-0.644368,20
52.945327,-0.674098,45
52.801053,-0.390328,33
52.806906,-0.327363,27
52.906167,-0.632232,72
52.899079,-0.629459,65
52.912828,-0.627659,68
52.664093,-0.467305,63
52.657522,-0.474587,69
52.662667,-0.476781,66
52.653484,-0.486998,69
52.652928,-0.464430,65
52.651618,-0.480829,71
52.924607,-0.638873,64
52.919127,-0.642702,75
52.929601,-0.643308,52
52.999152,-0.751053,28
52.662249,-0.516366,43
52.657728,-0.509063,50
52.655515,-0.497993,57
52.648613,-0.496771,54
52.739132,-0.363874,42
52.894855,-0.337511,26
52.703383,-0.319224,40
52.669157,-0.407204,21
52.721267,-0.330390,39
52.969322,-0.703076,24
53.231632,-0.319830,23
53.523688,-0.276538,34
53.497653,-0.340384,39
53.251439,-0.460066,46
53.235742,-0.462565,43
53.255978,-0.430969,45
53.316282,-0.411720,37
53.277258,-0.369145,24
53.398505,-0.752814,59
53.392400,-0.749611,53
53.397582,-0.764366,61
53.402032,-0.756690,61
53.405072,-0.783615,65
53.407733,-0.774343,68
53.407149,-0.761297,59
53.410352,-0.784245,62
53.385068,-0.761112,58
53.391852,-0.773436,67
53.398907,-0.776421,70
53.405012,-0.670147,18
53.429469,-0.590079,24
53.512939,-0.408251,14
53.366281,-0.717679,28
53.387066,-0.332010,49
53.362308,-0.344696,44
53.377561,-0.280474,25
53.416100,-0.396370,31
53.262117,-0.479883,49
53.265518,-0.506551,47
53.267564,-0.493893,50
53.272207,-0.658156,44
53.257022,-0.659670,44
53.362776,-0.589248,21
53.313714,-0.588999,19
53.497331,-0.697465,26
53.502224,-0.649052,35
53.466402,-0.717728,18
53.329771,-0.671022,27
53.283494,-0.445638,31
53.267896,-0.452334,33
53.436714,-0.739660,31
53.423691,-0.790993,49
53.269711,-0.741886,16
53.309476,-0.723491,16
53.408816,-0.502820,16
53.306309,-0.508921,41
53.305530,-0.480444,44
53.344082,-0.461294,21
53.448083,-0.218842,16
53.464386,-0.317571,25
52.550371,0.930969,23
52.534471,0.974146,32
52.485266,1.045554,29
52.507414,1.029896,58
52.532364,0.700412,25
52.675376,0.937252,65
52.677597,0.950618,68
52.667778,0.954899,60
52.695020,0.923440,58
52.683175,0.947325,71
52.683595,0.977223,53
52.690841,0.943505,60
52.668739,0.936108,55
52.661916,0.929422,45
52.661712,0.941255,50
52.463679,0.991775,24
52.733224,1.042408,27
52.580787,0.794705,36
52.633400,0.847682,12
52.440536,0.941870,32
52.430369,0.835708,22
52.410526,0.915600,23
52.767799,0.808080,13
52.717624,0.762536,18
52.593840,0.649015,8
52.677098,0.660621,29
52.656567,0.786970,31
52.521437,1.005639,58
52.521191,1.059467,49
52.526777,1.005717,60
52.514302,1.003414,55
52.630774,0.902616,35
52.697035,0.898999,40
52.679720,0.856089,21
52.675312,0.928902,58
52.642442,0.712676,56
52.636110,0.685627,54
52.639704,0.691887,55
52.654016,0.689358,61
52.710442,1.006257,27
52.734783,0.875847,21
52.572395,0.874995,25
52.417481,0.741912,68
52.425850,0.746080,62
52.441885,0.729185,60
52.413089,0.754274,67
52.419508,0.754430,68
52.419837,0.768773,60
52.415431,0.766027,60
52.425377,0.757299,64
52.423515,0.762864,61
52.425989,0.711133,62
52.404725,0.749259,62
52.410026,0.734093,63
52.407265,0.737480,65
52.404976,0.705453,58
52.673567,1.026149,32
52.656000,1.026062,36
52.672978,1.077724,30
52.775736,0.934909,19
52.624243,1.001605,24
52.613064,0.945230,17
52.576017,0.830940,51
52.572002,0.848863,44
52.571126,0.826713,59
52.568184,0.812291,50
52.562924,0.833282,52
52.501930,0.846132,15
52.464712,0.598818,40
52.472832,0.696119,38
52.407394,0.998729,22
52.627462,0.790314,19
52.610103,0.764638,21
52.638158,1.568346,52
52.632085,1.540955,47
52.790691,1.252653,60
52.797012,1.245795,58
52.781458,1.268630,31
52.806274,1.207299,46
52.804017,1.262218,54
52.671540,1.493531,19
52.647872,1.467383,34
52.654258,1.438227,32
52.632950,1.447658,42
52.625134,1.432779,45
52.625005,1.400534,42
52.617944,1.455977,43
52.590602,1.504775,25
52.627970,1.494214,34
52.625054,1.490825,36
52.762750,1.309430,27
52.725297,1.320779,31
52.737028,1.365131,43
52.714916,1.350545,40
52.697112,1.215909,49
52.683287,1.227055,53
52.670982,1.238173,56
52.673912,1.218672,58
52.793867,1.053764,19
52.783485,1.157895,25
52.684669,1.124312,27
52.730737,1.155239,18
52.670760,1.262475,62
52.667009,1.262256,65
52.669090,1.254822,63
52.658034,1.248779,62
52.660742,1.276403,70
52.657619,1.265358,68
52.662950,1.263962,69
52.720639,1.295452,28
52.742963,1.255851,30
52.714176,1.211506,33
52.701039,1.252063,41
52.700828,1.237279,43
52.579338,1.586958,23
52.612639,1.587666,19
52.665052,1.298553,61
52.668292,1.313709,61
52.663815,1.306179,62
52.658345,1.300340,65
52.670444,1.299200,57
52.652546,1.406668,30
52.645361,1.384373,40
52.762836,1.083034,42
52.767392,1.127121,43
52.694034,1.286051,36
52.682027,1.321882,43
52.686234,1.327816,46
52.686233,1.317046,45
52.661943,1.320928,65
52.669012,1.337769,62
52.658218,1.314570,68
52.654545,1.308510,70
52.655231,1.322911,70
52.654081,1.348953,56
52.649237,1.321407,70
52.651309,1.330137,66
52.682057,1.210536,58
52.690711,1.209286,52
52.693464,1.196627,56
52.686371,1.205037,55
52.679512,1.178735,57
52.680311,1.197394,58
52.672306,1.207522,57
52.645521,1.351196,63
52.638639,1.351502,63
52.637717,1.338693,69
52.632836,1.335133,68
52.634055,1.347335,66
52.635863,1.362463,59
52.628895,1.360084,63
52.640629,1.366288,52
52.627230,1.341334,61
52.672373,1.371270,41
52.681525,1.402925,33
52.706439,1.391706,42
52.590213,1.706443,60
52.593676,1.693550,55
52.581707,1.704787,61
52.580938,1.693572,61
52.565869,1.694262,51
52.544006,1.719524,43
52.656819,1.719878,52
52.652228,1.718830,56
52.659764,1.723058,50
52.650970,1.729634,60
52.643593,1.705920,53
52.640781,1.731428,62
52.615249,1.735042,72
52.613608,1.686870,72
52.610457,1.724971,76
52.610591,1.735806,74
52.617758,1.729054,71
52.588326,1.720791,68
52.586444,1.725369,72
52.583095,1.715281,67
52.577567,1.712655,68
52.576007,1.717961,70
52.693285,1.676161,42
52.720417,1.671610,34
52.692469,1.701262,43
52.663950,1.646528,31
52.646212,1.627969,17
52.570941,1.727220,71
52.563306,1.728603,62
52.557858,1.717916,52
52.549598,1.638428,30
52.584155,1.664973,34
52.558844,1.675471,38
52.568263,1.649835,36
52.564215,1.715008,64
52.566393,1.722596,66
52.567820,1.710037,65
52.572814,1.711485,67
52.570818,1.718246,68
52.585533,1.735013,68
52.605919,1.730885,75
52.603462,1.731948,74
52.601910,1.729372,74
52.600601,1.734933,71
52.679311,1.700861,41
52.669847,1.710641,43
52.675748,1.668537,39
52.576799,1.725072,74
52.572894,1.729933,72
52.581540,1.725274,73
52.594704,1.718682,70
52.601721,1.716613,72
52.604473,1.709865,71
52.686349,1.590552,25
52.706339,1.622614,39
52.709144,1.643885,40
52.624335,1.738261,68
52.628474,1.729038,64
52.626669,1.735581,61
52.657357,0.497741,23
52.664298,0.431139,21
52.658384,0.545532,29
52.954772,0.628652,25
52.936742,0.730621,25
52.762941,0.348022,37
52.463833,0.515847,28
52.493277,0.537585,31
52.506485,0.460868,19
52.534820,0.560574,24
52.516754,0.396017,21
52.846065,0.488100,39
52.845438,0.503542,42
52.845078,0.541059,40
52.882436,0.643528,16
52.609011,0.255901,33
52.647400,0.196251,43
52.629251,0.224944,35
52.748505,0.432596,60
52.753824,0.433051,66
52.751459,0.441214,57
52.744358,0.545044,28
52.752217,0.423121,70
52.749206,0.409826,72
52.755327,0.413538,75
52.769045,0.426694,62
52.769191,0.421291,61
52.768167,0.434944,59
52.771614,0.438642,58
52.768156,0.451442,56
52.769024,0.499504,23
52.767914,0.566743,28
52.914006,0.509555,49
52.904625,0.488955,50
52.905385,0.486906,42
52.554805,0.360754,26
52.930682,0.491852,56
52.944839,0.538893,35
52.942819,0.493254,60
52.932842,0.485816,61
52.650323,0.275675,14
52.662036,0.206398,47
52.762160,0.409161,71
52.771528,0.392400,66
52.760292,0.403148,76
52.768387,0.414376,64
52.809561,0.407031,43
52.788313,0.430098,45
52.761458,0.423551,70
52.711687,0.591143,19
52.842427,0.713036,18
52.687870,0.293859,24
52.714087,0.294604,26
52.751187,0.398974,77
52.748050,0.401190,76
52.863305,0.488622,39
52.874763,0.502703,41
52.881209,0.534824,20
52.720530,0.392768,62
52.755149,0.380534,44
52.743876,0.410179,70
52.782814,0.407425,53
52.780172,0.442643,54
52.788211,0.471293,45
52.788398,0.302501,29
52.761770,0.296378,43
52.738579,0.314174,31
52.760175,0.440469,61
52.595704,0.208865,32
52.548258,0.248596,19
52.595999,0.307162,10
52.801998,0.563516,20
52.732763,0.222230,18
52.697534,0.181835,33
52.689730,0.231083,33
52.675253,0.389825,33
52.700927,0.414601,34
52.723456,0.424705,38
52.717122,0.458734,29
52.679292,0.346012,23
52.611971,0.470163,21
52.576866,0.492904,22
52.835217,1.004488,16
52.847498,1.075078,31
52.865003,1.145070,18
52.932659,1.291468,64
52.928199,1.300342,66
52.923909,1.287749,57
52.846925,1.258876,21
52.858894,1.385652,24
52.914643,1.025475,22
52.810263,1.476418,17
52.940314,1.100775,25
52.914981,1.095927,45
52.898847,1.090582,49
52.721698,1.431904,43
52.838655,0.856564,58
52.845597,0.862090,57
52.830178,0.850930,62
52.833183,0.876096,48
52.830880,0.862483,57
52.873653,1.435574,35
52.879971,1.422044,31
52.845846,1.448094,24
52.820847,1.392697,61
52.821201,1.407268,51
52.811481,1.410641,50
52.825842,1.393514,57
52.832800,1.393336,52
52.826006,1.385444,57
52.813975,1.363396,54
52.810934,1.386734,56
52.830891,1.372771,55
52.949340,0.838909,36
52.945419,0.847735,49
52.921013,0.945975,17
52.886444,1.314198,31
52.754165,1.425446,21
52.763427,1.375288,23
52.720468,1.483989,24
52.942996,1.200847,57
52.940635,1.220812,54
52.936963,1.198887,54
52.934090,1.212517,52
52.758830,1.529181,43
52.777337,1.517660,51
52.770617,1.499799,53
52.918958,1.300638,57
52.924622,1.312213,62
52.920696,1.309583,58
52.813862,0.785727,21
52.920991,1.250400,36
52.886313,0.851838,30
52.718657,1.574922,25
52.724408,1.529203,30
52.752094,1.581513,24
52.781073,1.565659,16
52.810887,0.917298,23
52.862164,0.939290,20
52.807587,1.332500,19
52.787542,1.398993,23
52.640069,1.228919,67
52.640790,1.220991,67
52.638277,1.234698,68
52.641144,1.211403,63
52.633850,1.237271,70
52.669894,1.283103,66
52.653981,1.287886,72
52.658787,1.291435,67
52.649842,1.287336,75
52.651718,1.298534,73
52.646709,1.312090,75
52.641643,1.335813,71
52.640718,1.326998,72
52.645494,1.331014,72
52.638915,1.319218,71
52.635063,1.320695,75
52.632651,1.325542,72
52.645569,1.338833,68
52.613986,1.250656,65
52.609514,1.275578,68
52.606592,1.267364,59
52.606124,1.257658,62
52.618966,1.258327,69
52.617056,1.266950,72
52.617707,1.300677,80
52.612288,1.304150,73
52.609890,1.293190,71
52.611594,1.298690,75
52.608280,1.284929,74
52.601500,1.285329,67
52.632916,1.294155,84
52.632840,1.282496,82
52.638404,1.276856,77
52.636762,1.292508,84
52.636947,1.282100,79
52.645534,1.266849,74
52.643762,1.280329,78
52.644379,1.287125,79
52.640123,1.289539,83
52.653655,1.276239,75
52.652483,1.270830,73
52.649249,1.276973,77
52.627599,1.278303,80
52.627580,1.269823,76
52.630393,1.275178,79
52.622939,1.269377,74
52.624251,1.274684,77
52.632519,1.274241,78
52.639048,1.300845,82
52.646020,1.302057,79
52.646165,1.295037,79
52.641431,1.307786,77
52.641974,1.300848,82
52.640805,1.295415,83
52.636745,1.307802,79
52.627467,1.320383,70
52.631911,1.314433,77
52.615834,1.287114,75
52.619237,1.294467,81
52.620688,1.286542,81
52.623758,1.280401,80
52.618712,1.278221,77
52.624151,1.254015,70
52.624313,1.262355,74
52.623067,1.240316,70
52.629966,1.240561,70
52.627791,1.259780,71
52.632996,1.262729,73
52.643613,1.252592,66
52.634722,1.252698,71
52.637548,1.269160,73
52.637905,1.243377,71
52.631938,1.249125,72
52.641343,1.240110,70
52.570956,1.110916,67
52.578660,1.099745,55
52.429259,1.254438,28
52.404918,1.061563,24
52.422788,1.126948,17
52.535044,1.366306,29
52.534801,1.414153,26
52.473288,1.125844,15
52.488551,1.131318,22
52.560265,1.495849,35
52.564407,1.450912,31
52.594089,1.246809,50
52.627076,1.195540,42
52.563047,1.121101,49
52.546953,1.109847,40
52.445035,1.192363,18
52.397540,1.212155,29
52.385345,1.125116,66
52.381243,1.105983,62
52.374415,1.105428,64
52.486711,1.416720,37
52.477758,1.453998,41
52.450094,1.357835,25
52.653986,1.157047,41
52.622095,1.134738,20
52.512802,1.168348,20
52.477896,1.524920,37
52.507347,1.515880,29
52.397170,1.294700,53
52.418773,1.310759,48
52.401797,1.304862,52
52.484752,1.280631,20
52.491194,1.344608,23
52.597590,1.171827,51
52.590110,1.167821,50
52.603537,1.176775,54
52.601498,1.199315,53
52.580017,0.985849,42
52.571247,0.999711,31
52.535939,1.478176,50
52.523476,1.472807,48
52.554803,1.203286,37
52.574376,1.219110,35
52.563673,1.233516,41
52.648736,1.229682,59
52.646598,1.221859,63
52.647307,1.237916,62
52.551871,1.265154,37
52.540716,1.196258,26
52.595347,1.109645,57
52.583298,1.105088,61
52.658691,1.225087,51
52.646625,1.205935,62
52.569027,1.356650,47
52.560772,1.342764,46
52.589202,1.380065,28
52.598864,1.422732,25
52.384534,1.079965,45
52.381729,1.096282,57
52.367831,1.152874,38
52.378111,1.207287,23
52.568295,1.313414,37
52.593721,1.310564,47
52.490423,1.238246,53
52.480220,1.230075,43
52.510267,1.216285,46
52.530831,1.305593,23
52.518751,1.250322,36
52.508121,1.617093,13
52.536392,1.568517,21
52.621339,1.061988,20
52.563502,1.057640,29
52.489659,-0.700649,70
52.485256,-0.694136,68
52.481323,-0.697355,66
52.493927,-0.693291,67
52.471450,-0.736787,56
52.470984,-0.729534,58
52.463625,-0.719509,51
52.463593,-0.732420,52
52.487762,-0.678133,66
52.503355,-0.665278,62
52.484071,-0.722786,65
52.484330,-0.705252,69
52.485302,-0.714363,66
52.488446,-0.720192,65
52.474316,-0.712072,59
52.479639,-0.717465,63
52.476472,-0.725514,61
52.481192,-0.707985,62
52.476272,-0.716121,61
52.495735,-0.711287,65
52.500654,-0.704983,63
52.499974,-0.694632,64
52.496078,-0.702534,66
52.492427,-0.717487,64
52.498796,-0.725089,59
52.496225,-0.722307,62
52.501016,-0.716000,60
52.527745,-0.685043,25
52.496056,-0.761899,30
52.506044,-0.715635,58
52.507759,-0.695378,60
52.503852,-0.710254,59
52.490052,-0.727301,60
52.482000,-0.731510,56
52.268396,-1.174391,60
52.265289,-1.162098,66
52.262588,-1.170107,68
52.272988,-1.162799,57
52.253290,-1.158408,69
52.257490,-1.164541,73
52.234476,-1.204481,28
52.312022,-1.158806,31
52.277549,-0.986949,35
52.291223,-1.202633,37
52.332503,-0.913665,45
52.315900,-0.905876,43
52.366219,-0.886613,34
52.326251,-0.903999,47
52.198534,-1.200431,30
52.415842,-0.948132,20
52.353518,-1.117469,35
52.250372,-1.182654,58
52.247935,-1.164658,60
52.262289,-1.185974,61
52.259580,-1.174925,68
52.260288,-1.082029,35
52.265732,-1.149064,61
52.251822,-1.146926,66
52.300803,-1.070747,47
52.319506,-1.106935,43
52.299423,-1.079009,48
52.293006,-0.828658,48
52.303017,-0.865346,51
52.284079,-0.851089,56
52.317929,-1.007504,20
52.344023,-0.950647,27
52.340774,-0.824913,22
52.213345,-1.092245,35
52.227409,-1.076667,49
52.435993,-1.016078,24
52.348151,-1.042127,33
52.169950,-1.178929,31
52.175833,-1.205359,35
52.386351,-1.098769,16
52.432179,-0.443146,21
52.429756,-0.548732,29
52.601014,-0.534645,25
52.304286,-0.586725,68
52.296208,-0.553192,41
52.317322,-0.596723,58
52.335563,-0.603623,48
52.325115,-0.627693,59
52.329880,-0.612949,59
52.320898,-0.612150,61
52.312218,-0.622618,50
52.547615,-0.583206,21
52.502179,-0.424386,28
52.465853,-0.586831,21
52.489643,-0.486967,47
52.488254,-0.469015,55
52.480318,-0.496389,57
52.477371,-0.458600,59
52.541891,-0.483132,26
52.340503,-0.536413,54
52.337712,-0.546917,49
52.347093,-0.512090,50
52.345652,-0.561325,51
52.352779,-0.537317,53
52.341335,-0.550389,54
52.370243,-0.539953,39
52.284854,-0.571837,61
52.289517,-0.591491,72
52.293150,-0.593384,73
52.295106,-0.579832,64
52.298633,-0.597437,71
52.300364,-0.618697,65
52.293442,-0.623973,61
52.292419,-0.604143,73
52.269972,-0.573219,51
52.283202,-0.601135,66
52.286190,-0.592323,69
52.284724,-0.610305,63
52.281253,-0.608181,60
52.288447,-0.615319,65
52.288951,-0.607367,70
52.327209,-0.527120,38
52.403166,-0.526502,43
52.399135,-0.536637,48
52.368297,-0.594275,33
52.409694,-0.724338,74
52.413356,-0.722897,70
52.409759,-0.708749,68
52.406428,-0.713909,74
52.412309,-0.711960,70
52.376547,-0.697879,52
52.382781,-0.693269,58
52.378571,-0.686528,53
52.416991,-0.724311,64
52.417038,-0.717605,62
52.415533,-0.730603,62
52.418327,-0.695578,35
52.371979,-0.679410,55
52.366705,-0.694887,57
52.434499,-0.834005,52
52.439238,-0.846077,51
52.392385,-0.703250,64
52.400430,-0.695786,63
52.389947,-0.698169,61
52.390922,-0.710203,69
52.394367,-0.717824,74
52.358112,-0.687380,57
52.447847,-0.695170,28
52.406871,-0.732979,76
52.404348,-0.726621,79
52.405717,-0.720616,77
52.442272,-0.813744,53
52.438327,-0.812707,51
52.443946,-0.801532,48
52.397851,-0.721589,79
52.401632,-0.715458,77
52.392683,-0.727382,79
52.387661,-0.724296,72
52.396484,-0.744343,66
52.389047,-0.737393,60
52.406198,-0.742438,68
52.366629,-0.754286,35
52.389550,-0.694188,59
52.392088,-0.684462,54
52.397500,-0.688270,56
52.424865,-0.821172,55
52.417305,-0.768713,49
52.429515,-0.798530,56
52.407491,-0.702958,69
52.400128,-0.707238,71
52.479570,-0.838565,19
52.383951,-0.713678,65
52.378513,-0.716351,64
52.246867,-0.876733,80
52.242265,-0.873291,81
52.243994,-0.878234,82
52.243279,-0.867135,78
52.248589,-0.872742,79
52.249511,-0.827284,64
52.251119,-0.820832,60
52.246189,-0.830841,64
52.244801,-0.813399,55
52.258113,-0.820573,60
52.255576,-0.812588,58
52.269522,-0.907654,66
52.274502,-0.915062,56
52.273024,-0.892100,70
52.273975,-0.906626,66
52.268488,-0.899634,71
52.276430,-0.898397,65
52.277115,-0.892195,64
52.239888,-0.910896,79
52.250091,-0.903100,78
52.244519,-0.898207,84
52.246568,-0.904453,80
52.242904,-0.893149,84
52.223445,-0.901971,74
52.227460,-0.907337,75
52.219088,-0.895364,70
52.221299,-0.911595,69
52.218536,-0.905906,70
52.213710,-0.906643,65
52.206372,-0.913304,61
52.209996,-0.897475,51
52.202845,-0.907715,56
52.205494,-0.894396,54
52.202002,-0.897108,56
52.262259,-0.856841,73
52.252128,-0.866410,76
52.252461,-0.860770,74
52.267034,-0.856534,68
52.261417,-0.865502,74
52.256596,-0.865732,76
52.265426,-0.807101,55
52.266987,-0.812461,60
52.259527,-0.804581,56
52.256040,-0.806655,57
52.272486,-0.810780,54
52.257678,-0.856726,72
52.254226,-0.852343,72
52.255725,-0.842641,71
52.261814,-0.846802,71
52.270193,-0.848445,66
52.252261,-0.878303,79
52.253377,-0.890425,78
52.253585,-0.872518,78
52.249124,-0.888159,80
52.258623,-0.876371,75
52.255781,-0.883506,76
52.260302,-0.907443,75
52.254887,-0.902961,78
52.255347,-0.896187,78
52.270085,-0.921296,57
52.266031,-0.910954,66
52.263849,-0.839178,70
52.263164,-0.827789,68
52.263185,-0.818834,64
52.260023,-0.833604,70
52.265995,-0.819906,63
52.268967,-0.821568,60
52.211275,-0.887429,61
52.220775,-0.856614,50
52.206643,-0.878358,61
52.204297,-0.886006,63
52.203013,-0.874314,59
52.256034,-0.947861,61
52.258874,-0.957310,57
52.255031,-0.962532,55
52.252011,-0.948273,66
52.253625,-0.956006,59
52.251329,-0.962640,54
52.250301,-0.941594,66
52.253825,-0.935481,60
52.248500,-0.952213,66
52.247140,-0.934138,65
52.242382,-0.942730,69
52.273113,-0.873635,64
52.267623,-0.865508,69
52.262328,-0.877139,71
52.275598,-0.859365,60
52.278093,-0.851583,59
52.234610,-0.877776,79
52.245524,-0.886579,82
52.243226,-0.881639,83
52.243050,-0.888462,83
52.240170,-0.885372,82
52.261463,-0.896467,77
52.264899,-0.894034,76
52.261391,-0.888404,75
52.270421,-0.886356,70
52.230423,-0.925188,61
52.225614,-0.928297,61
52.226120,-0.917120,68
52.244295,-0.924700,70
52.237275,-0.928749,73
52.237616,-0.916511,78
52.247661,-0.917375,71
52.259584,-0.936357,63
52.243982,-0.912324,77
52.252183,-0.913816,69
52.261523,-0.923821,62
52.254222,-0.923590,66
52.277633,-0.830696,55
52.272865,-0.822526,58
52.270915,-0.831810,61
52.275475,-0.840836,63
52.270032,-0.838224,62
52.209538,-0.922599,51
52.221489,-0.925820,59
52.215325,-0.926589,53
52.216291,-0.943201,48
52.243698,-0.849881,65
52.247115,-0.857514,69
52.236559,-0.865424,69
52.238695,-0.853046,60
52.252848,-0.832486,70
52.248111,-0.842456,65
52.073403,-1.107911,20
52.159379,-1.083623,15
52.171049,-0.936239,36
52.025877,-1.141391,60
52.033115,-1.138968,59
52.032632,-1.150185,62
52.029526,-1.158040,59
52.027400,-1.152151,63
52.041133,-1.158485,50
52.039645,-1.164559,53
52.036724,-1.151131,59
52.210286,-0.822639,34
52.176506,-0.821319,33
52.235477,-0.772064,36
52.174949,-0.997020,24
52.162249,-0.905279,42
52.050960,-0.905431,44
52.053856,-0.898223,45
52.209678,-0.995210,42
52.195663,-0.992319,36
52.117267,-0.894162,28
52.212614,-0.971032,40
52.242904,-0.987011,44
52.225345,-1.035059,42
52.028985,-1.264236,32
52.141966,-1.035329,35
51.999157,-1.200761,21
52.061128,-1.281172,42
52.074785,-1.268493,44
52.079319,-1.257067,41
52.143674,-0.843212,28
52.089920,-1.020482,33
52.048796,-1.199397,24
52.124665,-0.940345,27
52.115583,-0.989462,51
52.125296,-0.991514,62
52.127435,-0.998889,59
52.137138,-0.988704,58
52.126613,-0.985591,61
52.138686,-0.988976,59
52.155238,-1.269666,22
52.100272,-1.240502,26
52.115490,-1.123340,14
52.085619,-0.948000,32
52.203292,-0.748837,30
52.295812,-0.717074,66
52.304871,-0.714422,59
52.303041,-0.707631,72
52.300470,-0.714348,68
52.306141,-0.685535,78
52.297228,-0.683246,79
52.310036,-0.677400,72
52.293777,-0.692945,72
52.292022,-0.701748,68
52.290688,-0.708990,63
52.285914,-0.691677,63
52.286492,-0.708696,52
52.271764,-0.740633,56
52.271521,-0.761529,50
52.259491,-0.734693,53
52.254291,-0.751509,54
52.328407,-0.663481,51
52.342287,-0.639537,56
52.342234,-0.646883,53
52.282196,-0.726138,43
52.314639,-0.680896,65
52.314231,-0.692746,64
52.311171,-0.696977,68
52.320972,-0.701355,54
52.322130,-0.686910,57
52.276044,-0.659090,46
52.288055,-0.650252,48
52.278838,-0.633880,48
52.336658,-0.736166,36
52.305917,-0.740904,56
52.299916,-0.721975,61
52.299148,-0.730065,59
52.306451,-0.720719,58
52.311368,-0.709213,61
52.307802,-0.705656,71
52.315071,-0.709133,56
52.315023,-0.729836,49
52.311585,-0.718714,54
52.216509,-0.681599,29
52.299286,-0.697221,77
52.295093,-0.709637,71
52.307350,-0.691989,79
52.284686,-0.784514,35
52.249388,-0.692367,40
52.261198,-0.664574,43
55.405265,-1.698261,35
55.409616,-1.681154,57
55.397997,-1.748993,61
55.411874,-1.715199,61
55.336674,-1.582155,56
55.315198,-1.580158,45
55.330497,-1.570751,52
55.325860,-1.601748,55
55.400073,-1.814960,13
55.485905,-1.658411,15
55.435252,-1.618901,19
55.249068,-1.938173,28
55.313927,-1.944489,36
55.325692,-1.729803,21
55.367694,-1.701092,35
55.332473,-1.643587,29
55.346853,-2.086444,6
55.578405,-1.787161,23
55.524816,-2.058000,3
55.784382,-2.008619,58
55.770775,-2.000472,66
55.782368,-2.051368,55
55.741705,-2.041278,44
55.687089,-1.946401,20
55.620041,-2.007016,13
55.694429,-2.136383,16
55.584687,-1.675201,35
55.542724,-1.705205,23
55.756673,-2.011552,61
55.749646,-2.010737,57
55.765275,-2.017217,66
55.757455,-2.002786,58
55.754040,-1.994456,55
55.546216,-2.032571,38
55.127862,-1.525920,70
55.131509,-1.530764,69
55.124002,-1.537063,67
55.076409,-1.573266,67
55.079650,-1.563003,61
55.087077,-1.573597,68
55.083946,-1.572745,68
55.106734,-1.590790,59
55.091827,-1.571886,65
55.101235,-1.575023,56
55.099125,-1.580328,61
55.101040,-1.590430,57
55.096046,-1.590331,63
55.091605,-1.587734,70
55.090403,-1.579221,70
55.068059,-1.584390,67
55.072283,-1.579319,64
55.077272,-1.582250,68
55.085026,-1.587629,75
55.072910,-1.593598,69
55.080607,-1.585464,74
55.087901,-1.618804,56
55.084944,-1.603722,67
55.124579,-1.510059,77
55.128759,-1.512186,76
55.131124,-1.518244,72
55.085523,-1.496877,53
55.085745,-1.523029,50
55.079428,-1.472031,57
55.059136,-1.510545,57
55.071528,-1.508555,59
55.119204,-1.527413,71
55.123605,-1.525897,71
55.130761,-1.548355,68
55.103440,-1.532861,56
55.109912,-1.552166,64
55.117671,-1.534301,65
55.118962,-1.515527,72
55.115066,-1.522120,69
55.123090,-1.516390,76
55.071160,-1.525279,67
55.087663,-1.542377,60
55.066439,-1.523297,61
55.060389,-1.561144,55
55.068836,-1.553129,55
55.111766,-1.515791,61
55.114138,-1.508819,66
55.108106,-1.522569,56
55.104557,-1.508892,59
55.124172,-1.502215,74
55.295082,-1.602017,35
55.283734,-1.616653,27
55.223012,-1.567472,37
55.222059,-1.562691,41
55.151423,-1.866978,5
55.003140,-1.805700,38
55.254184,-1.728605,16
55.210108,-1.538788,46
55.166730,-1.673437,69
55.167467,-1.689971,76
55.160599,-1.705863,59
55.172439,-1.707060,55
55.176449,-1.691530,66
55.155481,-1.692692,58
55.156886,-1.680557,61
55.159178,-1.675705,59
55.180553,-1.654329,50
55.195143,-1.643597,41
55.043223,-1.744158,54
55.064175,-1.730455,54
55.053431,-1.747026,60
55.033844,-1.758207,47
55.023549,-1.762375,38
55.034818,-1.795853,31
55.044821,-1.910817,10
55.109974,-1.723112,18
55.236770,-1.614858,37
55.243999,-1.616377,31
54.994606,-2.096144,48
54.854475,-2.273155,7
54.902189,-2.262796,23
55.153269,-2.137681,18
55.066206,-2.075830,8
54.992740,-2.002777,52
54.979407,-2.007468,51
54.979859,-1.915174,27
55.006133,-2.437563,19
54.979015,-2.480305,47
54.966885,-2.463219,47
54.983289,-2.445437,46
54.974412,-2.252412,30
54.955452,-2.114342,56
54.968293,-2.105723,70
54.966758,-2.145153,53
54.972802,-2.116191,67
54.969406,-2.090521,69
54.960334,-2.085475,62
55.030329,-2.103762,17
54.975102,-1.864983,47
54.967508,-1.849629,59
54.963088,-1.833340,60
54.949750,-1.844316,54
54.959501,-1.849515,66
55.228704,-2.425582,8
54.962332,-2.030607,37
54.899768,-2.129071,7
54.928830,-1.927707,29
54.947567,-1.881432,46
54.947526,-1.907803,43
55.016025,-2.204694,20
55.086359,-2.285380,12
54.893977,-2.466252,4
54.980203,-1.823707,48
55.119266,-1.599292,66
55.130603,-1.587968,70
55.134823,-1.594068,69
55.140083,-1.585089,65
55.134293,-1.573472,64
55.131832,-1.580232,66
55.140322,-1.604480,64
55.132140,-1.628824,56
55.129402,-1.616447,66
55.130761,-1.604610,72
55.184074,-1.583019,64
55.182066,-1.610195,57
55.172990,-1.584446,56
55.178182,-1.571361,68
55.182782,-1.567032,72
55.183725,-1.573534,70
55.158688,-1.610137,56
55.156629,-1.614187,54
55.168201,-1.551961,65
55.174671,-1.552907,67
55.161467,-1.592718,59
55.167115,-1.591119,58
55.172350,-1.576815,59
55.172351,-1.563630,69
55.170247,-1.568046,60
55.184600,-1.561043,70
55.193738,-1.563016,65
55.187721,-1.512054,55
55.197233,-1.529403,54
55.174802,-1.526906,53
55.179310,-1.517718,56
55.178069,-1.558440,71
55.179948,-1.560531,71
55.180973,-1.543157,54
55.137248,-1.563830,63
55.142433,-1.566570,66
55.149434,-1.542978,39
55.154200,-1.578435,57
55.165069,-1.582400,60
53.926956,-1.984834,47
53.913420,-2.056943,40
54.027355,-1.946541,14
54.120266,-2.506661,25
54.117282,-2.513481,39
53.879470,-2.055933,42
53.992047,-1.995878,37
54.050427,-2.148750,16
53.989698,-2.111494,33
53.900226,-1.993546,65
53.903572,-1.985186,61
53.904352,-2.021285,58
54.084165,-1.964523,41
54.010522,-2.228456,37
54.101340,-2.388155,16
54.189359,-2.421681,34
54.150723,-2.298041,38
54.087688,-2.248079,56
54.026521,-2.290210,37
53.963745,-1.980586,61
53.960973,-2.004612,68
53.970301,-2.010154,66
53.962652,-2.017489,78
53.957228,-2.015123,77
53.956273,-2.006874,69
53.951473,-1.988368,65
53.948485,-2.020141,69
53.895880,-1.991454,62
53.883472,-2.002825,54
54.163648,-2.115664,22
53.944253,-2.106885,36
54.285185,-1.595845,47
54.283653,-1.594914,45
54.298515,-1.577968,45
54.371570,-1.422095,45
54.442959,-1.118884,23
54.438347,-1.465762,14
54.281897,-1.621792,19
54.116530,-1.188009,51
54.107095,-1.195201,51
54.129011,-1.189287,50
54.479035,-1.067356,38
54.489640,-1.157183,45
54.491624,-1.136611,48
54.127431,-1.283271,16
54.065758,-1.117528,27
54.334760,-1.559848,30
54.357477,-1.500438,22
54.335814,-1.438730,73
54.330535,-1.434447,68
54.323252,-1.417893,65
54.338932,-1.431113,72
54.332518,-1.395790,63
54.336291,-1.422088,66
54.343282,-1.425656,67
54.360759,-1.329048,13
54.329933,-1.455805,58
54.322013,-1.445533,59
54.337685,-1.455034,67
54.445918,-1.352278,15
54.449019,-1.276508,22
54.031295,-1.198010,24
54.227700,-1.341286,64
54.128010,-1.094344,16
54.468685,-1.184607,52
54.482251,-1.189109,46
54.470990,-1.197381,49
54.486847,-1.222351,33
54.396666,-1.185315,16
54.221990,-1.534960,14
54.235911,-1.331645,58
54.236013,-1.344004,63
54.236928,-1.317759,58
54.233842,-1.380571,45
54.277476,-1.416139,16
54.075771,-1.243210,23
54.183858,-1.348920,17
54.190039,-1.217490,14
54.271128,-1.288258,12
54.010842,-1.535158,60
54.015208,-1.513504,53
54.008162,-1.539794,68
54.015037,-1.541095,55
54.071398,-1.518075,27
54.097829,-1.541537,30
54.084075,-1.374517,42
54.094064,-1.397910,49
54.047693,-1.473932,25
54.053938,-1.383101,24
53.994382,-1.506743,68
53.999329,-1.518571,69
53.997993,-1.511958,69
53.992491,-1.511446,69
53.989295,-1.556851,71
53.984913,-1.561952,65
53.990544,-1.571336,52
53.995131,-1.551231,72
53.992990,-1.531945,79
54.000747,-1.535869,76
53.998076,-1.527193,76
53.997595,-1.533341,78
53.983147,-1.504261,67
53.988120,-1.497358,63
53.979788,-1.517613,67
53.994105,-1.489773,62
54.037027,-1.557272,43
54.136050,-1.681572,16
54.157691,-1.581658,15
54.009103,-1.456694,67
54.009889,-1.463885,71
54.016900,-1.437094,57
54.002301,-1.445849,59
53.996564,-1.464118,58
54.004061,-1.474535,71
54.013335,-1.486934,45
54.022510,-1.463304,59
54.014899,-1.461470,64
53.999062,-1.542829,75
53.994528,-1.540514,80
53.988628,-1.543316,77
53.990414,-1.547112,77
54.065251,-1.647342,17
54.021601,-1.635382,20
53.969836,-1.292151,27
53.947867,-1.272877,20
54.228358,-1.666960,35
54.209641,-1.740690,13
54.112385,-1.378712,39
54.113735,-1.456560,30
54.002631,-1.546837,70
54.008421,-1.545811,67
54.008897,-1.553108,66
54.002895,-1.539491,75
54.048452,-1.788568,20
54.020308,-1.701339,20
54.032897,-1.327786,27
54.012935,-1.252924,18
53.975655,-1.527225,66
53.970951,-1.537274,66
53.960748,-1.548252,47
53.962731,-1.524752,53
54.141892,-1.848955,15
54.087213,-1.754320,42
53.982544,-1.366014,26
53.986647,-1.448943,34
54.138780,-1.512863,63
54.134058,-1.523430,69
54.128942,-1.510683,61
54.122731,-1.529180,56
54.128209,-1.535592,58
54.127379,-1.528600,60
54.127679,-1.523474,63
54.144773,-1.557720,54
54.133890,-1.536837,70
54.145735,-1.529209,64
54.139016,-1.542674,59
53.971382,-1.551371,55
53.981634,-1.553042,68
53.978584,-1.545129,67
53.977178,-1.560953,63
54.005598,-1.563854,57
54.000975,-1.571998,52
54.002775,-1.577616,40
54.002069,-1.558368,62
53.925732,-1.529732,27
53.943386,-1.457440,39
54.004037,-1.498031,63
54.000313,-1.504788,65
53.998914,-1.491865,62
53.996802,-1.499939,70
53.984573,-1.539730,75
53.979232,-1.536373,73
53.985354,-1.531099,74
53.988461,-1.522947,69
53.955011,-1.627866,25
53.959042,-1.759086,27
54.178262,-1.475290,13
54.150423,-1.389076,17
54.008589,-1.529956,65
54.005875,-1.534892,71
54.005549,-1.522077,67
54.010797,-1.523572,58
54.290597,-2.110676,15
54.485363,-1.625370,33
54.326173,-1.932392,15
54.399434,-1.628221,24
54.394955,-1.660328,33
54.369242,-1.633365,33
54.383357,-1.635688,37
54.381947,-1.688175,48
54.459952,-1.552409,23
54.446119,-1.765923,16
54.314318,-2.249538,33
54.348385,-1.675963,27
54.313574,-1.736467,12
54.495894,-1.677917,21
54.259531,-1.822398,21
54.436308,-1.645789,31
54.491610,-1.789043,10
54.241496,-1.987451,13
54.425121,-1.961436,17
54.411805,-1.729423,60
54.404890,-1.729026,66
54.408135,-1.722429,61
54.411353,-1.715795,54
54.413286,-1.776191,52
54.407404,-1.741278,63
54.364961,-1.724811,50
54.352315,-1.706880,30
54.391695,-2.083748,5
54.167464,-0.835907,24
54.188196,-1.091388,18
54.295667,-0.805136,18
54.347335,-0.942582,10
54.078891,-0.861421,12
54.099157,-0.748828,15
54.293677,-1.124343,24
54.241142,-1.051727,40
54.154955,-0.949275,20
54.259391,-0.949105,37
54.274216,-0.938756,41
54.133979,-0.812118,65
54.155847,-0.777749,58
54.124038,-0.767632,54
54.116400,-0.804441,66
54.122172,-0.787859,58
54.251737,-0.757239,56
54.222067,-0.769607,51
54.259431,-0.776030,52
54.245371,-0.787828,58
54.169380,-0.665859,24
54.037168,-0.925739,20
54.175894,-0.511085,28
54.079235,-0.995511,18
54.216231,-0.946028,11
54.208715,-0.731283,34
54.286809,-0.663393,15
54.096224,-0.612999,6
54.278870,-0.404500,77
54.286275,-0.390652,72
54.283106,-0.398420,76
54.226157,-0.358920,42
54.233718,-0.384493,51
54.248282,-0.374213,51
54.283319,-0.412012,76
54.281313,-0.415340,75
54.281942,-0.408785,77
54.448548,-0.933184,14
54.246887,-0.518645,30
54.238418,-0.574814,21
54.247681,-0.474227,33
54.239784,-0.401860,60
54.243074,-0.388025,56
54.247956,-0.403326,56
54.244001,-0.394394,58
54.410950,-0.673002,25
54.418355,-0.785174,18
54.454918,-0.659242,33
54.270933,-0.426441,59
54.262688,-0.421982,65
54.274518,-0.416903,73
54.208463,-0.285797,63
54.205410,-0.299435,58
54.219199,-0.295162,58
54.213221,-0.302542,57
54.162007,-0.294996,32
54.182750,-0.314437,42
54.195400,-0.370971,33
54.338875,-0.455747,33
54.484776,-0.628999,64
54.474165,-0.639627,56
54.486144,-0.639072,58
54.523308,-0.808076,28
54.493219,-0.725667,23
54.292931,-0.432279,64
54.291497,-0.442248,59
54.287825,-0.443150,59
54.297152,-0.424964,61
54.287537,-0.399976,74
54.290020,-0.414207,66
54.288340,-0.419818,68
54.284808,-0.414298,72
54.273831,-0.404342,73
54.271779,-0.410143,70
54.276036,-0.399839,72
54.307361,-0.430344,52
54.296622,-0.449946,55
54.334337,-0.529695,21
54.243411,-0.420390,52
54.238314,-0.443761,44
54.251032,-0.434307,45
54.277466,-0.421285,73
54.278185,-0.414659,76
54.280242,-0.424983,65
54.482155,-0.602080,58
54.484517,-0.611499,65
54.471761,-0.608731,57
54.256772,-0.391628,49
54.265782,-0.402729,66
54.491199,-0.631808,62
54.285333,-0.425007,66
54.276074,-0.441661,60
54.289582,-0.427602,65
53.888399,-1.192571,16
53.800360,-1.034354,46
53.811630,-1.039541,41
53.785450,-1.047084,65
53.770899,-1.073828,60
53.763609,-1.088976,51
53.767888,-1.102707,48
53.756499,-1.034280,43
53.732398,-1.017929,34
53.722937,-0.961254,29
53.703818,-1.019429,41
53.808046,-1.139146,23
53.814619,-1.083690,26
53.825592,-1.189233,29
53.713990,-1.160199,27
53.720337,-1.114771,24
53.736443,-1.230547,31
53.738063,-1.281774,39
53.771241,-1.164555,30
53.774240,-1.129236,37
53.750222,-1.116409,30
53.768425,-0.960741,29
53.791671,-0.996543,29
53.758235,-1.220940,35
53.839947,-0.971087,18
53.838648,-1.059584,43
53.855400,-1.092456,28
53.853705,-1.035168,36
53.840105,-1.258967,27
53.790798,-1.108479,58
53.788568,-1.079790,66
53.784759,-1.077664,73
53.780563,-1.065342,70
53.778738,-1.095962,52
53.802789,-1.278404,59
53.786173,-1.247876,58
53.802265,-1.247153,57
53.886540,-1.255740,57
53.886512,-1.269373,58
53.884108,-1.238720,51
53.878396,-1.266974,54
53.870742,-1.303544,39
53.670245,-1.197320,19
53.679077,-1.112522,19
53.035116,-1.213887,71
53.027039,-1.208639,66
53.032354,-1.207640,73
53.037733,-1.206243,77
53.026456,-1.200677,71
53.033683,-1.197764,76
53.039683,-1.201275,77
53.044173,-1.199999,72
53.047176,-1.209136,68
53.047150,-1.194288,64
53.042387,-1.207292,76
53.036884,-1.243050,54
53.030044,-1.221606,67
53.028723,-1.230970,61
53.023621,-1.228073,59
53.018635,-1.219337,56
53.043901,-1.228355,71
53.036520,-1.229347,64
53.060566,-1.334410,56
53.062150,-1.320987,51
53.094802,-1.285944,62
53.095692,-1.256265,71
53.095953,-1.239051,75
53.089859,-1.223799,66
53.109790,-1.234496,66
53.102219,-1.245721,73
53.100070,-1.224318,66
53.111023,-1.248092,67
53.101370,-1.258208,73
53.104845,-1.256180,69
53.108116,-1.288422,64
53.104958,-1.263609,68
53.111133,-1.265120,66
53.076165,-1.321532,50
53.073059,-1.306418,54
53.078837,-1.295910,50
53.070676,-1.296878,53
53.135584,-1.271170,68
53.128458,-1.263246,77
53.132213,-1.277659,70
53.131352,-1.255014,77
53.125407,-1.269257,76
53.122147,-1.274116,72
53.132716,-1.259364,74
53.136987,-1.260874,68
53.124493,-1.238390,66
53.111458,-1.203451,53
53.116413,-1.261101,71
53.117457,-1.267748,72
53.121683,-1.260843,75
53.126919,-1.246273,73
53.127128,-1.254492,78
53.143904,-1.254238,61
53.145470,-1.275926,58
53.153430,-1.289172,50
53.138739,-1.254203,67
53.140674,-1.273438,63
53.137069,-1.247104,69
53.133960,-1.239724,71
53.132910,-1.305108,60
53.125022,-1.296301,61
53.129218,-1.288663,67
53.126555,-1.279555,70
53.118780,-1.305607,60
53.121439,-1.283977,64
53.116719,-1.284935,64
53.055500,-1.293500,49
53.053925,-1.294864,51
53.061507,-1.256087,58
53.083775,-1.268468,59
53.079545,-1.235738,57
53.079111,-1.252127,62
53.408117,-0.831535,32
53.396475,-1.060253,38
53.364344,-1.133457,48
53.356823,-1.124766,48
53.364237,-1.113949,51
53.342870,-1.108653,48
53.364326,-0.908702,26
53.264952,-0.943625,24
53.247982,-0.912756,32
53.326572,-0.931941,66
53.325984,-0.911148,56
53.308786,-0.919795,53
53.323249,-0.937853,72
53.316655,-0.929818,67
53.327695,-0.945300,70
53.336738,-0.958795,60
53.334046,-0.946455,64
53.331992,-0.964674,62
53.309850,-0.956955,57
53.303485,-0.951792,50
53.307936,-0.950527,56
53.319403,-0.945438,72
53.318616,-0.959895,65
53.314381,-0.939369,67
53.438588,-0.942246,23
53.418857,-1.078598,50
53.418606,-1.045086,52
53.420360,-1.062401,56
53.419802,-1.043976,55
53.423900,-1.068535,48
53.366812,-1.085194,50
53.378400,-1.126951,50
53.444190,-0.837531,28
53.449932,-0.865647,26
53.301950,-0.835823,14
53.383987,-0.995636,30
53.353217,-0.823736,22
53.336665,-0.991790,26
53.222540,-0.849495,37
53.227508,-0.896610,48
53.259184,-0.814921,14
53.314577,-1.112523,67
53.318800,-1.067055,58
53.314745,-1.105205,64
53.309702,-1.110487,68
53.316635,-1.125187,69
53.333083,-1.142274,51
53.330490,-1.125421,54
53.324425,-1.130602,63
53.323453,-1.124167,63
53.326270,-1.108709,54
53.326135,-1.114524,61
53.321219,-1.112451,65
53.318900,-1.118028,66
53.313918,-1.135525,71
53.314214,-1.172172,51
53.309511,-1.122669,76
53.324747,-1.154917,47
53.324188,-1.138955,54
53.290856,-1.125935,64
53.306241,-1.142941,58
53.303212,-1.127340,72
53.287618,-1.147781,54
53.295102,-1.071955,52
53.298916,-1.112354,69
53.301964,-1.104138,63
53.294186,-1.108292,62
53.305297,-1.115787,72
52.914345,-1.223476,68
52.903063,-1.229091,65
52.926139,-1.211104,79
52.929050,-1.202677,75
52.925421,-1.205897,76
52.940085,-1.228294,66
52.937734,-1.221005,73
52.933637,-1.218529,75
52.931397,-1.211292,77
52.919032,-1.208499,72
52.915156,-1.197664,65
52.921104,-1.195826,67
52.923881,-1.200425,74
52.929904,-1.225472,74
52.926950,-1.220459,77
52.922587,-1.219081,76
52.930679,-1.243550,66
52.946402,-1.246012,65
52.940138,-1.244701,65
52.937827,-1.253172,68
52.937740,-1.232071,65
53.036443,-1.315904,51
53.044176,-1.325075,48
52.924838,-1.234079,70
52.921085,-1.231150,71
52.916710,-1.229843,70
52.917494,-1.241389,69
52.915040,-1.253789,66
52.912707,-1.241046,69
52.922519,-1.240949,68
52.922060,-1.251027,64
52.993351,-1.252994,59
52.999712,-1.263083,67
53.002288,-1.261363,67
52.998478,-1.273115,67
52.981011,-1.276496,61
53.033109,-1.293150,61
53.021731,-1.298179,65
53.012141,-1.295489,68
53.010469,-1.311368,64
53.017849,-1.314344,70
53.017366,-1.302861,75
53.013662,-1.303088,69
53.016342,-1.294331,71
53.002402,-1.295581,63
53.006143,-1.280231,65
53.005149,-1.292199,62
53.024460,-1.266987,63
52.984415,-1.243317,61
52.987903,-1.217369,65
52.984535,-1.222802,60
52.999478,-1.246822,67
53.014205,-1.249165,61
52.997441,-1.238411,66
52.943045,-1.264021,67
52.937570,-1.276535,68
52.940000,-1.267835,69
52.925995,-1.265659,70
52.933726,-1.261747,71
52.932181,-1.268752,74
52.921974,-1.276278,73
52.924391,-1.271898,74
52.926596,-1.279736,78
52.930979,-1.277463,75
52.914919,-1.270563,63
52.909716,-1.263178,68
52.908082,-1.244436,69
52.906100,-1.253025,71
52.906088,-1.262009,70
53.028652,-1.157992,53
53.009091,-1.133728,78
53.005048,-1.131994,81
53.013599,-1.159102,63
53.013171,-1.165063,67
52.975743,-1.049509,47
52.987187,-1.022644,46
53.038111,-1.069764,57
53.033640,-1.090934,62
53.052509,-1.110672,57
53.043302,-1.087907,61
53.046605,-1.080996,59
52.965433,-1.096233,75
52.962432,-1.089485,70
52.960185,-1.096171,70
52.965970,-1.084828,76
52.964361,-1.105263,78
52.968161,-1.107935,78
52.967557,-1.115416,75
52.973665,-1.111803,69
52.971098,-1.114115,75
52.968118,-1.100700,75
53.001556,-1.134777,80
53.002397,-1.143425,76
52.998081,-1.141858,78
52.973238,-1.067599,64
52.978279,-1.071879,67
52.973087,-1.077203,73
52.969005,-1.077733,75
52.987963,-1.084045,58
53.015026,-1.110099,71
53.004875,-1.117235,75
53.000114,-1.125651,78
52.995338,-1.131562,75
52.995862,-1.121717,73
53.005481,-1.075130,50
52.995094,-1.108403,68
53.008046,-1.104092,67
53.008923,-1.107008,66
53.000334,-1.106845,70
52.999219,-1.114221,73
52.953493,-1.087871,61
52.967476,-1.068788,72
52.962539,-1.079997,74
52.957848,-1.070452,72
52.958456,-1.087215,69
53.060785,-1.181631,48
52.976228,-1.090797,71
52.973393,-1.085753,74
52.978561,-1.086214,70
52.986330,-1.108303,73
52.982229,-1.120590,76
52.976984,-1.119040,71
52.980528,-1.114721,71
52.979375,-1.108187,71
53.072885,-1.150702,47
53.085329,-1.154386,46
53.084136,-1.159363,48
53.089491,-1.164419,47
52.976891,-1.098227,69
52.982196,-1.094502,66
52.982063,-1.099935,70
53.018888,-1.126910,72
53.010363,-1.119915,75
53.017197,-1.118947,69
53.008902,-1.125972,80
53.004435,-1.124716,81
52.969362,-1.089611,75
52.972124,-1.099024,70
52.975947,-1.104464,68
53.024156,-1.069351,39
52.987204,-1.120197,74
52.988453,-1.129243,74
52.990085,-1.124321,72
52.989099,-1.136864,75
52.992111,-1.116456,70
53.130211,-1.174504,61
53.133545,-1.192903,72
53.122009,-1.184899,57
53.207309,-1.152617,63
53.207859,-1.124325,58
53.197703,-1.150735,57
53.201969,-1.152441,63
53.149905,-1.209146,78
53.153393,-1.214436,74
53.154739,-1.222194,68
53.146521,-1.227480,68
53.146533,-1.218337,73
53.150182,-1.223594,70
53.140878,-1.181435,75
53.140961,-1.172661,68
53.139035,-1.167732,65
53.144555,-1.170850,69
53.158805,-1.145766,59
53.155691,-1.134402,57
53.152479,-1.155979,65
53.157534,-1.155702,62
53.160972,-1.164251,67
53.151698,-1.164414,70
53.140473,-1.232250,65
53.140563,-1.224788,70
53.135253,-1.220935,70
53.144093,-1.205814,80
53.143774,-1.213121,77
53.140078,-1.217124,72
53.165592,-1.181634,70
53.175082,-1.174333,59
53.169615,-1.164709,59
53.170709,-1.181275,67
53.124870,-1.132952,62
53.126265,-1.165922,58
53.128186,-1.147836,60
53.226366,-1.116583,45
53.219044,-1.147959,53
53.211561,-1.180091,48
53.190611,-1.170431,58
53.147601,-1.136083,61
53.144446,-1.159403,64
53.139492,-1.144271,63
53.136502,-1.161899,64
53.157702,-1.228234,68
53.139441,-1.203389,76
53.140293,-1.188796,75
53.131886,-1.206431,71
53.159967,-1.195229,74
53.163811,-1.189598,73
53.157792,-1.184593,69
53.149411,-1.190243,76
53.147828,-1.172735,70
53.146877,-1.182908,75
53.177510,-1.186864,61
53.171142,-1.191319,70
53.177130,-1.209026,67
53.170488,-1.211079,70
53.166823,-1.199849,73
53.159781,-1.215074,71
53.159296,-1.205183,73
53.148850,-1.199136,79
53.063477,-0.786603,66
53.061509,-0.766220,57
53.057378,-0.780734,63
53.054443,-0.775303,58
53.059430,-0.791695,64
53.050593,-0.786089,59
53.051682,-0.796779,58
53.074477,-0.780679,48
53.072207,-0.790075,66
53.073461,-0.799102,74
53.150626,-1.046526,38
53.132881,-1.113570,54
53.143833,-1.029591,44
53.101034,-1.133999,50
53.103895,-1.102311,46
53.086959,-1.104449,47
53.213686,-0.988386,52
53.202249,-0.994027,57
53.220194,-0.970189,32
53.083837,-0.787971,63
53.079338,-0.800264,75
53.092854,-0.798713,61
53.090290,-0.791258,56
53.068107,-0.816839,71
53.065824,-0.828898,55
53.083720,-0.811921,74
53.078738,-0.823268,74
53.162561,-0.921078,17
53.173047,-1.100208,50
53.151524,-0.773425,41
53.136608,-0.737930,37
53.217766,-0.736345,12
53.063795,-0.814939,65
53.060123,-0.819457,57
53.059581,-0.810794,61
53.194082,-1.080331,49
53.196824,-1.044962,48
53.192518,-1.069565,51
53.011341,-0.843269,23
53.055615,-0.854472,44
53.087749,-1.055396,35
53.102150,-1.032574,41
53.115780,-0.996263,25
53.000007,-1.009192,43
53.029867,-1.020745,24
53.007842,-0.969623,34
53.066672,-0.800102,72
53.062312,-0.803625,68
53.072491,-0.808389,77
53.089637,-0.872645,22
53.119803,-0.836939,26
53.206520,-1.004740,63
53.228951,-1.049814,55
53.204538,-1.017943,61
53.116845,-1.110188,56
53.112906,-1.140588,58
53.115876,-1.103311,49
53.080496,-0.939716,54
53.087063,-0.959762,52
53.075953,-0.958968,56
53.065242,-0.981745,49
53.171376,-0.838093,20
53.187654,-0.801967,28
53.039123,-0.962265,26
53.057633,-0.899166,27
53.093476,-0.756250,35
52.931895,-1.118312,75
52.928602,-1.118882,75
52.925519,-1.113922,72
52.948117,-0.939628,58
52.950587,-0.956140,67
52.947872,-0.942906,62
52.946186,-0.973113,57
52.949155,-0.965561,60
52.952288,-0.962287,64
52.918452,-1.154386,69
52.913619,-1.152263,65
52.927752,-1.148393,73
52.907535,-1.033107,51
52.915580,-1.035154,47
52.906221,-1.046737,52
52.904535,-1.033485,49
52.910344,-1.038257,56
52.950807,-0.899096,34
52.912714,-1.109440,60
52.919583,-1.111509,67
52.934096,-1.106582,66
52.938410,-1.080094,60
52.918514,-1.103797,63
52.874420,-1.209055,40
52.879996,-1.079942,54
52.874699,-1.097456,54
52.862448,-1.088808,52
52.875008,-1.084112,55
52.868326,-1.088517,55
52.936183,-1.124235,76
52.935314,-1.116172,71
52.940353,-1.121786,71
52.846030,-1.171728,53
52.839659,-1.210161,53
52.827474,-1.170501,53
52.824420,-1.190173,50
52.912267,-1.143278,68
52.920701,-1.140643,73
52.941334,-1.026709,62
52.941025,-1.045622,61
52.945464,-1.011816,51
52.924941,-1.127468,78
52.921827,-1.120709,72
52.928466,-1.127136,79
52.925583,-1.134160,78
52.920214,-1.130995,73
52.915907,-1.131538,71
52.858416,-0.996206,14
52.987760,-0.934192,36
52.891526,-1.136231,61
52.881124,-1.162302,60
52.900628,-1.139048,62
52.901547,-1.156484,62
52.839446,-1.248344,34
52.859228,-1.132656,40
52.812234,-1.179399,35
52.968775,-0.864965,20
52.906905,-1.076334,45
52.949376,-1.030983,60
52.948306,-1.038412,65
52.969150,-1.004210,40
52.935852,-1.130497,81
52.933449,-1.135680,80
52.929474,-1.135289,79
52.921843,-0.991473,35
52.902103,-0.935002,21
52.853952,-1.071288,24
52.018017,-1.300819,41
52.009299,-1.333678,39
52.051814,-1.321052,62
52.055593,-1.335154,76
52.046770,-1.327915,65
52.052657,-1.331026,69
52.061072,-1.344350,76
52.055024,-1.343988,75
52.049467,-1.347111,68
52.046254,-1.336143,67
52.042361,-1.358240,59
52.060663,-1.335157,79
52.072954,-1.312088,63
52.066389,-1.317834,63
52.065110,-1.326552,70
52.077896,-1.347624,61
52.073529,-1.364201,60
52.070483,-1.357101,65
52.075419,-1.343212,65
52.069473,-1.344325,68
52.064840,-1.348074,73
52.060808,-1.350988,73
52.058455,-1.356211,69
52.058415,-1.362885,64
52.068480,-1.364993,63
52.066583,-1.356082,69
52.063469,-1.366212,62
52.063663,-1.358806,68
51.902691,-1.133661,65
51.903644,-1.144834,71
51.907848,-1.144996,69
51.910788,-1.141054,66
51.913352,-1.148191,65
51.911764,-1.163171,59
51.912389,-1.154004,65
51.907890,-1.154415,71
51.894713,-1.140038,66
51.889253,-1.144768,62
51.893180,-1.132599,59
51.899467,-1.163612,70
51.899542,-1.146948,74
51.906893,-1.168714,61
51.903989,-1.158922,71
51.902842,-1.167557,66
51.901505,-1.172040,63
51.904904,-1.175830,59
52.017039,-1.382456,38
52.019590,-1.370401,44
51.938095,-1.191807,35
51.922193,-1.143896,44
52.131184,-1.337101,20
52.104756,-1.306413,29
51.981594,-1.307158,38
51.986906,-1.356002,29
51.969485,-1.099879,20
51.964541,-1.145639,15
52.000852,-1.481201,34
51.999062,-1.463228,27
51.822118,-1.295069,67
51.833821,-1.316722,60
51.828147,-1.279328,63
51.831751,-1.293539,63
51.822550,-1.285474,69
51.818385,-1.283584,70
51.819959,-1.271154,64
51.818143,-1.291346,68
51.813833,-1.284781,70
51.807336,-1.284285,67
51.871757,-1.247410,26
51.849422,-1.291819,33
51.895633,-1.104497,43
51.851777,-1.090467,24
51.829828,-1.162433,15
51.832552,-1.218462,34
52.041670,-1.406452,24
52.044529,-1.471126,24
51.958182,-1.256626,24
51.949771,-1.321497,23
52.093580,-1.440394,21
51.818718,-1.317258,48
51.803138,-1.284973,63
51.807030,-1.308812,50
51.766430,-1.198273,67
51.766018,-1.192893,66
51.764424,-1.186650,61
51.766736,-1.207394,70
51.722095,-1.189161,66
51.723647,-1.194972,71
51.725331,-1.201900,72
51.720127,-1.195276,68
51.755337,-1.251825,77
51.748667,-1.257023,78
51.750992,-1.213555,72
51.750905,-1.198933,70
51.748299,-1.200640,70
51.753569,-1.223015,75
51.734529,-1.225965,76
51.733621,-1.215939,78
51.730047,-1.207954,77
51.728847,-1.213809,77
51.740303,-1.211766,75
51.744107,-1.219861,77
51.762117,-1.221492,76
51.757083,-1.210682,78
51.755427,-1.211373,77
51.764316,-1.214647,77
51.770023,-1.221303,69
51.767418,-1.227813,72
51.759270,-1.229395,71
51.740342,-1.258637,70
51.732796,-1.248490,69
51.745420,-1.261688,75
51.744024,-1.255475,75
51.741241,-1.243358,75
51.737400,-1.234473,74
51.741581,-1.231937,77
51.764655,-1.286931,73
51.748423,-1.272626,76
51.759148,-1.267951,77
51.756264,-1.272072,75
51.719462,-1.216984,69
51.718206,-1.224150,67
51.726713,-1.220094,76
51.723933,-1.213989,74
51.742446,-1.198448,69
51.733239,-1.192571,71
51.734750,-1.204711,73
51.745757,-1.206317,70
51.776901,-1.244673,65
51.771770,-1.232194,69
51.766111,-1.243078,70
51.760461,-1.240290,69
51.764841,-1.270234,74
51.720468,-1.207433,72
51.716783,-1.202127,67
51.717362,-1.192550,65
51.715355,-1.196424,62
51.755819,-1.196032,67
51.760798,-1.188280,66
51.758826,-1.204214,75
51.760687,-1.198287,74
51.730204,-1.235674,70
51.725421,-1.227101,73
51.724255,-1.233896,69
51.729776,-1.225206,75
51.747119,-1.231420,79
51.750364,-1.233876,81
51.748749,-1.226267,77
51.751989,-1.239267,80
51.769959,-1.270998,71
51.743923,-1.240100,77
51.744411,-1.234015,79
51.747381,-1.242339,80
51.779798,-1.260328,71
51.775969,-1.273555,73
51.791150,-1.277955,63
51.781273,-1.292779,55
51.783692,-1.278018,65
51.790113,-1.261905,63
51.706994,-0.957400,25
51.623074,-1.112047,46
51.634191,-1.100263,38
51.624235,-1.064668,29
51.614679,-1.091988,31
51.672062,-1.125428,26
51.663591,-1.163450,43
51.654933,-1.173339,47
51.640028,-1.142917,38
51.627081,-1.181220,32
51.612941,-1.156390,44
51.665450,-1.071556,34
51.674298,-1.078925,34
51.543563,-1.035553,24
51.552413,-0.954122,22
51.701085,-0.913547,46
51.690532,-0.901200,41
51.716899,-0.911415,41
51.706004,-0.917753,46
51.586102,-1.149227,61
51.574374,-1.152562,46
51.610166,-1.261207,70
51.608707,-1.243110,78
51.606487,-1.260418,72
51.616032,-1.245766,68
51.619833,-1.241664,56
51.615527,-1.233508,63
51.612852,-1.223215,59
51.609793,-1.231284,69
51.602310,-1.225544,63
51.605232,-1.237121,76
51.602818,-1.240298,75
51.603786,-1.231455,70
51.598049,-1.252062,65
51.599058,-1.244090,70
51.603138,-1.249002,74
51.600661,-1.257313,68
51.788501,-1.187121,37
51.758211,-1.148061,46
51.720103,-1.141432,36
51.698836,-1.176029,37
51.520048,-1.101002,35
51.502590,-1.067974,37
51.550468,-1.123122,41
51.519649,-1.133388,52
51.723734,-1.085555,29
51.735373,-1.072043,27
51.580647,-1.201788,28
51.531580,-0.919946,59
51.544943,-0.917367,61
51.540051,-0.904954,69
51.528669,-0.895005,66
51.529498,-0.905030,66
51.534048,-0.902731,71
51.526349,-0.910379,60
51.711313,-1.216477,53
51.667134,-1.227178,37
51.496966,-1.010291,37
51.500482,-0.930037,36
51.506164,-0.890293,42
51.532503,-0.989655,34
51.517070,-0.979409,51
51.509797,-0.974647,48
51.521084,-0.987699,47
51.748737,-0.973470,63
51.752218,-0.957778,55
51.747203,-0.968126,60
51.755178,-0.974403,65
51.743900,-0.963841,57
51.744790,-0.976750,66
51.737049,-0.980425,58
51.739881,-0.968493,56
51.603764,-1.139946,60
51.608671,-1.130400,61
51.602035,-1.130901,64
51.602110,-1.122880,68
51.602864,-0.981215,21
51.665703,-1.000762,28
51.647172,-1.017909,39
51.746181,-1.148644,51
51.737720,-1.123177,54
51.738696,-1.168204,45
51.745300,-1.138028,56
51.532938,-1.081056,40
51.534870,-1.077024,45
51.675136,-1.269520,70
51.675260,-1.262280,65
51.657574,-1.288281,59
51.660236,-1.296338,57
51.662832,-1.290290,64
51.687677,-1.274754,63
51.687832,-1.281185,61
51.683887,-1.281542,66
51.675119,-1.290361,71
51.681102,-1.291638,68
51.672739,-1.299453,70
51.679086,-1.272598,72
51.679756,-1.283183,73
51.685468,-1.269759,66
51.664057,-1.304824,63
51.668056,-1.293910,73
51.665994,-1.288787,70
51.681205,-1.259844,59
51.682562,-1.265498,64
51.686257,-1.264082,61
51.754414,-1.342619,47
51.747591,-1.307845,62
51.736529,-1.315949,49
51.719415,-1.346870,37
51.562647,-1.249165,26
51.581071,-1.567131,20
51.658409,-1.641825,42
51.647805,-1.574410,55
51.672293,-1.592160,59
51.653020,-1.586018,60
51.653778,-1.592465,56
51.573628,-1.469055,37
51.612807,-1.433088,58
51.602231,-1.413295,56
51.616295,-1.413304,54
51.608071,-1.426275,60
51.605702,-1.436588,59
51.659258,-1.391760,32
51.595484,-1.285730,51
51.569763,-1.304124,34
51.580551,-1.366789,38
51.621105,-1.342213,45
51.614682,-1.311962,48
51.723901,-1.266109,42
51.721847,-1.247332,53
51.711165,-1.240870,48
51.671697,-1.493253,23
51.681752,-1.311605,47
51.674917,-1.341421,41
51.746379,-1.296891,65
51.742114,-1.286648,61
51.770935,-1.315158,66
51.695802,-1.240790,50
51.686996,-1.247663,49
51.600941,-1.649874,46
51.584913,-1.669461,44
51.618711,-1.627672,37
51.609812,-1.643212,46
51.642615,-1.522004,34
51.698020,-1.302202,41
51.708780,-1.290211,30
51.706688,-1.329663,38
51.627580,-1.272009,43
51.638686,-1.258475,34
51.589934,-1.409318,63
51.564725,-1.422258,65
51.594507,-1.410200,58
51.590665,-1.439772,61
51.592492,-1.432516,65
51.596213,-1.428397,64
51.739797,-1.651532,21
51.864865,-1.583055,25
51.713953,-1.542265,35
51.726556,-1.573526,29
51.814015,-1.647724,49
51.759086,-1.601542,61
51.771665,-1.599287,51
51.752452,-1.591276,59
51.757998,-1.589206,63
51.751289,-1.601876,57
51.892578,-1.526240,20
51.878244,-1.478568,43
51.875490,-1.477988,43
51.854218,-1.462036,32
51.939739,-1.529217,61
51.929672,-1.552781,56
51.938702,-1.563074,55
51.940567,-1.546298,63
51.763476,-1.513973,48
51.784501,-1.372557,60
51.783770,-1.380356,59
51.777710,-1.421037,47
51.797542,-1.349884,52
51.826238,-1.394953,42
51.813133,-1.376100,38
51.808858,-1.400213,36
51.817746,-1.482445,33
51.828440,-1.536971,30
51.799847,-1.538800,42
51.961997,-1.486688,26
51.947266,-1.615767,27
51.921647,-1.454027,25
51.865189,-1.642622,27
51.821194,-1.438136,37
51.747788,-1.405391,31
51.727392,-1.482885,28
51.722309,-1.412923,30
51.842230,-1.410117,30
51.938600,-1.369878,20
51.788328,-1.488057,74
51.790992,-1.498614,65
51.785520,-1.503721,65
51.779498,-1.472360,63
51.783847,-1.468322,68
51.795802,-1.484178,66
51.793625,-1.485149,67
51.794875,-1.476060,65
51.780598,-1.495891,68
51.780218,-1.500840,64
51.780510,-1.485472,75
51.781427,-1.491574,72
51.785314,-1.517279,56
51.783776,-1.507653,62
51.779381,-1.508089,60
51.848325,-1.354757,56
51.857405,-1.351548,52
51.841467,-1.365309,44
52.622201,-2.288500,48
52.635710,-2.286998,49
52.481356,-2.346460,24
52.459125,-2.350264,33
52.526455,-2.423543,62
52.523986,-2.439021,60
52.537551,-2.412242,66
52.540145,-2.421348,66
52.520495,-2.393115,50
52.528339,-2.410560,57
52.538671,-2.433321,62
52.541764,-2.431618,59
52.616380,-2.478494,48
52.610542,-2.457111,45
52.617331,-2.491136,46
52.595055,-2.489161,41
52.530530,-2.308560,17
52.474893,-2.553414,12
52.664739,-2.297849,35
52.648722,-2.259538,50
52.490244,-2.439700,12
52.610923,-2.382382,18
52.446553,-2.389092,35
52.450486,-2.381501,34
52.546640,-2.498648,32
52.554244,-2.600368,29
52.607157,-2.553058,40
52.671373,-2.368776,59
52.673256,-2.386720,58
52.652270,-2.371524,54
52.665756,-2.372613,60
52.426147,-2.447287,14
52.566930,-2.348285,17
52.788098,-2.834276,33
52.789974,-2.717448,28
52.814003,-2.770341,20
52.838510,-2.853379,16
52.934173,-2.943189,19
52.910541,-2.902361,48
52.919474,-2.856890,36
52.904305,-2.901538,50
52.858241,-2.418276,17
52.824688,-2.478433,16
52.842690,-2.609882,12
52.830153,-2.545694,14
52.882142,-2.898870,16
52.908543,-2.484006,63
52.906539,-2.473903,60
52.907058,-2.497535,54
52.903376,-2.493323,61
52.898013,-2.511798,50
52.897676,-2.493857,55
52.899161,-2.499040,58
52.890612,-2.655497,24
52.904948,-2.619569,16
52.929932,-2.536804,10
52.800093,-2.660415,27
52.787037,-2.646361,33
52.853856,-2.720199,53
52.858473,-2.714247,49
52.860800,-2.751086,19
52.859835,-2.730966,51
52.851126,-2.726379,52
52.972503,-2.682090,65
52.981196,-2.689452,51
52.947798,-2.656193,21
52.964046,-2.681752,63
52.972073,-2.657015,64
52.960243,-2.710292,60
52.967404,-2.698243,55
52.900421,-2.724056,13
52.966567,-2.420787,21
52.866116,-3.041708,65
52.861575,-3.040712,64
52.849735,-3.039529,65
52.856042,-3.038696,60
52.859216,-3.053905,71
52.852043,-3.057081,66
52.863172,-3.055277,70
52.867035,-3.049224,67
52.887969,-3.079797,32
52.905155,-3.022154,46
52.893353,-3.037416,47
52.774188,-2.991732,14
52.805526,-3.117572,21
52.785173,-3.071915,31
52.862835,-3.078241,63
52.857924,-3.064871,67
52.830721,-2.956938,25
52.806223,-2.922429,19
52.926451,-3.012844,33
52.925310,-3.003844,36
52.831104,-3.035490,24
52.839535,-3.116371,22
52.842868,-3.054506,51
52.916220,-3.080301,40
52.915941,-3.066895,41
52.882521,-3.004252,36
52.866743,-2.978177,33
52.733200,-2.759711,59
52.722705,-2.750931,62
52.717545,-2.756726,66
52.730383,-2.733218,69
52.723993,-2.741472,68
52.679397,-2.777884,50
52.670169,-2.759282,49
52.667463,-2.781149,48
52.702480,-2.748891,73
52.695782,-2.749710,70
52.698131,-2.758088,68
52.714239,-2.794327,55
52.713364,-2.808301,52
52.718912,-2.738448,68
52.715671,-2.744221,72
52.704454,-2.719083,61
52.694161,-2.720196,57
52.701236,-2.729882,64
52.626909,-2.796886,25
52.698245,-2.785498,57
52.697445,-2.776861,57
52.708703,-2.785178,58
52.654194,-2.819772,20
52.687691,-2.810304,32
52.733250,-2.738301,63
52.737350,-2.737811,63
52.746491,-2.734106,60
52.576199,-2.739886,8
52.611802,-2.695763,15
52.686707,-2.757778,63
52.690395,-2.762714,62
52.691545,-2.773797,58
52.712781,-2.722088,62
52.715027,-2.712913,57
52.712094,-2.728091,65
52.719853,-2.717205,60
52.756400,-2.901874,19
52.729200,-2.828479,31
52.762080,-2.784857,22
52.712834,-2.778215,61
52.712462,-2.764123,70
52.704629,-2.765999,69
52.633635,-2.935960,34
52.674411,-2.879602,24
52.638874,-2.887107,41
52.686021,-2.983942,11
52.716397,-2.910358,22
52.646871,-2.594669,17
52.727159,-2.728606,65
52.732884,-2.725580,67
52.727851,-2.717240,61
52.699790,-2.742057,66
52.696710,-2.736605,64
52.687986,-2.740394,58
52.711473,-2.734483,69
52.720117,-2.729371,62
52.518916,-2.741433,10
52.493435,-3.006991,45
52.412600,-2.625388,10
52.386217,-2.926246,16
52.324543,-2.589318,46
52.339280,-2.697286,16
52.551024,-2.802602,44
52.526217,-2.837687,45
52.349488,-2.609109,20
52.384492,-2.551994,14
52.364041,-2.489159,35
52.381033,-2.481654,46
52.428547,-3.091656,13
52.450348,-2.950386,10
52.372717,-2.707974,60
52.370445,-2.706454,58
52.377539,-2.719114,56
52.376005,-2.710214,58
52.366101,-2.705343,54
52.363697,-2.705660,48
52.420930,-2.821130,42
52.441502,-2.835928,50
52.458688,-2.863137,20
51.252026,-2.539021,26
51.118764,-2.665098,23
51.216661,-2.460224,24
51.188027,-2.491704,24
51.281251,-2.278913,37
51.251045,-2.280580,41
51.261476,-2.510420,36
51.242700,-2.444682,28
51.147403,-2.494237,28
51.141582,-2.504387,30
51.232869,-2.310645,68
51.239288,-2.296728,57
51.232695,-2.301237,60
51.241541,-2.315332,62
51.241628,-2.303931,58
51.237465,-2.310889,64
51.227985,-2.319752,72
51.221775,-2.324787,67
51.219584,-2.316092,62
51.226562,-2.335478,64
51.219740,-2.333355,61
51.228258,-2.327846,72
51.231734,-2.326078,73
51.231500,-2.336341,66
51.237318,-2.330642,68
51.237164,-2.322396,67
51.147446,-2.717693,68
51.148542,-2.734747,62
51.160556,-2.714871,55
51.139431,-2.716439,60
51.221786,-2.718915,28
51.217287,-2.347820,25
51.179433,-2.774267,16
51.128901,-2.774425,46
51.244455,-2.603034,29
51.283213,-2.347937,25
51.169398,-2.398358,17
51.173003,-2.590763,23
51.276726,-2.700325,24
51.191646,-2.547486,60
51.179330,-2.533808,50
51.198313,-2.540342,56
51.192605,-2.564712,52
51.190442,-2.553980,58
51.184112,-2.552392,56
51.268024,-2.446130,35
51.126922,-2.744817,64
51.129896,-2.725697,61
51.132926,-2.750276,58
51.124225,-2.737349,66
51.108594,-2.743773,58
51.121206,-2.744858,62
51.116900,-2.748692,56
51.111982,-2.575033,17
51.208616,-2.646622,64
51.208894,-2.658348,63
51.203417,-2.662033,60
51.203416,-2.652901,62
51.212136,-2.632875,58
51.216123,-2.647551,61
51.212605,-2.628031,49
51.287957,-2.817951,41
51.271239,-2.861492,20
51.276705,-2.929893,23
51.138019,-2.977652,58
51.130872,-2.973448,56
51.131457,-2.976447,58
51.122874,-2.992181,68
51.129822,-2.996872,73
51.138921,-2.993430,70
51.115573,-3.008556,59
51.121974,-3.004914,70
51.117854,-3.014437,58
51.118328,-3.001282,67
51.116119,-3.000254,62
51.128135,-3.015754,67
51.120650,-3.041471,52
51.123805,-3.024884,60
51.124402,-3.013358,69
51.131783,-2.983098,65
51.127106,-2.981054,64
51.124958,-2.986038,64
51.137449,-2.984608,63
51.136979,-3.005104,67
51.133129,-3.011942,65
51.129729,-3.005734,72
51.255499,-2.997730,43
51.246815,-2.997394,51
51.247708,-2.985570,50
51.241973,-2.997162,59
51.234318,-2.997179,63
51.233378,-2.986493,58
51.235940,-2.990158,60
51.240149,-2.986242,57
51.180744,-3.081936,17
51.144772,-3.080843,33
51.154517,-3.048318,36
51.135802,-3.171111,23
51.103378,-3.106890,16
51.285341,-2.771463,55
51.275634,-2.779778,57
51.294997,-2.768341,41
51.263546,-2.790285,51
51.133258,-2.834278,21
51.219124,-2.972885,62
51.222821,-2.985758,60
51.227322,-2.992443,61
51.223842,-2.967241,57
51.190059,-3.010216,38
51.200591,-2.945656,33
51.135459,-2.926259,23
51.106609,-2.931406,28
51.095344,-2.902938,27
51.094161,-3.008621,49
51.089574,-3.014911,47
51.065503,-2.975874,17
51.171741,-2.970138,33
51.212254,-2.810622,29
51.239275,-2.826718,33
51.222299,-2.897407,26
51.171812,-2.867133,19
51.165437,-2.902040,23
51.174684,-2.933873,30
50.898912,-3.016859,22
50.982075,-2.399824,36
51.021730,-2.467863,19
51.006593,-2.415699,37
51.113487,-2.446286,50
51.109625,-2.450832,44
50.941828,-2.676240,53
50.952553,-2.660901,61
50.947602,-2.667178,62
50.982293,-2.837267,19
51.029786,-2.573416,26
51.007273,-2.587688,18
51.059106,-2.552609,16
51.091063,-2.512290,43
51.093952,-2.516137,40
50.880458,-2.941662,51
50.876524,-2.953272,57
50.875687,-2.965975,59
50.879695,-2.968314,54
50.884417,-2.955887,52
50.865667,-2.962917,53
50.871346,-2.969048,59
50.869178,-2.952189,51
50.871107,-2.958386,57
50.919041,-2.642827,39
50.916632,-2.622635,36
50.897169,-2.678143,25
50.932977,-2.702709,35
50.869204,-2.775888,40
50.875277,-2.795290,52
50.888622,-2.789097,53
50.882661,-2.803258,59
50.881482,-2.793072,58
51.030868,-2.876522,30
51.010227,-2.851696,29
50.908053,-2.800359,36
50.909188,-2.809938,32
50.942350,-2.752850,40
50.957184,-2.745060,44
50.935842,-2.890473,48
50.932923,-2.923387,48
50.918474,-2.919720,49
50.972647,-2.941779,22
50.996722,-2.901750,18
51.011076,-2.681468,37
50.996172,-2.641512,25
51.039585,-2.829173,45
51.033252,-2.819452,40
50.971150,-2.752685,43
50.993748,-2.766740,29
50.959956,-2.776107,35
50.972773,-2.766709,42
50.965403,-2.454404,38
50.983326,-2.478610,36
50.921657,-2.950821,28
50.945135,-2.977702,22
51.079033,-2.661719,27
51.041082,-2.676905,21
50.921218,-2.737579,22
50.889467,-2.746205,26
50.981039,-2.701447,29
50.953930,-2.718976,38
50.939734,-2.802475,35
50.943506,-2.841397,28
50.949971,-2.809996,40
50.851216,-2.949216,30
50.844523,-2.951052,34
51.087056,-2.405613,19
51.071565,-2.835509,20
51.036591,-2.764655,21
51.067073,-2.739784,33
51.055389,-2.743305,42
51.050610,-2.729027,43
51.057417,-2.427395,51
51.035040,-2.384672,47
51.054376,-2.410355,54
50.881930,-2.874425,18
50.948925,-2.632475,68
50.946445,-2.626436,70
50.949561,-2.627537,69
50.952981,-2.627038,65
50.949845,-2.615378,64
50.953864,-2.619251,64
50.950731,-2.605515,61
50.944108,-2.620277,71
50.945053,-2.613059,66
50.939687,-2.643021,69
50.935486,-2.655188,59
50.931765,-2.639978,60
50.929673,-2.656758,56
50.941744,-2.659735,63
50.944573,-2.644725,69
50.950223,-2.652185,63
50.949777,-2.645389,66
50.946988,-2.657294,62
50.950296,-2.638429,67
50.965345,-2.654313,54
50.960424,-2.623968,58
50.958191,-2.633191,62
50.954263,-2.655433,59
51.010802,-3.148057,58
51.018708,-3.126362,65
51.059985,-3.172621,35
51.080329,-3.178356,32
51.039609,-3.187147,32
50.936677,-3.127505,14
51.006218,-3.221006,29
51.001820,-3.126782,57
51.006644,-3.126600,62
51.006528,-3.135010,57
51.004874,-3.118496,66
51.029913,-3.256577,26
51.077965,-3.227352,15
50.965144,-3.224225,35
50.970709,-3.044078,19
51.023230,-2.979921,27
51.021378,-3.041511,45
51.036308,-3.028656,42
51.007174,-3.034098,43
51.030496,-3.119970,63
51.028216,-3.129410,58
51.052991,-3.117581,37
51.054209,-2.921839,20
51.013261,-3.085620,71
51.011238,-3.079885,67
51.012125,-3.071564,62
51.006134,-3.078037,62
51.014402,-3.099927,79
51.018969,-3.095454,78
51.014323,-3.090914,75
51.025904,-3.105253,74
51.022974,-3.113969,71
51.019549,-3.107519,78
51.028340,-3.110120,69
51.020579,-3.070236,64
51.020379,-3.085749,72
51.022117,-3.078631,66
51.016927,-3.075295,65
51.000288,-3.084569,53
51.003421,-3.092451,62
51.028911,-3.096146,68
51.030352,-3.088716,65
51.026338,-3.102676,73
51.024304,-3.095604,70
51.010327,-3.103910,75
51.013094,-3.117874,71
51.003492,-3.108458,64
51.033008,-3.100011,66
51.036691,-3.091499,62
51.034480,-3.107423,63
51.036101,-3.097901,63
50.990248,-3.133807,47
50.975416,-3.217842,63
50.984678,-3.226660,64
50.979299,-3.238237,65
50.985275,-3.243620,52
50.970478,-3.229377,58
50.974667,-3.233045,66
51.027314,-3.058683,55
51.032148,-3.079345,61
51.043734,-3.309984,42
51.022281,-3.334889,24
51.194156,-3.470562,56
51.197810,-3.468578,65
51.158500,-3.527321,29
51.159721,-3.424463,29
51.086251,-3.342689,15
51.041767,-3.568255,26
51.203197,-3.471165,70
51.211077,-3.479872,67
51.198571,-3.490502,59
51.200362,-3.501307,50
51.170082,-3.372335,27
51.126429,-3.405116,12
51.199962,-3.619119,25
51.178976,-3.165776,20
51.113518,-3.636313,8
51.177918,-3.327054,50
51.178289,-3.337922,49
51.159440,-3.264544,26
51.159281,-3.335608,46
52.755824,-1.923244,65
52.749883,-1.930210,64
52.747147,-1.918363,54
52.738650,-1.931737,56
52.706357,-2.010671,68
52.704569,-2.017339,69
52.700882,-2.012781,68
52.698862,-2.018678,67
52.692594,-2.016462,69
52.705530,-2.027874,65
52.700579,-2.027810,67
52.700613,-2.034639,66
52.710469,-2.025217,61
52.705879,-2.023268,66
52.675902,-2.030356,65
52.686478,-2.028771,73
52.680062,-2.041305,68
52.681733,-2.022191,69
52.684149,-2.047271,63
52.694055,-2.039373,69
52.686908,-2.039301,70
52.690624,-2.048007,59
52.694689,-2.028122,72
52.765286,-1.958311,59
52.764923,-1.952370,64
52.745126,-1.975770,50
52.770335,-1.949815,60
52.768552,-1.946514,63
52.753651,-1.945240,66
52.747484,-1.943494,59
52.688748,-2.004534,60
52.696028,-1.997960,62
52.693964,-2.004675,61
52.691514,-1.992884,63
52.701040,-1.976208,54
52.694603,-1.983472,61
52.691179,-1.979507,61
52.689102,-1.980422,62
52.724942,-2.020935,55
52.717408,-2.020786,58
52.718886,-2.007528,60
52.715352,-2.002874,64
52.727470,-1.989582,61
52.711992,-1.993628,65
52.726868,-2.015296,54
52.707903,-1.987334,66
52.699224,-1.990070,61
52.701867,-2.004106,68
52.681720,-1.977125,58
52.662096,-1.985981,43
52.675571,-1.984527,60
52.669929,-1.965743,55
52.703005,-1.950454,37
52.708914,-1.974122,50
52.710905,-1.964627,43
52.764468,-1.947843,67
52.768057,-1.939168,66
52.760653,-1.945114,70
52.761671,-1.933562,73
52.898547,-1.893788,34
52.924335,-1.949150,14
52.797353,-1.648572,69
52.798287,-1.644791,74
52.793468,-1.636354,73
52.791053,-1.641681,68
52.832424,-1.896558,21
52.818244,-1.876508,37
52.794526,-1.664263,59
52.786451,-1.650027,57
52.793501,-1.652956,54
52.792460,-1.676956,55
52.810301,-1.684469,45
52.799572,-1.604586,56
52.793349,-1.610102,63
52.797866,-1.618126,63
52.960778,-1.852043,36
52.956714,-1.837051,42
52.844162,-1.754623,20
52.866828,-1.811091,21
52.814969,-1.638288,74
52.820254,-1.636472,68
52.825279,-1.624896,62
52.818793,-1.631763,69
52.902372,-1.891301,52
52.905828,-1.882281,59
52.902728,-1.883087,59
52.911096,-1.861582,63
52.822793,-1.646180,66
52.819324,-1.654371,63
52.818086,-1.646643,67
52.825195,-1.639746,64
52.825722,-1.649195,62
52.758695,-1.726765,51
52.792514,-1.727762,33
52.757111,-1.731657,53
52.758907,-1.717842,52
52.845742,-1.638729,48
52.847246,-1.661463,45
52.809522,-1.644280,75
52.808123,-1.659565,67
52.810998,-1.640905,75
52.803003,-1.652347,73
52.788305,-1.620642,69
52.787192,-1.632560,61
52.792426,-1.625514,70
52.784780,-1.616638,63
52.783049,-1.628039,61
52.833236,-1.638678,54
52.834184,-1.612862,55
52.834184,-1.629412,61
52.827974,-1.634116,59
52.840215,-1.617974,55
52.887592,-1.871786,56
52.895272,-1.848892,63
52.903659,-1.862709,68
52.892635,-1.884896,67
52.832986,-1.702625,31
52.858153,-1.693242,54
52.854582,-1.679725,53
52.825218,-1.660362,56
53.009412,-1.819865,25
52.804992,-1.597603,62
52.811100,-1.606735,60
52.804244,-1.604898,64
52.806214,-1.614497,69
52.805685,-1.593398,59
52.802449,-1.799095,22
52.768146,-1.790662,33
52.680304,-1.910859,57
52.675944,-1.908014,57
52.724930,-1.768189,42
52.731000,-1.734024,43
52.746674,-1.860819,47
52.736135,-1.867801,47
52.678440,-1.802479,60
52.684310,-1.805825,69
52.680887,-1.809756,69
52.688887,-1.923694,55
52.691396,-1.929561,59
52.623592,-1.773523,23
52.682552,-1.921061,58
52.684324,-1.929698,63
52.690886,-1.837479,71
52.696000,-1.841135,69
52.685340,-1.946675,58
52.685007,-1.937148,65
52.692141,-1.941146,59
52.674859,-1.931492,65
52.777511,-1.901782,30
52.695372,-1.827261,68
52.699392,-1.827976,64
52.690647,-1.825921,72
52.615340,-1.730937,50
52.621604,-1.730244,55
52.611776,-1.704222,63
52.662808,-1.896985,45
52.669899,-1.922660,57
52.688000,-1.905612,51
52.681622,-1.878416,44
52.745047,-1.831195,29
52.690456,-1.846017,68
52.677804,-1.849548,64
52.602141,-1.857536,51
52.602800,-1.871329,51
52.712824,-1.891923,29
52.692185,-1.663396,19
52.667827,-1.717348,41
52.667588,-1.831685,66
52.677501,-1.823299,76
52.673948,-1.813020,68
52.652763,-1.851875,46
52.628089,-1.843667,44
52.628260,-1.884679,39
52.688003,-1.811294,71
52.694354,-1.816143,67
52.684693,-1.825020,80
52.674881,-1.921561,64
52.677432,-1.920202,62
52.672445,-1.925603,62
52.673320,-1.740257,34
53.064367,-2.308664,44
53.050521,-2.279267,47
53.053080,-2.293006,48
53.050746,-2.304886,46
53.055055,-2.235780,57
53.041788,-2.224525,64
53.043167,-2.236793,62
53.036789,-2.234851,68
53.079210,-2.250262,63
53.084311,-2.258963,63
53.087620,-2.259741,59
53.083653,-2.247629,67
53.055835,-2.260779,54
53.053033,-2.250176,60
53.047266,-2.265076,55
53.045602,-2.250876,62
53.041489,-2.262170,62
52.990755,-2.217111,66
52.998684,-2.219621,69
53.028576,-2.232733,72
53.023551,-2.235282,72
53.020809,-2.240124,68
53.018578,-2.230724,76
53.034834,-2.307893,41
53.036146,-2.363159,30
53.038304,-2.242644,67
53.031095,-2.251636,62
53.036439,-2.249844,66
53.094629,-2.235790,64
53.094903,-2.221376,54
53.092260,-2.225843,61
53.089861,-2.240759,72
53.088249,-2.223152,63
53.016858,-2.244593,70
53.017527,-2.259948,64
53.021868,-2.253025,62
52.918730,-2.409828,23
52.961541,-2.308036,22
52.922374,-2.362800,22
52.917569,-2.390359,27
53.008830,-2.330253,39
52.996581,-2.346851,39
52.997510,-2.329105,40
53.006798,-2.291815,46
53.023731,-2.220660,74
53.018000,-2.219611,76
53.023661,-2.211252,74
53.019456,-2.209366,75
53.096209,-2.217295,49
53.100821,-2.203127,43
53.037591,-2.223736,68
53.037607,-2.217103,71
53.035051,-2.225580,72
53.075532,-2.237895,62
53.082647,-2.227795,61
53.086478,-2.238410,72
52.985351,-2.226989,59
52.988367,-2.235361,59
52.990395,-2.227202,64
53.020065,-2.278163,56
53.011828,-2.267592,62
53.076836,-2.270699,54
53.067641,-2.256866,56
53.071758,-2.257583,58
53.011747,-2.243690,72
53.007053,-2.241161,74
53.004856,-2.238447,72
53.000540,-2.251250,64
53.007210,-2.222149,80
53.009904,-2.216512,80
53.012784,-2.229694,82
53.002812,-2.228533,73
52.997815,-2.236235,66
52.995035,-2.229091,67
52.990748,-2.244759,51
53.033296,-2.217724,75
53.032291,-2.225477,72
53.030556,-2.211838,74
53.028108,-2.222758,73
52.632520,-2.156816,63
52.629712,-2.183492,63
52.624468,-2.181693,68
52.653748,-2.124293,40
52.664387,-2.177052,38
52.678231,-2.168565,50
52.669699,-2.129761,41
52.667262,-2.025815,63
52.665161,-2.064493,49
52.665879,-2.032282,64
52.658428,-2.031800,63
52.656150,-2.041272,57
52.660265,-2.024834,63
52.636479,-2.216607,51
52.628237,-2.195533,62
52.631605,-2.191207,60
52.621812,-2.193695,62
52.621167,-2.212189,53
52.614773,-2.178761,61
52.635823,-2.023724,44
52.627853,-2.074120,53
52.624822,-2.059868,58
52.642579,-2.071962,44
52.655991,-2.085016,42
52.644040,-2.104857,35
52.650523,-2.009331,59
52.651626,-2.028773,56
52.652994,-2.019255,60
52.667350,-2.020430,62
52.665537,-2.009922,61
52.661156,-2.015237,64
52.659275,-2.008444,64
52.520140,-2.186785,47
52.722985,-2.039192,48
52.693622,-2.067992,45
52.708620,-2.035514,55
52.448464,-2.224785,49
52.448354,-2.256457,46
52.476035,-2.215593,35
52.450047,-2.189265,41
52.452666,-2.242230,44
52.592133,-2.274128,29
52.724218,-2.088862,58
52.754514,-2.090286,30
52.716785,-2.104644,53
52.698994,-2.107578,53
52.720401,-2.107888,58
52.730175,-2.147350,52
52.598088,-2.225916,51
52.593642,-2.192695,64
52.592044,-2.209537,52
52.592432,-2.202039,57
52.597776,-2.208454,53
52.596141,-2.200425,61
52.511716,-2.256026,24
52.708498,-2.197384,23
52.713849,-2.226463,27
52.700675,-2.266558,16
52.536854,-2.190298,64
52.562634,-2.198926,49
52.548693,-2.161850,59
52.542433,-2.197998,55
52.532479,-2.189625,64
52.534224,-2.176206,59
52.526022,-2.188449,62
52.531729,-2.206197,57
52.530100,-2.196310,64
52.524946,-2.204923,59
52.954349,-2.141993,41
52.941482,-2.170743,43
52.922840,-2.141341,36
52.793511,-2.079234,57
52.793768,-2.072712,55
52.799319,-2.077820,53
52.854192,-2.006671,23
52.759456,-2.212821,25
52.818607,-2.116469,73
52.826123,-2.114091,59
52.815652,-2.122928,75
52.814627,-2.107221,69
52.814781,-2.098273,62
52.816786,-2.107570,66
52.869412,-2.201589,37
52.869959,-2.346777,10
52.896902,-2.272303,14
52.851801,-2.246170,42
52.800262,-2.107436,74
52.798221,-2.095567,60
52.968883,-2.077071,58
52.941849,-2.072430,22
52.953107,-2.111113,47
52.958252,-2.079790,50
52.767205,-2.287389,32
52.782625,-2.261111,43
52.807972,-2.320620,18
52.791076,-2.247008,43
52.791775,-1.993356,42
52.789076,-1.984805,36
52.828152,-1.996164,33
52.804426,-2.005597,48
52.793993,-2.141232,60
52.789879,-2.137746,60
52.793339,-2.133316,66
52.788571,-2.129439,63
52.830264,-2.126845,59
52.828096,-2.133700,61
52.821951,-2.125674,70
52.820836,-2.131914,64
52.807122,-2.100689,71
52.806297,-2.090037,60
52.811560,-2.091904,63
52.810448,-2.107669,72
52.777489,-2.114811,55
52.788643,-2.116387,65
52.784936,-2.123760,63
52.783220,-2.111771,59
52.886957,-2.072436,17
52.792360,-2.108179,62
52.781705,-2.103271,57
52.801405,-2.139600,68
52.796157,-2.127936,70
52.796476,-2.119739,70
52.899323,-2.123636,45
52.899099,-2.133450,58
52.890911,-2.127998,45
52.814263,-2.200895,29
52.848876,-2.143513,37
52.907721,-2.156220,61
52.903904,-2.137784,68
52.910564,-2.142953,63
52.896051,-2.200235,30
52.961353,-2.229261,49
52.934088,-2.226506,29
52.812543,-2.140296,60
52.824385,-2.140477,57
52.815295,-2.149044,49
52.894351,-2.151474,62
52.888348,-2.140933,58
52.889252,-2.154928,57
52.899617,-2.157589,61
52.782835,-2.082542,54
52.796678,-2.086045,58
52.785807,-2.088815,56
52.785121,-2.076885,56
52.988135,-1.898866,26
53.059455,-2.104172,37
53.111943,-2.173820,68
53.111611,-2.163083,63
53.108858,-2.172885,67
53.116199,-2.170388,67
53.116823,-2.141829,41
53.132725,-2.178745,55
53.138300,-2.151621,44
53.119578,-2.163680,59
53.101754,-2.153510,55
53.102748,-2.187342,57
53.116574,-2.192666,56
53.117845,-2.176793,64
53.083479,-2.151212,41
53.086544,-2.115916,42
53.073865,-2.127042,48
53.000541,-2.064197,34
53.027777,-2.081042,48
53.024769,-2.090698,52
52.991334,-1.978254,55
53.000572,-1.979053,56
52.984537,-1.983152,65
52.976114,-1.967543,52
52.974808,-2.003828,51
53.001097,-2.015265,56
52.983811,-1.990584,66
52.953303,-1.945088,29
52.948429,-2.028344,29
52.957417,-1.987424,42
52.940570,-1.996455,42
53.067105,-2.022024,34
53.065441,-2.045343,40
53.044909,-2.051136,32
53.018615,-1.925926,19
53.019050,-1.995096,28
53.166857,-1.986837,10
52.966286,-2.057440,57
52.973048,-2.047432,50
52.969228,-2.069620,57
53.071541,-1.835608,13
53.127411,-2.096268,19
53.065667,-1.965222,21
53.104854,-2.020677,73
53.094961,-2.011581,64
53.109336,-2.003819,67
53.116298,-2.029164,65
53.111772,-2.018333,68
53.115481,-2.007973,60
53.112207,-2.011385,65
53.100437,-2.030397,69
53.104122,-2.029409,72
53.090198,-2.037873,50
53.108652,-2.039210,68
53.109482,-2.050976,60
53.099419,-2.044401,59
53.126760,-1.892846,12
53.022946,-2.104347,52
53.030599,-2.111236,49
52.628768,-1.647347,53
52.640738,-1.661055,60
52.636348,-1.666597,57
52.632694,-1.667251,69
52.633436,-1.655579,60
52.623683,-1.673046,69
52.616611,-1.680657,67
52.620753,-1.685275,67
52.619875,-1.677102,69
52.614392,-1.670988,68
52.628368,-1.675232,74
52.631973,-1.681001,74
52.628843,-1.670161,72
52.626500,-1.681438,71
52.635688,-1.676943,68
52.632493,-1.696019,77
52.635178,-1.720883,59
52.623729,-1.701448,63
52.628049,-1.689038,72
52.618997,-1.703211,60
52.620277,-1.666086,67
52.623895,-1.659479,68
52.620391,-1.654117,64
52.617939,-1.660985,68
52.629796,-1.661125,66
52.625711,-1.664742,72
52.648968,-1.711009,60
52.644293,-1.723216,56
52.643876,-1.714662,60
52.645647,-1.703217,66
52.639618,-1.705809,71
52.638265,-1.694429,76
52.648460,-1.696987,65
52.643426,-1.694021,73
52.647952,-1.660677,62
52.613020,-1.641644,57
52.613985,-1.656358,64
52.609545,-1.647960,56
52.618369,-1.642800,59
52.617055,-1.649566,64
52.605083,-1.681042,61
52.599940,-1.688041,58
52.593984,-1.691212,55
52.614311,-1.687198,65
52.608720,-1.685984,60
52.606611,-1.655623,61
52.606260,-1.663226,65
52.600273,-1.656112,57
52.598230,-1.663353,59
51.956794,1.061358,39
51.979669,1.117539,30
51.965360,1.077851,33
51.988074,1.205547,27
51.967298,1.262778,21
52.051910,0.856712,24
52.132981,0.900847,19
52.046596,1.041987,22
52.059884,1.107140,52
52.031020,1.107415,40
52.006986,0.787783,32
52.142620,0.696238,15
51.968341,1.016277,36
51.990305,1.063616,31
52.106478,0.657298,39
52.105002,0.683587,35
52.033619,0.744634,60
52.029097,0.746640,56
52.036618,0.750169,58
52.035110,0.758243,52
52.028474,0.771271,45
52.023038,0.749670,48
52.045807,0.955204,59
52.037733,0.960571,53
52.038335,0.986787,50
52.042481,0.958422,58
51.976830,1.175152,30
52.113999,0.790426,42
52.002131,0.827581,20
52.106432,0.744295,44
52.084378,0.715543,51
52.014840,0.937875,18
51.998356,1.044216,40
52.001986,1.040828,39
51.998009,1.005215,29
51.982937,0.886693,27
52.125596,0.830251,19
52.032379,1.120264,58
52.041004,1.104339,61
52.038990,1.110390,63
52.077201,0.950256,21
52.044664,0.737461,67
52.042306,0.744477,66
52.049492,0.741932,60
52.044541,0.727831,70
52.050180,0.735800,64
52.051396,0.721806,56
52.035636,0.736444,66
52.039353,0.712877,61
52.037749,0.727955,72
52.052940,0.765581,39
52.074986,0.786311,28
52.064842,0.763975,37
52.238085,0.399859,68
52.447793,0.636458,48
52.447820,0.623156,57
52.409188,0.665053,45
52.442928,0.609820,51
52.425509,0.592419,46
52.273933,0.370698,44
52.349745,0.519553,58
52.351468,0.499448,54
52.353456,0.513617,57
52.305168,0.577212,20
52.406595,0.525052,39
52.425369,0.519750,36
52.327118,0.483409,36
52.350182,0.541653,56
52.343293,0.506166,60
52.242265,0.392153,64
52.246203,0.398223,70
52.243719,0.371829,59
52.252229,0.391303,63
52.259648,0.393389,58
52.258811,0.402672,65
52.264020,0.389468,53
52.246703,0.496289,25
52.056314,1.180745,76
52.059274,1.171352,75
52.054742,1.177518,75
52.056981,1.168593,78
52.063734,1.199265,66
52.061556,1.191685,73
52.054494,1.202001,68
52.046234,1.198552,69
52.045002,1.204845,65
52.047868,1.150589,74
52.038961,1.150133,63
52.044603,1.145057,68
52.040883,1.143024,65
52.074873,1.149142,66
52.070700,1.139635,71
52.078111,1.138161,66
52.077056,1.129128,70
52.074662,1.136353,68
52.035717,1.187307,72
52.036095,1.179444,71
52.034160,1.169684,66
52.029011,1.182583,68
52.031520,1.177634,68
52.039651,1.182929,73
52.054291,1.120512,69
52.054281,1.136558,73
52.050330,1.130716,69
52.048635,1.126809,70
52.057348,1.142912,78
52.050638,1.179208,76
52.043657,1.170317,69
52.046093,1.175830,74
52.039405,1.192944,72
52.046049,1.184726,73
52.042632,1.189566,72
52.066409,1.177420,68
52.069749,1.192994,61
52.065008,1.186155,71
52.063037,1.175573,72
52.074789,1.181955,63
52.059733,1.179994,73
52.057877,1.187370,75
52.056018,1.193869,71
52.049573,1.190082,71
52.053828,1.188261,74
52.064313,1.166451,73
52.071660,1.155708,69
52.065847,1.146396,75
52.061600,1.158989,78
52.073622,1.167523,63
52.044041,1.124024,70
52.046290,1.119758,70
52.045548,1.112389,68
52.039594,1.114350,64
52.041724,1.118477,67
52.037749,1.122024,64
52.041740,1.128284,66
52.039705,1.137725,65
52.037610,1.130527,63
52.033157,1.131965,56
52.065006,1.135003,76
52.061515,1.136411,77
52.062237,1.142499,79
52.061328,1.150043,79
52.067353,1.131575,75
52.066581,1.123318,72
52.072021,1.113364,65
52.073192,1.123555,69
52.069477,1.119238,68
52.081311,1.116489,63
52.081129,1.129001,68
52.081029,1.148779,63
52.086723,1.149736,56
52.085903,1.125994,64
52.082333,1.137002,65
52.224781,1.015077,27
52.255761,0.999849,26
52.276487,0.978903,15
52.281647,0.903755,17
52.118671,1.033806,22
52.084208,1.073549,40
52.110648,1.088985,47
52.075449,1.089380,45
52.100653,1.134605,50
52.127274,1.138145,31
52.110092,1.107771,51
52.224469,1.178415,38
52.249005,0.885760,28
52.239132,0.917552,44
52.232332,0.910898,41
52.317140,1.157243,49
52.364769,1.337219,20
52.338105,1.046871,24
52.311381,1.074214,21
52.229069,0.959170,32
52.169807,1.166473,18
52.328914,1.232796,16
52.254475,1.061699,22
52.162658,1.021602,53
52.152865,1.048140,58
52.147971,1.054140,56
52.183107,0.934197,33
52.347431,1.125576,35
52.190044,0.868687,18
52.341641,0.980215,25
52.341584,1.011992,30
52.309865,0.947087,25
52.157385,0.981440,24
52.127573,0.973741,19
52.184752,0.999974,68
52.190694,0.978343,65
52.187121,0.987183,70
52.198341,0.979733,62
52.196619,0.991388,67
52.192707,0.989156,70
52.176283,1.009963,59
52.175486,0.991503,56
52.180270,0.990028,62
52.195648,1.033200,46
52.189083,1.091639,24
52.253723,0.828444,38
52.251256,0.820118,40
52.217364,0.834236,20
52.256605,1.117167,17
52.278850,1.153631,26
52.217602,0.900811,35
52.259685,1.248284,13
52.243551,0.712827,78
52.242685,0.703622,75
52.239425,0.720124,71
52.365748,0.777723,25
52.349992,0.858424,24
52.348415,0.920058,20
52.373284,0.905966,25
52.243316,0.609027,32
52.127262,0.613739,22
52.193926,0.662514,14
52.085608,0.570215,39
52.266676,0.770126,35
52.081521,0.447531,66
52.076343,0.452511,62
52.079705,0.460449,55
52.086711,0.445155,67
52.083045,0.424736,64
52.090816,0.429400,60
52.091803,0.434534,60
52.088939,0.439653,64
52.077583,0.438775,68
52.073661,0.429340,65
52.072374,0.416524,62
52.082360,0.408215,49
52.090426,0.416295,53
52.087655,0.420355,57
52.214755,0.704508,34
52.307959,0.828504,40
52.098589,0.491537,38
52.243861,0.693730,63
52.248507,0.689755,64
52.247489,0.682182,60
52.246678,0.734843,62
52.249309,0.744369,58
52.240567,0.740275,65
52.263247,0.706717,65
52.263643,0.702289,63
52.325325,0.778906,20
52.297424,0.775801,21
52.277797,0.641320,31
52.319113,0.673278,25
52.255208,0.709550,72
52.206093,0.783248,24
52.258569,0.699229,68
52.255883,0.690984,66
52.260803,0.695501,65
52.230764,0.710558,62
52.232056,0.722232,63
52.233335,0.735810,58
52.331861,0.879640,35
52.314278,0.889084,34
52.237000,0.702002,66
52.236187,0.688334,56
52.235703,0.694901,58
52.186495,0.560547,19
52.132922,0.457643,28
52.178901,1.592321,41
52.150955,1.590964,46
52.190548,1.292693,18
52.100143,1.307094,59
51.983368,1.375214,43
51.968790,1.346696,68
51.981465,1.348879,65
51.970879,1.335000,64
51.958660,1.343536,69
51.946527,1.327996,63
51.963915,1.342854,68
51.962899,1.351806,70
51.967931,1.360654,63
51.963984,1.358474,66
51.966160,1.330949,64
51.968901,1.326974,59
51.957032,1.332251,63
51.957952,1.317296,60
52.224374,1.342016,43
52.218250,1.345177,42
52.258597,1.355739,16
52.100673,1.244225,32
52.207384,1.406191,18
52.057276,1.242116,58
52.066535,1.242822,60
52.063150,1.253338,57
52.059085,1.225011,59
52.057789,1.231854,60
52.093523,1.295843,60
52.200747,1.545528,44
52.219287,1.600409,56
52.205607,1.575704,58
52.210047,1.572709,51
52.069215,1.293044,52
52.063049,1.271120,59
52.056638,1.273774,50
52.129386,1.350782,35
52.107571,1.338885,53
52.102683,1.320145,58
52.037052,1.211157,59
52.025661,1.248124,35
52.036219,1.304535,26
52.124749,1.517594,20
52.135881,1.269403,24
52.312410,1.435232,13
52.085282,1.304695,57
52.057844,1.211256,59
52.052490,1.219999,55
52.046459,1.214577,59
52.073065,1.207821,53
52.233453,1.520292,35
52.214470,1.501579,52
52.218211,1.474274,46
52.094079,1.318141,66
52.186449,1.495234,28
51.982221,1.329127,56
51.981841,1.308604,52
51.969892,1.306129,57
52.009112,1.334674,29
51.992309,1.305394,47
52.312926,1.569076,24
52.154553,1.354015,42
52.102138,1.199140,31
52.267873,1.564773,27
52.454514,1.573445,66
52.452332,1.558728,67
52.465939,1.579037,68
52.444754,1.575025,55
52.449611,1.574732,61
52.443383,1.562853,57
52.360638,1.552078,29
52.460082,1.429960,56
52.450485,1.456522,49
52.437886,1.437349,48
52.459660,1.707307,60
52.462186,1.697199,56
52.468638,1.699540,57
52.448166,1.697178,53
52.462680,1.680310,53
52.453810,1.704655,58
52.450982,1.712357,59
52.495741,1.752132,61
52.516580,1.736341,44
52.500289,1.743719,54
52.349768,1.503458,50
52.341547,1.506662,50
52.334859,1.493876,44
52.484098,1.748722,73
52.481561,1.757462,73
52.487078,1.752481,71
52.479304,1.751229,73
52.475961,1.747566,73
52.416274,1.722830,44
52.426191,1.699510,46
52.434958,1.716994,50
52.467123,1.738738,72
52.471107,1.730699,65
52.462107,1.740385,71
52.464410,1.733003,67
52.469095,1.744831,73
52.514894,1.702378,31
52.521717,1.669016,29
52.482251,1.740114,69
52.487282,1.744199,68
52.481635,1.729285,64
52.477809,1.736574,70
52.476327,1.741262,71
52.496357,1.718556,55
52.487424,1.708756,55
52.481769,1.702926,54
52.477414,1.701302,55
52.478467,1.715893,61
52.485316,1.722300,61
52.449608,1.730139,65
52.452022,1.719740,63
52.456459,1.723391,61
52.459694,1.729131,63
52.456358,1.736947,66
52.491323,1.742141,65
52.489984,1.734437,64
52.493681,1.738155,63
52.490913,1.725073,61
52.499256,1.730436,55
52.344557,1.656244,42
52.401476,1.441904,13
52.429824,1.562949,22
52.460486,1.719161,62
52.463174,1.713399,62
52.472200,1.715520,64
52.468747,1.716414,61
52.465254,1.723382,63
52.445524,1.586000,55
52.453102,1.634220,40
52.458532,1.600332,51
52.388517,1.644304,23
51.360929,-0.326859,57
51.361593,-0.348699,66
51.362566,-0.336311,64
51.353778,-0.342963,58
51.333768,-0.408428,66
51.329590,-0.400924,61
51.314538,-0.418851,56
51.322300,-0.398648,55
51.335012,-0.418965,62
51.337204,-0.383100,40
51.342998,-0.404513,55
51.366773,-0.359005,62
51.369005,-0.370980,66
51.355852,-0.376996,53
51.379133,-0.365787,63
51.371032,-0.385431,72
51.374132,-0.388754,73
51.371968,-0.400906,74
51.371000,-0.412682,72
51.362056,-0.408845,67
51.366444,-0.417637,65
51.364552,-0.398689,72
51.348671,-0.421746,41
51.372796,-0.328179,70
51.379039,-0.339007,70
51.373787,-0.346210,72
51.390151,-0.320506,77
51.384125,-0.313551,77
51.384325,-0.320027,76
51.379366,-0.320996,74
51.401882,-0.348375,74
51.393418,-0.361240,68
51.395308,-0.347866,67
51.405108,-0.354809,71
51.406223,-0.371989,66
51.405493,-0.380353,63
51.403921,-0.364665,68
51.408688,-0.361635,64
51.396784,-0.379436,59
51.398258,-0.365837,67
51.400306,-0.378233,64
51.400348,-0.370241,67
51.372375,-0.439896,68
51.376281,-0.438993,66
51.368918,-0.433121,61
51.377016,-0.429962,65
51.337835,-0.345300,45
51.318568,-0.378089,50
51.338324,-0.368491,48
51.326021,-0.366301,48
51.342086,-0.448167,44
51.351787,-0.467062,55
51.359537,-0.451402,62
51.360709,-0.437437,56
51.391707,-0.330640,75
51.395881,-0.339627,69
51.388830,-0.339313,74
51.385584,-0.331603,74
51.383188,-0.403593,70
51.382616,-0.385464,63
51.386433,-0.406451,69
51.391909,-0.420433,72
51.388128,-0.414795,74
51.381352,-0.423985,73
51.400283,-0.399384,64
51.391288,-0.383328,56
51.392716,-0.413497,71
51.390203,-0.400028,63
51.377996,-0.397079,69
51.374604,-0.414894,74
51.377954,-0.410264,71
51.381114,-0.403370,69
51.385200,-0.354716,63
51.384139,-0.345024,69
51.373602,-0.450841,74
51.374652,-0.461080,75
51.381535,-0.445759,69
51.370378,-0.460373,76
51.368573,-0.448162,74
51.364330,-0.461913,72
51.365921,-0.255670,73
51.367544,-0.250678,74
51.325893,-0.246552,68
51.318908,-0.251827,65
51.327004,-0.258828,74
51.334588,-0.251132,75
51.342944,-0.277604,71
51.343464,-0.266995,75
51.374576,-0.255486,72
51.372331,-0.247596,70
51.374719,-0.262644,70
51.377214,-0.249652,75
51.352934,-0.251668,74
51.341386,-0.255560,79
51.346800,-0.250511,79
51.369918,-0.266720,75
51.363739,-0.265144,73
51.359732,-0.257041,73
51.336469,-0.237401,67
51.355251,-0.232298,67
51.364155,-0.276565,70
51.368009,-0.275794,70
51.354351,-0.284805,63
51.341198,-0.292963,57
51.337745,-0.275248,74
51.333516,-0.279734,74
51.331084,-0.293112,60
51.357948,-0.246363,72
51.359778,-0.242298,72
51.364725,-0.240870,72
51.337430,-0.267886,82
51.340263,-0.260496,79
51.333640,-0.259423,81
51.350725,-0.260043,76
51.359658,-0.269828,72
51.353993,-0.260788,72
51.355708,-0.266743,71
51.315290,-0.264982,66
51.304670,-0.265913,45
51.327124,-0.270741,78
51.323501,-0.280971,72
51.241612,-0.712305,53
51.238288,-0.731838,63
51.230184,-0.723838,58
51.245796,-0.731019,67
51.244058,-0.723211,63
51.260896,-0.727550,55
51.265424,-0.724317,55
51.274654,-0.716865,61
51.271341,-0.726219,60
51.261965,-0.712772,60
51.253066,-0.716117,63
51.251583,-0.714295,63
51.249627,-0.726496,65
51.263974,-0.545201,62
51.258643,-0.537771,64
51.257346,-0.551031,67
51.241382,-0.549352,68
51.244775,-0.560956,70
51.250307,-0.555672,67
51.259738,-0.498512,39
51.256184,-0.452380,43
51.257068,-0.426917,48
51.290347,-0.421780,49
51.280501,-0.450570,46
51.272110,-0.434191,55
51.265834,-0.407664,41
51.271018,-0.395992,52
51.228770,-0.592739,74
51.230559,-0.577216,75
51.245946,-0.576179,77
51.239380,-0.574694,81
51.239890,-0.581623,78
51.237941,-0.559998,75
51.227830,-0.544592,67
51.235458,-0.569883,79
51.226884,-0.564558,66
51.239985,-0.568785,79
51.304956,-0.465712,37
51.285835,-0.483808,42
51.244734,-0.541939,68
51.241674,-0.523823,66
51.250060,-0.529992,63
51.254875,-0.531618,61
51.250355,-0.537622,66
51.249493,-0.686679,45
51.264834,-0.674105,40
51.232284,-0.606164,63
51.242562,-0.588652,76
51.235838,-0.592841,73
51.237844,-0.609200,64
51.221759,-0.696985,33
51.204852,-0.669848,32
51.286738,-0.662472,43
51.307596,-0.670518,41
51.280219,-0.526836,45
51.288263,-0.513118,41
51.292910,-0.532123,52
51.214552,-0.610664,42
51.214053,-0.549813,52
51.208897,-0.562514,58
51.261281,-0.579912,62
51.258827,-0.570857,64
51.255153,-0.579755,68
51.255753,-0.567245,69
51.254683,-0.588517,72
51.259261,-0.595904,66
51.251487,-0.588122,74
51.264099,-0.589288,59
51.259008,-0.588024,65
51.208325,-0.500312,32
51.223774,-0.465533,45
51.191507,-0.439963,29
51.250703,-0.597310,72
51.246218,-0.613062,64
51.248904,-0.592729,73
51.245324,-0.607279,68
51.246278,-0.601377,70
51.254260,-0.598740,70
51.267045,-0.613126,51
51.255215,-0.610178,64
51.274248,-0.598480,51
51.261759,-0.633969,46
51.245396,-0.632963,57
51.267810,-0.569014,52
51.313431,-0.321664,61
51.321434,-0.297079,63
51.323613,-0.313013,63
51.302484,-0.288105,60
51.305136,-0.301740,67
51.300337,-0.308584,63
51.306657,-0.315855,61
51.311083,-0.307067,67
51.317207,-0.294780,64
51.313824,-0.299842,67
51.177300,-0.313064,38
51.283379,-0.374684,56
51.291163,-0.385549,53
51.286849,-0.369970,54
51.279906,-0.387478,56
51.271680,-0.368950,57
51.264745,-0.374328,52
51.282035,-0.361754,56
51.274410,-0.362723,57
51.266852,-0.285266,32
51.235567,-0.295149,42
51.224804,-0.285801,39
51.235494,-0.261743,34
51.156489,-0.275321,22
51.143174,-0.316341,36
51.198589,-0.257720,18
51.164222,-0.224206,43
51.236213,-0.334125,74
51.240863,-0.328035,69
51.233633,-0.344726,75
51.225561,-0.340812,72
51.221944,-0.329121,66
51.229423,-0.317401,71
51.230544,-0.334433,76
51.295727,-0.346160,61
51.281437,-0.347444,58
51.290069,-0.362254,55
51.294401,-0.357191,58
51.303727,-0.372704,53
51.200342,-0.322810,37
51.214951,-0.322381,50
51.217556,-0.315824,52
51.217310,-0.328010,58
51.312825,-0.342816,61
51.302707,-0.331136,72
51.299647,-0.327203,75
51.310205,-0.332512,67
51.296174,-0.324700,74
51.291970,-0.324880,68
51.285002,-0.311151,53
51.203938,-0.386241,21
51.261279,-0.324861,50
51.139069,-0.376068,17
51.219423,-0.363975,50
51.317574,-0.201274,67
51.323252,-0.204886,72
51.325062,-0.191662,69
51.313883,-0.208661,66
51.335169,-0.196906,62
51.325478,-0.201543,70
51.323415,-0.180122,56
51.321042,-0.168221,59
51.289057,-0.175772,42
51.311958,-0.165842,56
51.291190,-0.144147,45
51.218197,-0.177102,62
51.213126,-0.155636,59
51.220887,-0.161351,60
51.229023,-0.160280,69
51.228545,-0.170197,72
51.180221,-0.162637,71
51.164843,-0.158342,71
51.164693,-0.164781,71
51.167730,-0.170244,74
51.183943,-0.157369,68
51.181452,-0.147520,64
51.175662,-0.149078,65
51.167967,-0.141188,62
51.183869,-0.170178,65
51.177713,-0.180973,63
51.178094,-0.170527,72
51.172685,-0.175887,71
51.292231,-0.201735,38
51.266646,-0.207641,47
51.279054,-0.213068,43
51.304537,-0.203285,53
51.230586,-0.178438,70
51.228021,-0.197292,67
51.227645,-0.187537,64
51.233685,-0.186726,71
51.233020,-0.197026,73
51.269750,-0.160372,58
51.262397,-0.145398,67
51.258415,-0.136934,64
51.264655,-0.137299,61
51.254592,-0.148650,66
51.326657,-0.225470,60
51.329960,-0.214188,63
51.323006,-0.231679,60
51.318191,-0.235146,57
51.319713,-0.219182,64
51.299689,-0.236502,60
51.302867,-0.229467,62
51.253308,-0.159023,68
51.235941,-0.169771,79
51.234558,-0.161776,75
51.240351,-0.172648,82
51.244347,-0.180338,72
51.245146,-0.172359,78
51.251311,-0.168026,71
51.249271,-0.173411,73
51.235332,-0.207342,75
51.237962,-0.192721,73
51.237941,-0.180422,77
51.232985,-0.229863,64
51.242993,-0.189834,70
51.254851,-0.182823,56
51.250198,-0.216123,63
51.243634,-0.201703,74
51.193478,-0.202506,45
51.199001,-0.154337,54
51.226692,-0.205456,64
51.224477,-0.215921,61
51.214296,-0.209847,57
51.218203,-0.200242,61
51.218912,-0.191823,59
51.277163,-0.248108,52
51.297880,-0.227372,58
51.293973,-0.244274,55
51.292667,-0.229930,58
51.277518,-0.245906,54
51.306624,-0.231370,64
51.311310,-0.239366,61
51.310855,-0.232041,63
51.302823,-0.241657,58
51.311631,-0.219838,64
51.368560,-0.492575,76
51.370463,-0.483704,73
51.374229,-0.471323,66
51.371838,-0.501879,73
51.376193,-0.486647,75
51.376009,-0.499734,72
51.380535,-0.492158,69
51.386439,-0.497369,72
51.387065,-0.504331,72
51.385290,-0.480439,66
51.380173,-0.512243,61
51.394569,-0.520990,65
51.387840,-0.513638,71
51.400780,-0.496602,57
51.393431,-0.503823,71
51.361381,-0.502288,64
51.358403,-0.511883,60
51.370846,-0.513412,61
51.425800,-0.520521,73
51.430573,-0.534319,71
51.431625,-0.529500,71
51.431414,-0.520325,74
51.429132,-0.544248,75
51.437130,-0.546936,72
51.430111,-0.552472,72
51.423243,-0.554559,68
51.421767,-0.569062,67
51.430202,-0.563212,67
51.434209,-0.583291,58
51.429186,-0.577772,62
51.424215,-0.575210,65
51.425594,-0.583277,59
51.385304,-0.548631,44
51.367757,-0.525215,58
51.365547,-0.551607,42
51.358777,-0.527505,57
51.350863,-0.486442,60
51.352502,-0.497288,64
51.359294,-0.481874,62
51.363824,-0.493170,67
51.407094,-0.528355,44
51.417311,-0.514175,56
51.421288,-0.541923,61
51.420343,-0.526047,64
51.406657,-0.563052,59
51.404765,-0.554830,58
51.394593,-0.577593,51
51.403524,-0.592966,38
51.344825,-0.505202,69
51.346403,-0.497662,66
51.345568,-0.517779,65
51.350839,-0.509464,67
51.427625,-0.443625,65
51.424375,-0.443109,66
51.427170,-0.433309,64
51.423915,-0.434343,69
51.428297,-0.449162,69
51.429598,-0.454986,72
51.435081,-0.451645,68
51.432819,-0.459445,72
51.426830,-0.460412,67
51.433147,-0.444286,65
51.440903,-0.469167,70
51.439030,-0.478505,69
51.446007,-0.462950,63
51.449814,-0.472661,67
51.446092,-0.473213,66
51.435275,-0.465367,75
51.433142,-0.471966,74
51.433873,-0.480900,70
51.430143,-0.475193,68
51.430735,-0.467815,71
51.409173,-0.429288,67
51.413760,-0.421841,75
51.402140,-0.436000,60
51.402952,-0.419576,69
51.411926,-0.470345,49
51.408284,-0.447904,55
51.398831,-0.468375,58
51.399345,-0.457783,62
51.418640,-0.438103,68
51.421751,-0.494800,67
51.423961,-0.507558,67
51.417416,-0.501738,61
51.418358,-0.486982,61
51.389632,-0.463650,58
51.397520,-0.442828,66
51.392065,-0.432359,61
51.391726,-0.447330,68
51.436799,-0.492451,71
51.452660,-0.522481,71
51.431971,-0.498528,76
51.428457,-0.502619,77
51.424341,-0.480135,66
51.428034,-0.482091,68
51.426597,-0.489559,69
51.425512,-0.497672,70
51.458701,-0.483266,63
51.456100,-0.473399,66
51.447696,-0.487017,68
51.454051,-0.468361,66
51.455084,-0.504236,48
51.428273,-0.420473,73
51.424806,-0.413873,69
51.425678,-0.424703,71
51.421354,-0.421673,74
51.418200,-0.426909,74
51.407786,-0.408999,72
51.413693,-0.413282,74
51.418236,-0.401255,71
51.411085,-0.396252,66
51.355446,-0.687194,56
51.369279,-0.691304,60
51.360809,-0.695264,63
51.358316,-0.712042,60
51.321012,-0.640052,52
51.329957,-0.631638,53
51.367453,-0.602622,39
51.345381,-0.594057,45
51.352796,-0.599322,46
51.314588,-0.747691,71
51.313478,-0.732165,64
51.317829,-0.739072,68
51.317608,-0.727207,63
51.302242,-0.724834,62
51.310677,-0.723770,61
51.309029,-0.732787,64
51.303977,-0.737187,65
51.324769,-0.699238,50
51.325914,-0.711431,52
51.332430,-0.700077,51
51.330446,-0.705558,54
51.348132,-0.674025,50
51.348537,-0.664203,54
51.346281,-0.689507,44
51.353124,-0.667249,58
51.294753,-0.732364,61
51.290037,-0.714430,57
51.309679,-0.707150,46
51.284662,-0.727595,58
51.354531,-0.731799,61
51.347676,-0.733878,62
51.355196,-0.723322,59
51.330282,-0.720268,53
51.324468,-0.727374,58
51.322282,-0.735561,64
51.337966,-0.707613,44
51.332904,-0.764540,69
51.330536,-0.756472,69
51.335623,-0.752399,70
51.341865,-0.715049,50
51.345705,-0.714833,52
51.340427,-0.725714,56
51.334706,-0.730105,58
51.334569,-0.742702,68
51.346301,-0.747192,61
51.341988,-0.739124,67
51.324370,-0.757819,72
51.327580,-0.745076,67
51.320399,-0.753054,68
51.340409,-0.664995,49
51.345372,-0.634348,50
51.327808,-0.670589,51
51.362193,-0.662562,48
51.378725,-0.665764,43
51.368525,-0.645565,41
51.224194,-0.086921,47
51.237240,-0.136508,47
51.208651,-0.129442,38
51.253800,-0.107959,43
51.172909,-0.078268,31
51.197841,-0.112218,37
51.173905,-0.117388,46
51.153409,-0.115314,41
51.278447,-0.111832,48
51.179529,0.015502,38
51.156275,0.011267,36
51.149489,-0.058214,42
51.254725,-0.065955,50
51.246153,-0.057210,49
51.221367,-0.045557,41
51.206268,-0.056593,35
51.269093,-0.079934,46
51.278768,-0.079278,65
51.274250,-0.073271,60
51.262006,0.008209,56
51.236603,0.033263,36
51.172908,-0.025405,52
51.201565,-0.006752,41
51.176914,-0.011784,52
51.260361,-0.005070,66
51.270218,-0.019477,57
51.230965,-0.033244,43
51.254546,-0.009334,59
51.243873,0.009747,55
51.246320,0.000632,56
51.236328,0.011950,47
51.230696,-0.003791,46
51.299592,-0.092888,61
51.294637,-0.098240,65
51.294597,-0.089058,67
51.284414,-0.086496,69
51.286130,-0.093148,70
51.285480,-0.075432,67
51.291817,-0.073140,64
51.314421,-0.018642,47
51.314169,-0.055356,66
51.314280,-0.045788,60
51.303530,-0.064975,58
51.312984,-0.067697,64
51.291722,-0.105762,65
51.287974,-0.099456,68
51.301054,-0.078685,61
51.283623,-0.046040,36
51.111569,-0.491873,26
51.199835,-0.530810,44
51.157267,-0.571418,29
51.180851,-0.566119,50
51.194307,-0.558709,51
51.106648,-0.584410,22
51.120118,-0.640764,32
51.098953,-0.656428,30
51.136885,-0.467663,50
51.142128,-0.462775,52
51.144832,-0.483538,59
51.140505,-0.478047,58
51.153275,-0.503991,46
51.139815,-0.500291,55
51.126204,-0.488957,50
51.180909,-0.719553,38
51.180961,-0.686672,35
51.136628,-0.700312,17
51.153843,-0.436901,35
51.190702,-0.786881,44
51.197310,-0.796808,55
51.202154,-0.775403,55
51.210722,-0.805387,68
51.219401,-0.801379,74
51.213278,-0.827523,57
51.202623,-0.798152,65
51.210756,-0.790449,73
51.205930,-0.801865,68
51.238555,-0.787806,63
51.235288,-0.790779,62
51.230442,-0.785852,63
51.218401,-0.782151,68
51.214491,-0.762175,51
51.217320,-0.791518,73
51.202522,-0.809737,62
51.197734,-0.808811,57
51.190149,-0.810611,46
51.229919,-0.796712,58
51.234450,-0.812639,55
51.236535,-0.801594,59
51.229129,-0.775240,66
51.227842,-0.760211,63
51.237624,-0.776835,64
51.200044,-0.823099,60
51.191831,-0.824360,51
51.181832,-0.812291,40
51.172176,-0.759958,24
51.164015,-0.810566,30
51.142009,-0.775873,36
51.200175,-0.610898,64
51.204236,-0.613635,58
51.202828,-0.601606,60
51.186047,-0.624764,60
51.177879,-0.632442,56
51.186377,-0.609408,71
51.194260,-0.626874,59
51.192062,-0.611586,69
51.198296,-0.622483,55
51.198766,-0.598934,68
51.195268,-0.596291,69
51.190322,-0.600071,64
51.178923,-0.606371,63
51.179755,-0.619594,62
51.174645,-0.617623,54
51.089541,-0.737678,61
51.088084,-0.748672,50
51.085941,-0.728530,65
51.101778,-0.737610,48
51.084634,-0.697604,52
51.086057,-0.719140,62
51.100645,-0.699819,46
51.095242,-0.718079,59
51.128793,-0.743992,44
51.125361,-0.764467,44
51.173002,-0.667552,50
51.167541,-0.639021,54
51.163127,-0.657431,48
51.171071,-0.501590,40
51.145857,-0.654878,40
51.140720,-0.614926,36
51.153353,-0.651820,49
51.296452,-0.617032,50
51.307472,-0.640137,64
51.334536,-0.481165,64
51.331236,-0.470204,57
51.336990,-0.472234,64
51.343348,-0.482281,65
51.339592,-0.469473,63
51.322349,-0.589276,70
51.321739,-0.582699,70
51.316882,-0.586350,69
51.317706,-0.564557,80
51.314794,-0.577973,69
51.323428,-0.598762,64
51.321345,-0.602017,64
51.319304,-0.596390,68
51.316934,-0.593491,68
51.312848,-0.604516,68
51.309866,-0.609720,67
51.315469,-0.599647,68
51.332891,-0.567565,67
51.330692,-0.551894,72
51.340696,-0.544175,54
51.327290,-0.573091,70
51.332867,-0.591877,57
51.323402,-0.565477,78
51.321351,-0.571403,74
51.319781,-0.577179,73
51.303571,-0.564718,68
51.307175,-0.551158,71
51.318713,-0.607795,67
51.327691,-0.611207,66
51.316851,-0.613167,68
51.320642,-0.620529,68
51.314074,-0.629791,62
51.313115,-0.619207,67
51.325053,-0.545212,76
51.323555,-0.534319,63
51.323517,-0.550180,82
51.333987,-0.525739,67
51.293850,-0.566001,56
51.283340,-0.567709,47
51.319558,-0.548144,77
51.318608,-0.536572,67
51.313156,-0.535612,71
51.310667,-0.560327,76
51.308870,-0.567586,74
51.305227,-0.527403,61
51.303698,-0.545244,65
51.324875,-0.525296,49
51.318779,-0.499385,47
51.327074,-0.514037,55
51.303969,-0.582636,57
51.306534,-0.596176,64
51.310318,-0.577494,68
51.333707,-0.512162,67
51.335825,-0.493858,63
51.339752,-0.502203,75
52.521737,-1.569300,33
52.512100,-1.578902,34
52.516717,-1.611229,25
52.538142,-1.570102,46
52.571051,-1.549260,65
52.577322,-1.545722,69
52.584779,-1.549721,56
52.581038,-1.534240,61
52.573791,-1.538196,65
52.562406,-1.521344,60
52.557363,-1.547590,51
52.584378,-1.614265,39
52.598174,-1.573900,36
52.562287,-1.589473,34
52.504072,-1.725394,57
52.510445,-1.707060,61
52.499185,-1.701814,64
52.482793,-1.702074,62
52.557413,-1.744540,38
52.551935,-1.696262,22
52.598282,-1.621194,47
52.605453,-1.619173,57
52.482002,-1.557543,25
52.480881,-1.648985,20
52.544761,-1.533351,56
52.549839,-1.499201,52
52.566048,-1.649634,35
52.558874,-1.647733,28
52.566238,-1.684589,42
52.580583,-1.687974,41
52.638394,-1.605602,30
52.660555,-1.582488,26
52.615676,-1.598549,51
52.629482,-1.616158,52
52.612382,-1.619105,57
52.618303,-1.627831,56
52.515328,-1.746565,57
52.518748,-1.730944,54
52.524046,-1.467829,79
52.530007,-1.476288,75
52.524540,-1.482340,77
52.522668,-1.474587,80
52.520594,-1.476743,78
52.514873,-1.492973,68
52.510792,-1.479607,66
52.504190,-1.510251,61
52.515590,-1.487018,70
52.519317,-1.456741,73
52.515052,-1.457406,74
52.509564,-1.448224,65
52.503600,-1.448179,56
52.501691,-1.440459,55
52.525432,-1.495596,68
52.521725,-1.499890,69
52.517934,-1.481404,74
52.520738,-1.490681,72
52.517603,-1.495435,68
52.476384,-1.484357,66
52.477851,-1.480026,72
52.480955,-1.472716,75
52.488486,-1.467679,68
52.484941,-1.464549,69
52.477247,-1.426002,55
52.474848,-1.416783,53
52.490805,-1.423065,48
52.477943,-1.448704,52
52.536787,-1.500233,62
52.534834,-1.512521,62
52.531657,-1.489907,63
52.464422,-1.531403,54
52.462550,-1.517843,56
52.470206,-1.486954,64
52.464743,-1.485062,67
52.524181,-1.513358,61
52.524652,-1.525880,55
52.527650,-1.539876,48
52.533042,-1.520675,58
52.526027,-1.516458,58
52.471165,-1.519221,56
52.473588,-1.499317,59
52.475854,-1.509529,54
52.469056,-1.495444,63
52.519274,-1.533927,57
52.519109,-1.512049,62
52.517618,-1.505120,66
52.518111,-1.519355,59
52.520813,-1.504556,69
52.480838,-1.459485,67
52.477495,-1.468988,74
52.472398,-1.466051,68
52.468882,-1.475355,68
52.461776,-1.474201,60
52.523839,-1.446642,60
52.526888,-1.440316,57
52.526014,-1.455647,70
52.532086,-1.447917,63
52.481728,-1.481695,72
52.479159,-1.492213,59
52.488508,-1.478278,65
52.486696,-1.500191,62
52.486466,-1.477286,70
52.541898,-1.447524,56
52.538359,-1.434666,52
52.535608,-1.457782,63
52.531642,-1.464807,69
52.514826,-1.470498,78
52.510170,-1.466515,74
52.506090,-1.455816,65
52.499658,-1.465606,66
52.517807,-1.467727,79
52.516552,-1.445116,61
52.513705,-1.435438,55
52.508061,-1.434740,55
52.507428,-1.418444,46
52.500220,-1.428436,51
52.368726,-1.290884,62
52.362449,-1.293383,65
52.384189,-1.222803,50
52.378489,-1.243568,70
52.375934,-1.251304,79
52.372874,-1.252025,79
52.373751,-1.235640,72
52.355139,-1.287896,62
52.348766,-1.282745,58
52.361635,-1.288013,65
52.391111,-1.240080,58
52.387932,-1.237098,57
52.394900,-1.239473,57
52.388736,-1.245300,63
52.392915,-1.251656,62
52.351266,-1.256231,55
52.368854,-1.254373,76
52.367148,-1.262178,77
52.358713,-1.265860,65
52.336126,-1.289403,58
52.326354,-1.381949,20
52.348327,-1.396152,33
52.396738,-1.417082,53
52.390695,-1.430334,52
52.369148,-1.381663,39
52.384357,-1.410985,39
52.362331,-1.239381,64
52.362559,-1.246772,64
52.368551,-1.242777,71
52.368308,-1.229044,62
52.432237,-1.402642,31
52.443350,-1.304436,27
52.363944,-1.215047,58
52.355111,-1.205329,55
52.357254,-1.223024,61
52.382951,-1.337142,36
52.291127,-1.287771,19
52.368835,-1.272204,73
52.376385,-1.287199,68
52.376938,-1.276257,71
52.372740,-1.271418,74
52.382586,-1.272142,63
52.389785,-1.282216,59
52.374463,-1.263049,80
52.380067,-1.258643,79
52.356001,-1.275401,62
52.362939,-1.272110,67
52.362631,-1.279327,65
52.357319,-1.280032,60
52.352841,-1.235754,62
52.363693,-1.230055,65
52.360956,-1.436361,40
52.486122,-1.367267,23
52.204385,-1.904075,62
52.230739,-1.899182,61
52.222663,-1.870511,63
52.219407,-1.863699,64
52.227888,-1.795357,28
52.189978,-1.783519,31
52.168108,-1.910176,29
52.175835,-1.848693,42
52.180259,-1.866074,41
52.158357,-1.849753,40
52.058645,-1.583004,20
52.142838,-1.431246,16
52.272412,-1.724432,25
52.141078,-1.626506,25
52.206078,-1.340323,16
52.155457,-1.382926,21
52.221135,-1.460263,31
52.218362,-1.428188,31
52.237498,-1.460553,39
52.289367,-1.785997,55
52.303138,-1.776280,49
52.266465,-1.777329,37
52.169618,-1.496386,37
52.159852,-1.536882,37
52.198968,-1.511227,31
52.225641,-1.844606,50
52.001558,-1.591220,17
52.268397,-1.429952,26
52.286431,-1.391485,33
52.269659,-1.871979,42
52.060123,-1.635045,46
52.069179,-1.621144,53
52.063156,-1.631513,51
52.252190,-1.688763,31
52.224365,-1.653898,31
52.257720,-1.382265,50
52.257804,-1.390411,58
52.257767,-1.399091,57
52.243802,-1.379630,56
52.270610,-1.362336,40
52.249107,-1.308163,30
52.186650,-1.699594,68
52.200322,-1.671040,46
52.206397,-1.694936,65
52.195249,-1.704260,78
52.200380,-1.714959,69
52.188785,-1.721832,69
52.188223,-1.730607,61
52.190295,-1.710058,78
52.183883,-1.714937,73
52.201722,-1.731072,60
52.197557,-1.734631,60
52.197548,-1.723011,70
52.277777,-1.875711,63
52.274014,-1.901417,63
52.270662,-1.904030,60
52.264278,-1.887648,56
52.351764,-1.853512,31
52.326716,-1.812689,25
52.077725,-1.673545,28
52.110793,-1.668985,25
52.115356,-1.531083,21
52.157154,-1.764145,31
52.193135,-1.599793,48
52.186715,-1.603564,44
52.195999,-1.561777,28
52.198472,-1.590973,51
52.361727,-1.604562,44
52.353902,-1.589079,56
52.347041,-1.582935,69
52.348337,-1.573273,71
52.343058,-1.576669,73
52.254849,-1.539353,54
52.245979,-1.546942,49
52.279721,-1.537204,78
52.274818,-1.533962,76
52.278288,-1.526784,78
52.275103,-1.522746,73
52.282044,-1.542912,77
52.281766,-1.531435,81
52.275861,-1.645780,40
52.299276,-1.640000,33
52.242088,-1.600057,34
52.290905,-1.509162,78
52.294949,-1.530057,79
52.300645,-1.512924,64
52.302056,-1.519851,67
52.305207,-1.513676,63
52.298118,-1.518858,69
52.301994,-1.495479,58
52.314670,-1.527356,54
52.308499,-1.490095,51
52.329875,-1.457020,21
52.330169,-1.709579,28
52.328169,-1.741295,25
52.331988,-1.664572,21
52.319699,-1.603820,27
52.299295,-1.535772,75
52.298422,-1.526546,71
52.310633,-1.519885,61
52.305346,-1.529204,66
52.306243,-1.520931,67
52.292531,-1.548936,79
52.287218,-1.540467,81
52.294195,-1.557064,69
52.288785,-1.552065,73
52.294380,-1.543517,80
52.300199,-1.547131,68
52.348549,-1.557114,61
52.355190,-1.573288,64
52.346876,-1.563524,67
52.340842,-1.556410,59
52.353987,-1.550207,58
52.284263,-1.468031,40
52.272215,-1.492588,49
52.337997,-1.577894,70
52.337557,-1.585605,67
52.333982,-1.569813,67
52.330608,-1.595834,65
52.342158,-1.568308,69
52.352802,-1.517446,33
52.291411,-1.564024,72
52.292921,-1.576848,70
52.293585,-1.567684,69
52.296371,-1.599904,64
52.298688,-1.584211,61
52.296234,-1.577535,65
52.275547,-1.554386,63
52.282864,-1.573099,73
52.273449,-1.583299,74
52.287110,-1.573392,74
52.285173,-1.557922,70
52.289434,-1.588244,72
52.288178,-1.600603,66
52.287018,-1.583420,74
52.281726,-1.597449,76
52.275818,-1.596990,72
52.270967,-1.526164,68
52.268982,-1.516143,61
52.267444,-1.533381,65
52.265366,-1.526299,65
52.253214,-1.510734,58
52.279902,-1.517542,69
52.283153,-1.512046,68
52.278368,-1.511807,64
52.286652,-1.523956,79
52.285555,-1.529117,82
52.284496,-1.520332,75
50.843187,-0.255298,68
50.843353,-0.274005,64
50.852899,-0.279274,64
50.825924,-0.329627,72
50.821402,-0.329352,69
50.830127,-0.328893,73
50.836392,-0.333872,65
50.847062,-0.337169,57
50.831810,-0.335608,70
50.831434,-0.230774,72
50.831906,-0.221281,72
50.837308,-0.227679,71
50.842662,-0.228518,71
50.854994,-0.250485,69
50.842232,-0.234417,69
50.852748,-0.314296,53
50.837605,-0.323898,66
50.834111,-0.326620,70
50.827789,-0.260309,58
50.828678,-0.281890,67
50.836137,-0.300701,64
50.833336,-0.319395,72
50.829796,-0.317246,69
50.830183,-0.343251,64
50.852880,-0.355282,63
50.826490,-0.344760,67
50.832856,-0.272528,75
50.838093,-0.265363,70
50.834051,-0.260553,73
50.839361,-0.277234,68
50.839208,-0.283400,67
50.836335,-0.274990,74
50.839984,-0.248532,70
50.838171,-0.251745,69
50.837897,-0.255816,68
50.832803,-0.247688,70
50.838903,-0.238533,72
50.833422,-0.240608,72
50.825612,-0.308088,64
50.822701,-0.320762,72
50.828253,-0.295209,61
50.825846,-0.316043,70
50.778857,-0.705849,55
50.782151,-0.695663,63
50.788658,-0.702513,60
50.776066,-0.722555,50
50.784602,-0.710613,58
50.781533,-0.720654,55
50.848722,-0.491303,47
50.832248,-0.488766,57
50.824394,-0.492004,62
50.856000,-0.582872,45
50.848808,-0.557012,54
50.870213,-0.537133,40
50.826461,-0.644361,58
50.833242,-0.638150,62
50.821957,-0.669285,46
50.843125,-0.678481,47
50.852291,-0.660506,47
50.810337,-0.527900,65
50.806710,-0.523975,64
50.804380,-0.532280,67
50.808170,-0.676880,58
50.799105,-0.689876,67
50.801327,-0.676581,67
50.799737,-0.684211,68
50.795553,-0.695788,67
50.819347,-0.519184,60
50.819213,-0.528220,61
50.815432,-0.531147,66
50.813283,-0.522288,63
50.807273,-0.489473,63
50.807869,-0.465217,55
50.806535,-0.479175,63
50.815476,-0.475676,65
50.812948,-0.484292,70
50.790174,-0.635335,53
50.805342,-0.640491,52
50.795271,-0.635697,56
50.788590,-0.654860,68
50.791344,-0.646060,61
50.805770,-0.445190,53
50.824144,-0.451401,61
50.812880,-0.444622,62
50.863181,-0.405493,47
50.866838,-0.427511,38
50.814827,-0.551948,69
50.812836,-0.545781,75
50.818800,-0.553682,65
50.819149,-0.547128,67
50.786508,-0.664157,75
50.786531,-0.671472,78
50.793024,-0.665641,71
50.792886,-0.670547,73
50.784523,-0.690040,69
50.783429,-0.676218,77
50.781875,-0.683291,72
50.797001,-0.624276,51
50.797678,-0.618193,47
50.797062,-0.601747,39
50.796868,-0.675796,71
50.792678,-0.679035,74
50.794527,-0.686130,72
50.789284,-0.678186,76
50.789353,-0.733939,48
50.781325,-0.728932,52
50.774657,-0.737633,48
50.767602,-0.743061,46
50.786863,-0.718997,56
50.791504,-0.687501,72
50.790626,-0.695254,66
50.788233,-0.687874,73
50.785870,-0.681431,76
50.806324,-0.548954,75
50.810520,-0.535807,73
50.806073,-0.538315,72
50.813043,-0.502322,70
50.806487,-0.500466,61
50.815573,-0.495119,71
50.805670,-0.512061,60
50.807195,-0.515896,62
50.815881,-0.508362,67
50.818526,-0.512975,63
50.812132,-0.511865,68
50.874631,-0.622195,34
50.842002,-0.624143,41
50.816616,-0.540589,71
50.812641,-0.582366,39
50.816058,-0.599260,45
50.817813,-0.618281,50
50.818918,-0.610941,51
50.837554,-0.839361,52
50.834019,-0.879596,42
50.822246,-0.845112,43
50.904519,-0.733989,35
50.951519,-0.663192,20
50.924196,-0.597158,18
50.834224,-0.757305,67
50.837126,-0.764653,76
50.840426,-0.758218,70
50.844638,-0.763075,70
50.839160,-0.770539,78
50.851941,-0.784793,63
50.842377,-0.777601,78
50.857032,-0.776802,53
50.829806,-0.763138,73
50.833582,-0.785178,80
50.833736,-0.770491,78
50.829023,-0.775933,76
50.843576,-0.799542,67
50.842584,-0.791496,69
50.841020,-0.784510,77
50.812797,-0.799493,62
51.010705,-0.737284,43
51.000072,-0.694566,31
50.759952,-0.854610,43
50.767308,-0.840607,44
50.765889,-0.868311,53
51.066323,-0.717726,49
51.069776,-0.753890,41
51.042394,-0.733980,37
50.835844,-0.816093,49
50.860350,-0.846072,26
50.904364,-0.882588,18
50.970202,-0.860378,18
50.982861,-0.749993,55
50.977756,-0.745236,48
51.010328,-0.612074,34
50.991770,-0.614012,45
50.969693,-0.581192,29
51.065933,-0.510266,21
51.069909,-0.576188,18
51.053363,-0.656571,18
51.015561,-0.857039,27
51.041722,-0.808406,23
50.740889,-0.786135,59
50.737033,-0.801311,56
50.749645,-0.777576,50
50.731274,-0.781072,55
50.726146,-0.789372,51
50.729309,-0.785759,54
50.729453,-0.795729,58
50.771166,-0.799042,35
50.807579,-0.776012,51
50.853607,-0.902511,57
50.824620,-0.921314,28
50.852356,-0.913562,60
50.848870,-0.923594,60
50.846809,-0.894852,55
50.988174,-0.778296,27
50.848333,-0.720707,48
50.846616,-0.701419,45
50.786133,-0.882173,37
50.771327,-0.876637,51
50.794301,-0.838554,39
50.867186,-0.908830,48
51.019312,-0.544501,12
51.030784,-0.497313,27
51.102534,-0.212109,68
51.100436,-0.228611,59
51.103851,-0.224493,65
51.101392,-0.219894,66
51.108078,-0.225428,63
51.105128,-0.216543,69
51.100483,-0.201761,73
51.094831,-0.214272,65
51.098501,-0.212534,67
51.102897,-0.205793,70
51.089179,-0.204637,60
51.095012,-0.198214,65
51.096738,-0.202108,72
51.094267,-0.206693,67
51.098683,-0.167024,69
51.111466,-0.168066,72
51.107921,-0.164853,70
51.108078,-0.176799,71
51.113296,-0.211650,70
51.110524,-0.218055,68
51.107722,-0.210055,69
51.119002,-0.217200,67
51.112400,-0.227509,57
51.109953,-0.231146,57
51.127251,-0.212323,68
51.121960,-0.213498,70
51.122004,-0.206757,72
51.125359,-0.199115,72
51.130308,-0.206018,67
51.148772,-0.194383,70
51.128266,-0.195930,72
51.127291,-0.190875,71
51.110938,-0.155631,66
51.104937,-0.156985,61
51.107485,-0.149468,61
51.101103,-0.152670,56
51.097987,-0.158682,52
51.136075,-0.174750,73
51.122690,-0.178903,74
51.117188,-0.185348,78
51.128433,-0.144530,63
51.125114,-0.149323,68
51.123972,-0.157392,72
51.121810,-0.146647,67
51.116703,-0.155459,75
51.112617,-0.142592,63
51.118676,-0.146428,66
51.113934,-0.151860,70
51.105593,-0.186966,77
51.104365,-0.194706,76
51.108207,-0.200240,74
51.111638,-0.199602,77
51.109861,-0.187662,79
51.118931,-0.164888,77
51.121219,-0.172050,75
51.128778,-0.164917,70
51.101168,-0.176727,71
51.099756,-0.188703,74
51.092942,-0.184316,68
51.104321,-0.181736,75
51.115725,-0.194664,80
51.116822,-0.203598,76
51.120656,-0.194737,77
50.997435,-0.390607,29
51.019142,-0.457217,51
51.040297,-0.450533,47
51.020291,-0.447403,54
50.883372,-0.296419,48
50.880775,-0.289286,44
50.922668,-0.250616,25
51.070406,-0.358842,61
50.942180,-0.461578,33
50.920226,-0.374203,38
50.974034,-0.444041,30
50.957252,-0.413019,34
50.933989,-0.435314,38
50.915096,-0.506416,35
50.927921,-0.463080,49
50.901539,-0.425576,43
50.917493,-0.407171,36
50.918134,-0.459902,53
50.917279,-0.448023,55
50.979522,-0.291425,24
50.960799,-0.338486,25
50.995963,-0.253894,28
50.951263,-0.304918,29
51.062923,-0.345173,63
51.055295,-0.318199,71
51.059646,-0.297294,57
50.920508,-0.270136,53
50.936679,-0.279826,47
50.938004,-0.276096,49
51.076308,-0.316299,64
51.084103,-0.309336,61
51.084693,-0.301289,58
51.080732,-0.310412,64
51.080658,-0.328954,65
51.078056,-0.319988,64
51.097522,-0.312486,48
51.082634,-0.319673,59
51.060003,-0.311586,69
51.068110,-0.323832,75
51.065032,-0.308027,70
51.063891,-0.315702,75
51.062419,-0.320626,76
51.070503,-0.406685,35
51.099048,-0.357214,36
51.042230,-0.390581,30
51.025448,-0.307772,29
51.037323,-0.254150,28
50.960587,-0.509006,52
50.964349,-0.499837,48
50.973746,-0.492399,34
50.943419,-0.537096,29
51.081723,-0.292690,59
51.076180,-0.297609,66
51.079029,-0.303776,65
51.075021,-0.308342,70
51.072054,-0.298514,67
51.073637,-0.291229,61
51.070366,-0.310032,72
51.078628,-0.285001,58
51.074019,-0.464710,27
51.093275,-0.424480,35
51.021255,-0.355758,52
51.019817,-0.343467,49
51.040214,-0.348118,41
51.036788,-0.348199,52
51.030061,-0.351719,56
51.026925,-0.341883,52
51.024214,-0.351430,58
50.889143,-0.315778,48
50.888562,-0.327859,52
50.884364,-0.348036,48
50.918930,-0.326186,42
51.074493,-0.336626,65
51.071944,-0.330270,70
51.069654,-0.343371,66
51.067335,-0.333488,73
51.060591,-0.135905,47
51.055488,-0.091823,32
51.116666,0.013884,55
51.112481,0.030659,50
51.016465,-0.216763,20
50.961153,-0.212834,32
50.965444,-0.146696,62
50.961343,-0.155080,59
50.962961,-0.145022,67
50.947169,-0.115105,60
50.947603,-0.125410,71
50.954165,-0.118543,65
50.966727,-0.132438,66
50.964611,-0.124124,68
50.962148,-0.134182,71
50.954498,-0.128245,77
50.955569,-0.134008,76
50.946127,-0.136907,67
50.961883,-0.119065,64
50.964453,-0.113243,60
50.955360,-0.149584,68
50.950624,-0.146209,65
50.959671,-0.148820,68
50.956511,-0.141027,74
51.135979,-0.129522,54
51.118138,-0.123543,50
51.135785,-0.103118,54
51.113650,-0.075822,44
51.097170,-0.116020,35
51.132523,-0.079852,43
51.126797,-0.063789,45
51.123408,-0.077673,50
51.012256,-0.133698,50
51.029932,-0.162170,33
51.133724,0.013684,54
51.128187,0.004355,58
51.135452,-0.004606,60
51.136322,-0.026862,64
51.133964,-0.019308,68
51.137625,-0.014024,59
51.119847,-0.001304,65
51.109075,-0.034067,53
51.107251,-0.004521,58
51.128948,-0.041705,63
51.127106,-0.021820,66
51.134429,-0.042157,59
51.129722,-0.010120,72
51.124030,-0.015804,70
50.937237,-0.142587,62
50.930297,-0.132418,60
50.926335,-0.144878,67
50.920057,-0.133502,65
50.913151,-0.145542,66
50.991983,-0.105815,66
50.988315,-0.107259,59
50.994029,-0.101430,71
51.003063,-0.086813,66
51.003307,-0.095057,68
50.998427,-0.095438,68
50.995187,-0.094250,71
50.996837,-0.085463,59
50.994238,-0.076610,54
51.010766,-0.106365,66
51.011611,-0.099334,66
51.009039,-0.118361,59
51.045533,-0.022895,29
51.009803,-0.050189,39
51.073578,-0.054457,26
50.957917,-0.168836,45
50.932685,-0.165938,55
50.935611,-0.186847,51
50.898428,-0.194406,38
50.951868,-0.196896,41
51.007563,-0.068669,58
51.010577,-0.088545,64
51.002647,-0.078051,59
51.016173,-0.086885,58
50.829708,-0.369648,75
50.827243,-0.362578,76
50.831211,-0.374665,74
50.823313,-0.357016,77
50.822459,-0.366404,78
50.832189,-0.362435,70
50.823791,-0.415121,68
50.819817,-0.419946,69
50.819933,-0.435528,66
50.820683,-0.425376,69
50.811236,-0.374523,81
50.816847,-0.369388,83
50.814972,-0.376567,82
50.816916,-0.380509,82
50.834983,-0.413022,64
50.838343,-0.418962,58
50.830799,-0.408800,66
50.831247,-0.416415,65
50.820146,-0.382869,79
50.825103,-0.387747,74
50.822146,-0.371501,81
50.826436,-0.376009,78
50.825032,-0.383150,75
50.821074,-0.376979,81
50.812737,-0.434472,69
50.807989,-0.427093,64
50.812594,-0.412394,69
50.807867,-0.415678,64
50.815434,-0.422393,71
50.813663,-0.389580,75
50.810421,-0.380520,77
50.809053,-0.385476,73
50.817057,-0.389257,77
50.813315,-0.383855,77
50.813742,-0.394615,73
50.813168,-0.403117,74
50.808575,-0.402050,67
50.808783,-0.395276,68
50.816350,-0.403528,74
50.826296,-0.426410,65
50.830640,-0.418996,65
50.850780,-0.391396,55
50.846971,-0.399274,57
50.836241,-0.389109,64
50.846543,-0.374887,62
50.830384,-0.385128,70
50.836470,-0.398095,65
50.833715,-0.404209,66
50.831843,-0.396390,68
50.850206,-0.412751,55
50.843338,-0.412827,54
50.838358,-0.407010,61
50.818746,-0.359153,79
50.818122,-0.341236,69
50.816002,-0.352622,78
50.820127,-0.349766,75
50.813882,-0.356401,79
50.820533,-0.401610,70
50.820020,-0.392083,76
50.823550,-0.394430,74
50.827962,-0.395928,70
50.826334,-0.401956,67
51.484455,-1.651258,25
51.336639,-1.880130,16
51.382093,-1.614333,29
51.382557,-2.057408,28
51.377230,-2.021401,30
51.353981,-1.667918,26
51.288123,-2.044109,22
51.288825,-1.666907,19
51.354556,-1.982830,67
51.351246,-1.979539,66
51.346691,-1.982083,62
51.349850,-2.013616,57
51.352777,-1.998093,71
51.343522,-1.989389,64
51.344126,-2.007864,68
51.258507,-1.977949,32
51.291310,-1.998222,33
51.258054,-1.629591,49
51.261397,-1.595321,45
51.420548,-1.717261,56
51.428891,-1.727814,56
51.426499,-1.735156,64
51.414158,-1.749822,46
51.414796,-1.728875,64
51.368346,-1.716864,19
51.251173,-1.793782,25
51.447296,-1.742427,26
51.323972,-1.760831,49
51.352637,-1.764775,47
51.377060,-1.821492,16
51.326789,-2.008093,38
51.447983,-1.596599,26
51.448414,-1.611399,33
51.345680,-2.074604,32
51.325116,-1.566255,9
51.247004,-1.684694,52
51.292693,-1.826089,18
51.302545,-1.940370,29
51.451336,-1.851871,27
51.641361,-2.046212,21
51.618736,-1.969694,18
51.639702,-1.926278,26
51.418856,-2.262010,44
51.431317,-2.217350,45
51.410583,-2.233835,43
51.547250,-2.041851,20
51.551756,-1.981993,20
51.596709,-2.034966,24
51.446408,-1.995890,65
51.440926,-1.998302,69
51.443204,-2.017115,59
51.443244,-2.005792,67
51.436374,-1.997028,66
51.439301,-1.992367,62
51.428281,-1.994978,56
51.420791,-2.019481,34
51.460420,-2.148545,59
51.449958,-2.145664,58
51.471971,-2.134759,62
51.463398,-2.141129,67
51.457996,-2.143311,64
51.461766,-2.126382,73
51.458098,-2.129169,72
51.456299,-2.118676,75
51.451418,-2.127880,65
51.472217,-2.119606,63
51.468049,-2.111216,68
51.451294,-2.100806,67
51.454674,-2.110239,75
51.461348,-2.105307,67
51.468308,-2.127732,67
51.465500,-2.120589,73
51.445580,-2.111955,59
51.439492,-2.102089,58
51.446267,-2.100434,59
51.449324,-2.108080,66
51.463309,-2.134264,69
51.458598,-2.134764,67
51.453432,-2.143166,62
51.452709,-2.136498,64
51.439691,-2.270129,32
51.454827,-2.252783,20
51.437418,-2.161219,53
51.429817,-2.193590,59
51.423806,-2.187222,55
51.632966,-1.863607,42
51.659050,-1.831619,33
51.643197,-1.860756,44
51.463648,-1.942135,27
51.427527,-1.955990,31
51.507337,-2.092197,29
51.477290,-2.178639,30
51.413586,-2.191041,35
51.418309,-2.128097,34
51.499502,-1.919998,28
51.503818,-1.975494,44
51.588819,-2.110975,52
51.602367,-2.120368,47
51.585664,-2.097900,59
51.499753,-2.256623,12
51.510200,-2.181202,24
51.443206,-2.193435,63
51.591087,-1.880466,45
51.594831,-1.910802,33
51.556621,-2.240050,26
51.566027,-2.179739,26
51.577169,-2.104951,43
51.541618,-2.115947,25
51.540261,-1.879554,30
51.571815,-1.861657,47
51.546116,-1.900882,70
51.546581,-1.890367,64
51.554591,-1.916390,64
51.531811,-1.886273,60
51.542270,-1.904784,67
51.533931,-1.924838,59
51.543856,-1.884560,57
51.036100,-1.737861,33
51.041969,-1.694636,23
51.013520,-1.651829,31
50.977084,-1.637187,24
51.179614,-1.774433,65
51.172636,-1.769898,64
51.163594,-1.761862,57
51.170325,-1.764831,61
51.174163,-1.806220,62
51.092323,-1.837448,45
51.084039,-1.836910,55
51.087705,-1.822215,58
51.079468,-1.827479,58
51.091199,-1.783193,54
51.087284,-1.782769,60
51.081506,-1.783031,66
51.191743,-1.737228,40
51.190580,-1.761587,51
51.020413,-1.947029,16
50.997012,-2.096863,19
50.976063,-1.684956,23
50.986430,-1.752588,39
50.985560,-1.730165,31
51.006828,-1.760358,46
51.194064,-1.777579,53
51.197358,-1.769541,53
51.201238,-1.784757,47
51.035395,-1.818964,36
51.075312,-1.825839,66
51.074134,-1.815782,71
51.070365,-1.811740,75
51.093147,-2.000095,18
51.057361,-1.788500,67
51.054963,-1.801967,62
51.052805,-1.793889,62
51.060575,-1.813123,60
51.062384,-1.806820,63
51.076775,-2.164299,18
51.074923,-1.773960,61
51.128669,-1.841419,26
51.072017,-1.794664,78
51.073283,-1.784533,74
51.074243,-1.792728,76
51.083281,-1.791337,65
51.094990,-1.805012,58
51.081708,-1.800395,65
51.077257,-1.792248,72
51.064304,-1.780416,73
51.066503,-1.797895,80
51.064081,-1.791607,79
51.075887,-1.804757,76
51.081442,-1.815318,67
51.182157,-1.911033,27
51.145179,-1.945274,14
51.055296,-2.092922,28
51.066926,-2.080144,38
51.053096,-2.018444,15
51.137159,-1.747027,32
51.151087,-1.690333,24
51.109367,-1.747770,36
51.085908,-2.254882,33
51.124179,-2.302241,19
51.091866,-2.269212,41
51.077353,-1.867549,49
51.086991,-1.857823,52
51.075656,-1.885154,45
51.095776,-1.680610,22
51.062589,-1.651441,21
51.385334,-2.204932,36
51.392468,-2.160780,43
51.355808,-2.248334,58
51.351957,-2.245947,64
51.348751,-2.264958,59
51.341349,-2.240319,60
51.335586,-2.245756,62
51.211606,-2.245660,25
51.263067,-2.227090,40
51.298583,-2.197221,51
51.233075,-2.196951,42
51.259245,-2.102738,26
51.284154,-2.140657,31
51.370422,-2.174055,34
51.351428,-2.211530,40
51.373698,-2.262965,32
51.351359,-2.309731,37
51.332520,-2.274683,42
51.376221,-2.141320,66
51.383523,-2.143268,57
51.383155,-2.130675,54
51.378688,-2.130459,60
51.370066,-2.126589,59
51.368868,-2.141941,63
51.369907,-2.137320,64
51.366596,-2.132141,60
51.356930,-2.145820,51
51.355565,-2.118655,48
51.373828,-2.124179,58
51.378648,-2.122640,52
51.187325,-2.022888,24
51.174038,-2.073341,20
51.341007,-2.161754,47
51.341993,-2.205685,55
51.336069,-2.193036,56
51.327496,-2.181569,57
51.151693,-2.224282,22
51.176603,-2.148187,26
51.303801,-2.248647,47
51.319446,-2.219180,73
51.330263,-2.205828,68
51.304213,-2.215521,63
51.315373,-2.215353,76
51.309446,-2.218839,68
51.306601,-2.225421,60
51.305581,-2.207022,61
51.312569,-2.201224,69
51.313924,-2.209537,73
51.308966,-2.208548,68
51.310304,-2.229972,61
51.325161,-2.226198,63
51.315304,-2.224813,67
51.324798,-2.197051,67
51.319795,-2.202358,72
51.317616,-2.189701,62
51.203005,-2.178811,69
51.203922,-2.151647,55
51.199268,-2.168154,62
51.195136,-2.180990,57
51.222675,-2.147138,49
51.206531,-2.172187,67
51.197432,-2.191938,57
51.202456,-2.208751,48
51.218265,-2.179665,60
51.206593,-2.195411,59
51.201578,-2.198356,58
51.205165,-2.187851,65
51.263229,-2.185801,66
51.256930,-2.197616,62
51.263387,-2.201509,62
51.260354,-2.180954,65
51.253191,-2.169734,61
52.367321,-1.943668,39
52.336192,-1.905944,34
52.351436,-1.976319,52
52.343920,-1.958300,50
52.383084,-2.027261,70
52.359936,-2.063808,58
52.364901,-2.056838,60
52.370759,-2.050368,54
52.322655,-2.073373,67
52.321972,-2.067628,70
52.386895,-1.881914,60
52.390742,-1.906805,60
52.388256,-1.876453,56
52.406601,-2.096771,33
52.386197,-2.115303,40
52.414902,-2.140811,55
52.424293,-2.146911,60
52.419943,-2.155361,54
52.431713,-2.108024,53
52.380557,-1.994486,52
52.375743,-1.997145,47
52.361894,-1.985506,57
52.397420,-1.881441,61
52.396439,-1.861573,55
52.392800,-1.879971,62
52.348464,-2.025291,43
52.359590,-2.009050,42
52.367465,-2.030529,50
52.362613,-2.040244,55
52.361258,-2.051572,59
52.351456,-2.053333,66
52.348192,-2.058232,65
52.352194,-2.038823,57
52.332917,-2.064738,75
52.337430,-2.053286,74
52.334599,-2.048118,73
52.343522,-2.071155,72
52.341704,-2.058994,75
52.348638,-2.065871,67
52.325949,-2.049331,69
52.416529,-2.058161,41
52.417949,-2.043142,39
52.390925,-2.036742,67
52.397780,-2.026388,67
52.394125,-2.021498,73
52.332521,-2.076967,69
52.326500,-2.078278,66
52.338195,-2.076577,67
52.356099,-2.089905,37
52.380983,-1.870599,53
52.370436,-1.895063,45
52.178418,-2.389505,16
52.167520,-2.328321,26
52.292756,-2.293787,23
52.193578,-2.301599,37
52.210906,-2.266977,37
52.098966,-2.312425,53
52.103799,-2.292816,54
52.106701,-2.314675,67
52.105743,-2.304511,60
52.131032,-2.326512,63
52.139938,-2.332480,54
52.237105,-2.269011,36
52.117026,-2.197822,29
52.138175,-2.221952,37
52.332190,-2.473305,13
52.142226,-2.310598,58
52.129855,-2.317977,66
52.127473,-2.306808,66
52.124436,-2.325073,67
52.006357,-2.257599,12
52.234592,-2.343816,24
52.042693,-2.302804,22
52.119292,-2.301312,61
52.116870,-2.308360,62
52.113153,-2.312205,66
52.112835,-2.301673,61
52.128890,-2.267426,33
52.153248,-2.236339,37
52.163616,-2.270105,38
52.114418,-2.327980,71
52.106160,-2.328099,65
52.118394,-2.322143,63
52.061447,-2.186929,24
52.274145,-2.442884,12
52.279441,-2.573397,22
52.301937,-2.591692,51
52.058794,-2.209591,43
52.055159,-2.227364,41
52.081489,-2.259188,26
52.071271,-2.326346,29
52.093503,-2.331103,42
52.121701,-2.336917,65
52.109993,-2.345880,40
52.127307,-2.344902,64
52.293951,-2.360251,21
52.309092,-1.941884,77
52.310729,-1.924566,65
52.317143,-1.934527,63
52.317679,-1.917009,57
52.260079,-1.983850,27
52.273739,-1.946610,54
52.262162,-1.945049,52
52.257981,-1.938378,55
52.308780,-1.960770,65
52.309284,-1.953770,71
52.306260,-1.970259,61
52.300500,-1.940846,71
52.296631,-1.942854,66
52.303150,-1.954807,74
52.303403,-1.936576,75
52.311331,-1.907238,63
52.312701,-1.895219,64
52.313754,-1.911951,63
52.317670,-1.895092,59
52.318486,-1.908736,63
52.315691,-1.905306,64
52.281806,-1.946709,59
52.279613,-1.942491,62
52.281321,-1.964100,39
52.281843,-1.953464,53
52.285308,-1.919732,63
52.286914,-1.927673,61
52.289236,-1.914115,65
52.282810,-1.911167,56
52.290531,-1.925335,62
52.294249,-1.919610,66
52.282121,-1.933207,60
52.279063,-1.925011,57
52.290985,-1.943178,67
52.293888,-1.954206,65
52.286545,-1.941112,63
52.287311,-1.950647,61
52.306877,-1.923002,70
52.300567,-1.921766,67
52.295426,-1.930260,64
52.288746,-1.896456,61
52.295659,-1.904143,62
52.294113,-1.889205,61
52.297370,-1.888778,60
52.297805,-1.966698,60
52.300934,-1.974940,58
52.290915,-1.973694,48
52.289814,-1.959876,58
52.307202,-1.883172,55
52.304378,-1.906556,64
52.307462,-1.893597,64
52.301772,-1.882188,60
52.301296,-1.889211,64
52.302211,-1.895275,68
52.202836,-2.216374,74
52.204771,-2.228854,75
52.201698,-2.220638,77
52.198671,-2.219166,78
52.174929,-2.213289,61
52.179914,-2.202015,68
52.183465,-2.212826,73
52.184404,-2.251478,61
52.184764,-2.239250,73
52.182134,-2.228888,71
52.173519,-2.231654,62
52.173539,-2.241691,54
52.191858,-2.210464,76
52.186415,-2.207854,75
52.209166,-2.227713,70
52.221266,-2.213384,58
52.220918,-2.234662,52
52.216110,-2.223928,66
52.213831,-2.232656,63
52.201460,-2.192791,67
52.198387,-2.197277,67
52.205194,-2.188968,69
52.207898,-2.184847,68
52.194656,-2.203523,70
52.192271,-2.198360,68
52.192130,-2.189367,67
52.183114,-2.188764,65
52.188020,-2.190452,68
52.205794,-2.203635,73
52.203684,-2.198664,70
52.201777,-2.211772,76
52.199221,-2.206136,70
52.198269,-2.246021,61
52.195766,-2.237202,68
52.207961,-2.241885,54
52.202803,-2.241302,60
52.193385,-2.256022,59
52.193099,-2.247753,61
52.190339,-2.241166,71
52.189644,-2.254281,61
52.189818,-2.234067,77
52.166529,-2.215606,54
52.168197,-2.206480,53
52.173997,-2.194790,55
52.172200,-2.208213,58
52.207279,-2.220810,73
52.209952,-2.206094,68
52.211225,-2.213909,68
52.216770,-2.192695,69
52.212795,-2.190481,68
52.211860,-2.185995,67
52.208432,-2.193420,71
52.205803,-2.177978,61
52.207601,-2.166218,52
52.214121,-2.177965,59
52.197959,-2.185799,65
52.198874,-2.175098,58
52.192277,-2.173199,57
52.097185,-1.913227,42
52.083442,-1.885592,41
52.095039,-1.932254,63
52.088051,-1.918900,61
52.230662,-2.098952,21
52.209837,-2.130482,27
52.018027,-2.122084,34
52.044174,-2.104336,34
52.110929,-1.911223,38
52.093184,-1.868502,38
52.036578,-1.861866,41
52.059977,-1.907705,25
52.039587,-1.851012,51
52.135703,-2.138366,30
52.137809,-2.105303,39
52.267081,-2.160371,71
52.265491,-2.156512,73
52.270565,-2.146273,67
52.265760,-2.138558,60
52.258516,-2.142506,57
52.253796,-2.143287,54
52.251062,-2.158687,54
52.259986,-2.164446,64
52.256809,-2.162084,60
52.261240,-2.152040,69
52.277952,-2.165597,54
52.276080,-2.160044,61
52.267871,-2.168920,59
52.261665,-2.172023,60
52.078017,-2.126358,22
52.081637,-2.107086,26
52.052506,-1.959339,25
52.073273,-2.034114,20
52.105345,-1.944841,66
52.091736,-1.952804,74
52.099432,-1.942254,74
52.076772,-1.930445,60
52.087386,-1.937154,69
52.083414,-1.940472,65
52.102155,-1.986357,27
52.105582,-2.025364,28
52.086235,-1.962885,58
52.089477,-1.966848,51
52.324147,-2.242792,39
52.346941,-2.228840,42
52.138743,-1.917021,31
52.128402,-1.946089,29
52.114520,-1.820137,28
52.095263,-1.840749,38
52.223108,-1.963417,25
52.213556,-1.983381,25
52.169858,-1.974617,17
52.258190,-2.057904,13
52.074708,-1.949211,55
52.082165,-1.951169,65
52.076978,-1.943658,58
52.231664,-2.219680,49
52.232233,-2.177021,46
52.295863,-2.175037,35
52.164182,-2.192218,38
52.163393,-2.169886,46
52.279694,-2.230423,25
52.105401,-2.096564,57
52.110432,-2.077860,62
52.097778,-2.080537,54
52.117412,-2.082888,60
52.121521,-2.086030,57
52.145151,-2.018890,21
52.141280,-2.049315,36
52.033318,-2.064191,27
52.035893,-2.016835,29
52.133667,-1.882286,30
52.115560,-1.862130,28
52.194849,-2.040313,20
52.175895,-2.106874,21
52.375038,-2.248847,61
52.372046,-2.228111,52
52.366023,-2.246546,55
52.365310,-2.232714,49
52.370995,-2.235698,55
52.333014,-2.284421,54
52.328294,-2.284771,54
52.332397,-2.298970,51
52.325915,-2.292141,50
52.371605,-2.331830,53
52.363897,-2.335076,46
52.375048,-2.328507,53
52.420569,-2.333275,38
52.360192,-2.164558,29
52.389431,-2.195203,37
52.400838,-2.157931,41
52.394194,-2.248680,74
52.392500,-2.243799,75
52.401157,-2.228063,56
52.399476,-2.244226,66
52.398055,-2.230498,64
52.427374,-2.230271,40
52.417533,-2.212886,40
52.397712,-2.273302,58
52.399362,-2.256233,58
52.401081,-2.264373,59
52.393869,-2.258065,67
52.397912,-2.268455,62
52.393695,-2.230751,69
52.390928,-2.237562,76
52.393861,-2.223416,63
52.386766,-2.236980,77
52.384928,-2.272835,64
52.391479,-2.272135,60
52.388744,-2.280418,56
52.389608,-2.260934,71
52.357705,-2.294101,50
52.348903,-2.271377,67
52.349510,-2.300131,50
52.350731,-2.286429,58
52.354065,-2.276882,64
52.341744,-2.273093,66
52.333304,-2.272413,62
52.350459,-2.257711,55
52.342005,-2.289315,63
52.384006,-2.219930,60
52.386717,-2.228007,67
52.383085,-2.232694,69
52.377924,-2.231104,64
52.388719,-2.220049,62
52.363936,-2.269766,58
52.372139,-2.275174,62
52.342353,-2.371457,18
52.360494,-2.397620,24
52.385407,-2.254934,74
52.380752,-2.258610,71
52.382802,-2.266196,68
52.378194,-2.275196,58
52.377855,-2.265145,67
52.420687,-2.263419,42
52.373393,-2.294253,52
52.403392,-2.307777,41
52.376686,-2.309071,58
54.868316,-1.464189,56
54.887638,-1.476880,59
53.657824,-2.406385,28
53.647899,-2.394904,34
53.752931,-1.454708,66
53.756048,-1.458788,64
53.748414,-1.591462,77
53.743555,-1.586608,70
53.738878,-1.585338,66
53.745302,-1.591429,78
53.825620,-1.615817,67
53.828705,-1.620897,70
53.738319,-1.507806,62
53.757786,-1.540818,72
53.751923,-1.549512,75
53.801127,-1.605898,75
53.798897,-1.597098,81
53.849416,-1.626186,67
53.845440,-1.622816,67
53.876712,-1.650789,44
53.877685,-1.599012,49
53.375915,-2.960811,77
53.379865,-2.956644,84
53.378055,-2.952273,83
53.412918,-2.916651,83
53.410726,-2.923464,81
53.451006,-2.938551,69
53.453971,-2.948398,71
51.520719,-0.194385,94
51.519925,-0.201008,94
51.407539,-2.596373,71
51.405591,-2.588842,68
51.506551,-2.634985,62
51.505439,-2.620524,71
51.476201,-2.514627,75
51.479872,-2.518791,76
52.952350,-1.163860,81
52.950328,-1.158114,80
52.363565,0.476632,33
52.397542,0.457841,29
52.378266,0.423186,24
52.390667,-1.454375,69
52.393124,-1.461564,69
52.378865,-1.475497,66
52.388113,-1.481125,70
52.395900,-1.595833,64
52.387944,-1.579238,58
52.388711,-1.500870,73
52.392946,-1.498570,75
52.454371,-1.473349,65
52.448872,-1.476975,71
52.448694,-1.487111,73
54.699804,-1.232795,65
54.696107,-1.237432,62
54.585344,-1.352745,68
54.583041,-1.357647,66
54.580368,-1.350511,65
54.553210,-1.542521,67
54.555865,-1.554394,63
54.526932,-1.073438,58
54.532635,-1.077918,54
53.567079,-1.492219,66
54.523621,-1.252595,53
51.782698,-1.266832,67
51.786006,-1.264126,65
53.536097,-2.074887,72
53.529806,-2.074902,60
53.569806,-2.072128,55
53.566104,-2.084286,56
54.585790,-1.100743,63
54.605273,-1.100590,63
51.421895,0.011549,80
51.418134,0.010156,77
51.424438,0.007482,80
51.421163,0.003978,78
51.472411,0.104946,80
51.476946,0.108448,75
51.395355,-0.047301,81
51.391264,-0.053431,78
51.308413,0.037525,63
51.282618,0.023876,41
51.496443,-0.262643,88
51.491993,-0.266076,89
51.611614,-0.073635,86
51.605767,-0.071680,87
51.570181,-0.381517,77
51.564629,-0.386354,78
51.477629,-0.021903,91
51.561747,0.122674,84
51.564994,0.121907,82
51.502635,-0.112630,98
51.502162,-0.104076,97
51.499204,-0.107685,98
53.321062,-1.355131,63
53.313699,-1.356170,67
52.449775,-1.510872,69
52.457450,-1.503284,61
52.421751,-1.834042,74
52.413483,-1.832869,73
52.525733,-1.949303,63
52.536086,-1.968812,68
54.512824,-1.166358,52
54.533032,-1.175025,57
53.736897,-0.410951,69
53.742536,-0.415671,69
52.640956,-1.051406,63
52.598267,-1.116745,72
52.592952,-1.113673,71
52.594660,-1.106872,70
52.644908,-1.185351,69
52.643835,-1.193372,67
50.846670,-1.028794,64
50.846532,-1.014268,58
53.802522,-1.620801,73
53.795948,-1.600190,80
53.799629,-1.601986,79
51.661136,-0.698513,61
51.659023,-0.704950,61
52.234951,0.453125,38
52.241756,0.412993,67
52.991871,-1.349988,51
52.985489,-1.326757,56
50.903822,-1.004400,58
50.906810,-1.015985,57
50.900061,-1.009787,61
50.905364,-1.023232,57
51.352988,0.294622,40
51.309733,0.343835,27
53.004341,-1.149105,72
53.011780,-1.146908,70
51.346626,-0.210819,68
51.345923,-0.228445,64
51.113899,-0.770035,39
51.117147,-0.743277,50
51.146754,-2.685140,54
50.776464,-3.262658,29
51.136800,-3.014825,60
51.153446,-3.019273,51
51.290141,-3.003218,34
51.134166,-3.028677,57
51.171779,-3.304095,47
51.203106,-3.481452,67
51.501774,-0.074498,95
51.500525,-0.068142,93
51.490417,-0.099177,97
51.503138,-0.075382,95
50.718524,-2.448073,68
50.714959,-2.439696,73
50.710834,-2.436965,74
51.500233,-0.081220,96
55.032621,-1.521951,67
55.036287,-1.517094,68
55.012025,-1.590597,78
55.010414,-1.584742,79
51.031097,-3.161610,45
51.028060,-3.140268,52
51.416756,0.794253,55
51.391142,0.727735,48
51.374699,0.712384,45
50.372484,-4.131130,84
50.370847,-4.136566,84
50.717171,-1.983900,81
50.715249,-1.978153,77
50.714218,-1.975904,77
50.713197,-1.981454,79
51.005193,-0.936120,72
51.008242,-0.939531,71
51.346235,-2.868203,48
51.359849,-2.900078,58
51.367784,-2.899651,53
51.346177,-2.931830,62
51.349670,-2.925519,61
51.348542,-2.921594,62
51.355105,-2.902715,59
51.355972,-2.911847,68
51.491935,-2.759377,59
51.488833,-2.760346,61
51.486175,-2.756969,59
51.483531,-2.754055,60
51.349289,-2.932906,64
51.454060,-2.793862,34
51.484362,-2.768823,67
51.479706,-2.757114,61
53.570875,-0.257875,26
53.488165,-2.261945,81
51.338857,-1.977028,54
51.339238,-1.994384,57
51.450524,-2.000457,59
51.446597,-2.009923,63
51.356691,-1.971511,57
51.370022,-1.985266,61
51.250748,-2.199328,55
51.251712,-2.187968,58
51.220060,-1.839025,26
51.239786,-1.661084,55
51.510888,-1.984604,38
51.590139,-1.827459,62
51.597548,-1.816140,66
51.600821,-1.810179,67
51.597754,-1.826692,58
51.598012,-1.821656,62
51.598591,-1.832351,52
51.550621,-1.795410,69
51.547897,-1.791829,71
51.558916,-1.805608,75
51.603620,-1.835508,52
51.598648,-1.805662,67
51.602499,-1.810738,66
51.604560,-1.813267,64
51.603718,-1.823159,58
51.559451,-1.781984,84
51.554931,-1.778356,83
51.563374,-1.799363,78
51.491637,-0.101269,97
51.416484,-0.738263,72
51.402913,-0.776022,63
51.413612,-0.733876,69
51.510249,-0.602665,79
51.511001,-0.597798,82
51.492664,-0.549471,70
51.496826,-0.542214,73
51.523906,-0.715399,80
51.520243,-0.718177,80
51.327700,0.737705,66
51.331304,0.734081,69
50.913612,-1.403410,84
51.513939,-0.087779,95
51.515275,-0.106053,95
51.577758,0.185715,85
51.579673,0.190606,83
51.530041,-0.377820,77
51.531761,-0.372466,80
50.901633,-1.394958,80
50.898379,-1.402518,80
50.893485,-1.397720,75
50.913074,-1.398286,83
50.898917,-1.398621,80
50.931995,-1.398689,76
50.906114,-1.394381,80
51.408913,-0.936997,58
51.534162,-0.020550,89
51.531772,-0.024462,90
51.512616,-0.070785,98
51.511005,-0.037544,92
51.511127,-0.041717,92
51.497998,-0.021932,90
51.501869,-0.019257,91
51.499313,-0.022716,91
51.495717,-0.020113,91
51.492980,-0.026324,84
51.507132,-0.003638,88
51.509153,-0.003654,88
51.505271,-0.005625,88
51.504236,-0.011423,90
51.499750,-0.026655,89
51.502027,-0.024299,90
51.491218,-0.023602,86
51.530504,-0.027480,91
51.528510,-0.042670,92
51.530410,-0.044807,94
51.524932,-0.052150,96
51.469240,-0.186190,89
51.473433,-0.182924,90
51.471310,-0.183461,87
52.214262,0.140519,75
52.186674,0.116933,65
51.442665,0.362408,83
51.444571,0.359560,79
52.217512,0.141425,75
51.499374,-0.084153,96
51.277491,1.078675,83
51.278265,1.070864,81
51.170682,0.871682,60
51.158310,0.894636,57
51.191742,0.894123,49
51.140482,0.833755,54
51.138045,0.817626,48
51.130850,0.884735,63
51.126576,0.842218,55
51.129177,0.882202,62
51.117911,0.877159,54
51.114355,0.874627,55
51.157716,0.854917,66
51.158473,0.845572,61
51.162117,0.890076,60
51.129869,0.846410,62
51.132381,0.892211,65
51.277147,0.406595,50
51.270223,0.402946,54
51.270509,0.416228,48
51.266676,0.394761,48
51.320642,0.391286,34
51.323612,0.444704,59
50.798916,0.332561,51
50.795068,0.324843,59
50.793381,0.332624,50
51.501883,-0.072678,94
51.113413,-0.179143,75
51.115994,-0.172635,76
50.995139,-0.116328,62
50.988595,-0.113842,53
51.000675,-0.111555,71
51.282940,-1.123031,58
51.266749,-1.087810,80
51.287985,-1.089534,61
51.284096,-1.095254,65
51.265554,-1.100512,73
51.266627,-1.094291,75
51.265000,-1.077804,77
51.225901,-1.141449,45
51.227507,-1.135694,49
51.232510,-1.136949,55
51.294194,-0.857031,46
51.290328,-0.862131,51
51.294416,-0.845861,50
51.220488,-0.961989,25
51.225697,-0.931934,40
51.293664,-0.833592,53
51.248464,-0.742595,67
50.881074,-1.236866,61
50.888157,-1.251058,59
52.660602,-1.060919,61
52.661229,-1.068263,61
52.656047,-1.062899,67
52.631105,-1.136896,87
51.197320,-1.528077,46
51.178978,-1.537718,38
52.635429,-1.125463,87
52.632037,-1.128210,88
53.838675,-1.581929,67
50.833380,-1.200778,57
50.795214,-1.124485,73
50.795053,-1.120347,72
50.805554,-1.186241,57
50.797361,-1.181841,55
50.800175,-1.195265,58
50.802810,-1.159266,69
52.382687,-1.836481,58
52.377776,-1.836745,55
52.606628,-1.974042,70
52.399946,-1.241165,55
52.358050,-1.304494,56
52.363211,-1.307123,55
52.366240,-1.298349,59
52.806829,-1.631842,75
52.822513,-1.610909,65
52.798854,-1.632526,77
52.682497,-1.834844,76
52.675798,-1.837988,68
52.597861,-1.672534,61
52.606810,-1.673249,68
53.430092,-2.753674,64
53.424593,-2.753710,55
53.481913,-2.259690,85
53.485358,-2.249436,84
53.473665,-2.281569,81
53.477588,-2.292414,81
53.473010,-2.270573,80
53.549890,-2.096492,77
53.546802,-2.000392,63
53.730167,-1.864218,74
53.520547,-1.371530,59
53.519074,-1.388547,67
53.437247,-1.283083,55
53.433563,-1.288526,60
53.195134,-2.879914,81
53.192023,-2.876576,81
51.873482,-2.252843,72
51.822605,-2.273776,69
51.825713,-2.266581,69
51.866468,-2.245762,82
51.991226,-2.100973,44
51.987580,-2.135277,57
51.981812,-2.137926,53
52.060121,-1.316234,70
52.059461,-1.327692,73
52.079587,-1.358179,54
52.077124,-1.357936,59
53.818312,-1.567598,79
51.791237,-1.465902,63
51.792273,-1.467939,63
51.770244,-1.585398,58
51.771324,-1.591394,56
51.765330,-1.588659,61
51.788439,-1.477058,69
51.764567,-1.600067,61
51.813530,-0.810883,78
51.818468,-0.846332,62
51.816948,-0.839860,66
51.873510,-0.828652,32
51.817338,-0.815680,81
51.815270,-0.835143,69
52.469349,-0.715002,56
52.472328,-0.706828,57
52.478157,-0.700061,56
52.473826,-0.699958,55
52.466656,-0.705210,48
52.450341,-0.809233,51
52.450517,-0.830638,53
52.444249,-0.818794,58
52.391337,-0.775818,36
52.372988,-0.813595,26
52.403756,-0.838640,25
52.236798,-0.960056,56
52.241696,-0.904734,83
52.234653,-0.904393,82
52.229785,-0.898812,75
52.225772,-0.885068,75
52.191077,-0.887663,51
52.188352,-0.878810,48
52.182622,-0.880601,43
52.176106,-0.900500,41
53.368137,-0.007101,72
53.370818,0.002179,69
53.175206,-0.590750,55
53.180311,-0.608780,53
53.197421,-0.602878,59
53.187449,-0.607129,62
53.180213,-0.598000,56
53.158367,-0.613440,39
52.790595,-0.151530,74
52.804169,-0.137750,62
52.757979,-0.361547,62
52.757703,-0.375519,60
52.762613,-0.370380,66
51.447299,-0.413871,85
53.804507,-1.539750,85
53.805990,-1.534665,86
53.799881,-1.552934,85
53.799915,-1.543210,88
53.796569,-1.534854,87
53.789179,-1.561211,79
53.794134,-1.556610,81
53.791206,-1.544110,84
53.795655,-1.523763,83
51.734093,-0.461340,72
51.738338,-0.468437,72
51.925660,-0.161343,52
51.929245,-0.166470,55
51.941179,-0.194517,49
51.931138,-0.173825,52
51.724988,-0.307237,60
51.720714,-0.312490,52
51.446053,-0.411722,88
53.804078,-1.528521,88
53.795290,-1.530687,86
53.792690,-1.529257,83
53.804680,-1.524760,87
52.603625,0.391564,56
52.608780,0.393629,54
52.603997,0.370073,62
52.601450,0.381521,61
52.557919,0.854486,31
52.557456,0.869581,31
52.740839,0.965341,20
52.250704,0.705830,75
52.250732,0.752697,51
52.246649,0.753829,56
52.249118,0.711607,77
52.248393,0.700432,73
52.251659,0.725639,69
52.248674,0.715946,77
52.241736,0.750527,61
51.939168,1.247732,57
51.867158,0.414878,35
51.859678,0.414122,34
51.875133,0.352902,60
51.877582,0.346571,53
51.890881,0.375336,53
52.387718,-1.553909,71
52.331071,-2.041082,63
52.314606,-2.001610,34
52.330289,-2.046802,66
52.317436,-2.074878,62
51.610126,0.289423,69
51.611110,0.295765,77
53.957875,-1.068980,81
53.957655,-1.088729,84
53.954959,-1.085749,84
53.956777,-1.078666,83
54.047073,-2.798999,84
54.023952,-2.872579,33
54.042697,-2.800825,83
54.904624,-1.433350,71
54.868294,-1.406545,65
51.337043,-2.329934,39
51.318518,-2.377419,29
51.386079,-2.371366,81
51.484518,-0.301362,86
51.481968,-0.306370,82
51.469297,-0.362918,90
51.465618,-0.361774,89
51.589505,-0.119139,86
51.269237,0.515884,75
51.273692,0.483855,64
51.269280,0.485017,66
51.268529,0.510413,74
51.272932,0.531494,78
53.651343,-3.003749,74
53.468005,-2.989756,75
53.650899,-2.998129,75
51.480433,-0.150196,89
51.471172,-0.175458,89
51.476416,-0.147648,91
52.712619,-1.318649,51
52.717072,-1.349458,57
53.742736,-0.338623,81
53.796704,-0.343073,62
53.795893,-0.352194,59
53.750125,-0.334649,80
52.644505,0.141437,66
52.663224,0.159164,76
52.220826,-0.061898,52
52.219542,-0.071314,53
52.211571,-0.073395,48
52.194687,-0.064801,37
52.223029,-0.087820,41
52.216212,-0.138538,35
52.233780,0.104516,66
52.234235,0.119384,67
52.045757,1.156469,73
52.050673,1.170648,75
52.053031,1.153198,79
52.056620,1.151158,81
52.049873,1.161832,75
52.027511,1.205540,67
52.031719,1.195241,70
52.055885,1.161145,79
52.050417,1.152360,77
52.036445,1.197479,68
51.481153,-0.142748,88
51.469330,-0.178093,88
51.460770,-0.205276,87
51.720338,0.486978,73
51.727863,0.452611,74
51.732278,0.461083,78
51.729756,0.480502,83
51.743825,0.520383,59
51.753585,0.510803,63
51.712076,0.480393,70
51.625265,-0.044758,78
51.665899,-0.014891,69
51.669850,-0.014401,72
51.624361,-0.036030,79
51.024021,-2.251316,58
51.030919,-2.224492,28
54.114467,-3.263194,53
54.811884,-1.377957,61
54.850653,-1.352461,60
52.917810,-1.468851,86
52.912183,-1.465763,82
52.873880,-1.444753,66
52.872999,-1.456156,61
52.868339,-1.442971,62
52.907892,-1.442144,72
52.909526,-1.454831,76
52.564044,-0.262710,68
52.540839,-0.254928,67
52.539487,-0.270204,70
52.529826,-0.272673,61
52.551991,-0.258458,65
52.535835,-0.287029,63
52.541511,-0.266837,69
52.559812,-0.255716,70
54.374674,-1.762937,47
54.317996,-1.847205,46
54.308802,-1.809578,43
52.016745,-0.239077,51
52.000056,-0.243386,50
52.000652,-0.249908,48
51.909736,-0.639622,58
51.906865,-0.645453,58
54.779706,-1.564220,72
54.772472,-1.565335,74
54.817360,-1.385862,63
50.571424,-2.458210,50
54.796040,-1.411551,47
54.803526,-1.415499,51
51.485565,-0.125690,95
51.129607,1.323910,66
51.157997,1.240127,48
51.126195,1.314266,77
51.079828,1.179464,79
51.113997,1.144615,49
51.108815,1.181450,52
51.077088,1.178748,77
53.579642,-2.436008,82
53.556682,-2.504705,64
53.562846,-2.497819,52
53.584710,-2.422951,82
53.761284,-2.699941,85
53.758868,-2.693533,84
53.756476,-2.692560,85
53.424865,-2.860543,71
50.736989,-1.264336,42
50.714910,-3.479988,63
50.717340,-3.472659,62
50.684594,-3.467320,60
50.680645,-3.458504,55
50.751072,-1.266574,54
50.683120,-1.500949,40
50.723400,-1.840125,77
50.723538,-1.884204,77
52.322772,-2.008472,50
52.309258,-0.602389,61
52.304770,-0.597279,69
52.198852,-2.230599,78
52.195842,-2.224108,81
52.193579,-2.217412,81
52.188900,-2.217669,79
52.183579,-1.688895,59
52.179925,-1.673294,55
52.191185,-1.686722,60
52.291062,-1.534538,83
52.269878,-1.610060,60
52.266069,-1.609288,64
52.292820,-1.537815,83
52.982811,-2.225809,54
53.534739,-1.066916,63
53.540031,-1.067206,66
53.383356,-1.477772,85
53.385995,-1.471053,84
53.389109,-1.477139,83
53.381927,-1.467457,86
53.380314,-1.473530,87
53.381698,-1.459107,81
53.396046,-1.440100,79
53.394807,-1.473374,83
53.372460,-1.478454,87
53.371198,-1.483252,86
53.371282,-1.465027,84
53.375285,-1.469774,85
53.416930,-1.519707,63
53.385729,-1.479741,84
53.426571,-1.470058,70
53.349648,-1.383907,66
53.431870,-1.523113,51
53.693668,-2.277369,68
50.721457,-1.842142,74
50.721325,-1.883282,80
50.723733,-1.892575,71
50.726123,-1.900447,69
50.559582,-4.886728,29
50.617848,-4.691086,36
50.617405,-4.683775,45
50.374012,-4.223093,52
53.560369,-0.626183,62
53.557951,-0.632506,52
53.395422,-2.582457,79
53.389116,-2.595505,84
53.383823,-2.605912,78
53.398314,-2.588667,81
51.671441,-1.271170,76
51.672120,-1.280950,78
51.765704,-0.242168,71
51.774322,-0.237898,65
51.776233,-0.224336,73
51.788117,-0.250279,54
51.766494,-0.250063,65
52.191893,1.007031,62
52.189093,1.002572,68
52.185190,1.015161,56
51.446932,-0.003406,83
51.449337,-0.002742,85
51.470037,-0.022315,91
51.472186,-0.021336,90
51.459234,-0.013481,91
50.826908,-0.137856,85
50.830126,-0.141852,85
53.492505,-2.256678,83
51.485648,-2.473841,66
51.485888,-2.478427,66
51.472203,-2.461047,57
51.465596,-2.480276,64
51.457611,-0.010471,90
51.459259,-2.590339,88
51.452740,-2.605371,87
51.461161,-2.585564,88
51.463061,-2.587880,88
51.448099,-2.613307,74
51.451529,-2.574129,83
51.449840,-2.578520,86
51.456181,-2.566677,83
51.459009,-2.580039,86
51.443726,-2.590471,85
51.442040,-2.598567,86
51.438983,-2.602651,83
51.437957,-2.605682,83
51.464003,-2.584380,87
51.463413,-2.591859,88
51.456226,-2.570349,83
51.447083,-2.587550,85
53.068952,-2.530721,68
53.066015,-2.529890,70
53.058840,-2.505565,58
53.062008,-2.509322,64
53.045789,-2.477374,42
50.793181,-1.107599,78
50.800483,-1.103206,79
50.797853,-1.100923,81
50.792025,-1.103251,79
52.782288,-1.234951,68
53.233278,-1.423298,76
53.230404,-1.431503,76
53.135748,-1.182849,63
53.132552,-1.179530,60
53.128800,-1.187041,63
53.163650,-1.237916,60
53.044422,-0.833407,43
52.956244,-1.181928,81
52.954931,-1.176913,83
52.994084,-1.170018,74
52.991963,-1.165514,74
52.958465,-1.146803,85
52.948075,-1.147647,83
52.947426,-1.138048,82
52.952840,-1.140528,85
52.956267,-1.147414,87
52.936706,-1.189174,79
52.959701,-1.139539,82
52.957369,-1.268021,62
52.991643,-1.286469,57
53.564762,-0.117741,68
51.457630,-0.971063,89
51.452880,-0.961535,88
51.458377,-0.959872,84
51.452655,-0.973263,88
51.456148,-0.955166,85
51.453528,-0.983647,86
51.453759,-0.980174,87
52.400786,0.242617,59
52.411105,0.263961,64
52.343729,0.324789,49
52.343657,0.335210,53
52.406223,0.271259,66
52.167623,-0.448681,40
52.623531,1.286055,83
52.630838,1.218291,57
52.635048,1.224383,64
52.626511,1.284668,83
52.631633,1.303044,83
52.625945,1.300956,84
52.618696,1.311210,78
52.056211,1.253719,56
52.095890,1.371861,25
52.058979,1.246222,56
52.125851,1.420439,33
52.089271,1.443281,17
52.066885,1.257921,58
52.044064,1.381599,16
52.140509,1.407429,31
51.972746,1.361787,56
52.297495,0.517427,36
52.307246,0.486665,37
51.535183,-0.243116,90
51.542844,-0.264847,82
51.559600,-0.286184,89
51.876457,0.560181,70
51.878039,0.561499,72
51.789333,0.623094,64
51.789498,0.631757,64
51.796184,0.631586,72
51.583373,-0.291480,83
54.707955,-1.246033,58
54.696386,-1.222663,73
54.706088,-1.240211,59
54.556615,-1.231963,73
54.576016,-1.179830,68
54.579143,-1.151548,64
54.526794,-1.062600,61
54.556341,-0.897805,45
54.521194,-1.320425,61
54.529901,-1.323304,55
54.634631,-1.359198,27
54.526485,-1.314455,60
54.617454,-1.352947,39
54.546662,-1.593444,58
54.548514,-1.574911,54
51.533860,-0.244476,89
51.549573,-0.110628,94
51.551016,-0.115603,93
51.549979,-0.113177,94
51.524565,-0.101467,98
51.522535,-0.099150,97
51.554000,-0.111797,93
51.557677,-0.102991,90
51.557898,-0.104840,91
53.727095,-0.558412,52
53.733365,-0.560520,49
52.002742,-0.715124,62
52.008220,-0.730536,69
52.042577,-0.754827,76
52.037026,-0.768990,76
52.035862,-0.709620,64
52.051844,-0.705945,60
52.033413,-0.718169,64
52.045829,-0.690908,63
52.048645,-0.701067,64
52.004870,-0.806294,59
52.009914,-0.793483,64
52.000078,-0.805794,57
51.993167,-0.795111,57
51.999732,-0.787927,59
52.018701,-0.818730,57
52.018842,-0.803029,57
52.367826,-2.716224,64
52.370578,-2.727657,60
52.862745,-3.029558,55
52.602439,-3.047042,10
52.871797,-1.642977,51
52.869671,-1.632961,54
52.868544,-1.640925,52
52.774431,-1.538446,63
52.772590,-1.545238,67
52.757733,-1.569474,56
52.375670,1.127029,60
52.660454,1.200733,45
52.371430,1.118256,64
54.971908,-1.612603,85
54.967254,-1.617550,82
54.970635,-1.682209,71
54.971186,-1.597326,78
55.027592,-1.634783,58
55.029659,-1.607193,66
54.972694,-1.603895,81
54.981211,-1.635950,79
52.475665,-1.908424,88
52.489723,-1.912355,88
52.485273,-1.885105,86
52.451377,-1.943915,76
52.476436,-1.920806,88
52.482982,-1.911724,88
52.472701,-1.899587,89
51.415146,-0.300867,89
51.475350,-0.276473,76
51.472865,-0.280575,80
51.533836,-0.014889,90
51.504561,0.022743,85
51.504192,0.058537,79
51.501399,0.070158,76
51.512114,0.018116,88
51.530634,-0.002857,89
51.533567,0.074196,85
51.560370,0.079345,91
51.576509,0.119988,79
51.560929,0.088228,89
51.575981,0.116737,77
51.519025,-0.174325,96
51.516946,-0.172947,96
51.486663,-0.148297,91
51.525071,-0.173302,95
51.488419,-0.147788,91
51.523943,-0.168094,96
51.524082,-0.170299,97
51.522067,-0.166555,98
51.521699,-0.170537,98
51.523642,-0.172168,96
51.856327,-0.114432,43
51.482568,0.298369,62
51.481499,0.290270,63
51.490432,0.311552,57
51.485188,0.291214,69
51.490190,0.307731,56
52.475329,-1.896141,89
52.473780,-1.903045,89
52.484447,-1.893247,88
52.477975,-1.918168,87
52.480795,-1.899496,90
52.483408,-1.905795,88
52.485982,-1.907640,89
52.470668,-1.905498,87
52.477869,-1.905856,88
52.471046,-1.909607,87
52.479932,-1.914266,87
52.434807,-1.992743,70
52.521894,-1.852951,78
52.495269,-1.911822,86
52.469819,-1.898872,86
52.470118,-1.840192,79
52.454280,-1.863213,82
52.518398,-1.850723,80
52.451472,-1.880519,82
52.482123,-1.846182,80
52.461872,-1.864787,84
53.488212,-2.229188,87
53.479239,-2.237109,88
53.476517,-2.232154,87
53.490969,-2.242209,85
53.472287,-2.245421,88
53.482691,-2.245112,87
53.471970,-2.263864,82
53.478047,-2.224647,86
53.474884,-2.241524,89
53.487528,-2.237170,87
53.494297,-2.233386,84
53.484305,-2.235446,88
53.488269,-2.193240,77
53.483918,-2.198086,81
53.429889,-2.250849,78
53.429160,-2.245497,81
53.470346,-2.259723,84
53.473734,-2.261891,82
53.493947,-2.248169,84
53.500575,-2.249621,82
53.500187,-2.227906,79
53.476829,-2.246297,88
53.500314,-2.210193,78
53.498940,-2.216742,80
53.451413,-2.255202,81
53.477240,-2.257194,84
53.474944,-2.254514,85
53.479487,-2.220063,83
53.526136,-2.182403,73
53.451904,-2.259756,79
53.525840,-2.189502,73
53.481480,-2.211129,82
53.835448,-1.779402,80
53.794723,-1.752064,84
53.798419,-1.760892,84
53.796090,-1.744344,82
53.803079,-1.754499,81
53.837144,-1.787485,82
53.767409,-1.812685,66
53.773280,-1.820408,64
53.785070,-1.789446,77
51.548296,-0.075376,96
51.545039,-0.073874,96
51.565272,-0.051128,82
51.553654,-0.054862,93
51.541250,-0.058383,95
51.561851,-0.048434,85
51.528032,-0.078346,98
51.523848,-0.081029,98
51.530285,-0.086915,96
51.564296,-0.048426,82
51.528330,-0.087319,97
51.536855,-0.060012,95
51.554360,-0.060655,92
55.066188,-1.791090,44
55.409868,-1.703799,65
55.171343,-1.538641,59
55.405807,-1.710243,60
55.163340,-1.697056,68
51.880949,0.931846,66
51.920891,0.923713,65
51.919881,0.917506,65
51.884925,0.933580,69
51.481903,-0.022689,90
51.483120,-0.021750,87
51.446758,0.078426,76
51.493306,0.013492,82
51.493472,0.075974,85
51.490196,0.064193,92
51.494582,0.070872,87
51.492526,0.063257,91
51.487394,0.019681,85
51.503131,0.088107,69
51.499652,0.085839,72
51.497577,0.093908,73
51.496780,0.081067,78
51.505946,0.099616,76
51.494081,0.080862,81
51.499934,0.104251,78
51.475358,-0.013644,90
53.428243,-2.963986,81
53.381667,-2.975128,73
53.393875,-2.986894,76
53.414202,-2.993291,76
53.402532,-2.986824,87
53.399579,-2.965398,86
53.411021,-2.971475,87
53.407808,-2.981070,89
53.401891,-2.979612,88
53.410340,-2.986270,85
53.406113,-2.949666,85
53.389989,-2.979592,81
53.381269,-2.968924,80
53.397559,-2.965135,86
53.257187,-1.102817,27
53.198095,-1.007580,53
53.193307,-1.022496,52
53.176046,-1.133971,47
53.171301,-1.116004,47
53.162870,-1.122588,56
53.159417,-1.168584,60
53.155878,-1.168303,65
53.050638,-0.769940,48
53.045247,-1.186450,61
53.041026,-1.186027,68
53.036285,-0.780553,49
53.034936,-1.187747,74
53.028384,-1.185887,65
53.021051,-1.192991,68
51.593797,0.221414,73
51.592204,0.230006,76
51.570792,0.178901,84
51.571156,0.173472,83
51.566629,0.182087,82
51.472914,0.189171,72
51.469738,0.187888,74
51.451453,0.177093,84
51.447151,0.169689,74
53.448616,-2.646649,67
53.452238,-2.660263,66
53.436586,-2.682000,51
53.431288,-2.698924,63
53.647892,-3.011597,75
53.646765,-3.003246,78
53.517574,-2.921306,62
53.519238,-2.923539,65
51.885417,-0.416388,83
51.884222,-0.412554,83
51.880721,-0.418520,84
51.880411,-0.422465,83
51.880048,-0.412665,85
51.876093,-0.415217,84
51.873220,-0.415702,81
52.086521,-0.242762,57
52.090594,-0.242176,57
52.080317,-0.229895,59
52.093247,-0.248224,59
52.097429,-0.242826,53
52.088860,-0.251200,67
52.050407,-0.622918,37
52.088282,-0.601900,39
52.066542,-0.615296,43
52.060999,-0.473754,38
52.069118,-0.487804,32
52.064712,-0.534734,40
52.047590,-0.554873,34
52.072927,-0.569764,37
52.061057,-0.555426,38
52.066986,-0.543861,42
52.006130,-0.422090,39
52.010512,-0.430295,38
51.923974,-0.619199,45
51.912054,-0.586607,31
51.905083,-0.661614,57
51.908458,-0.649191,63
51.913998,-0.653377,73
51.914292,-0.636868,63
51.903054,-0.649349,55
51.905186,-0.640694,54
51.892440,-0.533395,74
51.895817,-0.535594,70
51.888284,-0.514766,77
51.889086,-0.520514,78
51.450967,-0.969322,88
51.450435,-0.965312,88
51.608086,-1.819854,56
51.622122,-1.803736,53
51.611903,-1.833107,51
51.643119,-1.762040,30
51.611108,-1.803914,58
51.563586,-1.785386,83
51.560407,-1.791660,83
51.539031,-1.764292,62
51.541916,-1.790309,65
51.536005,-1.734541,56
51.508495,-1.754171,35
51.434362,-1.284543,33
51.380682,-1.297745,52
51.384193,-1.311064,62
51.397132,-1.297901,59
51.399235,-1.326539,77
51.401255,-1.322766,76
51.431822,-0.968714,78
51.428184,-0.989096,66
51.433839,-0.974911,70
51.599268,-1.786921,63
51.604495,-1.790185,60
51.488872,-0.122290,95
51.487926,-0.118345,95
51.481932,-0.116905,94
51.482543,-0.123196,94
51.480684,-0.128425,93
51.503057,-0.098234,98
51.499949,-0.099284,98
51.498717,-0.066583,95
51.496021,-0.076219,95
51.496068,-0.064859,95
51.494598,-0.074202,94
51.494492,-0.095460,97
51.493316,-0.098799,97
51.492764,-0.092446,97
51.491511,-0.095926,97
51.490142,-0.093669,96
51.487301,-0.080876,94
51.486029,-0.085265,91
51.484589,-0.075584,92
51.484005,-0.086397,93
51.477952,-0.063706,90
51.475417,-0.063215,92
51.504351,-0.081688,96
51.500916,-0.076077,96
52.537600,-2.070496,71
52.532952,-2.071106,72
52.525462,-2.011392,81
52.520823,-2.015957,78
52.495024,-1.948333,77
52.493778,-1.954814,82
52.488102,-1.951808,83
52.485051,-1.952675,82
52.615808,-1.979309,72
52.607945,-1.980277,71
52.580347,-1.982578,86
52.580093,-1.986617,82
53.817446,-1.806009,66
53.812142,-1.810399,66
53.790522,-1.777144,81
53.788879,-1.777086,81
51.451638,-2.590602,86
51.451051,-2.587357,86
51.458589,-2.597958,88
51.456595,-2.604111,88
51.449493,-2.603705,85
51.455362,-2.591391,88
51.451447,-2.594733,88
51.449937,-2.600144,87
51.447714,-2.594524,85
51.617270,-0.209302,71
51.613233,-0.209215,75
51.605696,-0.270844,84
51.604736,-0.266656,83
51.598268,-0.239069,80
51.596884,-0.248485,85
51.596198,-0.241501,83
51.595326,-0.243794,83
51.594496,-0.240619,81
51.592937,-0.245931,81
51.596481,-0.253274,84
51.594990,-0.252869,86
51.592434,-0.251903,86
51.592976,-0.256018,86
51.590154,-0.242027,80
51.643801,-0.025471,82
51.634000,-0.130920,84
51.630356,-0.125226,84
51.593986,-0.262437,85
51.591291,-0.262801,83
51.564509,-0.277678,89
51.563478,-0.270665,86
51.564750,-0.242909,81
51.564436,-0.246951,80
51.554957,-0.297061,89
51.553497,-0.293345,91
51.539211,-0.258372,87
51.535849,-0.271304,76
51.531198,-0.285489,76
51.560182,-0.281086,90
51.558539,-0.284892,91
51.556801,-0.281412,88
51.592774,-0.058040,89
51.588852,-0.061232,89
51.591149,-0.116884,88
51.588900,-0.115783,89
53.411596,-2.153515,82
53.406009,-2.157551,84
53.486133,-2.103052,81
53.480624,-2.103321,79
52.046929,-0.994000,12
52.022996,-0.921969,32
51.988982,-0.962714,56
51.987476,-0.980201,62
51.837886,-0.772001,45
51.829128,-0.790053,57
51.821089,-0.768571,55
51.846475,-0.812304,54
51.833732,-0.822110,61
51.849631,-0.864508,49
51.842346,-0.840456,52
51.839862,-0.850859,53
51.836165,-0.857124,55
51.830654,-0.855839,57
51.813874,-0.738732,47
51.805527,-0.757832,50
51.825191,-0.848042,64
51.775981,-0.726349,44
51.769672,-0.727857,51
51.703196,-0.864244,28
51.671105,-0.823211,33
51.620577,-0.721748,70
51.617872,-0.713344,68
51.615748,-0.731957,66
51.615546,-0.718358,68
53.526064,-2.374463,70
53.523798,-2.391921,78
53.513872,-2.308851,58
53.510342,-2.299293,58
53.502845,-2.274274,79
53.494801,-2.275587,79
53.486234,-2.308135,77
53.480880,-2.314136,77
53.483666,-2.286745,84
53.497840,-2.258870,78
53.495044,-2.262680,79
53.489203,-2.251649,83
53.486211,-2.252348,85
53.486323,-2.257333,85
53.483800,-2.253142,85
53.484063,-2.271426,80
53.480423,-2.265826,83
53.476756,-2.266953,80
53.473520,-2.265572,80
53.473865,-2.295709,79
53.471589,-2.296340,76
53.470894,-2.285572,78
53.470373,-2.289144,79
53.468909,-2.281803,79
53.468064,-2.268221,83
53.463042,-2.267782,83
52.752940,-1.204791,65
52.750866,-1.197185,60
52.746589,-1.208192,53
52.746227,-1.216899,58
52.693197,-1.123925,62
52.681405,-1.130714,70
52.650761,-1.125973,81
52.649649,-1.127366,81
52.651815,-1.140763,74
52.644508,-1.135548,80
52.637210,-1.141502,85
52.631576,-1.146994,85
52.628977,-1.144390,85
52.623552,-1.145436,79
52.619702,-1.150227,81
52.653505,-1.054184,64
52.650890,-1.054451,66
52.628516,-1.123205,87
52.627870,-1.135935,85
52.627220,-1.127638,84
52.636475,-1.133669,87
52.636296,-1.128515,87
52.653412,-1.081052,68
52.647160,-1.084546,71
51.523269,-0.259046,82
51.519728,-0.261314,83
51.514038,-0.318508,89
51.512316,-0.315226,89
51.513592,-0.304473,92
51.513025,-0.307966,92
51.486036,-0.310508,86
51.483492,-0.312201,84
51.475303,-0.333297,85
51.473022,-0.333335,84
51.471849,-0.356600,90
51.470101,-0.352102,89
51.468119,-0.371966,86
51.466384,-0.377891,84
51.466101,-0.368409,88
51.463771,-0.369329,85
51.491694,-0.290566,83
51.488265,-0.295042,83
51.487677,-0.291567,85
51.490643,-0.300888,85
51.488090,-0.298425,86
52.808151,-2.120016,80
52.803025,-2.113198,80
52.822033,-2.083671,50
52.814446,-2.054894,35
52.768653,-2.043174,45
53.046260,-2.200728,79
53.041667,-2.199068,74
53.021621,-2.165301,74
53.022166,-2.170189,79
53.013626,-2.156949,73
53.014322,-2.165848,75
52.975155,-2.163968,65
52.963452,-2.168213,52
50.803072,-1.168857,64
50.797898,-1.171813,62
50.810595,-1.135759,64
50.807214,-1.132571,62
50.800559,-1.131204,71
50.800050,-1.126192,68
50.851343,-0.993818,74
50.851674,-0.981723,77
54.602250,-3.129931,57
54.110374,-3.213062,73
54.876060,-2.886520,54
54.872339,-2.975615,49
54.868365,-2.930643,49
54.853501,-2.986591,39
54.848059,-2.892825,38
54.579267,-3.531788,36
54.517862,-3.383957,32
54.372743,-2.889367,59
54.315668,-2.741082,68
54.307910,-2.723360,53
54.191381,-2.832669,38
51.781157,0.476854,52
51.768526,0.485874,56
51.764696,0.498450,59
51.759054,0.498872,66
51.675338,0.494816,34
51.648299,0.466968,42
51.646078,0.568622,27
51.637459,0.554343,37
51.739959,0.473526,82
51.736186,0.477781,84
51.737830,0.466005,85
51.733969,0.469035,86
51.640876,0.796366,46
51.633318,0.866287,48
51.542578,0.708635,81
51.541789,0.714779,83
52.713969,-2.023792,61
52.712511,-2.010844,67
52.747905,-1.903047,45
52.739484,-1.890947,48
52.714332,-1.764099,42
52.711813,-1.790101,43
52.671963,-1.934679,64
52.670171,-1.943365,64
52.698159,-1.799611,54
52.681204,-1.772704,41
53.524864,-2.223095,76
53.521179,-2.214057,74
53.507961,-2.233183,79
53.506356,-2.226733,77
53.476281,-2.168019,81
53.472201,-2.164300,82
53.471959,-2.172728,81
53.472487,-2.156391,81
53.465648,-2.227910,86
53.465533,-2.218736,86
53.461783,-2.233809,87
53.460914,-2.240898,86
53.460960,-2.218044,84
53.454588,-2.169679,76
53.450919,-2.171263,73
53.451926,-2.240400,85
53.452230,-2.248214,84
53.454070,-2.236381,86
53.452622,-2.231839,86
53.451064,-2.235639,85
53.449849,-2.232857,85
53.444007,-2.206264,82
53.483583,-2.231958,88
53.481657,-2.228488,87
53.474176,-2.250964,87
53.471900,-2.252408,86
53.485610,-2.220437,84
53.485151,-2.224878,85
53.483036,-2.217975,84
53.480809,-2.221093,84
53.451820,-2.190461,84
53.448212,-2.189938,86
51.385695,-0.106343,88
51.385816,-0.108890,88
51.381002,-0.097255,90
51.379829,-0.093845,89
51.378211,-0.099982,92
51.375437,-0.110929,84
51.375741,-0.103542,90
51.373511,-0.119768,83
51.378988,-0.098646,92
51.377075,-0.096824,91
51.372387,-0.093362,89
51.372300,-0.099141,91
51.368958,-0.098891,90
51.366207,-0.099134,89
51.380504,-0.155811,79
51.377157,-0.157494,80
51.367287,-0.196786,87
51.362201,-0.193715,90
50.374884,-4.088165,64
50.364120,-4.097811,71
50.367933,-4.159948,82
50.366762,-4.151843,82
50.364954,-4.147490,79
50.363420,-4.161762,75
50.603947,-3.449216,44
50.600855,-3.475119,49
50.546619,-3.644536,42
50.536120,-3.651174,40
50.493887,-3.547464,55
50.488192,-3.545167,60
50.429009,-3.591629,61
50.417739,-3.597104,48
51.490366,0.048784,84
51.463299,0.025908,81
51.457692,0.028343,82
51.457685,0.034041,81
51.455351,0.031306,80
51.482870,-0.015958,88
51.482535,-0.012016,92
51.480902,-0.014743,90
51.479542,-0.017008,90
51.477134,-0.017096,90
51.488175,0.005636,85
51.485596,0.009096,88
51.484872,0.007207,89
51.492333,0.069799,90
51.491132,0.072694,89
51.496371,0.005566,72
51.491838,0.019667,81
51.490063,0.008006,87
51.488957,0.002854,85
51.485715,0.000554,88
51.498799,0.008951,79
51.496759,0.013266,79
51.496155,0.012517,81
51.494072,0.020463,81
51.491596,0.039690,82
51.545720,0.001525,92
51.542535,0.001412,94
51.530375,0.032804,89
51.528304,0.029462,90
51.531208,0.040291,89
51.530074,0.045493,87
51.520711,0.077271,83
51.512966,0.079508,77
51.506666,0.073979,80
51.514730,0.014841,90
51.514064,0.008435,92
51.509690,0.016366,89
51.509546,0.011176,89
51.507659,0.021299,87
51.549700,-0.013741,88
51.547814,-0.009831,89
51.547387,-0.008035,91
51.546947,-0.005853,91
51.544043,-0.012210,89
51.549779,-0.004385,90
51.544834,-0.002630,90
51.541684,-0.005023,93
51.537747,-0.005586,92
51.537249,-0.012211,91
51.535122,-0.006495,92
51.500599,0.047042,81
51.503749,0.034466,84
51.501300,0.036493,82
51.501675,0.027605,84
51.501119,0.031391,84
51.502180,0.021104,84
51.500301,0.027713,84
51.499439,0.032765,82
53.536674,-2.134031,80
53.536011,-2.128635,82
53.623358,-2.144687,75
53.620786,-2.138987,73
53.527404,-1.124311,79
53.524899,-1.126299,80
53.520965,-1.129928,82
53.517947,-1.127493,78
53.508295,-1.103432,61
53.507504,-1.093333,60
53.495695,-1.124392,53
53.493341,-1.145202,59
53.494320,-1.021994,50
53.486033,-1.031726,44
53.509093,-1.360955,64
53.507508,-1.349679,64
53.382886,-1.369065,57
53.374910,-1.361903,57
53.366175,-1.340939,62
53.403389,-1.216353,43
53.381791,-1.234949,49
53.398971,-1.307298,55
52.970195,-1.551434,37
52.928942,-1.542588,54
52.922714,-1.475160,86
52.920715,-1.482022,86
53.571937,-1.468508,67
53.569931,-1.476695,68
53.728453,-1.361388,71
53.724720,-1.359201,76
53.715134,-1.345336,72
53.710491,-1.347581,66
53.681781,-1.493953,83
53.680413,-1.499405,81
53.711684,-1.374389,59
53.704586,-1.364810,57
53.695387,-1.388576,46
53.653903,-1.361973,49
53.642059,-1.354907,49
50.726981,-1.866925,84
50.725213,-1.872002,81
50.723820,-1.877469,79
50.719876,-1.876228,81
50.726741,-1.844476,80
50.726302,-1.840905,80
50.722283,-1.869454,84
50.719671,-1.868023,82
50.737090,-1.783163,78
50.734449,-1.790040,72
50.720287,-1.972436,80
50.718994,-1.977448,79
50.714760,-2.002207,69
50.710709,-1.996091,72
51.386788,-0.419260,76
51.383960,-0.413304,74
51.349468,-0.275273,66
51.347288,-0.263887,75
51.331697,-0.270578,84
51.332350,-0.264622,82
51.434852,-0.508877,78
51.435306,-0.504443,79
51.329954,-0.535963,69
51.316546,-0.559075,84
51.313854,-0.558885,80
51.300699,-0.557311,66
51.297999,-0.551015,58
50.749436,0.240416,62
50.898620,0.248520,48
50.887327,0.271588,40
50.880473,0.258575,47
50.875301,0.241932,50
50.859510,0.202296,35
50.824181,0.254425,56
50.820621,0.263467,49
52.525337,-2.096461,71
52.524363,-2.088285,71
52.511569,-2.094526,79
52.509992,-2.088561,79
52.614235,-2.123111,70
52.610769,-2.128001,68
52.590756,-2.126049,83
52.585952,-2.121885,85
52.574238,-2.112600,76
52.572253,-2.118023,77
52.320940,-2.052071,68
52.319351,-2.059320,67
52.302059,-2.064728,42
52.298872,-2.082566,39
52.317220,-1.952318,54
52.313434,-1.962153,60
52.311440,-1.968741,55
52.184815,-2.219715,74
52.178734,-2.220710,67
52.303861,-2.120274,31
52.297066,-2.102470,44
52.252937,-2.152153,53
52.249960,-2.139947,44
52.091817,-1.944214,73
52.091511,-1.937266,72
52.387087,-2.246658,79
52.381685,-2.245093,73
52.372146,-2.257476,65
52.367986,-2.261979,66
53.754118,-2.379028,79
53.751797,-2.382975,76
53.686227,-2.638606,58
53.685546,-2.653205,60
53.667243,-2.613932,65
53.678177,-2.669162,55
53.677751,-2.661984,62
53.672408,-2.655271,59
53.665734,-2.646194,62
53.645594,-2.648228,65
53.645350,-2.638816,75
53.812076,-2.785167,30
53.793676,-2.755790,55
53.740403,-2.706475,68
53.713291,-2.710683,55
53.704224,-2.701878,62
53.691754,-2.684949,76
53.686301,-2.671934,59
53.685779,-2.660463,61
51.583212,0.411822,57
51.580042,0.410187,62
51.567624,0.458409,77
51.565724,0.461691,71
51.619777,0.305216,83
51.618279,0.294544,79
51.615519,0.305087,78
51.613737,0.295920,78
51.784558,0.153845,60
51.779529,0.147880,66
51.773537,0.149497,60
51.772919,0.134056,67
51.769694,0.093658,81
51.765003,0.088265,75
51.520366,0.289680,64
51.515487,0.285857,63
51.479222,0.270850,58
51.476044,0.280735,63
50.794697,-1.900255,62
50.786589,-1.915418,50
51.005348,-2.178572,52
51.003438,-2.184790,58
50.935163,-2.269063,39
50.927760,-2.306693,47
50.860588,-2.096054,18
50.953100,-2.529444,57
50.941185,-2.533948,55
50.715881,-2.459222,64
50.715766,-2.467512,65
51.420162,-0.071283,84
51.413182,-0.070468,82
51.404505,0.020685,83
51.400296,0.016715,87
51.491688,-0.038431,86
51.491165,-0.035998,84
51.489968,-0.039476,87
51.448388,-0.024927,85
51.445494,-0.029254,87
51.467576,-0.015429,90
51.465436,-0.012212,91
51.464628,-0.013388,92
51.463400,-0.015673,91
53.441806,-2.924236,79
53.441074,-2.916213,75
53.431500,-2.981787,82
53.428205,-2.978749,83
53.419500,-2.981658,83
53.400714,-2.941809,85
53.398566,-2.978345,87
53.395068,-2.976336,87
53.385459,-2.921671,83
53.404344,-2.969710,88
53.400934,-2.974471,87
53.399655,-2.986235,85
53.397933,-2.982700,86
53.410094,-2.994420,82
53.407437,-2.992844,83
53.405417,-2.995109,81
52.178153,-0.435812,47
52.153825,-0.392681,43
52.139472,-0.514805,49
52.131233,-0.506177,58
52.126558,-0.513651,53
52.123251,-0.508065,54
52.138006,-0.460305,80
52.136225,-0.463603,82
52.129700,-0.468229,77
52.127588,-0.475405,77
52.113859,-0.514996,63
52.108758,-0.492746,66
52.100687,-0.502350,59
52.095263,-0.550366,48
52.090844,-0.522048,44
52.116384,-0.430078,52
52.106159,-0.424130,49
52.101205,-0.405194,36
52.085156,-0.432397,37
52.114292,-0.463019,60
52.104030,-0.468806,59
52.092471,-0.466175,45
52.084302,-0.460341,44
52.370775,-0.247355,39
52.358348,-0.217922,35
52.332205,-0.188020,75
52.330282,-0.194551,70
52.324463,-0.172895,63
52.306877,-0.169155,48
52.244619,-0.187831,34
52.231226,-0.244505,62
52.217258,-0.224846,56
52.212767,-0.265940,58
52.212030,-0.274053,54
52.085870,-0.782883,48
52.082810,-0.825408,38
52.073908,-0.775071,59
52.064301,-0.826746,65
52.060092,-0.822541,68
52.033552,-0.660310,53
52.017399,-0.657842,56
51.982053,-0.741824,52
51.977456,-0.725656,60
51.973401,-0.740297,47
52.042300,-0.700367,64
52.039721,-0.715970,61
52.050753,-0.683692,59
52.048843,-0.688324,61
52.046140,-0.677259,61
52.042845,-0.687572,64
52.051552,-0.849621,64
52.045892,-0.839527,54
52.035530,-0.840671,51
52.008854,-0.807657,61
52.031551,-0.812639,59
52.025871,-0.810285,59
52.014683,-0.801238,56
51.565100,0.140368,78
51.562375,0.140443,80
51.551601,0.111319,82
51.549836,0.109381,81
51.537505,0.081164,92
51.536886,0.076047,91
51.527556,0.092934,78
51.522117,0.100521,69
51.520743,0.109365,69
51.519547,0.117206,67
51.531372,0.080845,85
51.564427,0.087482,85
51.564236,0.082829,87
51.558111,0.068435,89
51.556814,0.066368,88
51.554248,0.069521,86
51.588941,-0.036481,89
51.587834,-0.042027,89
51.572135,-0.010385,90
51.570104,-0.014278,88
54.850133,-1.853950,56
54.848304,-1.842153,62
54.840591,-1.848664,52
54.842557,-1.362794,65
54.758373,-1.572592,69
54.780364,-1.647679,58
54.769371,-1.666358,51
54.761915,-1.595222,66
54.760125,-1.609933,67
54.750050,-1.591903,55
54.743391,-1.606448,61
54.734929,-1.270268,53
54.705448,-1.584035,59
54.705195,-1.573620,54
54.707255,-1.622296,66
54.695773,-1.613512,66
54.686545,-1.538588,53
54.673344,-1.528621,48
54.663766,-1.548271,48
54.649263,-1.576337,46
54.639103,-1.707867,59
54.637754,-1.709071,59
54.633570,-2.174960,17
54.970820,-1.409050,78
54.967732,-1.413092,74
54.919692,-1.410036,76
54.900342,-1.497603,58
54.897521,-1.488712,57
54.893281,-1.444354,73
54.861704,-1.504090,58
54.855480,-1.497176,51
51.599552,-1.854920,43
51.583054,-1.834251,55
51.493887,-2.031767,15
51.457157,-2.077121,42
51.436682,-2.009969,67
51.431641,-2.005049,65
51.433443,-2.202105,56
51.426537,-2.201271,54
51.385065,-2.105705,42
51.373697,-2.115446,51
51.362360,-2.125447,52
51.346246,-2.240085,65
51.342426,-2.259952,67
51.324331,-2.213491,74
51.319607,-2.209851,77
51.326621,-2.192615,62
51.322734,-2.184842,59
51.318797,-2.179620,54
51.378869,-1.931992,35
51.361719,-1.961313,49
51.317376,-2.115283,24
51.304604,-2.165147,37
51.199016,-1.825977,39
51.192322,-1.802881,39
51.174049,-1.742374,57
51.164027,-1.768125,59
51.156907,-1.763480,51
51.107407,-1.788706,50
51.100177,-1.776091,47
51.099177,-1.791135,50
51.072778,-1.739100,53
51.269458,-2.186209,61
51.269443,-2.199472,56
51.252867,-1.627685,50
51.251787,-1.654794,49
51.243901,-1.629893,39
51.246013,-1.667913,51
51.229015,-1.677545,50
51.227199,-1.646729,46
52.050703,0.950591,49
52.049547,0.948099,53
52.419674,0.507528,32
52.391850,0.541854,26
52.386289,0.532727,27
52.374270,0.562479,34
52.372419,0.496670,36
52.306170,0.499331,39
52.301607,0.501201,37
52.255503,0.412879,65
52.250320,0.402533,68
52.311939,1.291153,29
52.298226,1.360224,24
52.276210,0.716255,47
52.268903,0.684923,53
52.129055,0.542031,19
52.082389,0.524260,21
51.414728,-0.306162,87
51.413733,-0.303302,88
51.432278,-0.194461,84
51.428719,-0.187205,85
51.418255,-0.178677,91
51.415184,-0.177254,88
53.723576,-1.860366,81
53.719356,-1.863995,81
53.698089,-1.645241,78
53.694464,-1.641709,78
53.667694,-1.835878,65
53.663527,-1.837035,65
53.605714,-1.793222,63
51.609179,-0.298701,80
51.604768,-0.296500,81
51.593255,-0.327750,84
51.590537,-0.334643,88
51.599866,-0.360867,78
51.597778,-0.350034,79
51.583183,-0.328940,88
51.580996,-0.331696,91
51.579288,-0.329575,89
51.578738,-0.334499,91
51.566782,-0.358619,84
51.566898,-0.353327,86
51.547372,-0.466416,69
51.546248,-0.474178,82
51.542073,-0.465223,78
51.540937,-0.477774,80
51.539242,-0.471584,78
51.535072,-0.478375,76
51.533081,-0.485188,77
51.514660,-0.482324,79
51.512360,-0.471285,82
51.518271,-0.422159,81
51.515762,-0.423815,79
51.508405,-0.422146,85
51.507263,-0.436676,83
51.506939,-0.463266,73
51.505326,-0.452901,70
51.503423,-0.420603,87
51.501025,-0.417274,81
50.788263,-2.986959,49
50.790268,-2.945244,27
50.760110,-3.457358,34
50.749483,-3.471724,48
50.741822,-3.451841,49
50.736543,-3.393651,32
50.753620,-3.392937,39
50.750758,-3.404133,44
50.749403,-3.411807,45
50.746819,-3.415605,45
50.744924,-3.533838,59
50.738773,-3.540326,60
50.722073,-3.528288,80
50.719410,-3.533934,79
50.705655,-3.491428,56
50.705333,-3.475672,56
50.693691,-3.469848,55
50.689525,-3.478226,52
50.934429,-3.450589,39
50.915173,-3.477424,54
51.072551,-4.103090,45
51.070951,-4.098581,48
51.040678,-4.234659,45
51.035647,-4.238297,40
50.766047,-4.101677,9
50.743077,-4.014971,40
53.271398,-1.262994,58
53.267920,-1.279891,58
53.203773,-1.227280,62
53.198789,-1.231704,54
53.168121,-1.400647,59
53.166560,-1.411052,64
52.886870,-1.532136,49
52.875179,-1.540482,41
52.883048,-1.411725,56
52.870890,-1.406221,47
52.764902,-1.582270,51
52.759669,-1.581062,52
52.765977,-1.536768,63
52.762283,-1.534306,57
53.344753,-2.106667,64
53.259886,-2.111562,74
53.256584,-2.117805,77
53.267008,-2.199829,34
53.224375,-2.244796,25
53.184158,-2.251761,40
53.142858,-2.252347,31
53.143105,-2.388249,54
53.138934,-2.381411,59
53.166278,-2.303526,26
53.168973,-2.372452,34
53.101761,-2.451213,78
53.099708,-2.457240,75
53.083781,-2.362570,39
53.068665,-2.412946,36
53.062136,-2.383892,24
53.135640,-2.462358,43
53.126733,-2.534228,25
53.091088,-2.564679,46
53.046765,-2.563624,27
53.035373,-2.525230,43
52.987841,-0.050691,61
52.983484,-0.035872,67
52.976684,-0.028055,76
52.969544,-0.027603,69
52.965719,-0.040086,55
52.961579,-0.013722,52
53.161947,0.312289,50
53.159016,0.332094,57
53.232919,-0.546600,78
53.231231,-0.542695,79
53.212957,-0.614913,55
53.213246,-0.607501,57
53.222608,-0.560325,71
53.218858,-0.549056,75
53.144961,-0.653107,30
53.143569,-0.673570,33
52.987864,-0.445590,28
52.985237,-0.430551,50
52.795242,-0.166506,57
52.790868,-0.177722,51
52.782881,-0.162812,67
52.777766,-0.162117,58
52.921028,-0.661892,50
52.916504,-0.658793,58
52.766241,-0.388343,60
52.762448,-0.394445,51
52.758479,-0.383399,57
53.284936,-0.663535,40
53.273927,-0.588464,18
51.331784,-1.077655,39
51.308073,-1.072819,43
51.308480,-1.098779,51
51.301564,-1.047362,45
51.298842,-1.051049,48
51.292823,-1.068501,61
51.282610,-1.075607,68
51.272834,-1.103310,74
51.268979,-1.097951,75
51.281008,-1.108850,62
51.279983,-1.114471,60
51.151568,-0.993604,65
51.141140,-0.989667,62
51.107154,-0.880800,43
51.113860,-0.876519,51
51.283678,-0.853755,60
51.282473,-0.865924,49
51.252938,-0.843419,49
51.251618,-0.820909,44
51.255974,-0.761724,73
51.254963,-0.767697,71
51.255795,-0.789444,74
51.248494,-0.761245,79
50.884633,-1.202789,40
50.891766,-1.212970,42
50.877637,-1.106906,26
50.876874,-1.049409,61
52.422926,-1.499145,77
52.421748,-1.492391,79
52.423237,-1.512091,76
52.419121,-1.509646,78
52.410368,-1.600021,58
52.404333,-1.599712,60
52.407801,-1.496599,85
52.406200,-1.493086,83
52.409635,-1.512568,87
52.406502,-1.509901,85
52.400344,-1.463151,65
52.396371,-1.470210,70
52.395175,-1.581604,68
52.393407,-1.573050,72
52.403631,-1.485719,79
52.398864,-1.484160,74
51.885874,-1.395821,26
54.114299,-0.202364,45
54.107596,-0.188072,53
53.930683,-0.760559,56
53.913869,-0.776420,53
53.810256,-0.546433,22
53.738412,-0.588119,53
53.721581,-0.564355,52
54.005201,-0.416212,54
54.001597,-0.425717,64
53.935033,-1.063480,60
53.925150,-1.061142,68
54.042527,-2.790856,79
53.790374,-2.460514,49
52.663145,1.346006,56
52.658161,1.334542,63
52.574874,1.702891,63
52.756506,0.396869,78
52.754922,0.404190,79
52.610115,0.378288,58
52.609313,0.370177,56
52.598514,0.366097,54
52.596512,0.384331,57
52.903428,1.369962,31
52.903859,1.330479,36
52.902605,1.209016,30
51.905590,-2.088891,80
51.902440,-2.088160,79
51.900867,-2.037968,61
51.897487,-2.051534,66
51.994080,-1.682215,42
51.983464,-1.692968,45
51.892613,-1.748747,51
51.885246,-1.748662,50
51.878254,-1.706565,16
51.873744,-1.699236,18
51.667778,-1.907877,29
51.669400,-1.933842,34
51.640669,-2.187515,43
51.625059,-2.241681,15
51.862507,-2.264877,74
51.861679,-2.247923,81
51.862207,-2.242854,83
51.848986,-2.274882,64
51.822479,-2.264694,67
51.819362,-2.265832,65
51.815871,-2.274840,67
51.814130,-2.263440,59
51.839778,-2.187347,58
51.805163,-2.307572,46
51.812397,-2.217819,48
51.804830,-2.274305,49
51.746520,-2.232196,70
51.745673,-2.221058,77
51.906630,-2.152072,46
51.843609,-2.126621,42
51.861693,-2.179035,57
51.845942,-2.180601,62
51.840379,-2.175138,57
51.835448,-2.155670,59
51.954118,-2.062060,58
51.954697,-2.054057,57
51.950179,-2.054342,62
51.948506,-2.060138,64
51.944328,-2.055672,64
50.825741,-0.528915,58
50.823132,-0.552150,58
50.822394,-0.540401,66
50.824574,-0.559926,55
50.827189,-0.469115,58
50.818695,-0.470307,64
50.807202,-0.701169,59
50.800286,-0.701277,63
50.799292,-0.643800,57
50.797283,-0.654370,63
50.832101,-0.426617,62
50.832087,-0.436530,57
50.823599,-0.407730,69
50.818395,-0.410175,69
50.814753,-0.364058,81
50.812014,-0.368800,81
53.431932,-2.866536,66
53.430302,-2.849147,62
53.428580,-2.800903,76
53.426049,-2.804651,75
53.403361,-3.047672,80
53.397790,-3.043744,83
53.397459,-3.020150,83
53.392436,-3.015558,81
53.358775,-2.989623,74
53.353900,-2.984821,65
53.403385,-1.438765,76
53.374408,-1.500326,83
53.380474,-1.480026,87
53.347295,-1.389292,68
53.341754,-1.390902,68
50.631949,-4.342210,49
50.622401,-4.355586,58
50.467035,-4.470418,59
50.460783,-4.450817,58
50.455109,-4.519046,34
50.443016,-4.526621,26
50.415738,-5.053520,61
50.411397,-5.035496,57
50.404336,-5.054908,50
50.346067,-4.747498,50
50.332329,-4.763302,57
50.355222,-4.451259,49
50.302421,-5.204761,39
50.318341,-5.181922,37
50.267550,-5.094320,56
50.259582,-5.086536,55
50.264877,-5.052030,72
50.262093,-5.054453,72
50.219360,-5.287274,67
50.215705,-5.285080,66
50.185572,-5.406653,61
50.182226,-5.416066,65
52.537493,-1.871079,77
52.535391,-1.865347,76
52.532015,-1.833098,79
52.527066,-1.831721,79
52.512913,-1.905929,80
52.510887,-1.901719,83
52.507924,-1.889672,84
52.505389,-1.891872,85
52.502949,-1.936783,85
52.500522,-1.940283,84
52.503135,-1.897690,85
52.502990,-1.890982,85
52.501128,-1.902175,87
52.500028,-1.892393,86
52.495781,-1.874074,84
52.493854,-1.874249,82
52.491985,-1.901499,87
52.489567,-1.898174,88
52.486050,-1.846143,82
52.485966,-1.849996,82
52.489510,-1.857605,81
52.487425,-1.862753,80
52.480408,-1.854988,82
52.464123,-1.920300,74
52.453871,-1.923822,71
52.456610,-1.898297,80
52.454623,-1.896869,82
52.445567,-1.933130,83
52.444537,-1.929267,82
52.404996,-1.999919,70
52.403951,-2.012975,70
52.392345,-1.987218,75
52.386381,-1.993096,68
52.471093,-1.882299,86
52.470625,-1.890228,86
52.475423,-1.918718,87
52.473820,-1.922855,86
52.485688,-1.917074,89
52.485063,-1.915250,88
52.454924,-1.847411,79
52.451617,-1.859228,81
52.451813,-1.848297,80
52.448786,-1.852262,80
53.956721,-2.035414,68
53.953577,-2.033998,77
54.269612,-1.523396,19
54.217880,-1.361235,54
54.210930,-1.328392,59
54.354498,-1.436594,60
54.342010,-1.441790,69
54.012388,-1.606568,35
54.009049,-1.584958,33
54.388638,-1.726375,53
54.385654,-1.695522,52
54.370220,-1.693325,48
54.141371,-0.801821,64
54.139340,-0.770181,53
54.136340,-0.795340,70
54.131170,-0.778376,60
54.487811,-0.620423,68
54.415250,-0.570447,34
54.296606,-0.412061,65
53.795146,-1.211372,55
53.796861,-1.240659,56
53.781037,-1.270575,43
53.776986,-1.239139,47
53.792850,-1.074392,66
53.787359,-1.068904,71
53.777352,-1.051461,61
53.774356,-1.060971,63
53.772044,-1.045423,55
53.777924,-1.078723,68
51.147362,0.869835,80
51.145364,0.875386,79
51.118752,0.888321,47
51.117267,0.918842,35
51.109517,0.872074,50
51.330831,0.531431,48
51.274530,0.520662,80
51.274294,0.526316,79
51.253629,0.686559,31
51.238291,0.665662,39
51.244343,0.551055,63
51.241539,0.555663,64
51.245473,0.543911,59
51.239571,0.549745,57
51.235901,0.563195,54
51.304907,0.160891,59
51.297373,0.175369,58
51.355686,0.461094,34
51.347873,0.479950,35
51.330490,0.472008,37
51.339037,0.414291,59
51.340707,0.434248,56
51.333672,0.439276,56
51.193992,0.280718,76
51.187923,0.279139,76
51.307884,0.407121,45
51.301929,0.411897,54
51.136401,0.262409,78
51.132679,0.259327,77
52.544816,-1.466444,50
52.537900,-1.476392,62
52.530388,-1.503042,61
52.529087,-1.509072,60
52.532257,-1.435081,53
52.527697,-1.428974,52
52.388646,-1.260473,68
52.384861,-1.248652,67
52.377746,-1.304281,45
52.367576,-1.318463,42
52.350216,-1.317826,51
52.330605,-1.301995,47
52.412474,-1.280945,33
52.401324,-1.266628,53
52.400138,-1.220636,47
52.372760,-1.198617,43
52.192614,-1.590414,49
52.185442,-1.608821,39
52.207899,-1.716701,62
52.206095,-1.724221,58
52.130013,-1.721132,22
52.123521,-1.771558,33
52.113951,-1.748906,34
52.268358,-1.559407,56
52.265813,-1.543704,62
52.262527,-1.551176,54
53.820043,-1.587223,78
53.817167,-1.585127,78
53.812035,-1.556534,82
53.806987,-1.548631,85
53.808387,-1.558880,82
53.805042,-1.561759,82
53.788483,-1.547889,81
53.787686,-1.553581,80
53.748582,-1.531387,74
53.745765,-1.522733,69
53.739187,-1.543199,69
53.740701,-1.525700,66
53.734692,-1.533177,55
53.731895,-1.517338,53
53.788608,-1.532702,82
52.087967,-2.712763,44
52.078005,-2.710504,51
52.873907,-2.496604,17
52.872485,-2.519188,22
52.741310,-2.719797,57
52.737238,-2.710062,58
52.710490,-2.750166,77
52.709246,-2.741228,73
52.706506,-2.756271,77
52.705630,-2.739487,73
52.708698,-2.801502,55
52.701468,-2.795943,54
52.718131,-2.676341,24
52.661158,-2.698348,33
52.701141,-2.356120,28
52.677512,-2.373141,50
52.550000,-2.938065,14
52.445643,-2.714923,9
52.706184,-2.477655,65
52.703669,-2.471161,61
52.697500,-2.468723,63
52.684884,-2.484355,52
52.685157,-2.476115,58
52.678815,-2.477588,60
52.675081,-2.485218,60
52.671962,-2.478899,62
52.668113,-2.486472,56
52.657868,-2.488072,50
52.650049,-2.480967,45
52.549436,-1.001512,48
52.538321,-1.019191,47
52.464607,-1.087275,23
52.451019,-1.056507,29
52.472204,-0.935816,61
52.468632,-0.935495,56
52.473336,-1.196449,57
52.463646,-1.198602,62
52.647387,-1.029601,48
52.640582,-1.041610,54
52.677927,-1.348001,31
52.663266,-1.320352,32
52.540280,-1.407197,59
52.532494,-1.397491,59
52.855471,-1.312408,49
52.843757,-1.335538,65
52.763044,-1.456447,51
52.751665,-1.458910,58
52.677793,-0.753808,58
52.677308,-0.739977,64
52.673773,-0.736561,70
52.672745,-0.715543,63
52.666556,-0.721754,63
51.246279,-2.470954,28
51.228579,-2.668574,37
51.188062,-2.681242,37
51.229327,-2.313286,68
51.223868,-2.308793,52
51.250801,-2.959198,30
51.232338,-2.974727,56
51.151553,-2.987077,53
51.133430,-2.969559,51
51.119875,-2.978223,59
51.111298,-3.016110,49
51.110812,-2.992388,60
51.106192,-3.001122,56
51.086993,-3.016513,35
50.957198,-2.611569,57
50.957114,-2.602818,49
50.952667,-2.666835,59
50.951423,-2.684465,53
50.941961,-2.630562,74
50.939163,-2.634067,71
51.052283,-3.063954,50
51.035311,-3.054158,54
50.981478,-3.212399,61
50.979814,-3.222689,67
50.978534,-3.256749,53
50.970347,-3.248104,55
52.647005,0.683079,64
52.646793,0.668329,48
52.509450,0.999292,51
52.503146,0.986236,51
52.627309,1.307912,80
52.603529,1.414408,75
52.628087,1.290765,84
52.623159,1.298457,84
52.613425,1.229824,58
52.604837,1.242357,55
52.582178,1.355644,46
52.575043,1.336549,48
52.585662,1.145787,50
52.584664,1.136491,51
52.581425,1.127949,60
52.578634,1.131202,60
52.575031,1.131519,64
52.670823,1.189166,44
52.663748,1.177476,43
52.663059,1.183498,45
52.653517,1.187828,51
52.327192,1.669838,50
51.872951,0.555924,69
51.871392,0.563548,66
51.891217,0.900296,83
51.888147,0.898353,83
51.881974,0.817381,63
51.865270,0.783036,47
51.886137,0.911132,79
51.883629,0.909163,79
51.882614,0.920612,72
51.882119,0.925591,68
51.870651,0.888047,63
51.864637,0.882544,58
51.923817,0.916634,63
51.923233,0.904511,64
51.919475,0.887526,59
51.916485,0.895784,65
51.914769,0.889441,65
51.909241,0.879024,59
51.912194,0.904972,67
51.909045,0.895537,70
51.905465,0.898728,74
51.902840,0.903720,73
51.902972,0.886423,68
51.882414,0.269873,42
51.869446,0.281482,46
51.868128,0.263311,49
51.866002,0.309942,41
51.847421,0.297117,39
54.526338,-1.513152,66
54.523673,-1.526159,72
54.527231,-1.570287,73
54.525240,-1.564870,77
54.527676,-1.551709,79
54.688601,-1.220623,77
54.580768,-1.242291,81
54.575850,-1.212981,80
54.569146,-1.220722,76
54.567860,-1.225160,78
54.520967,-1.267456,46
54.515671,-1.236387,50
54.543865,-1.204615,62
54.535700,-1.201586,61
54.571178,-1.306319,76
54.569463,-1.288413,66
54.562308,-1.316117,80
54.559082,-1.322722,78
54.548035,-1.330521,67
54.541957,-1.323866,61
54.523365,-1.325756,58
54.523256,-1.332965,54
51.406260,-2.510565,66
51.401777,-2.511159,57
51.383013,-2.377782,81
51.380760,-2.382753,81
51.345966,-2.406960,30
51.348646,-2.442411,39
51.490326,-2.745058,54
51.473232,-2.729802,47
51.341294,-2.914088,41
51.327716,-2.907713,43
51.342784,-2.943796,67
51.333752,-2.944030,61
51.500010,-2.466724,58
51.492982,-2.449035,51
51.482286,-2.424255,39
51.500372,-2.480239,66
51.495511,-2.471273,64
51.530194,-2.569508,71
51.531335,-2.589210,66
51.528881,-2.575626,71
51.527892,-2.580967,70
51.523596,-2.580235,65
51.515853,-2.555583,67
51.503254,-2.541265,63
51.500924,-2.552648,66
51.501012,-2.560647,71
51.495207,-2.549893,65
51.513949,-2.536642,64
51.505776,-2.519772,55
51.441200,-0.706583,33
51.426114,-0.720584,54
51.447257,-0.762349,45
51.434674,-0.758948,55
51.421421,-0.791774,56
51.418620,-0.782837,62
51.411294,-0.789385,58
51.414750,-0.748162,75
51.412539,-0.753874,74
51.408188,-0.742924,71
51.403137,-0.742916,67
51.406555,-0.782566,59
51.401705,-0.790239,59
51.508185,-0.591669,84
51.504949,-0.589659,82
51.500165,-0.566072,73
51.497032,-0.571942,65
51.515821,-0.596865,80
51.515798,-0.590764,81
51.513264,-0.591991,84
51.513047,-0.582809,78
51.797883,-1.590296,24
51.526620,-0.862056,41
51.439649,-0.937233,70
51.432692,-0.929979,68
51.406214,-0.947831,59
51.405943,-0.954079,58
51.409686,-0.803642,64
51.407623,-0.821332,69
51.405228,-0.971563,53
51.402202,-0.990051,48
51.403023,-0.959723,49
51.391131,-0.964101,49
51.402693,-0.909634,41
51.383331,-0.905438,40
51.368534,-0.887381,42
51.468404,0.221785,63
51.460939,0.225649,65
51.458165,0.227821,70
51.456147,0.224255,73
51.453179,0.229615,76
51.454151,0.219577,81
51.450209,0.225112,81
51.448945,0.275082,63
51.445614,0.289203,62
51.445184,0.278810,66
51.436551,0.295548,61
51.435583,0.313269,64
51.452314,0.291937,59
51.448549,0.291487,64
51.435985,0.329094,69
51.432849,0.335253,72
51.429391,0.562667,48
51.423628,0.564925,49
51.417711,0.514886,60
51.407265,0.518091,58
51.407507,0.538530,56
51.405322,0.544144,58
51.398684,0.541067,72
51.389938,0.533931,74
51.396375,0.555581,72
51.393777,0.553673,75
51.387925,0.508775,81
51.383052,0.521786,82
51.412638,0.805810,51
51.408570,0.793925,49
51.404428,0.874388,29
51.392448,0.849272,33
51.367926,0.746899,53
51.363483,0.739617,56
51.357767,0.705144,55
51.349913,0.720971,63
51.348982,0.711392,61
51.346458,0.716238,68
51.313734,1.037003,49
51.304859,1.067620,60
51.270232,1.070383,72
51.264440,1.077185,72
51.239310,1.378173,54
51.223981,1.386386,64
51.230486,1.197757,48
51.229686,1.205915,51
51.389946,1.383036,75
51.388047,1.385446,75
51.361229,1.361824,50
51.337372,1.340117,39
50.990673,-0.745213,57
50.955486,-0.740225,30
50.868200,-0.785354,40
50.872827,-0.770497,50
50.850850,-0.768601,59
50.847611,-0.774563,67
50.827624,-0.720968,47
50.804464,-0.753480,44
51.147886,-0.146709,55
51.138824,-0.154199,56
51.125367,-0.262035,42
51.105381,-0.268075,34
51.097761,-0.246170,50
51.074805,-0.250869,41
51.061158,-0.337357,74
51.061119,-0.331101,79
51.069560,-0.366176,56
51.065383,-0.361496,59
51.061665,-0.352820,57
51.060702,-0.364705,55
51.058468,-0.343071,68
51.008936,-0.475756,40
51.013769,-0.448959,51
51.124525,-0.007805,74
51.123705,-0.003510,70
51.075535,-0.185725,47
51.052613,-0.208027,40
51.004000,-0.101726,74
50.999518,-0.104937,76
51.000011,-0.160171,47
50.991318,-0.092000,64
50.985797,-0.094178,51
50.982939,-0.140247,51
50.958490,-0.114421,59
50.953131,-0.111058,58
51.250126,-0.154490,66
51.247856,-0.163407,75
51.241692,-0.152769,67
51.241705,-0.164191,82
51.186199,-0.183586,53
51.183671,-0.178414,59
51.174823,-0.166559,77
51.171638,-0.164159,79
51.312623,-0.081691,66
51.309868,-0.075778,64
53.297666,-2.915492,65
53.289854,-2.913960,56
53.286413,-2.900083,68
53.284561,-2.903394,65
53.267121,-2.528753,59
53.263408,-2.535697,54
53.262569,-2.524629,67
53.259658,-2.541486,56
53.199084,-2.886884,78
53.197321,-2.890183,79
53.197473,-2.895361,79
53.192223,-2.891193,82
53.192426,-2.900739,75
53.187760,-2.892643,81
53.174653,-2.858818,51
53.170460,-2.852033,43
53.162013,-2.865846,56
53.339360,-2.749174,64
53.336132,-2.739943,70
53.405166,-2.650495,59
53.403858,-2.663844,58
53.401891,-2.652960,59
53.398421,-2.640555,65
53.395976,-2.646008,65
53.397933,-2.623906,68
53.395792,-2.633215,67
53.385381,-2.547248,64
53.380886,-2.555342,72
52.506361,-0.621366,41
52.503833,-0.633507,48
52.498553,-0.638436,49
52.490427,-0.619779,41
52.478912,-0.667128,41
52.477187,-0.651947,41
52.339617,-1.189234,34
52.331813,-1.223836,20
52.295842,-0.896184,50
52.283916,-0.913196,57
52.281728,-1.176801,42
52.278984,-1.162482,47
52.277916,-1.150505,44
52.274414,-1.177847,53
52.393629,-0.537079,47
52.390707,-0.513650,43
52.281657,-0.587532,63
52.279832,-0.594860,60
52.424149,-0.802739,59
52.412647,-0.811922,57
52.399588,-0.724874,80
52.399822,-0.730919,80
52.361046,-0.658239,53
52.363316,-0.673953,57
52.237595,-0.892240,84
52.234442,-0.889906,80
52.198794,-0.885026,59
52.195031,-0.900863,43
52.243719,-0.954131,63
52.237261,-0.943673,67
52.233520,-0.943622,66
52.224909,-0.952597,51
52.076112,-0.859300,50
52.054938,-0.863039,59
52.048276,-1.153549,49
52.040245,-1.141194,54
52.302562,-0.657567,58
52.300091,-0.678736,73
52.303102,-0.691605,81
52.303230,-0.698418,79
50.968908,-1.362111,76
50.966977,-1.365661,71
50.961978,-1.365021,69
50.960307,-1.381201,60
50.951453,-1.357951,65
50.935553,-1.288026,42
50.932445,-1.303786,57
50.927844,-1.307035,64
50.922173,-1.273872,52
50.935929,-1.390387,75
50.933898,-1.383450,74
50.905588,-1.405395,83
50.904187,-1.411995,82
50.892769,-1.382152,74
50.891599,-1.379098,70
50.899232,-1.393268,77
50.899706,-1.389858,72
51.005890,-1.462381,51
51.005948,-1.477510,53
50.978304,-1.505682,43
51.241667,-1.454913,49
51.237207,-1.481806,47
51.227641,-1.470181,55
51.227010,-1.462359,54
51.225008,-1.452415,51
51.220323,-1.444681,43
51.216682,-1.434939,40
51.214386,-1.455657,59
51.208035,-1.443828,46
51.204284,-1.443097,47
53.772393,-0.290953,71
53.757547,-0.279937,72
53.749826,-0.343663,83
53.745826,-0.350678,82
53.739495,-0.380416,76
53.736137,-0.375978,77
53.804115,-0.342976,58
53.804976,-0.354040,51
53.800193,-0.351963,57
53.799125,-0.360359,52
53.570505,-0.071747,77
53.584893,-0.143056,39
53.572188,-0.175517,42
53.530590,-0.025893,56
53.539588,-0.099319,60
53.539733,-0.107391,55
53.532093,-0.043132,50
53.524072,-0.048458,49
53.567450,-0.626805,64
53.563256,-0.621112,61
53.562303,-0.612152,57
51.519870,-0.230645,89
51.513281,-0.224240,90
51.476207,-0.184036,89
51.473479,-0.187079,90
51.466339,-0.181643,88
51.464298,-0.184687,89
51.464400,-0.208295,87
51.461134,-0.190689,89
51.460809,-0.197662,86
51.457680,-0.195430,91
51.456231,-0.196944,92
51.455689,-0.193865,91
51.483018,-0.131916,87
51.481257,-0.131703,89
51.479007,-0.135788,87
51.473804,-0.137774,88
52.955482,-1.138026,84
52.956212,-1.167069,85
52.954281,-1.171545,84
52.950911,-1.169771,81
52.947412,-1.168767,81
52.945421,-1.176387,81
52.952765,-1.146259,85
52.947286,-1.191627,75
52.937064,-1.203224,72
52.912808,-1.117169,61
52.907799,-1.126729,57
52.222181,0.100196,66
52.219013,0.086276,58
52.216457,0.092076,63
52.210896,0.110988,76
52.208802,0.122873,82
52.204839,0.094882,65
52.202184,0.123590,82
52.191495,0.139201,76
52.189351,0.145039,76
52.181974,0.138656,69
52.177427,0.142758,69
52.192690,0.133564,80
52.189604,0.129722,71
52.178076,0.124918,65
52.176535,0.117928,65
52.176443,0.107105,64
52.171421,0.127146,64
52.171562,0.117606,65
52.168316,0.120248,64
52.164390,0.110525,60
52.457217,0.298086,54
52.454850,0.290406,50
52.408516,0.281610,56
52.404037,0.272459,68
52.387445,0.235896,60
52.460772,0.048780,55
52.458472,0.028148,55
52.610478,-0.226358,49
52.607275,-0.236992,55
52.571976,-0.217679,74
52.570503,-0.233073,72
52.580476,-0.241964,82
52.577044,-0.239355,83
52.565224,-0.241024,76
52.561962,-0.237166,71
52.549130,-0.223702,65
52.545845,-0.207791,55
52.543036,-0.218462,57
52.541487,-0.237063,60
52.533350,-0.265137,65
52.528434,-0.254809,58
52.526683,-0.276909,61
52.522252,-0.292628,53
52.290725,0.049860,51
52.285680,0.039710,46
52.282746,0.048124,50
52.273340,0.041557,45
52.216979,-0.060203,49
52.216016,-0.039762,46
52.239608,0.069733,44
51.751952,-0.475847,81
51.750316,-0.468563,79
51.746385,-0.475570,79
51.762795,-1.561788,46
51.749475,-0.324337,85
51.747711,-0.328042,82
51.924082,-0.167582,61
51.923038,-0.174564,65
51.901828,-0.206216,81
51.901163,-0.196996,80
51.669766,-0.406692,73
51.666239,-0.408071,78
51.662205,-0.397766,86
51.659320,-0.391772,85
51.658758,-0.401267,88
51.658390,-0.395453,88
51.656056,-0.399738,89
51.651829,-0.420973,78
51.650512,-0.416089,79
51.740394,-0.255740,46
51.916364,-0.160103,59
51.726937,-0.028233,60
51.722880,-0.020561,61
51.687500,-0.019931,77
51.683211,-0.018564,73
51.945485,-0.001299,47
51.943951,-0.014644,51
51.943927,-0.024192,52
51.886085,0.167331,62
51.871686,0.163119,80
51.891940,0.000033,44
51.888249,0.018175,46
51.866982,0.156979,79
51.866990,0.161884,80
51.800403,-0.070468,74
51.794920,-0.077550,78
51.654152,-0.273758,83
51.650290,-0.276381,80
51.715994,-0.436747,53
51.704758,-0.439390,58
51.700354,-0.406705,67
51.691566,-0.417834,65
51.801392,-0.196718,70
51.796637,-0.202763,74
51.785038,-0.201464,65
51.783765,-0.207057,61
51.725967,-0.223513,51
51.907364,-0.105603,22
54.952969,-1.609913,81
54.961893,-1.611428,75
54.959404,-1.605528,82
55.039109,-1.636872,59
55.034512,-1.656977,54
55.031552,-1.640028,55
55.028605,-1.651942,57
54.985314,-1.626923,78
54.973406,-1.655317,82
54.971809,-1.656971,83
54.971944,-1.622426,86
54.971987,-1.625974,85
54.976174,-1.582676,82
54.974158,-1.585781,80
54.917407,-1.829974,43
55.047595,-1.539142,55
55.046998,-1.516908,63
55.024935,-1.533752,64
55.020747,-1.527960,61
55.177274,-1.720612,31
55.151223,-1.657129,44
55.118374,-1.506004,70
55.115899,-1.499784,64
55.125278,-1.547395,65
55.122478,-1.568643,58
55.120295,-1.544255,63
54.956947,-1.863827,59
54.885462,-1.955591,11
51.572867,-0.090440,91
51.569973,-0.091068,91
51.549408,-0.070530,95
51.547283,-0.071354,95
51.537321,-0.077962,94
51.537583,-0.084738,94
51.536229,-0.087917,94
51.535881,-0.080073,95
51.533772,-0.091659,94
51.532507,-0.095419,94
51.531120,-0.090960,95
51.529984,-0.093065,95
51.541021,-0.074186,94
51.560836,-0.116172,93
51.558439,-0.118732,93
51.555051,-0.107717,89
51.552477,-0.107023,92
51.532383,-0.102744,97
51.530483,-0.096999,95
51.541552,-0.021142,88
51.539745,-0.024622,86
51.535626,-0.026453,89
51.533506,-0.056339,94
51.531616,-0.054668,96
51.531692,-0.021509,89
51.529944,-0.020731,90
51.529597,-0.069521,97
51.526448,-0.010469,91
51.524499,-0.013028,92
51.522357,-0.012781,92
51.523387,-0.067866,97
51.523443,-0.073312,98
51.523975,-0.041621,94
51.520504,-0.016266,91
51.519405,-0.019325,91
51.517685,-0.021619,91
51.524912,-0.028719,93
51.524328,-0.031976,94
51.516972,-0.030805,93
51.515873,-0.025477,91
51.517515,-0.014894,91
51.514756,-0.013064,92
51.519852,-0.037976,94
51.518629,-0.042374,94
51.517102,-0.040016,95
51.517071,-0.036730,93
51.517093,-0.018591,91
51.515606,-0.017928,92
51.516933,-0.064399,98
51.515648,-0.067983,99
51.513994,-0.070007,98
51.513745,-0.067493,99
51.512699,-0.034601,93
51.510848,-0.033144,91
51.514994,-0.023474,91
51.513739,-0.021669,92
51.512736,-0.026744,93
51.511422,-0.022996,93
51.509398,-0.064838,96
51.509832,-0.069829,96
51.498659,-0.018308,91
51.498104,-0.019708,90
51.512562,0.005755,88
51.512248,0.006449,88
51.510287,0.001785,86
51.498823,-0.015231,91
51.497594,-0.014757,92
51.495943,-0.010928,90
51.495511,-0.015465,92
51.544581,-0.130897,92
51.536522,-0.126024,95
51.533557,-0.130173,96
51.528843,-0.137663,97
51.524256,-0.133449,97
51.526290,-0.116816,96
51.493605,-0.176590,94
51.488113,-0.180334,93
51.524325,-0.186645,94
51.512731,-0.140238,96
51.517883,-0.194666,94
51.506081,-0.170251,90
51.493153,-0.127347,95
51.490496,-0.129272,96
51.490170,-0.151874,94
51.486808,-0.135756,94
52.074773,-1.410936,22
52.071077,-1.374403,53
52.079967,-1.332289,47
52.067524,-1.333980,68
52.042924,-1.312308,54
52.037252,-1.333282,57
52.034950,-1.319760,51
51.926436,-1.265319,34
51.917699,-1.277004,31
51.876642,-1.135241,46
51.873387,-1.118586,43
51.896677,-1.154185,77
51.892518,-1.160435,72
51.896261,-1.176996,61
51.890889,-1.171122,66
51.892310,-1.208679,40
51.773321,-1.258283,75
51.764528,-1.258520,76
51.760867,-1.265664,77
51.738324,-1.223196,79
51.737360,-1.215949,77
51.614407,-1.258171,65
51.612691,-1.266891,65
51.597010,-1.113845,59
51.576212,-1.066608,25
51.599464,-1.265482,66
51.588765,-1.258388,55
51.570551,-1.141184,41
51.550697,-1.169642,35
51.692765,-1.420474,41
51.668313,-1.425236,40
51.646538,-1.323647,46
51.645156,-1.308887,45
51.589516,-1.424450,70
51.585620,-1.434130,68
51.619794,-1.295109,50
51.613439,-1.277389,68
51.596492,-1.293807,56
51.883781,-1.331925,31
53.411382,-4.338230,46
53.402504,-4.367836,34
53.272569,-4.105396,36
53.268999,-4.389835,21
53.206130,-4.384047,18
53.226201,-4.200916,47
53.259722,-4.441352,24
53.321049,-4.246267,35
53.226187,-4.169503,61
53.250411,-4.307639,59
53.258263,-4.163162,31
53.267549,-4.313076,53
53.221521,-4.192487,48
53.309684,-4.633795,66
53.298873,-4.629743,58
53.411956,-4.435920,31
53.306015,-4.233854,36
53.371514,-4.338144,20
53.345690,-4.535390,13
53.292983,-4.499344,32
53.258550,-4.528121,27
53.228747,-4.268978,30
53.301982,-4.077452,19
53.193857,-4.259718,25
53.331427,-4.427040,14
53.302933,-4.621620,60
53.304828,-4.643255,61
53.389558,-4.480175,16
53.307418,-4.621805,56
53.315255,-4.653854,53
53.287951,-4.167732,21
53.315189,-4.627369,63
53.315065,-4.638513,60
53.164825,-4.348841,22
53.296015,-4.644632,32
53.258525,-4.288016,57
53.235850,-4.176364,56
53.295393,-4.540996,32
52.919780,-4.391709,26
53.198032,-4.020449,37
52.910265,-3.602473,40
53.168382,-4.206273,34
53.148449,-4.196229,32
53.117092,-4.278770,44
52.993678,-3.955482,45
52.787787,-3.857556,9
53.146728,-4.249521,65
52.715181,-3.724592,13
52.924354,-4.227023,47
53.225337,-4.127391,69
53.139506,-4.110722,30
53.212729,-4.148508,63
52.996880,-3.917878,50
52.979315,-4.201560,16
52.730931,-3.884092,50
52.738243,-3.883083,53
52.903130,-4.492253,16
53.180127,-4.051743,47
53.219267,-4.152516,66
53.083482,-4.305090,27
52.893975,-4.058671,33
53.218386,-4.132395,69
53.232141,-4.127093,67
53.231415,-4.117901,67
52.969986,-4.417617,19
52.850615,-4.495667,31
53.101364,-4.092139,40
52.954011,-3.583885,5
52.876096,-3.666443,9
52.823866,-4.530477,24
52.675225,-4.030206,18
53.026140,-4.280653,24
53.150101,-4.190969,44
53.097308,-4.261074,27
52.939406,-4.312276,19
53.222153,-4.119143,55
53.226976,-4.114227,59
53.226357,-4.139922,71
53.152577,-4.254442,67
52.926524,-4.568158,33
52.932893,-4.512146,38
53.178818,-4.056350,55
53.184431,-4.068889,55
53.138341,-4.255215,66
53.164089,-4.153126,27
52.968797,-4.044948,31
52.926306,-4.076240,44
53.204034,-4.158786,54
53.197833,-4.156512,35
53.053957,-4.297025,52
52.932895,-4.114131,58
52.919397,-4.157936,45
53.018038,-4.070828,28
52.892876,-4.420165,55
52.880718,-4.425613,52
53.132092,-4.263201,60
53.129781,-4.278229,67
53.068187,-4.233394,27
52.970672,-3.899396,31
52.900231,-3.901220,19
53.158864,-4.072750,34
52.576294,-4.038937,44
52.593925,-4.099114,49
53.080131,-4.159168,28
53.175096,-4.218637,41
53.082875,-3.918530,24
53.239032,-3.643616,16
53.239615,-3.966644,49
53.213374,-3.886032,21
53.276014,-3.885348,42
53.284619,-3.691541,64
53.290747,-3.679871,56
53.290947,-3.693065,64
53.286500,-3.852760,55
53.278999,-3.832099,62
53.271721,-3.836030,53
53.320042,-3.810105,72
53.318121,-3.798066,65
53.131907,-3.785395,47
53.302669,-3.823999,53
53.295382,-3.825572,58
53.194853,-3.782640,15
53.281265,-3.703342,58
53.289865,-3.704999,69
53.270840,-3.546854,57
53.281933,-3.591336,59
53.277088,-3.596235,55
53.291101,-3.725431,75
53.292819,-3.717130,76
53.280045,-3.720594,68
53.329545,-3.836151,72
53.331632,-3.856360,62
53.145315,-3.797545,46
53.307999,-3.529976,60
53.297564,-3.511621,46
53.302856,-3.522276,52
53.311714,-3.514183,61
53.283558,-3.627379,42
53.301287,-3.758487,58
53.305317,-3.742803,65
53.313019,-3.745325,62
53.311365,-3.749825,63
53.308189,-3.756142,63
53.124032,-3.677599,13
53.167994,-3.561408,8
53.283893,-3.670061,46
53.277686,-3.650328,43
53.288575,-3.816489,59
53.293119,-3.807409,61
53.286808,-3.759810,56
53.312612,-3.839816,69
53.320947,-3.830705,75
53.247258,-3.941605,47
53.255296,-3.908083,50
53.263314,-3.937954,48
53.303884,-3.784562,51
53.316415,-3.771905,59
53.317921,-3.770319,58
53.282059,-3.805049,65
53.288029,-3.790548,54
53.288060,-3.580035,66
53.289351,-3.594680,57
53.281780,-3.740346,55
53.287868,-3.739169,54
53.298691,-3.733301,73
53.296194,-3.741242,69
53.293687,-3.540678,53
53.148173,-3.862137,22
53.319951,-3.820780,74
53.311759,-3.829494,69
53.311283,-3.819582,68
53.039633,-3.774098,11
53.026020,-3.550511,11
53.272766,-3.493303,42
52.975187,-3.301473,14
52.986707,-3.414310,32
53.184871,-3.418258,68
53.181841,-3.397295,57
53.196264,-3.407909,65
53.193762,-3.392562,60
53.184466,-3.426412,64
53.185772,-3.444868,43
53.301440,-3.403816,46
53.309794,-3.422998,44
53.056681,-3.401555,12
53.085451,-3.196233,17
53.140049,-3.283536,26
52.921850,-3.414007,18
53.174450,-3.337767,23
53.041144,-3.302863,15
52.989120,-3.192912,35
52.976123,-3.164588,49
52.965210,-3.137611,44
53.119951,-3.457665,15
53.327268,-3.404152,66
53.332424,-3.409287,72
53.344695,-3.386608,65
53.332975,-3.392563,63
53.335543,-3.383355,67
53.318759,-3.408953,55
53.338338,-3.413771,65
53.336158,-3.422902,59
53.332954,-3.436408,53
53.325481,-3.420376,58
53.328553,-3.427790,60
53.300805,-3.455125,50
53.293781,-3.455932,57
53.288561,-3.473617,56
53.328437,-3.457413,60
53.324959,-3.474895,68
53.326356,-3.475111,72
53.310365,-3.463996,62
53.310898,-3.473783,68
53.321220,-3.473611,71
53.318627,-3.463331,62
53.314677,-3.469694,68
53.315476,-3.457391,58
53.323158,-3.463444,58
53.314678,-3.483607,74
53.310742,-3.494504,69
53.317948,-3.478277,73
53.318711,-3.496312,72
53.320065,-3.490474,76
53.313688,-3.502590,70
53.109403,-3.324286,58
53.119800,-3.310786,59
53.104613,-3.301778,55
53.257252,-3.438839,55
53.255465,-3.457914,55
53.232903,-3.454312,36
53.260898,-3.386013,14
53.171811,-3.104722,60
53.160250,-3.106795,59
53.192910,-3.048493,62
53.199569,-3.048212,60
53.258477,-3.166186,45
53.268916,-3.188996,46
53.173401,-2.977126,51
53.158871,-2.998206,49
53.163726,-2.983779,54
53.253926,-3.221318,31
53.158265,-3.067950,57
53.162654,-3.072855,60
53.166036,-3.093521,62
53.164406,-3.083758,63
53.160803,-3.088077,61
53.174191,-3.084896,63
53.180835,-3.089471,58
53.168964,-3.072507,65
53.170184,-3.058585,54
53.175472,-3.068131,57
53.108746,-3.039928,51
53.236202,-3.272842,18
53.255447,-3.318587,24
53.190298,-3.245626,19
53.217970,-3.063402,65
53.234656,-3.049729,68
53.233904,-3.073249,60
53.219021,-3.075620,59
53.214702,-3.087610,57
53.219981,-3.069635,63
53.208995,-3.061238,58
53.204127,-3.070995,48
53.213113,-3.067850,62
53.207114,-3.079528,52
53.233542,-3.036565,67
53.180616,-3.051828,55
53.180715,-3.043429,54
53.189449,-3.069599,55
53.340431,-3.323602,30
53.250774,-3.128901,72
53.247658,-3.156272,59
53.248865,-3.140732,68
53.237451,-3.150771,59
53.242988,-3.125232,66
53.236632,-3.102717,60
53.228006,-3.136075,51
53.241476,-3.134452,67
53.289286,-3.218938,50
53.284204,-3.219094,52
53.335215,-3.351455,36
53.174254,-3.191430,30
53.140053,-3.160370,33
53.213800,-3.183583,23
53.180700,-3.024373,60
53.142458,-3.003144,35
53.274350,-3.219224,66
53.278906,-3.203617,53
53.271848,-3.226541,54
53.123126,-3.042148,41
53.111370,-3.025996,49
53.141708,-3.096765,30
53.095385,-3.087923,30
53.187984,-3.008832,55
53.199433,-3.018590,57
53.159035,-3.136537,68
53.165038,-3.144884,76
53.172866,-3.135085,71
53.165259,-3.158306,66
53.159488,-3.152092,64
53.169229,-3.153321,69
53.172392,-3.151474,70
53.306736,-3.266171,37
53.177224,-3.108319,54
53.173830,-3.121168,56
53.201579,-3.126494,33
53.187434,-3.133457,42
53.202870,-3.098892,36
53.140744,-3.044863,41
53.160284,-3.036754,47
53.198924,-2.998956,53
53.183853,-2.949213,61
53.176142,-2.926433,66
53.172803,-2.937342,59
53.210531,-2.976074,48
53.221534,-3.022646,57
53.211201,-3.033881,70
53.203530,-3.038686,66
53.205562,-3.032815,66
53.212155,-3.043724,72
53.312646,-3.351200,25
53.110665,-3.124412,25
53.286527,-3.299511,31
53.060042,-2.980412,66
53.058388,-2.987368,70
53.062066,-2.971920,60
53.066204,-2.977433,56
53.000880,-2.881065,21
52.962820,-2.778374,16
53.074200,-3.063718,43
53.078904,-3.058919,42
53.044301,-3.016948,67
53.046733,-3.003224,77
53.074054,-3.041619,50
52.986739,-3.091381,53
52.976160,-3.070610,58
52.968467,-3.066667,54
52.956054,-3.050650,38
52.941962,-3.052876,50
52.942248,-3.068338,50
53.054699,-3.055048,53
53.057247,-3.067948,54
53.046465,-3.048522,51
53.035042,-2.994622,69
53.031217,-3.027584,61
53.031682,-3.021712,60
53.064278,-2.993608,65
53.090375,-2.972579,56
53.077513,-2.972629,56
53.053648,-2.995888,75
53.052454,-3.000856,77
53.057554,-3.039609,57
53.075857,-3.012195,61
53.067028,-3.006295,56
53.081265,-3.013380,57
53.086062,-3.031715,49
53.075845,-3.024544,61
53.070583,-3.026186,61
53.061850,-3.019607,56
53.037155,-2.988972,72
53.035697,-2.983539,68
53.079631,-2.884723,43
53.009927,-3.038689,58
53.003351,-3.041132,60
53.069001,-2.985706,58
53.064347,-2.987949,62
52.973068,-3.099074,43
53.100050,-3.002830,44
53.086212,-3.000190,48
53.091968,-2.989750,49
53.052466,-2.985428,73
53.005157,-2.959273,20
53.024008,-2.953063,40
53.052344,-3.104561,42
53.069190,-3.101121,29
53.053496,-3.024269,56
53.063782,-3.031575,54
53.039338,-3.002218,77
52.945248,-2.824298,14
52.964085,-2.917532,32
53.006103,-3.054241,59
53.007456,-3.076599,51
52.971220,-3.023764,46
53.011096,-3.112451,44
52.981551,-3.063579,57
53.018631,-3.031887,58
53.017300,-3.079029,58
53.032099,-3.075009,53
53.043121,-2.974068,69
53.041781,-2.966977,64
53.056452,-2.971809,65
53.059558,-2.963913,58
53.100989,-2.917671,42
53.114913,-2.968208,40
52.996278,-3.016477,51
52.994270,-3.043901,56
53.059114,-2.998878,69
53.037187,-2.970708,59
53.039085,-2.979708,70
53.048320,-2.977286,73
51.800173,-3.724507,35
52.389579,-3.276752,4
52.596837,-3.231353,12
52.458419,-3.618274,11
52.061349,-3.342177,20
52.149272,-3.395115,53
52.143292,-3.407929,51
52.554192,-3.498400,19
52.531329,-3.067938,9
52.199554,-3.400390,21
52.550402,-3.248308,15
52.001745,-3.348352,9
52.616719,-3.122302,17
52.590746,-3.768103,5
52.095545,-3.222021,12
52.674321,-3.206881,20
52.022686,-3.140590,17
52.070515,-3.131030,44
52.488893,-3.245820,14
52.336759,-3.057973,36
52.339522,-2.994261,33
52.195539,-3.532217,13
52.260228,-3.297581,20
52.651370,-3.562705,5
52.458821,-3.431258,15
52.242395,-3.383431,60
52.251618,-3.367177,52
52.233961,-3.362607,51
52.732952,-3.063008,16
52.766555,-3.080066,29
52.169325,-3.306986,12
52.649295,-3.367198,18
52.772071,-3.311366,24
52.310665,-3.180015,5
51.835383,-3.272013,18
52.442355,-3.539666,40
52.454219,-3.542993,42
52.772471,-3.178858,20
52.135281,-3.637631,13
52.245439,-3.420608,22
52.589798,-3.849156,41
51.928220,-3.625050,12
52.720891,-3.305265,6
52.565498,-3.155837,28
52.334719,-3.454097,4
52.507953,-3.338973,46
52.510525,-3.326315,58
52.511157,-3.293717,61
52.531198,-3.294957,52
52.523419,-3.333969,56
52.500409,-3.332204,54
52.215978,-3.151264,8
52.293531,-3.027923,26
52.268323,-2.984691,36
52.309377,-3.626315,38
52.585461,-3.382583,10
51.941020,-3.401113,57
51.945163,-3.388306,65
51.948598,-3.368183,52
51.971347,-3.198961,33
51.812257,-3.587472,18
52.678629,-3.072873,14
52.638499,-3.167797,53
52.661696,-3.130123,59
52.687203,-3.126099,42
52.665095,-3.172300,55
51.764910,-3.765312,56
52.012373,-3.492105,6
51.781548,-3.751411,51
51.815984,-3.744223,50
52.239246,-4.257790,50
52.120589,-4.547736,21
52.133832,-4.562728,27
52.099125,-4.650622,52
52.088507,-4.640040,61
52.074580,-4.665372,57
52.415070,-4.071231,69
52.413381,-4.080748,70
52.399967,-4.082401,57
52.400051,-4.069772,55
52.412776,-4.088447,68
52.407538,-4.082506,65
52.077279,-4.514218,11
52.082676,-4.291136,4
52.504679,-3.923800,13
52.213222,-4.210469,18
52.416945,-4.032583,42
52.112258,-4.073983,50
52.117197,-4.085319,45
52.050726,-4.400973,21
52.051522,-4.318548,30
52.376937,-4.063492,33
52.184238,-4.139031,8
52.178577,-3.913582,7
52.151179,-4.038022,8
52.304317,-4.086757,17
52.249622,-4.156696,5
52.267057,-4.186729,31
52.105053,-4.187665,12
52.292216,-3.854618,6
52.409041,-3.832733,10
52.136323,-4.446417,11
52.079423,-4.602073,27
52.117357,-4.626670,17
52.444892,-4.037261,30
52.435718,-3.957175,20
52.212802,-3.857401,34
52.090112,-4.399727,6
52.350876,-3.975966,12
51.749832,-4.660177,13
51.731584,-4.934886,14
51.834535,-5.019582,12
51.835925,-5.084322,14
51.697997,-4.821708,19
52.040745,-4.626567,18
51.988445,-4.571413,9
51.989277,-4.723694,15
51.950551,-4.625245,14
51.956955,-4.886602,13
51.731394,-4.784877,12
51.719690,-4.730714,30
51.995423,-4.967109,49
51.990896,-4.984111,50
52.006817,-4.997327,37
51.810207,-4.981770,58
51.802764,-4.985476,58
51.798985,-4.988688,61
51.809384,-4.962272,65
51.793911,-4.981259,62
51.647663,-4.989051,14
51.761948,-5.020130,38
51.743645,-4.739191,33
51.799054,-4.680062,12
51.680752,-4.872180,24
51.901470,-5.009635,21
51.760678,-4.942278,22
51.935283,-5.115466,12
51.910315,-4.765354,7
51.860400,-4.730894,20
51.665426,-4.794660,23
51.785816,-4.832453,6
51.783334,-4.973999,51
51.711804,-5.030159,59
51.715187,-5.007590,47
51.713667,-5.047523,52
51.710174,-5.047472,49
51.720299,-5.059537,45
51.712379,-5.058290,45
51.718743,-5.036191,58
51.799209,-4.743903,51
51.787254,-4.744999,31
52.004491,-4.840171,31
51.714212,-4.948767,39
51.720378,-4.977652,33
51.694458,-4.943009,59
51.692099,-4.924317,57
51.699078,-4.934615,54
51.692221,-4.951556,56
51.683916,-4.941270,51
51.686332,-4.957734,48
51.673927,-4.929659,43
51.681983,-4.915034,53
51.669826,-4.920515,54
51.664212,-4.898521,45
51.679068,-4.736770,31
51.821075,-4.941657,41
51.895941,-5.253365,31
52.048965,-4.757768,24
51.727625,-5.169921,11
51.978699,-5.018149,10
51.887474,-5.136305,12
51.683535,-4.703726,56
51.764724,-5.091298,17
51.857936,-4.886229,11
51.911802,-4.240900,18
51.785596,-3.994563,59
51.793330,-3.988834,65
51.780966,-3.965566,47
51.677545,-4.137819,66
51.682584,-4.153427,73
51.679868,-4.149425,71
51.674730,-4.148042,67
51.688554,-4.247789,48
51.681357,-4.249356,48
51.691417,-4.233354,43
51.671780,-4.097348,47
51.683423,-4.110068,51
51.871084,-4.313422,63
51.864448,-4.297491,61
51.862280,-4.307961,67
51.872537,-4.294179,49
51.858748,-4.298558,67
51.843866,-4.338622,53
51.855031,-4.329098,65
51.858790,-4.353371,50
51.861480,-4.320564,68
52.010229,-4.486129,28
52.027629,-3.861013,6
51.947354,-4.363464,9
51.886694,-4.358534,14
52.058062,-3.963123,4
51.692978,-4.125749,61
51.691712,-4.138905,64
51.685919,-4.167249,71
51.680660,-4.168550,72
51.702265,-4.146313,60
51.809248,-3.898912,37
51.786751,-3.926361,35
51.814005,-3.927635,37
51.668420,-4.159730,64
51.672986,-4.166341,66
51.740199,-4.187376,26
51.804400,-4.124583,38
51.815542,-4.091158,43
51.729717,-4.058898,39
51.712689,-4.056093,44
51.690872,-4.170221,60
51.741169,-4.305764,42
51.744243,-4.295388,33
51.775964,-4.566790,10
51.757580,-4.473078,23
51.878593,-4.615459,5
51.839392,-4.155197,15
51.862586,-3.964599,31
51.878239,-3.997742,52
52.046612,-3.738191,22
51.988106,-3.793571,42
51.813286,-3.975345,40
51.830417,-4.007660,41
51.894054,-4.133651,16
51.959228,-4.130592,3
51.864153,-4.060063,13
51.998060,-4.276751,19
52.017760,-4.205386,17
51.913568,-3.812849,12
52.019730,-4.343146,18
52.003704,-4.392502,16
51.710059,-4.097818,38
51.688487,-4.100954,45
51.694363,-4.079414,39
51.851999,-4.291385,54
51.843895,-4.255977,38
51.752612,-4.237592,24
51.796006,-4.227777,20
51.792886,-4.095358,50
51.784634,-4.120721,41
51.757611,-4.105583,22
51.806277,-4.393052,13
52.065085,-4.086444,17
52.063137,-4.154581,34
51.686362,-4.159265,73
51.692012,-4.154679,65
51.688834,-4.147187,68
51.682124,-4.128059,63
51.684067,-4.121527,63
51.668055,-4.122640,61
51.940742,-3.988749,12
51.706602,-4.311314,39
51.681783,-4.294905,42
51.796643,-4.058810,43
51.804525,-4.038564,41
51.798896,-3.992605,58
51.796144,-3.969344,49
51.776975,-4.163211,27
51.784396,-4.181993,31
51.810928,-3.875281,34
51.827741,-3.830153,30
51.822161,-4.519421,36
51.820998,-4.467891,32
51.798639,-4.298525,23
51.759399,-4.344720,22
51.781507,-4.050024,40
51.793554,-4.017619,46
51.900347,-4.485178,5
51.717515,-4.244317,29
51.722823,-4.251895,24
51.767533,-4.028518,39
51.677081,-4.164561,71
51.677991,-4.159259,73
51.675292,-4.155918,70
51.840734,-4.647464,35
51.573663,-4.050482,39
51.584726,-4.039188,42
51.637343,-3.899034,57
51.639086,-3.922670,60
51.649106,-3.898160,57
51.646802,-3.917486,60
51.633547,-3.945492,75
51.628822,-3.945348,75
51.619782,-3.949147,79
51.625213,-3.949578,75
51.620493,-3.954639,77
51.614165,-3.957021,77
51.708232,-3.887857,49
51.695752,-3.865957,49
51.695357,-3.903311,51
51.703597,-3.901836,51
51.696143,-3.893927,56
51.637053,-3.970365,68
51.638034,-4.005915,53
51.639703,-3.984911,66
51.633075,-3.981185,65
51.644231,-4.025100,55
51.647115,-4.002864,58
51.645975,-3.979924,68
51.642552,-3.967357,68
51.637661,-3.948917,73
51.635263,-3.958510,71
51.641784,-3.947628,72
51.642998,-3.952383,71
51.640139,-3.957377,71
51.628330,-4.032072,48
51.624636,-4.041761,45
51.622898,-4.023423,56
51.607241,-4.041527,40
51.625292,-4.074883,32
51.669605,-4.045189,67
51.573855,-4.232382,13
51.604492,-4.170620,18
51.644666,-4.033429,61
51.650544,-4.046364,61
51.645220,-4.059621,56
51.621481,-4.016785,58
51.619136,-4.028665,55
51.663892,-4.042294,67
51.659127,-4.046178,58
51.657061,-4.019789,53
51.651237,-3.934784,60
51.642047,-3.937403,69
51.640544,-3.942162,71
51.631270,-3.937756,75
51.671070,-3.952702,51
51.692888,-4.010240,38
51.679379,-3.971873,36
51.663662,-3.906148,55
51.676791,-3.862580,48
51.659702,-3.881379,53
51.656870,-3.886649,56
51.653258,-3.888760,54
51.682665,-3.880805,42
51.665632,-3.872606,47
51.661209,-4.070775,50
51.729640,-3.949664,22
51.598574,-4.016395,51
51.599014,-4.011529,46
51.676272,-3.919322,59
51.682343,-3.922225,57
51.676458,-3.931183,66
51.669038,-3.922133,72
51.675401,-3.925150,64
51.663385,-3.932084,69
51.660242,-3.923769,72
51.667547,-3.932258,71
51.657644,-3.928594,68
51.684337,-3.910503,55
51.685660,-3.929379,55
51.665251,-3.947219,63
51.660227,-3.942064,64
51.656082,-3.942257,59
51.653883,-3.950017,67
51.648995,-3.946228,68
51.672827,-3.941812,59
51.575977,-4.020728,50
51.570281,-4.017945,50
51.573922,-3.997784,61
51.567959,-3.992772,50
51.574578,-4.003611,62
51.629096,-4.120730,23
51.644446,-4.099832,33
51.653098,-3.977370,62
51.649134,-3.977663,67
51.650422,-3.968026,63
51.648534,-3.956788,66
51.656983,-3.957821,64
51.645413,-3.963585,68
51.656153,-3.976490,54
51.669547,-4.000707,45
51.670803,-4.017319,52
51.585169,-4.068427,33
51.572675,-4.090574,33
51.670927,-4.054003,61
51.692590,-4.041314,45
51.675639,-4.047374,60
51.681445,-4.060262,54
51.709223,-4.021784,52
51.714865,-4.042021,56
51.733376,-4.017349,48
51.717817,-4.026295,50
51.621375,-3.901781,59
51.630913,-3.927548,69
51.624059,-3.919143,69
51.624928,-3.987378,66
51.628933,-3.997988,58
51.622162,-3.999764,63
51.617068,-4.003645,61
51.619064,-3.992112,68
51.617963,-3.981573,70
51.612169,-4.002530,61
51.606172,-3.990844,52
51.611031,-3.986633,65
51.630724,-3.962467,65
51.630751,-3.972041,64
51.630809,-3.952732,68
51.626779,-3.972882,66
51.626893,-3.957104,71
51.625950,-3.964663,69
51.624535,-3.977624,65
51.621469,-3.961221,74
51.621246,-3.969859,73
51.617883,-3.958247,77
51.619882,-3.977046,69
51.612771,-3.967441,73
51.616804,-3.971193,74
51.615118,-3.961905,74
51.613354,-3.971953,72
51.663202,-4.058097,58
51.666054,-4.063263,57
51.581879,-4.018867,52
51.582440,-4.004646,60
51.588092,-4.003319,56
51.587033,-4.017046,55
51.607949,-3.810032,56
51.597879,-3.789159,66
51.600692,-3.800690,67
51.594534,-3.793064,70
51.694424,-3.762268,35
51.708228,-3.844650,47
51.611175,-3.790779,53
51.619711,-3.797137,49
51.625019,-3.814036,51
51.616082,-3.825339,53
51.727713,-3.619584,40
51.636238,-3.795905,61
51.632254,-3.811163,61
51.643433,-3.829759,56
51.628453,-3.826766,59
51.616758,-3.716954,27
51.614743,-3.767482,46
51.609320,-3.758230,44
51.621530,-3.770800,42
51.670577,-3.823007,55
51.673615,-3.814909,58
51.669554,-3.815914,59
51.683795,-3.794274,56
51.655387,-3.785815,53
51.646952,-3.777967,48
51.657232,-3.771936,47
51.658111,-3.838835,58
51.659575,-3.843671,58
51.654116,-3.844626,50
51.662935,-3.844627,53
51.664529,-3.858454,52
51.728871,-3.752277,35
51.782278,-3.826749,27
51.647008,-3.646882,40
51.661653,-3.828046,55
51.743548,-3.666685,41
51.754556,-3.607607,42
51.746359,-3.815166,31
51.794774,-3.880631,38
51.777923,-3.871176,29
51.655197,-3.595742,24
51.797320,-3.856031,33
51.577093,-3.781422,51
51.559947,-3.713403,32
51.657224,-3.810031,71
51.657537,-3.805387,74
51.645914,-3.801223,64
51.651323,-3.821301,64
51.662128,-3.797297,71
51.662655,-3.804808,75
51.664609,-3.786141,63
51.652867,-3.800715,69
51.649182,-3.791780,60
51.654155,-3.791906,63
51.773932,-3.662207,24
51.656166,-3.727962,23
51.750180,-3.868988,45
51.729087,-3.859302,46
51.719066,-3.854500,58
51.599436,-3.760983,59
51.598147,-3.779438,69
51.593135,-3.778125,71
51.589662,-3.773063,69
51.701596,-3.718124,27
51.701019,-3.672113,32
51.727935,-3.803047,38
51.714214,-3.830919,38
51.594707,-3.809265,62
51.598416,-3.811679,63
51.589164,-3.806413,60
51.590804,-3.800430,63
51.606924,-3.819785,59
51.601946,-3.814152,63
51.599092,-3.820016,61
51.602574,-3.827317,57
51.759123,-3.710842,30
51.588360,-3.746629,59
51.583044,-3.767625,62
51.576407,-3.759449,55
51.671970,-3.752159,47
51.678849,-3.768172,40
51.712467,-3.869793,49
51.762801,-3.783768,51
51.551881,-3.618867,55
51.571744,-3.595173,37
51.587908,-3.498628,35
51.575162,-3.544831,32
51.628621,-3.586511,35
51.509599,-3.552403,62
51.512065,-3.560233,66
51.510733,-3.568773,71
51.506340,-3.562812,71
51.507221,-3.544473,55
51.504919,-3.553521,59
51.514251,-3.549601,54
51.548123,-3.550693,50
51.540052,-3.571124,53
51.498564,-3.634029,48
51.508251,-3.606984,61
51.637824,-3.660599,44
51.637357,-3.646054,44
51.631677,-3.655210,48
51.627206,-3.634253,49
51.618775,-3.669861,56
51.533617,-3.645337,46
51.517536,-3.596185,59
51.524072,-3.715561,54
51.516248,-3.718409,48
51.520949,-3.696667,56
51.525693,-3.706189,56
51.502125,-3.536386,44
51.523906,-3.491739,62
51.515749,-3.501126,57
51.528596,-3.514167,53
51.521883,-3.517885,57
51.526325,-3.574540,57
51.583311,-3.578281,34
51.518272,-3.604945,56
51.512504,-3.601116,59
51.579659,-3.642873,47
51.590540,-3.635415,45
51.610383,-3.654696,66
51.607733,-3.626848,56
51.599684,-3.636049,54
51.608985,-3.666379,65
51.605681,-3.655117,66
51.596972,-3.673165,56
51.601144,-3.648254,58
51.508646,-3.575257,77
51.520317,-3.583522,58
51.515196,-3.579507,69
51.633891,-3.546944,29
51.619710,-3.532486,36
51.511281,-3.590536,68
51.506048,-3.596995,63
51.507356,-3.585126,72
51.492720,-3.670955,39
51.481953,-3.680663,55
51.495302,-3.711625,44
51.499194,-3.695775,55
51.600250,-3.527220,42
51.609674,-3.549369,41
51.503231,-3.573073,76
51.498958,-3.584856,72
51.491924,-3.575750,67
51.517747,-3.571823,64
51.539533,-3.515152,47
51.553301,-3.499569,47
51.526151,-3.602077,48
51.609392,-3.588049,39
51.604863,-3.578700,40
51.488775,-3.690470,60
51.480586,-3.694010,63
51.477728,-3.704188,66
51.482734,-3.707101,63
51.527627,-3.673517,57
51.528461,-3.696623,61
51.527146,-3.685350,64
51.535301,-3.676460,57
51.533585,-3.688268,61
51.489339,-3.714894,50
51.490915,-3.721931,55
51.539890,-3.584213,57
51.535017,-3.582617,57
51.549386,-3.584443,54
51.548985,-3.595727,55
51.392171,-3.290464,64
51.393635,-3.304964,55
51.397545,-3.288774,71
51.406693,-3.270426,75
51.406426,-3.279089,72
51.408800,-3.266334,75
51.402739,-3.277413,73
51.417083,-3.247672,66
51.417173,-3.241053,62
51.414067,-3.254817,72
51.411433,-3.252078,71
51.409937,-3.242787,67
51.424531,-3.257939,61
51.401157,-3.254036,69
51.438784,-3.183633,77
51.444314,-3.188917,72
51.440027,-3.196169,67
51.438257,-3.188871,73
51.410523,-3.259047,73
51.413214,-3.263360,71
51.417637,-3.260138,69
51.460913,-3.451962,58
51.443513,-3.448156,44
51.458522,-3.423136,48
51.488785,-3.455193,23
51.432758,-3.238309,60
51.434439,-3.211704,64
51.432479,-3.204071,63
51.421348,-3.216055,57
51.456327,-3.224068,56
51.420454,-3.293739,57
51.415914,-3.279672,66
51.410371,-3.277077,72
51.422601,-3.262161,64
51.419737,-3.267709,67
51.414480,-3.270229,69
51.424646,-3.272564,64
51.406237,-3.300171,64
51.406331,-3.286755,71
51.403903,-3.296352,63
51.401581,-3.284609,74
51.399877,-3.290304,71
51.413206,-3.290650,64
51.450810,-3.200011,66
51.468351,-3.515762,28
51.407829,-3.469252,52
51.403559,-3.486793,56
51.409761,-3.453723,40
51.398343,-3.477724,53
51.415455,-3.526019,40
51.410339,-3.473677,53
51.414494,-3.477607,51
51.484901,-3.354607,22
51.424215,-3.177541,57
51.422526,-3.191211,58
51.432592,-3.174358,72
51.388965,-3.367226,38
51.424411,-3.361701,26
51.393537,-3.377210,41
51.395590,-3.411924,36
51.413677,-3.419724,32
51.440757,-3.168742,73
51.440574,-3.174345,78
51.438932,-3.177785,79
51.458633,-3.602279,23
51.449680,-3.563030,24
51.433625,-3.192825,67
51.435012,-3.181847,77
51.431345,-3.188693,66
51.410748,-3.204714,45
51.406809,-3.224256,48
51.409102,-3.184598,44
51.446968,-3.304335,41
51.455688,-3.264988,52
51.699370,-3.449142,65
51.699827,-3.423827,63
51.698559,-3.428607,60
51.680717,-3.434203,49
51.686599,-3.462868,45
51.686391,-3.416068,53
51.638152,-3.328071,53
51.654483,-3.347979,51
51.652571,-3.333498,55
51.648860,-3.321884,55
51.725047,-3.426468,60
51.715267,-3.450005,72
51.708442,-3.451945,70
51.711235,-3.439005,73
51.717891,-3.462650,61
51.739080,-3.452861,49
51.722817,-3.460858,64
51.708036,-3.490630,50
51.722098,-3.449786,67
51.716924,-3.472082,51
51.551956,-3.355691,58
51.569603,-3.362577,58
51.548915,-3.359291,51
51.524472,-3.471305,46
51.564874,-3.316268,58
51.626953,-3.316187,49
51.615796,-3.312758,50
51.624208,-3.494335,49
51.628178,-3.474671,58
51.714185,-3.410012,54
51.705633,-3.402609,55
51.710763,-3.423584,52
51.608599,-3.388515,58
51.607532,-3.412826,63
51.600643,-3.421543,55
51.601465,-3.408767,55
51.660710,-3.453985,54
51.658341,-3.442893,53
51.669114,-3.448910,46
51.595311,-3.464791,38
51.576691,-3.468541,43
51.618792,-3.331519,40
51.623130,-3.344673,40
51.576194,-3.283574,62
51.585725,-3.312968,63
51.738133,-3.500639,42
51.741953,-3.518853,43
51.727842,-3.514172,46
51.536848,-3.442252,51
51.542859,-3.421664,51
51.512175,-3.429794,42
51.537739,-3.374239,60
51.539959,-3.353339,51
51.555478,-3.385475,61
51.563532,-3.333805,55
51.550923,-3.315500,40
51.550795,-3.336431,49
51.566310,-3.340648,55
51.690554,-3.507010,45
51.667175,-3.473616,47
51.677937,-3.361575,62
51.697037,-3.383627,57
51.675595,-3.385528,64
51.679420,-3.399663,55
51.683071,-3.384367,67
51.667927,-3.371378,57
51.664789,-3.362871,60
51.672494,-3.378621,62
51.673812,-3.372077,61
51.641660,-3.507224,59
51.660292,-3.487622,60
51.613371,-3.436244,63
51.615831,-3.452795,70
51.608114,-3.462103,64
51.608102,-3.435631,61
51.727713,-3.497978,44
51.728992,-3.484994,44
51.511949,-3.400521,47
51.521299,-3.370529,46
51.520816,-3.359385,46
51.526108,-3.384213,53
51.607501,-3.347185,64
51.612845,-3.345081,66
51.617133,-3.398720,60
51.619386,-3.418271,60
51.612508,-3.393858,60
51.613345,-3.419873,61
51.764904,-3.505413,24
51.608119,-3.366586,56
51.604767,-3.357210,66
51.599998,-3.350574,67
51.589423,-3.313444,61
51.594545,-3.299646,57
51.583872,-3.299946,61
51.558011,-3.258243,47
51.544184,-3.259623,59
51.538687,-3.389354,61
51.534660,-3.381401,65
51.562162,-3.290952,58
51.576308,-3.317846,56
51.570448,-3.316112,60
51.627360,-3.463627,63
51.616987,-3.474580,69
51.584111,-3.428833,57
51.582192,-3.398184,48
51.587179,-3.418402,53
51.571024,-3.421507,47
51.596537,-3.441780,51
51.584048,-3.446614,51
51.610912,-3.330049,67
51.606678,-3.318946,63
51.603052,-3.334141,69
51.622367,-3.433007,61
51.628841,-3.447870,60
51.622293,-3.446760,65
51.598003,-3.317811,69
51.593408,-3.331950,67
51.586017,-3.328196,64
51.672504,-3.531378,57
51.683449,-3.528853,55
51.688231,-3.566243,41
51.670674,-3.546249,53
51.658811,-3.514148,64
51.660091,-3.496810,65
51.652938,-3.535015,53
51.671761,-3.506869,61
51.663493,-3.513985,65
51.644108,-3.440050,48
51.637401,-3.429856,47
51.652351,-3.428885,48
51.552611,-3.347419,57
51.560472,-3.353612,58
51.556030,-3.351378,61
51.634371,-3.414749,43
51.625991,-3.403893,54
51.634242,-3.351654,39
51.649631,-3.389319,32
51.627889,-3.333883,42
51.643113,-3.454180,55
51.643811,-3.481670,58
51.636402,-3.492031,57
51.651760,-3.464507,55
51.703037,-3.302811,19
51.668902,-3.290653,46
51.753249,-3.428310,37
51.754316,-3.407942,50
51.743095,-3.390297,63
51.742679,-3.408444,48
51.768758,-3.356575,57
51.778998,-3.354142,53
51.761759,-3.341371,57
51.759145,-3.357355,60
51.764549,-3.382130,58
51.762995,-3.392606,56
51.758621,-3.379427,65
51.688902,-3.340691,40
51.753198,-3.375808,70
51.754686,-3.390901,67
51.749137,-3.383526,70
51.763558,-3.372358,62
51.762627,-3.367255,62
51.757474,-3.371355,67
51.758845,-3.365222,66
51.721785,-3.360371,51
51.713762,-3.340267,53
51.728640,-3.366971,53
51.746771,-3.376209,73
51.744844,-3.337930,63
51.738826,-3.372437,69
51.654189,-3.307109,39
51.661817,-3.321622,43
51.671089,-3.317135,48
51.664032,-3.303483,48
51.769199,-3.409255,46
51.695527,-3.215320,54
51.687780,-3.220791,61
51.648238,-3.118257,50
51.657915,-3.118920,49
51.634649,-3.129484,52
51.592115,-3.260273,52
51.595329,-3.277297,53
51.609819,-3.278103,49
51.603489,-3.268706,53
51.703880,-3.203723,47
51.715079,-3.196039,27
51.693874,-3.237061,65
51.686720,-3.230818,69
51.690988,-3.231249,69
51.686369,-3.242767,62
51.604757,-3.200983,60
51.593210,-3.186672,64
51.594032,-3.144188,49
51.601076,-3.134149,48
51.590497,-3.197716,65
51.592220,-3.164763,55
51.595389,-3.172822,62
51.673312,-3.199483,65
51.667891,-3.203489,68
51.661855,-3.202820,61
51.665086,-3.195262,69
51.681359,-3.200780,57
51.671987,-3.211699,65
51.666633,-3.210175,63
51.627941,-3.118355,56
51.621956,-3.125174,56
51.673756,-3.145186,52
51.690879,-3.159394,47
51.698395,-3.144288,37
51.680809,-3.112570,49
51.710708,-3.270535,27
51.747389,-3.305095,35
51.677841,-3.230569,67
51.656846,-3.232742,52
51.652346,-3.233538,59
51.648145,-3.229584,63
51.618447,-3.238967,46
51.605145,-3.236468,56
51.597250,-3.230357,58
51.634707,-3.215286,58
51.577626,-3.224652,74
51.587995,-3.223226,64
51.587392,-3.212955,67
51.581900,-3.216486,70
51.743243,-3.261356,34
51.761005,-3.278926,55
51.752994,-3.268528,51
51.635560,-3.284098,54
51.642758,-3.290578,55
51.654339,-3.294376,52
51.658386,-3.158394,56
51.670931,-3.106678,42
51.667362,-3.156108,57
51.664195,-3.135953,58
51.727000,-3.234872,49
51.719236,-3.241123,46
51.724909,-3.245359,45
51.673014,-3.219084,59
51.661698,-3.215541,62
51.659468,-3.221832,57
51.685702,-3.173569,52
51.678357,-3.180996,55
51.669157,-3.179690,56
51.588382,-3.234982,62
51.582676,-3.249522,56
51.583347,-3.239461,63
51.581851,-3.231876,67
51.589891,-3.245835,53
51.573725,-3.253279,59
51.576207,-3.237246,66
51.594428,-3.240758,57
51.651700,-3.176252,54
51.656159,-3.202198,56
51.656534,-3.189909,61
51.650923,-3.204061,55
51.645979,-3.194702,57
51.744880,-3.281002,45
51.604786,-3.072483,52
51.605099,-3.082005,58
51.616320,-3.089986,62
51.610237,-3.085145,59
51.619097,-3.101910,59
51.605674,-3.101853,66
51.599319,-3.091988,63
51.667978,-3.252076,53
51.667611,-3.230063,62
51.673450,-3.241755,57
51.664014,-3.239350,50
51.667401,-3.265079,52
51.570982,-3.150102,36
51.585136,-3.198346,65
51.581776,-3.206232,69
51.577047,-3.210796,71
51.572392,-3.233956,68
51.572995,-3.221426,78
51.567015,-3.208616,75
51.559658,-3.222947,65
51.567617,-3.238428,61
51.767968,-3.281672,52
51.775954,-3.307713,51
51.616418,-3.165012,40
51.630091,-3.171816,38
51.645581,-3.248629,60
51.642631,-3.233265,71
51.631838,-3.251337,57
51.734680,-3.155308,61
51.728530,-3.133792,63
51.737000,-3.120138,62
51.792028,-3.224893,58
51.789822,-3.202710,56
51.801987,-3.195731,55
51.807902,-3.206685,44
51.798822,-3.205635,55
51.768673,-3.167638,48
51.774515,-3.147236,47
51.755450,-3.162803,45
51.807273,-3.167334,60
51.800453,-3.186215,60
51.797695,-3.171778,65
51.800820,-3.179483,64
51.745394,-3.179838,40
51.726344,-3.172296,40
51.752047,-3.194424,40
51.741923,-3.149407,51
51.755193,-3.131233,50
51.736082,-3.135879,61
51.782873,-3.200281,61
51.782422,-3.223521,55
51.785890,-3.217618,60
51.773728,-3.214833,56
51.767111,-3.197192,53
51.777588,-3.209279,61
51.763651,-3.224894,50
51.766838,-3.234800,54
51.689062,-3.126448,49
51.709542,-3.129548,36
51.700001,-3.130214,40
51.789862,-3.167611,55
51.782453,-3.175770,47
51.776053,-3.171427,47
51.804695,-3.235221,46
51.800537,-3.221489,52
51.790036,-3.250158,52
51.786455,-3.240007,54
51.802404,-3.277258,43
51.781400,-3.237799,59
51.749775,-3.236675,55
51.768987,-3.260190,57
51.780200,-3.259775,57
51.774710,-3.245297,63
51.749139,-3.066920,49
51.736694,-3.068314,52
51.737605,-3.057159,50
51.729228,-3.091041,52
51.726238,-3.058801,52
51.771984,-3.068012,46
51.776524,-3.079169,50
51.779663,-3.108759,45
51.774707,-3.082305,52
51.701182,-3.044358,67
51.639935,-3.045385,52
51.663704,-3.012841,64
51.664131,-3.003401,62
51.658070,-3.003079,64
51.686755,-3.056558,56
51.645071,-3.050301,58
51.645342,-3.042891,61
51.646368,-3.056416,53
51.646846,-3.064027,50
51.654161,-3.049315,58
51.658215,-3.064638,53
51.650063,-3.044249,61
51.640373,-3.018081,61
51.628338,-3.012574,53
51.650288,-3.017166,72
51.652067,-2.993538,62
51.644436,-3.000522,58
51.636668,-2.981613,45
51.682311,-2.995247,48
51.692056,-3.010042,52
51.695297,-3.004760,46
51.708218,-3.006852,51
51.688579,-3.030618,60
51.687626,-3.021636,61
51.678294,-3.034513,53
51.679182,-3.018494,58
51.681734,-3.031220,58
51.657426,-3.020192,73
51.669010,-3.022517,58
51.659943,-3.023486,70
51.662924,-3.030623,65
51.708265,-3.084859,56
51.698972,-3.032595,67
51.709261,-3.031579,60
51.647124,-3.038227,62
51.646107,-3.027556,70
51.653000,-3.034100,62
51.714997,-3.060894,58
51.714617,-3.043214,51
51.720350,-3.042651,48
51.643255,-3.033364,65
51.629990,-3.069106,41
51.635323,-3.033408,54
51.631822,-3.043454,46
51.658687,-3.049781,55
51.670457,-3.049612,54
51.661237,-3.043623,56
51.661342,-3.037436,62
51.706366,-3.051036,65
51.696034,-3.088837,53
51.618307,-2.782776,27
51.596961,-2.744896,56
51.846631,-3.038356,58
51.830850,-3.021845,60
51.902395,-2.974810,10
51.690211,-2.782063,8
51.591851,-2.757698,63
51.832353,-2.720967,44
51.824891,-2.703781,66
51.742032,-2.998460,26
51.727641,-2.980944,29
51.822271,-3.029509,68
51.830862,-3.014546,62
51.633762,-2.678970,68
51.714508,-2.928959,13
51.827364,-3.102401,34
51.811590,-3.124303,19
51.830228,-3.083351,36
51.665210,-2.912707,12
51.846002,-2.834049,3
51.809679,-3.078353,33
51.846248,-2.986395,40
51.582650,-2.836122,43
51.577226,-2.826397,41
51.587150,-2.823605,41
51.785039,-2.782683,14
51.806307,-2.722268,63
51.802321,-2.724654,61
51.597644,-2.719601,41
51.819864,-3.011381,64
51.825874,-3.013072,64
51.750850,-2.836111,26
51.586377,-2.786027,50
51.685061,-2.702959,25
51.630326,-2.674257,61
51.645055,-2.683609,64
51.639589,-2.688209,63
51.640740,-2.673867,70
51.584056,-2.745764,59
51.589174,-2.747223,60
51.640195,-2.758458,24
51.590193,-2.812610,36
51.625569,-2.668792,55
51.619343,-2.669889,53
51.735188,-2.734972,15
51.765602,-2.694263,14
51.696612,-2.894829,43
51.708144,-2.899315,40
51.588199,-2.762523,61
51.815649,-2.680356,52
51.592989,-3.011918,70
51.593872,-3.004573,72
51.586693,-3.020329,68
51.589045,-3.004772,76
51.586226,-3.026003,62
51.583413,-3.013390,75
51.592328,-2.951595,63
51.586073,-2.958698,67
51.590682,-2.959519,67
51.586726,-2.945749,66
51.586820,-2.951016,63
51.586435,-2.965039,72
51.590518,-2.972210,75
51.588607,-2.968308,74
51.599893,-2.964595,66
51.599441,-2.968886,68
51.594459,-2.969131,71
51.610392,-3.026847,59
51.609415,-3.015917,63
51.610379,-3.037866,55
51.602502,-3.024782,59
51.613002,-3.033627,55
51.616848,-3.035583,59
51.609388,-2.958845,63
51.610958,-2.979921,48
51.612598,-2.936610,54
51.615308,-2.972150,54
51.621386,-2.981730,55
51.616819,-2.962961,60
51.577015,-3.010722,71
51.576953,-3.015187,71
51.578458,-3.022492,68
51.572433,-3.025959,68
51.568103,-3.010699,68
51.569057,-3.016395,70
51.574871,-3.061946,51
51.580987,-3.086796,45
51.574438,-3.043233,58
51.581728,-3.062202,52
51.601815,-2.907162,39
51.625289,-2.842492,22
51.615862,-2.881838,29
51.580802,-2.963736,72
51.584164,-2.968419,72
51.582237,-2.953213,66
51.577560,-2.946042,66
51.579283,-2.955918,70
51.596138,-2.886050,33
51.618039,-3.006259,61
51.615183,-3.012320,64
51.615690,-2.999109,59
51.609087,-3.007077,67
51.610308,-2.999174,62
51.549629,-3.087804,35
51.536648,-3.063614,34
51.576204,-2.991716,76
51.563587,-2.991771,70
51.579064,-2.984621,75
51.578367,-2.997064,76
51.597227,-2.936708,58
51.598372,-2.928441,57
51.594460,-2.943659,60
51.591411,-2.932231,58
51.592606,-2.925909,57
51.586808,-2.937845,65
51.596714,-3.047621,54
51.603446,-3.055797,55
51.582143,-3.044759,58
51.591137,-3.046613,57
51.585841,-3.039025,62
51.595756,-2.981382,78
51.596218,-2.987197,77
51.604335,-2.984586,72
51.605203,-2.974425,68
51.598111,-2.975555,75
51.598710,-2.981330,76
51.595864,-2.996650,70
51.604787,-3.003777,64
51.602135,-2.996255,70
51.599114,-3.002895,74
51.586861,-3.000001,81
51.580408,-3.003671,75
51.585085,-2.993915,81
51.561757,-3.021316,64
51.585576,-2.980759,76
51.592077,-2.978484,78
51.590767,-2.983031,79
51.588843,-2.987438,80
51.485736,-3.157365,81
51.481228,-3.166954,82
51.483227,-3.160468,81
51.489546,-3.149704,79
51.489382,-3.154152,81
51.469663,-3.170592,77
51.468351,-3.261762,65
51.471609,-3.244927,63
51.473772,-3.237559,65
51.467947,-3.251595,62
51.479739,-3.227729,75
51.476854,-3.234460,69
51.473321,-3.250459,68
51.481194,-3.209158,81
51.473294,-3.207314,77
51.483568,-3.205984,81
51.480018,-3.203608,82
51.485724,-3.218845,76
51.487077,-3.210538,79
51.485027,-3.225644,76
51.484861,-3.213624,78
51.497225,-3.177553,82
51.496433,-3.187590,82
51.494706,-3.178310,83
51.492064,-3.185871,80
51.494636,-3.183017,82
51.492471,-3.175279,83
51.490518,-3.177150,83
51.500353,-3.181360,81
51.519759,-3.319556,35
51.520098,-3.323046,35
51.497137,-3.276976,49
51.523023,-3.161587,65
51.523451,-3.175034,68
51.518844,-3.174573,68
51.513904,-3.164113,65
51.513984,-3.176136,69
51.509283,-3.172025,65
51.528145,-3.164592,60
51.482528,-3.245264,71
51.481680,-3.257858,66
51.481449,-3.249935,70
51.478145,-3.247270,71
51.477985,-3.256081,66
51.474904,-3.255859,67
51.475023,-3.273167,58
51.472495,-3.264550,68
51.469602,-3.272582,60
51.483394,-3.238858,75
51.500418,-3.243181,68
51.497037,-3.242577,69
51.497667,-3.252467,63
51.492890,-3.239997,71
51.493207,-3.250838,66
51.488266,-3.243138,72
51.488630,-3.251342,64
51.487443,-3.233997,74
51.500160,-3.190632,81
51.499330,-3.199550,77
51.503853,-3.192961,80
51.502717,-3.186432,79
51.467143,-3.198008,75
51.464966,-3.177795,75
51.466167,-3.184787,77
51.462331,-3.184726,75
51.474506,-3.187358,79
51.469931,-3.182673,79
51.472975,-3.189436,79
51.469948,-3.188585,79
51.468396,-3.185214,79
51.517543,-3.186938,72
51.509432,-3.185503,72
51.518164,-3.194744,73
51.515279,-3.209361,75
51.517419,-3.201923,73
51.512627,-3.196253,74
51.512408,-3.201973,77
51.507981,-3.196447,76
51.544134,-3.164216,55
51.550102,-3.187054,54
51.494796,-3.226298,73
51.500212,-3.231282,72
51.493031,-3.216089,77
51.490369,-3.226505,74
51.506212,-3.242533,65
51.502479,-3.239023,70
51.503935,-3.215792,74
51.501176,-3.222329,75
51.504001,-3.205954,71
51.500027,-3.211424,74
51.507158,-3.232413,78
51.505624,-3.222765,75
51.527970,-3.182407,70
51.522854,-3.186913,69
51.542967,-3.192978,54
51.540165,-3.187482,60
51.540774,-3.200231,55
51.537169,-3.195034,61
51.533766,-3.189006,68
51.535839,-3.202654,62
51.533107,-3.176843,65
51.531515,-3.195375,69
51.523249,-3.118183,71
51.516312,-3.123036,72
51.522623,-3.127485,65
51.518041,-3.130722,69
51.511707,-3.136405,70
51.528018,-3.121298,62
51.526436,-3.126910,62
51.516995,-3.158716,65
51.517946,-3.150646,66
51.518156,-3.142535,65
51.514867,-3.156344,66
51.512936,-3.152577,66
51.508791,-3.154211,66
51.528133,-3.154007,63
51.526634,-3.142011,65
51.528774,-3.147995,64
51.523494,-3.152373,65
51.533186,-3.296870,42
51.541709,-3.274581,59
51.501867,-3.163634,76
51.500264,-3.148046,75
51.496243,-3.158306,80
51.495199,-3.160762,82
51.495493,-3.147476,76
51.505808,-3.158694,69
51.504421,-3.169854,72
51.503904,-3.149734,70
51.491557,-3.168584,84
51.492447,-3.161854,82
51.494103,-3.166194,83
51.489446,-3.171055,83
51.490542,-3.158919,80
51.489613,-3.165494,83
51.486206,-3.166240,82
51.499521,-3.170913,80
51.495605,-3.173513,81
51.496725,-3.169711,82
51.494580,-3.170582,83
51.527658,-3.111079,64
51.537424,-3.150222,58
51.545067,-3.137175,58
51.531701,-3.140396,61
51.526199,-3.266577,53
51.524359,-3.261991,56
51.520900,-3.205775,73
51.528942,-3.228527,57
51.524187,-3.210886,71
51.521300,-3.218577,71
51.540544,-3.218329,59
51.531371,-3.208618,67
51.528721,-3.211204,68
51.477896,-3.193863,81
51.477502,-3.186265,80
51.479823,-3.196909,82
51.491783,-3.202168,78
51.486606,-3.203277,79
51.484456,-3.199696,80
51.484274,-3.193594,80
51.480260,-3.189037,81
51.503642,-3.124561,67
51.506292,-3.133014,71
51.496867,-3.125171,69
51.515794,-3.116688,66
51.510029,-3.118570,64
51.509270,-3.124673,68
51.488015,-3.148048,77
51.484631,-3.145819,76
51.485399,-3.138263,71
51.483387,-3.151849,78
51.479697,-3.149829,76
51.474924,-3.153087,77
51.489486,-3.142338,71
51.529985,-3.092341,55
51.527885,-3.100443,61
51.522237,-3.102169,61
51.523081,-3.094488,58
51.524038,-3.107954,66
51.522051,-3.083715,53
51.518698,-3.109966,64
51.519797,-3.098791,58
51.505621,-3.101233,50
51.514558,-3.109994,60
51.512114,-3.225985,76
51.514813,-3.237320,68
51.512558,-3.214153,77
51.508610,-3.204512,76
51.509211,-3.219080,75
51.507338,-3.209927,73
51.537719,-3.242501,58
51.522739,-3.231277,65
51.520971,-3.241144,71
51.517213,-3.222664,75
51.884468,-3.392332,12
51.799363,-3.402657,30
51.800841,-3.781651,45
51.764307,-3.803318,48
51.956172,-3.391183,59
51.954420,-3.404140,56
51.873383,-3.144749,48
51.849937,-3.144494,26
51.921114,-3.180689,11
52.804092,-3.457132,15
52.847194,-3.250276,7
51.594713,-2.757511,60
51.403599,-3.268009,73
51.406546,-3.259713,73
51.531196,-3.035047,32
51.555651,-3.045496,49
51.567458,-3.438257,42
51.563472,-3.323451,59
51.570272,-3.330492,52
51.580650,-3.433704,52
51.501223,-3.608363,51
51.501257,-3.593849,60
51.498270,-3.599125,51
51.503258,-3.602877,57
51.487850,-3.174410,83
51.665438,-4.153042,53
51.669086,-4.151005,63
51.698537,-4.190584,45
53.257978,-3.779940,36
53.290288,-3.564452,50
53.294929,-3.578025,59
53.043311,-2.982668,74
52.914365,-3.231314,13
53.045422,-2.986767,77
52.849417,-4.644035,11
52.627706,-3.956506,21
52.406768,-4.065127,59
52.409009,-4.051375,55
52.481172,-4.033982,29
51.460293,-3.147340,68
51.461298,-3.172709,76
51.459337,-3.162294,75
51.471860,-3.165098,74
51.459460,-3.181449,69
51.457656,-3.189590,66
51.512917,-3.260302,62
51.523338,-3.199297,71
51.465707,-3.172349,75
51.476254,-3.165483,76
51.472582,-3.176600,76
51.528171,-3.199572,67
51.516774,-3.255242,64
51.623493,-3.940422,79
51.623155,-4.015788,57
51.616690,-3.933944,70
51.748720,-3.364487,64
51.745646,-3.368167,68
51.687151,-3.339942,38
51.654257,-3.483038,62
51.634649,-3.457948,57
51.588597,-3.349549,68
51.554988,-3.460554,46
51.527837,-3.455158,44
51.521278,-3.423939,48
51.511576,-3.421040,41
53.049656,-2.969083,67
53.089261,-2.953256,48
53.055212,-2.906824,32
53.044067,-2.951139,58
51.723278,-3.129327,50
51.838518,-3.011532,54
51.831590,-3.005647,56
51.810632,-3.048422,34
51.814254,-3.020662,57
51.816434,-2.741102,58
51.806890,-2.740944,48
51.787691,-2.948008,11
51.529033,-3.561435,45
51.525740,-3.541836,43
51.522785,-3.561023,52
51.516983,-3.558833,53
51.690095,-3.813893,46
51.677523,-3.835337,57
51.658558,-3.855353,53
51.638176,-3.869740,34
51.633419,-3.853503,45
51.671493,-3.644732,28
51.675853,-4.034846,68
51.666178,-4.032061,64
51.680695,-3.895389,37
51.669100,-3.882914,47
51.622597,-3.931357,75
51.616641,-3.920976,70
51.615075,-3.944962,75
51.391729,-3.273989,63
51.718692,-4.135239,47
52.424389,-4.053031,55
52.423961,-4.081395,67
52.165427,-4.317899,21
52.815751,-4.054518,29
52.742166,-4.032937,39
53.309254,-4.291874,20
53.263959,-4.588453,36
53.219014,-4.467044,21
51.803525,-4.970388,66
51.798854,-4.972207,71
51.731616,-5.016048,39
51.722058,-5.030231,57
51.716089,-4.707808,44
51.653735,-4.701357,55
51.538118,-3.110714,48
51.532393,-3.122936,53
51.533005,-3.132639,57
51.483945,-3.181372,83
51.488238,-3.132756,68
51.483302,-3.135464,66
51.480335,-3.220840,73
51.479216,-3.213966,78
51.453764,-3.174828,61
51.449382,-3.174994,65
51.576232,-2.929284,49
51.564449,-2.887394,30
51.590716,-3.059245,56
51.585663,-3.059218,53
51.584364,-2.974862,74
51.580106,-2.973122,72
51.571442,-2.955525,66
51.555616,-2.952068,58
51.559722,-3.012888,55
51.557574,-3.020071,59
51.445205,-3.181810,72
51.445115,-3.172858,66
51.398567,-3.346413,46
51.384970,-3.344109,38
51.397548,-3.274312,65
57.095288,-2.269454,73
57.102343,-2.271948,59
57.097703,-2.274043,70
57.099836,-2.268117,69
57.099960,-2.264602,77
57.098922,-2.258241,74
57.108479,-2.291557,35
57.107645,-2.230253,54
57.104269,-2.239278,57
57.110754,-2.234994,39
57.106384,-2.222536,47
57.121435,-2.187086,45
57.114772,-2.202590,49
57.117197,-2.197435,45
57.117585,-2.207361,42
57.124324,-2.163582,45
57.122126,-2.174687,52
57.120175,-2.176263,61
57.115891,-2.181279,66
57.116335,-2.191238,61
57.122397,-2.145655,57
57.121358,-2.142464,64
57.122093,-2.136587,68
57.126273,-2.125173,68
57.123377,-2.128301,78
57.122571,-2.134128,75
57.129518,-2.122128,69
57.130847,-2.132473,65
57.133136,-2.124766,70
57.133411,-2.118886,77
57.136674,-2.116798,80
57.127317,-2.148168,59
57.125397,-2.145485,51
57.128944,-2.130583,66
57.127320,-2.136936,61
57.130284,-2.145933,69
57.134192,-2.159694,59
57.129437,-2.155180,63
57.139196,-2.145241,71
57.133140,-2.138445,72
57.135050,-2.149339,84
57.143183,-2.174372,39
57.135699,-2.162095,51
57.143487,-2.154825,61
57.137849,-2.159610,58
57.143251,-2.170622,56
57.146581,-2.165679,56
57.147268,-2.156015,63
57.151153,-2.152295,71
57.149624,-2.167841,62
57.149184,-2.160518,72
57.149980,-2.176354,57
57.151030,-2.124710,83
57.148045,-2.127923,86
57.148615,-2.132056,81
57.150734,-2.133651,92
57.150263,-2.144970,68
57.152596,-2.131079,77
57.148077,-2.112553,86
57.150119,-2.109485,78
57.151515,-2.115787,89
57.149496,-2.113417,82
57.148521,-2.118207,92
57.149057,-2.121679,89
57.147753,-2.123179,85
57.145210,-2.124079,83
57.145175,-2.140125,66
57.145750,-2.131831,76
57.143764,-2.132733,73
57.136681,-2.128396,72
57.138383,-2.124040,73
57.139961,-2.126821,83
57.140148,-2.119254,83
57.140843,-2.115902,83
57.141464,-2.123588,82
57.135445,-2.133579,72
57.142719,-2.106423,72
57.141009,-2.111045,78
57.145121,-2.113024,87
57.145536,-2.111670,82
57.146852,-2.106518,75
57.143302,-2.097122,69
57.145790,-2.096880,79
57.147708,-2.091399,77
57.142067,-2.102505,75
57.140109,-2.101575,81
57.137228,-2.099039,70
57.139203,-2.099887,76
57.135914,-2.112451,81
57.138719,-2.110476,78
57.137969,-2.104526,76
57.138986,-2.112889,84
57.134639,-2.100932,66
57.127687,-2.121081,69
57.131285,-2.115608,79
57.133956,-2.111999,82
57.134419,-2.106367,75
57.116157,-2.116652,66
57.120500,-2.111694,70
57.121248,-2.108476,80
57.123922,-2.112217,67
57.123006,-2.100967,79
57.097055,-2.099560,46
57.119272,-2.097885,74
57.117837,-2.105395,77
57.117429,-2.110546,73
57.113114,-2.113357,66
57.098890,-2.096297,65
57.095986,-2.088137,67
57.095618,-2.099507,56
57.097784,-2.085501,70
57.100797,-2.081051,72
57.101024,-2.090014,73
57.104229,-2.080217,62
57.105268,-2.084197,72
57.107179,-2.088131,74
57.104698,-2.090056,74
57.120147,-2.092322,64
57.133981,-2.092241,91
57.132593,-2.087133,90
57.134759,-2.084643,85
57.136791,-2.081988,83
57.136886,-2.088299,89
57.130749,-2.090317,89
57.129818,-2.085822,74
57.137697,-2.070408,62
57.135032,-2.080117,76
57.131591,-2.079829,74
57.134640,-2.074136,65
57.135016,-2.076764,72
57.135029,-2.069743,57
57.150396,-2.088744,67
57.152586,-2.090915,88
57.150950,-2.092183,82
57.151557,-2.084830,74
57.154375,-2.088770,85
57.153939,-2.095744,78
57.155208,-2.092144,79
57.157841,-2.090481,71
57.153475,-2.103115,74
57.150997,-2.101588,72
57.152086,-2.098401,71
57.150985,-2.104364,73
57.154952,-2.108706,88
57.157349,-2.110994,89
57.156893,-2.107869,86
57.155378,-2.104922,76
57.158977,-2.118785,78
57.159783,-2.121185,69
57.155947,-2.121139,66
57.151427,-2.112894,84
57.160875,-2.115766,80
57.158522,-2.104303,72
57.159740,-2.108836,78
57.163941,-2.112155,75
57.161071,-2.107153,80
57.164041,-2.110899,71
57.161589,-2.099236,79
57.159952,-2.101959,84
57.159604,-2.099809,80
57.167364,-2.088966,72
57.164865,-2.091275,76
57.161577,-2.092259,66
57.165725,-2.094948,75
57.159952,-2.090833,69
57.173316,-2.095248,54
57.167782,-2.094639,89
57.169328,-2.094610,77
57.169509,-2.092874,71
57.169750,-2.116323,73
57.171002,-2.112209,72
57.167526,-2.111174,71
57.173737,-2.117923,69
57.172553,-2.125361,81
57.174112,-2.120174,68
57.173270,-2.143952,72
57.168217,-2.122684,86
57.167162,-2.117009,85
57.169734,-2.123880,92
57.171634,-2.136752,88
57.168559,-2.138890,76
57.169588,-2.134132,77
57.164136,-2.134013,68
57.164855,-2.124872,72
57.166640,-2.127276,80
57.161851,-2.118960,77
57.163754,-2.120355,82
57.168776,-2.129333,90
57.156593,-2.147904,56
57.160989,-2.137060,61
57.161587,-2.140121,61
57.159756,-2.139270,59
57.158420,-2.144506,60
57.160444,-2.133933,61
57.159855,-2.129947,62
57.152948,-2.167426,75
57.158724,-2.160394,85
57.154150,-2.162159,84
57.155949,-2.167275,82
57.157722,-2.157232,87
57.155002,-2.155650,88
57.153947,-2.151910,78
57.154324,-2.173317,71
57.151992,-2.176728,60
57.154204,-2.181680,46
57.155763,-2.178316,49
57.156706,-2.172237,65
57.158736,-2.165221,78
57.160553,-2.149127,68
57.165967,-2.151265,74
57.162873,-2.146772,76
57.160419,-2.156086,76
57.164028,-2.142544,78
57.163121,-2.171043,71
57.167721,-2.170651,73
57.165264,-2.167614,84
57.163104,-2.156808,80
57.162865,-2.161106,81
57.168311,-2.159327,79
57.167209,-2.164035,80
57.170868,-2.146985,70
57.170351,-2.151415,75
57.171193,-2.160414,58
57.168644,-2.143868,70
57.170280,-2.164759,58
57.170436,-2.169374,57
57.166121,-2.217851,36
57.160018,-2.219518,63
57.159297,-2.226077,70
57.154013,-2.222078,67
57.160229,-2.212080,51
57.149913,-2.219144,56
57.177532,-2.169770,71
57.175556,-2.162649,73
57.175395,-2.181586,76
57.173317,-2.189894,70
57.172256,-2.190666,66
57.189955,-2.182484,58
57.183426,-2.181426,69
57.179991,-2.183643,82
57.176711,-2.190540,77
57.180437,-2.191816,65
57.199118,-2.182331,58
57.207990,-2.178303,82
57.210978,-2.180585,69
57.209613,-2.186008,68
57.209060,-2.183638,72
57.205344,-2.187609,69
57.202296,-2.183572,59
57.211054,-2.189889,42
57.176121,-2.123604,55
57.182330,-2.138545,80
57.180619,-2.134867,78
57.178136,-2.129052,70
57.183881,-2.133820,88
57.183608,-2.145250,74
57.192014,-2.129796,58
57.200347,-2.124396,58
57.194423,-2.128579,65
57.196037,-2.131200,63
57.200369,-2.128981,61
57.188965,-2.124755,65
57.185585,-2.127010,69
57.188092,-2.117026,61
57.189676,-2.113954,66
57.193638,-2.113734,66
57.189751,-2.110330,65
57.191864,-2.118163,68
57.194269,-2.120636,59
57.179138,-2.115377,60
57.181496,-2.109776,73
57.186101,-2.114290,83
57.183829,-2.113522,92
57.180286,-2.096242,73
57.179725,-2.100790,73
57.184954,-2.100638,73
57.182813,-2.091948,68
57.182012,-2.094890,74
57.177973,-2.089256,67
57.200016,-2.102732,46
57.196199,-2.102688,51
57.191693,-2.097695,60
57.201081,-2.096826,44
57.047097,-3.042450,82
57.051218,-3.038460,83
57.195674,-3.086301,18
57.054454,-3.082816,16
57.004811,-3.399750,55
57.072987,-2.795237,64
57.074080,-2.788547,72
57.077706,-2.798967,42
57.064250,-2.775922,29
57.025837,-2.653140,17
57.077040,-2.767578,73
57.029569,-2.515612,34
56.836192,-2.465602,52
56.853148,-2.574376,33
56.828709,-2.474915,71
56.832265,-2.475206,74
56.832025,-2.465239,49
56.796737,-2.517683,30
56.816442,-2.619500,25
56.773114,-2.428973,27
56.773168,-2.415688,40
56.796002,-2.332544,36
56.901447,-2.450916,33
56.872877,-2.412742,34
56.828910,-2.284662,49
56.841212,-2.286722,48
56.844724,-2.283192,70
56.843392,-2.280051,61
56.857345,-2.279434,31
56.919283,-2.354500,24
56.926734,-2.243972,20
57.020974,-2.163358,33
57.038568,-2.197034,32
56.995060,-2.230330,26
56.960694,-2.223113,65
56.963996,-2.225057,74
56.962938,-2.228734,63
56.966396,-2.234018,71
56.964634,-2.220062,78
56.960577,-2.207393,89
56.956862,-2.215692,55
56.970523,-2.232333,62
56.969422,-2.224892,67
56.966800,-2.219334,83
56.966844,-2.214697,81
56.973910,-2.227091,69
56.965463,-2.208078,83
56.973125,-2.213631,54
56.973059,-2.230688,70
56.968807,-2.236961,66
57.031702,-2.146683,39
57.030236,-2.155573,40
57.036567,-2.150360,35
57.061457,-2.136282,75
57.059268,-2.142259,74
57.057319,-2.141674,74
57.053553,-2.143044,64
57.054904,-2.140000,70
57.056241,-2.133559,71
57.102563,-2.152395,31
57.072592,-2.131606,59
57.066227,-2.127923,63
57.062496,-2.130597,88
57.056509,-2.116431,39
57.083705,-2.235648,21
57.081357,-2.345849,46
57.051867,-2.351328,16
57.172344,-2.411757,31
57.117955,-2.388333,26
57.158963,-2.526339,17
57.057661,-2.486095,54
57.055233,-2.488899,67
57.060115,-2.473877,49
57.052730,-2.485684,65
57.057404,-2.475788,58
57.061000,-2.477482,50
57.052050,-2.496654,80
57.054449,-2.498631,68
57.055323,-2.506968,67
57.057386,-2.496445,59
57.086033,-2.675334,57
57.106027,-2.622145,68
57.102418,-2.619872,68
57.074206,-2.484134,34
57.063090,-2.546252,32
57.116471,-2.629916,28
57.129474,-2.860558,67
57.129378,-2.689999,35
57.191110,-2.736023,18
57.282927,-2.879978,33
57.146328,-2.912446,24
57.187858,-2.496241,30
57.205660,-2.638039,28
57.235321,-2.707118,93
57.230608,-2.701777,91
57.235430,-2.702051,81
57.234096,-2.720413,69
57.227363,-2.525607,30
57.228808,-2.692716,54
57.308864,-2.627824,28
57.239895,-2.448960,77
57.232254,-2.450474,76
57.234859,-2.442968,81
57.236900,-2.439911,71
57.239088,-2.446167,68
57.282571,-2.390446,70
57.291022,-2.385127,77
57.286652,-2.389560,73
57.290051,-2.391106,68
57.289145,-2.402345,63
57.294518,-2.401739,59
57.293993,-2.397403,64
57.293139,-2.394656,68
57.279089,-2.386362,59
57.270490,-2.369375,64
57.273172,-2.370447,72
57.278604,-2.374515,68
57.281187,-2.381790,77
57.284169,-2.375999,91
57.287170,-2.381719,91
57.288987,-2.406606,42
57.245911,-2.437003,42
57.293371,-2.368460,59
57.272994,-2.347958,24
57.294799,-2.403983,44
57.305855,-2.471606,29
57.350374,-2.469152,23
57.228222,-2.348266,52
57.232398,-2.355014,56
57.233889,-2.345453,59
57.234806,-2.341850,61
57.238065,-2.346022,73
57.235856,-2.355262,59
57.216582,-2.375542,28
57.238325,-2.352420,53
57.269682,-2.305494,24
57.207482,-2.287420,45
57.207319,-2.291689,41
57.211310,-2.286936,37
57.203088,-2.287816,38
57.161904,-2.282802,60
57.158530,-2.276891,64
57.141839,-2.322455,29
57.157267,-2.302488,42
57.157494,-2.282239,75
57.161307,-2.314639,40
57.155715,-2.274622,74
57.153041,-2.273181,86
57.151369,-2.285862,69
57.153425,-2.293928,69
57.156069,-2.292593,63
57.154779,-2.287409,74
57.150840,-2.292833,67
57.153163,-2.306008,51
57.148393,-2.302052,54
57.149585,-2.306970,48
57.155658,-2.299202,62
57.265624,-2.184682,32
57.268327,-2.191344,47
57.264263,-2.193810,31
57.238677,-2.241969,22
57.260997,-2.158865,25
57.263486,-2.184820,40
57.233899,-2.114206,31
57.250509,-2.060993,37
57.229822,-2.089746,31
57.248015,-2.054709,47
57.247807,-2.057923,45
57.252748,-2.087514,30
57.367699,-2.060954,67
57.364547,-2.076226,95
57.373453,-2.069028,51
57.373007,-2.062309,51
57.360245,-2.074389,81
57.359647,-2.083097,68
57.360010,-2.090146,60
57.361628,-2.088521,64
57.369533,-2.100727,63
57.372840,-2.098159,60
57.371311,-2.089010,64
57.373735,-2.091410,56
57.372388,-2.076542,63
57.365089,-2.084323,78
57.293827,-2.027880,27
57.315704,-2.007576,31
57.320653,-2.004323,32
57.426990,-1.985967,18
57.396590,-2.099520,30
57.345525,-2.050183,32
57.424515,-2.240415,45
57.371430,-2.224488,41
57.383477,-2.190964,28
57.310211,-2.153897,31
57.338750,-2.180132,56
57.340164,-2.184026,48
57.326666,-2.199369,28
57.333726,-2.321227,79
57.336929,-2.322484,79
57.337392,-2.317039,86
57.336160,-2.328208,60
57.343126,-2.417622,36
57.342159,-2.318276,53
57.431993,-2.389338,56
57.383477,-2.322926,17
57.466173,-2.307985,18
57.424798,-2.374625,24
57.402922,-2.467028,29
57.410697,-2.465778,47
57.344282,-2.541199,28
57.345608,-2.610505,37
57.435525,-2.582304,14
57.344390,-2.617197,52
57.341436,-2.615138,75
57.452148,-2.804983,44
57.442558,-2.761073,30
57.350424,-2.743877,23
57.263264,-2.707687,31
57.333364,-2.834375,35
57.466520,-2.855478,19
57.449540,-2.791262,79
57.448065,-2.780133,72
57.443621,-2.785420,83
57.445080,-2.790616,86
57.446976,-2.797655,69
57.527265,-2.430245,34
57.544778,-2.476042,35
57.493535,-2.641617,18
57.466841,-2.442504,22
57.540513,-2.465930,83
57.542724,-2.470402,64
57.540897,-2.461776,82
57.537844,-2.458881,94
57.538230,-2.451620,82
57.537246,-2.442973,76
57.667104,-2.710808,39
57.612490,-2.697992,22
57.681908,-2.696089,66
57.681410,-2.688701,69
57.676721,-2.577448,61
57.645351,-2.568339,31
57.581905,-2.636567,18
57.562576,-2.623811,35
57.559370,-2.630826,34
57.666375,-2.523411,82
57.665818,-2.536158,73
57.666501,-2.527536,82
57.663097,-2.531794,75
57.660468,-2.531136,67
57.664646,-2.490920,79
57.670274,-2.494231,91
57.669886,-2.485308,68
57.666326,-2.488361,83
57.667048,-2.499065,84
57.543501,-2.330672,36
57.631054,-2.461848,27
57.670446,-2.334995,60
57.625288,-2.326108,20
57.657687,-2.195806,16
57.595644,-2.197581,24
57.542317,-2.312169,22
57.591906,-2.198346,71
57.513303,-2.190857,59
57.520931,-2.133382,65
57.547129,-2.025468,33
57.520402,-2.124165,28
57.587062,-2.091060,71
57.590958,-2.105505,25
57.531097,-2.191185,20
57.521532,-1.994964,61
57.523311,-2.000306,75
57.521981,-2.010975,64
57.523517,-2.006701,77
57.442476,-2.143326,21
57.470256,-2.239548,19
57.503757,-2.044326,59
57.512843,-2.028698,27
57.414439,-1.862239,33
57.441342,-1.889758,29
57.420537,-1.852826,58
57.417600,-1.861428,56
57.471315,-1.783882,59
57.471909,-1.779110,62
57.424548,-1.917816,60
57.490693,-1.795845,62
57.495503,-1.799038,75
57.499781,-1.800383,74
57.499296,-1.805775,65
57.496591,-1.805288,66
57.501055,-1.811288,68
57.502729,-1.801351,78
57.505543,-1.797364,84
57.502218,-1.796398,92
57.512983,-1.793184,68
57.514630,-1.789418,66
57.510064,-1.793534,70
57.508587,-1.790755,82
57.506573,-1.784275,90
57.506751,-1.778266,87
57.509209,-1.776432,75
57.512811,-1.786858,71
57.516511,-1.815015,41
57.511106,-1.810669,63
57.504411,-1.814675,59
57.509232,-1.813232,62
57.506516,-1.810926,64
57.514352,-1.801155,61
57.562902,-1.973482,30
57.515832,-1.940881,36
57.500685,-1.821919,37
57.515081,-1.820046,32
57.558601,-1.840238,40
57.517772,-1.939960,39
57.599787,-1.917089,43
57.618355,-1.934557,19
57.673424,-1.931391,56
57.657197,-1.965154,24
57.676506,-1.934352,58
57.659039,-1.910788,48
57.647369,-2.039546,30
57.669812,-2.068286,23
57.695343,-2.062279,65
57.695379,-2.113459,44
57.697926,-2.117829,49
57.681570,-2.011161,66
57.688496,-2.008781,78
57.682027,-2.017265,83
57.679457,-2.025161,63
57.677265,-2.028278,47
57.679585,-2.015520,67
57.682691,-2.024576,73
57.683660,-2.028518,69
57.689337,-2.027617,71
57.692116,-2.008229,91
57.689933,-2.011717,88
57.688108,-2.018123,91
57.685037,-2.016964,92
57.695716,-2.018093,68
57.693040,-2.018176,78
57.694047,-2.007843,81
57.690398,-2.021999,82
56.487579,-3.086133,40
56.497208,-3.067859,81
56.496584,-3.059866,66
56.495598,-3.053357,72
56.507242,-3.022095,27
56.524725,-2.943874,31
56.530754,-3.069111,22
56.504505,-3.137404,24
56.496458,-2.895661,37
56.510400,-2.883283,35
56.520336,-2.862889,39
56.536589,-2.813519,21
56.514040,-2.817455,36
56.485891,-2.836465,52
56.506727,-2.718695,62
56.510815,-2.704425,39
56.476783,-2.840178,66
56.479399,-2.829341,80
56.481074,-2.828761,69
56.482946,-2.837553,60
56.484615,-2.827247,67
56.484708,-2.821241,77
56.486710,-2.825604,62
56.486370,-2.810349,69
56.486430,-2.814880,68
56.480841,-2.816481,93
56.482986,-2.811316,77
56.499222,-2.743666,52
56.497545,-2.741554,50
56.496795,-2.736277,51
56.498965,-2.730910,68
56.501932,-2.728985,62
56.498220,-2.723148,65
56.499452,-2.715130,69
56.502098,-2.723725,65
56.502186,-2.714695,72
56.501715,-2.709065,69
56.503219,-2.698826,56
56.505515,-2.698040,54
56.508558,-2.701605,48
56.506691,-2.712472,62
56.578934,-2.744303,19
56.574817,-2.632779,32
56.585067,-2.600355,34
56.574899,-2.603775,42
56.572008,-2.601434,42
56.563109,-2.611707,54
56.563606,-2.607468,61
56.560549,-2.609762,67
56.560041,-2.612601,63
56.555732,-2.617346,58
56.556841,-2.605505,67
56.556269,-2.595604,67
56.561882,-2.596197,69
56.564774,-2.594453,65
56.559321,-2.590641,77
56.557260,-2.589552,75
56.557486,-2.585374,82
56.560494,-2.581971,95
56.558139,-2.578356,93
56.563219,-2.579296,87
56.563917,-2.570357,73
56.566976,-2.577124,77
56.569867,-2.575589,79
56.567426,-2.573014,81
56.567638,-2.567988,78
56.570094,-2.567130,72
56.567714,-2.563010,67
56.565203,-2.585477,73
56.566079,-2.584498,74
56.568320,-2.583670,69
56.569305,-2.591855,54
56.573358,-2.583927,65
56.574307,-2.584674,59
56.574967,-2.597086,48
56.629791,-2.532802,27
56.693676,-2.484070,22
56.701136,-2.462006,46
56.698913,-2.477198,57
56.708632,-2.470510,79
56.711124,-2.467290,93
56.707224,-2.462685,73
56.710165,-2.459307,78
56.712430,-2.459024,76
56.715042,-2.459612,75
56.714823,-2.465376,90
56.715814,-2.469521,86
56.720197,-2.464903,73
56.720864,-2.469127,68
56.723918,-2.471795,59
56.726196,-2.467918,60
56.728747,-2.468032,53
56.723177,-2.477521,57
56.730120,-2.468408,52
56.743317,-2.475602,46
56.741672,-2.482938,51
56.762087,-2.506787,26
56.619179,-2.645285,23
56.638355,-2.659797,50
56.724954,-2.786225,20
56.748803,-2.661586,25
56.726631,-2.642682,69
56.727706,-2.646753,76
56.727894,-2.652051,76
56.730046,-2.649294,69
56.735725,-2.645599,68
56.731592,-2.657803,76
56.734370,-2.660761,77
56.738346,-2.658166,74
56.739037,-2.665125,63
56.735596,-2.668432,68
56.576406,-2.879711,15
56.621725,-2.789602,26
56.626643,-2.774612,43
56.629184,-2.766139,47
56.632196,-2.858090,35
56.658887,-2.855531,36
56.651609,-2.933179,34
56.606753,-3.006715,29
56.648938,-2.901850,57
56.649391,-2.892646,77
56.649416,-2.885406,76
56.647712,-2.879838,77
56.652310,-2.874970,67
56.647716,-2.866449,62
56.644480,-2.873191,70
56.643210,-2.873586,71
56.644261,-2.880018,83
56.645865,-2.885698,92
56.641078,-2.884249,89
56.640862,-2.891858,83
56.636963,-2.891848,70
56.633821,-2.897675,65
56.637009,-2.897881,73
56.636553,-2.902614,61
56.639133,-2.901176,70
56.640943,-2.896849,81
56.558034,-3.144379,46
56.568201,-3.125093,19
56.638180,-3.116219,25
56.662701,-3.037997,60
56.666945,-2.990176,35
56.668295,-3.004521,88
56.670769,-3.009662,87
56.673636,-3.015042,76
56.674102,-3.004104,97
56.675077,-2.995693,79
56.678063,-3.008617,74
56.683147,-3.004329,65
56.684523,-3.006324,53
56.691135,-3.185968,6
56.723568,-2.985012,12
56.712604,-2.857861,16
56.804677,-2.760119,11
56.809506,-2.656366,68
56.517364,-6.899989,12
56.583554,-6.187489,18
56.622538,-6.070411,70
56.341251,-6.349479,16
56.478973,-5.714875,16
56.407312,-5.485698,14
56.399644,-5.480554,62
56.402766,-5.472473,76
56.400811,-5.464577,58
56.405110,-5.463250,57
56.408706,-5.462263,69
56.408467,-5.465987,97
56.410717,-5.474901,87
56.414945,-5.470324,71
56.420613,-5.463444,51
56.419524,-5.471812,64
56.423249,-5.474601,58
56.452098,-5.400075,37
56.446356,-5.443631,54
56.491248,-5.402102,23
56.555444,-5.402837,5
56.459995,-5.382839,22
56.432221,-5.234828,41
56.387218,-5.433910,17
56.406797,-4.978541,13
56.258682,-5.476745,10
56.290062,-5.614262,8
56.225948,-5.079921,60
56.115526,-5.253890,33
56.138214,-5.484141,11
56.070991,-5.462763,31
56.041798,-5.436405,76
56.036911,-5.431426,80
56.036054,-5.424107,52
56.021373,-5.448924,45
56.013160,-5.450052,53
56.010557,-5.603441,8
55.800242,-5.474879,23
55.862244,-5.415496,81
55.861287,-5.412422,69
55.881832,-5.903402,17
55.742976,-6.378472,22
55.789555,-6.224841,26
55.755632,-6.284451,80
55.629867,-6.186165,80
55.599691,-5.683692,22
55.583301,-5.484586,33
55.415398,-5.694826,32
55.313670,-5.644339,29
55.431053,-5.602707,63
55.429650,-5.609410,82
55.429831,-5.615467,70
55.424581,-5.606306,88
55.422551,-5.609552,85
55.418970,-5.610853,77
55.421559,-5.600829,73
55.859079,-5.080725,51
55.855843,-5.064550,53
55.843339,-5.030829,49
55.808272,-5.022769,24
55.839403,-5.060140,77
55.836926,-5.062150,75
55.836069,-5.057578,86
55.833972,-5.062013,76
55.831231,-5.053301,80
55.834680,-5.051622,81
55.836830,-5.052254,82
55.892271,-5.244918,51
56.009153,-5.214973,7
55.880471,-4.973897,23
55.890981,-4.962641,39
56.054308,-4.912642,19
55.986230,-4.906410,37
56.167123,-5.066168,31
56.195914,-4.745576,35
55.987759,-4.958482,63
55.979246,-4.936331,54
55.968473,-4.911168,61
55.960291,-4.917332,77
55.956170,-4.918240,75
55.961111,-4.922137,80
55.960659,-4.929443,90
55.953197,-4.924953,83
55.952275,-4.924419,91
55.955105,-4.935079,79
55.951743,-4.933943,82
55.948797,-4.929315,92
55.947073,-4.931475,77
55.943869,-4.936936,60
55.986238,-4.816678,57
55.988445,-4.843843,56
56.003725,-4.852843,27
56.010950,-4.799625,62
56.023651,-4.817751,33
56.075900,-4.838989,44
56.085995,-4.833479,66
56.082468,-4.826966,64
56.034203,-4.796847,36
56.020125,-4.779057,40
56.017248,-4.772303,44
56.009937,-4.756424,58
56.007864,-4.753437,64
56.014154,-4.743856,57
56.016250,-4.732868,55
56.013389,-4.722445,55
56.009738,-4.708631,55
56.007151,-4.710214,64
56.009358,-4.716915,58
56.012035,-4.723489,69
56.008651,-4.735460,81
56.005090,-4.743630,77
56.005074,-4.736683,94
56.003109,-4.727577,87
56.006010,-4.724043,73
56.005239,-4.712118,63
56.002829,-4.712189,66
56.001652,-4.717448,72
55.997673,-4.712854,61
55.995057,-4.709207,58
55.998859,-4.705126,51
56.046052,-4.652787,27
55.963671,-4.650877,33
55.960058,-4.648387,46
55.965721,-4.652107,43
55.966620,-4.657922,46
56.130257,-3.842424,64
56.133430,-3.846566,68
56.133297,-3.842215,79
56.130937,-3.835344,69
56.128240,-3.837838,58
56.130625,-3.827943,47
56.133408,-3.827496,70
56.135157,-3.824698,60
56.137107,-3.829522,50
56.136642,-3.836034,81
56.135908,-3.843708,70
56.139400,-3.824562,48
56.148765,-3.859424,55
56.149979,-3.855812,73
56.148765,-3.849878,52
56.148853,-3.847612,63
56.153032,-3.814196,68
56.153471,-3.804460,86
56.151244,-3.809314,73
56.151023,-3.802300,96
56.151782,-3.796459,84
56.155151,-3.795232,75
56.153324,-3.788014,76
56.138172,-3.770621,59
56.142815,-3.737936,61
56.144369,-3.741788,66
56.151000,-3.741187,78
56.152826,-3.746792,85
56.156715,-3.748192,76
56.156819,-3.744043,71
56.154362,-3.741098,73
56.154437,-3.734500,57
56.157433,-3.734265,59
56.155371,-3.731338,68
56.161559,-3.680795,71
56.162890,-3.670144,71
56.169393,-3.667044,57
56.167158,-3.665466,57
56.189870,-3.612288,37
56.105159,-3.739550,51
56.105136,-3.746962,71
56.106566,-3.750001,74
56.111732,-3.753854,66
56.107340,-3.754378,69
56.112189,-3.772837,53
56.127818,-3.766412,49
56.126246,-3.775125,60
56.127725,-3.774774,68
56.132183,-3.775978,65
56.131041,-3.780977,58
56.129159,-3.790625,57
56.127274,-3.785501,74
56.119968,-3.784889,65
56.117394,-3.783901,70
56.113771,-3.780292,62
56.111825,-3.785011,66
56.109081,-3.788985,58
56.113856,-3.792423,83
56.120160,-3.794566,67
56.123796,-3.792966,50
56.125798,-3.792496,49
56.123792,-3.801235,62
56.122208,-3.804491,58
56.123881,-3.808108,61
56.127446,-3.808871,57
56.127920,-3.818225,43
56.125382,-3.814775,56
56.120766,-3.808477,56
56.120177,-3.800857,70
56.114854,-3.797938,65
56.116656,-3.808735,57
56.113996,-3.806889,54
54.911467,-5.046528,49
54.911020,-5.040330,60
54.905721,-5.041179,58
54.905790,-5.034475,66
54.900981,-5.035174,59
54.902108,-5.031093,66
54.902620,-5.025343,83
54.901978,-5.019710,89
54.906172,-5.008666,70
54.898829,-5.027758,72
54.897083,-5.032868,51
54.894526,-5.026889,68
54.893506,-5.028497,62
54.972635,-5.083669,16
54.929638,-5.095191,24
54.845506,-5.111286,29
54.895941,-4.954493,37
54.908138,-5.002243,47
54.846853,-4.997080,36
54.805963,-4.963514,24
54.689875,-4.894565,27
54.879848,-4.884958,14
54.878730,-4.810366,28
54.913575,-4.608862,28
54.936055,-4.516519,30
54.889340,-4.468288,36
54.868259,-4.443496,86
54.793141,-4.394205,33
54.774456,-4.457849,24
54.759248,-4.583191,52
54.732200,-4.414390,69
54.700474,-4.368595,27
54.954226,-4.487026,73
54.956742,-4.483136,88
54.957645,-4.490424,77
54.966202,-4.489563,71
54.966520,-4.483239,68
54.959926,-4.475100,88
55.000675,-4.450589,17
54.901829,-4.376631,38
54.880426,-4.211552,27
54.883084,-4.188873,71
54.960484,-4.060760,21
54.865944,-4.085170,28
54.842458,-4.052483,57
54.836050,-4.054042,94
54.832775,-4.055246,87
54.840133,-4.044843,84
54.846310,-4.038817,64
54.866940,-4.027422,34
54.842806,-3.873055,27
54.904608,-3.955643,29
54.918973,-3.978294,34
54.942708,-3.933167,71
54.945354,-3.927844,72
54.943208,-3.921434,79
54.937188,-3.929873,74
54.934783,-3.879698,43
54.935577,-3.822869,79
54.932006,-3.826032,91
54.932561,-3.818393,79
54.928152,-3.818116,81
54.926340,-3.822123,79
54.881918,-3.791045,20
54.971245,-3.849341,29
55.045394,-3.726895,21
55.036936,-3.834479,13
55.009018,-3.870017,29
54.981317,-3.982405,33
55.105212,-4.160116,65
55.097699,-4.115526,16
55.382075,-4.000766,59
55.381700,-3.998426,65
55.379833,-3.987788,72
55.369020,-3.928415,63
55.366669,-3.921311,96
55.363839,-3.919564,85
55.374518,-3.867747,14
55.266092,-3.774641,23
55.242619,-3.765888,79
55.238589,-3.765536,83
55.231018,-3.816544,30
55.196380,-3.920409,44
55.141630,-3.778747,20
55.204603,-3.717438,35
55.173126,-3.545121,21
55.129200,-3.566763,24
55.133667,-3.624382,31
55.110143,-3.656757,34
55.091815,-3.653680,44
55.071304,-3.779995,14
55.071208,-3.638311,57
55.075013,-3.639422,64
55.080744,-3.643636,63
55.085840,-3.640915,71
55.082435,-3.636843,71
55.077848,-3.635074,70
55.082260,-3.633154,75
55.086920,-3.633470,65
55.082092,-3.627586,71
55.083094,-3.622535,58
55.080545,-3.622228,67
55.074133,-3.619196,78
55.071946,-3.622773,90
55.074770,-3.630750,71
55.069125,-3.630161,79
55.067230,-3.621987,82
55.063028,-3.624370,66
55.064950,-3.615020,71
55.062170,-3.616568,70
55.060761,-3.611704,71
55.060156,-3.607813,67
55.058609,-3.616707,55
55.053094,-3.642675,41
54.979142,-3.618871,31
54.878263,-3.597444,21
55.003960,-3.421457,19
55.003253,-3.571685,28
55.046317,-3.600230,51
55.058824,-3.599758,77
55.062632,-3.589685,73
55.061422,-3.585284,73
55.059686,-3.581943,64
55.059820,-3.577815,61
55.063492,-3.574671,58
55.065102,-3.577365,70
55.065061,-3.584661,78
55.067897,-3.582909,71
55.064124,-3.593800,66
55.067466,-3.595953,75
55.065977,-3.603223,89
55.068148,-3.607632,87
55.072680,-3.606749,67
55.077868,-3.596978,61
55.072740,-3.596742,70
55.070044,-3.591921,75
55.108696,-3.585886,59
55.106328,-3.583425,63
55.104019,-3.583396,76
55.098804,-3.575902,54
55.097718,-3.579276,55
55.092050,-3.589458,70
55.088975,-3.588850,65
55.095760,-3.579857,52
55.094393,-3.574444,54
55.094843,-3.567409,44
55.074338,-3.587909,66
55.069617,-3.579156,63
55.078260,-3.523605,34
55.053510,-3.500451,30
55.096857,-3.423936,22
55.129029,-3.441532,56
55.132562,-3.442993,52
55.136210,-3.424723,27
55.116185,-3.363710,70
55.118560,-3.355434,79
55.123227,-3.351938,85
55.124947,-3.359633,94
55.129488,-3.350502,70
55.197878,-3.427788,34
55.306595,-3.450188,47
55.335009,-3.445802,79
55.332467,-3.437323,76
55.330968,-3.432524,67
55.278288,-3.425714,29
55.202844,-3.082256,14
55.149551,-2.998480,83
55.151793,-3.004546,94
55.152582,-3.011251,71
55.080271,-2.953112,45
55.059968,-3.079306,16
55.026732,-3.146525,41
55.058632,-3.199101,41
55.061415,-3.265070,61
55.142938,-3.243611,13
55.072616,-3.363779,26
55.033979,-3.405793,22
54.985725,-3.338359,33
55.019876,-3.270425,42
54.982040,-3.267058,70
54.985219,-3.264767,94
54.990952,-3.262212,81
54.988259,-3.255845,77
54.990770,-3.258033,79
54.994414,-3.257632,67
54.996665,-3.253716,55
54.995269,-3.247045,63
54.991183,-3.251185,70
54.991367,-3.247220,76
54.991191,-3.244214,59
54.999898,-3.198709,37
54.979895,-3.255521,62
54.984494,-3.182232,50
54.984613,-3.172734,49
54.986347,-3.173676,43
54.995896,-3.088183,36
54.997312,-3.074450,70
54.994488,-3.068560,92
54.991381,-3.065179,74
54.994342,-3.060553,78
55.005220,-3.060152,74
56.456239,-3.025202,58
56.460126,-3.029932,53
56.460693,-3.018912,60
56.459412,-3.010699,66
56.458638,-3.000942,77
56.455998,-2.997336,81
56.454912,-2.993900,80
56.453976,-2.988424,84
56.454901,-2.987409,86
56.458073,-2.983873,73
56.457345,-2.995229,94
56.459828,-2.993655,83
56.461144,-2.988675,80
56.459483,-2.997476,89
56.461544,-2.994836,89
56.462797,-2.999835,82
56.464332,-2.996613,78
56.463867,-2.992982,75
56.467203,-2.991560,72
56.463265,-2.989704,74
56.465231,-2.980780,77
56.468305,-2.978311,89
56.465537,-2.973939,80
56.461258,-2.971996,77
56.459409,-2.970537,79
56.461282,-2.956157,58
56.467680,-2.951303,83
56.466775,-2.960288,86
56.462317,-2.966359,81
56.464785,-2.968953,80
56.466240,-2.969072,85
56.468348,-2.966042,81
56.470199,-2.967144,80
56.469392,-2.973876,90
56.469070,-2.975945,93
56.472080,-2.975925,94
56.474628,-2.979789,90
56.477288,-2.981952,93
56.480114,-2.964198,73
56.478542,-2.967600,83
56.475591,-2.963580,85
56.476546,-2.968913,82
56.472694,-2.968636,83
56.475958,-2.975229,89
56.472625,-2.963715,84
56.468737,-2.962237,89
56.470152,-2.959367,98
56.472078,-2.956575,98
56.472657,-2.954885,97
56.469676,-2.952278,92
56.468302,-2.956935,98
56.475143,-2.956409,95
56.472673,-2.945714,71
56.477003,-2.946975,74
56.479721,-2.955761,87
56.468928,-2.943219,76
56.470092,-2.931885,69
56.472438,-2.925661,78
56.471454,-2.919046,66
56.470104,-2.916952,66
56.469454,-2.925848,69
56.475983,-2.918977,74
56.478579,-2.919008,80
56.478573,-2.913715,77
56.481020,-2.913335,78
56.481738,-2.917103,74
56.481309,-2.907042,78
56.475265,-2.907872,50
56.473314,-2.906786,59
56.471760,-2.901928,62
56.472702,-2.889532,71
56.477780,-2.899344,73
56.477786,-2.903419,75
56.480307,-2.901433,67
56.478904,-2.895474,66
56.475626,-2.885218,67
56.469667,-2.884251,90
56.466570,-2.877654,93
56.472310,-2.875141,79
56.468104,-2.868990,87
56.465655,-2.871028,85
56.473487,-2.870087,76
56.474035,-2.863655,68
56.477026,-2.862505,61
56.476713,-2.868635,66
56.476079,-2.877030,63
56.465761,-2.863613,71
56.472657,-2.857634,71
56.472442,-2.851087,73
56.476284,-2.844907,69
56.477404,-2.853260,67
56.479467,-2.857609,58
56.483929,-2.842316,45
56.481437,-2.849421,51
56.482224,-2.860367,54
56.480193,-2.869608,44
56.487485,-2.857075,35
56.489513,-2.898144,57
56.491571,-2.896796,59
56.490857,-2.906020,66
56.489959,-2.913404,61
56.486404,-2.922786,62
56.491186,-2.921213,74
56.489672,-2.931472,65
56.489834,-2.933815,77
56.492270,-2.933599,68
56.493091,-2.928357,64
56.493941,-2.926412,67
56.494498,-2.934823,54
56.493515,-2.907513,53
56.492993,-2.939074,70
56.487687,-2.939787,73
56.491806,-2.945054,69
56.490062,-2.947625,82
56.489733,-2.954145,56
56.488275,-2.955684,60
56.494647,-2.965833,39
56.496924,-2.958322,46
56.484217,-2.942429,73
56.480782,-2.941613,68
56.479922,-2.938880,76
56.479435,-2.930767,70
56.480809,-2.931986,72
56.482334,-2.934702,73
56.486950,-2.934994,66
56.491400,-2.959336,54
56.488317,-2.977999,72
56.484360,-2.982979,68
56.488992,-2.989173,78
56.492349,-2.977047,60
56.490157,-2.979280,68
56.492601,-2.985028,62
56.491119,-2.991729,80
56.495214,-2.994175,68
56.497590,-3.009247,56
56.495328,-3.006734,65
56.497211,-3.001748,69
56.493277,-3.002619,74
56.490521,-3.001263,74
56.487880,-3.001243,76
56.486953,-2.996980,77
56.486277,-2.989411,86
56.482735,-2.979495,71
56.479865,-2.991257,76
56.476131,-3.003076,70
56.471935,-3.005384,78
56.469216,-2.999403,79
56.468969,-2.994316,71
56.470980,-2.979825,92
56.474239,-2.984633,87
56.472432,-2.989261,82
56.474299,-2.995154,86
56.464808,-3.002290,73
56.466912,-3.005429,86
56.466044,-3.016004,76
56.470322,-3.019171,74
56.467246,-3.021782,75
56.465309,-3.031095,66
56.467172,-3.031859,69
56.469865,-3.031040,74
56.469568,-3.040787,73
56.467228,-3.043417,77
56.466729,-3.048191,69
56.474295,-3.030949,72
56.476532,-3.033169,68
56.475279,-3.038979,67
56.472097,-3.035970,83
56.472684,-3.047365,73
56.479329,-3.022952,67
56.478112,-3.016944,78
56.477877,-3.012749,70
56.471444,-3.007205,93
56.471168,-3.014616,82
56.473336,-3.013213,78
56.474194,-3.026856,73
56.487259,-3.020080,60
56.486652,-3.013048,64
56.488552,-3.009234,64
56.490566,-3.015589,61
56.492683,-3.011650,69
56.493482,-3.017194,59
56.494500,-3.014736,58
56.496423,-3.016817,58
56.500119,-3.009769,56
56.495291,-3.024470,52
56.480730,-3.067866,42
56.468647,-3.052984,65
56.458037,-3.039059,59
55.328709,-4.397534,40
55.308872,-4.397975,64
55.313389,-4.395411,74
55.321960,-4.392870,87
55.326288,-4.402290,86
55.397632,-4.593362,48
55.398100,-4.582748,39
55.363715,-4.502110,62
55.359777,-4.496923,57
55.354993,-4.496574,56
55.399982,-4.539229,30
55.400450,-4.447586,35
55.469651,-4.439912,30
55.460763,-4.368022,50
55.500390,-4.328740,58
55.501978,-4.326094,63
55.505008,-4.333589,60
55.528892,-4.359659,32
55.432345,-4.456310,56
55.434486,-4.462039,62
55.434500,-4.468458,45
55.436924,-4.461005,48
55.513411,-4.383981,69
55.513458,-4.372785,79
55.514786,-4.371962,77
55.516899,-4.383004,76
55.521796,-4.384472,64
55.442034,-4.286691,30
55.387377,-4.204591,44
55.476586,-4.211200,29
55.457679,-4.234800,68
55.460477,-4.229707,55
55.517877,-4.081928,44
55.524727,-4.064862,54
55.510921,-4.291302,36
55.389366,-4.177829,67
55.391303,-4.175582,85
55.390906,-4.180676,76
55.398608,-4.183217,81
55.442278,-4.240949,54
55.443786,-4.249873,68
55.441774,-4.250802,69
55.447326,-4.265033,69
55.450305,-4.259970,79
55.451217,-4.252415,67
55.452648,-4.249887,68
55.450690,-4.267345,83
55.455901,-4.256763,79
55.456004,-4.264787,77
55.458067,-4.270347,63
55.459841,-4.272094,61
55.473962,-4.286989,63
55.473247,-4.290144,75
55.469359,-4.298114,72
55.474152,-4.296526,77
55.589232,-4.363614,28
55.620435,-4.326183,29
55.657448,-4.419903,21
55.658744,-4.443863,33
55.674440,-4.531016,36
55.727816,-4.536017,21
55.712414,-4.534986,62
55.684948,-4.514371,75
55.685076,-4.504626,81
55.680732,-4.505621,78
55.681435,-4.513429,86
55.678132,-4.507490,72
55.683005,-4.524093,62
55.680771,-4.521722,69
55.677560,-4.525746,71
55.611970,-4.275345,51
55.613684,-4.285163,57
55.610612,-4.283110,67
55.609168,-4.282963,68
55.607914,-4.289955,65
55.608563,-4.321399,54
55.607153,-4.324190,53
55.606287,-4.332871,68
55.605169,-4.344378,62
55.600107,-4.370603,63
55.596648,-4.377965,65
55.598015,-4.385350,73
55.601670,-4.383159,79
55.599661,-4.388974,73
55.597154,-4.394472,67
55.594561,-4.444343,50
55.596130,-4.448552,54
55.597896,-4.451948,65
55.597885,-4.458312,62
55.600529,-4.457779,67
55.607034,-4.465506,54
55.600811,-4.439176,31
55.581789,-4.495150,54
55.582594,-4.499756,60
55.586778,-4.500847,57
55.588624,-4.495806,58
55.588137,-4.492379,58
55.585647,-4.491047,54
55.586832,-4.485361,55
55.589236,-4.482514,60
55.591632,-4.490252,57
55.593646,-4.490649,62
55.595585,-4.483216,59
55.590365,-4.506091,53
55.592300,-4.498024,62
55.597184,-4.485079,62
55.604739,-4.491892,66
55.604784,-4.484369,72
55.606363,-4.489804,73
55.608387,-4.486661,70
55.608376,-4.480103,78
55.605015,-4.476048,68
55.610729,-4.472185,72
55.611813,-4.475492,75
55.611387,-4.481849,69
55.615867,-4.470555,59
55.616708,-4.476087,58
55.619330,-4.479302,55
55.619536,-4.471358,56
55.621350,-4.474522,52
55.623506,-4.468796,49
55.635690,-4.481465,41
55.633820,-4.482347,40
55.632581,-4.486733,46
55.633777,-4.492895,35
55.632274,-4.492545,36
55.628928,-4.481593,54
55.626697,-4.487012,47
55.622326,-4.491150,60
55.630237,-4.491494,53
55.627804,-4.492721,55
55.628279,-4.501616,53
55.624361,-4.500223,59
55.624854,-4.507339,55
55.626582,-4.509848,51
55.622254,-4.511398,45
55.622680,-4.505087,64
55.621869,-4.501223,69
55.622085,-4.495503,58
55.618483,-4.494496,60
55.617482,-4.498180,62
55.614497,-4.496037,67
55.610752,-4.502945,77
55.609528,-4.505630,80
55.611595,-4.510939,77
55.613341,-4.513448,70
55.613740,-4.519397,66
55.607861,-4.516369,65
55.603458,-4.511069,63
55.606023,-4.504295,81
55.600720,-4.505624,69
55.600633,-4.509016,70
55.599115,-4.515523,61
55.599108,-4.520253,56
55.603614,-4.528830,37
55.608434,-4.549100,51
55.610128,-4.552767,57
55.613762,-4.546174,55
55.621417,-4.546290,47
55.600803,-4.541715,43
55.635964,-4.529183,62
55.640166,-4.525926,66
55.640390,-4.533775,62
55.947032,-4.348586,47
55.942674,-4.342893,59
55.942328,-4.339814,64
55.946214,-4.339151,59
55.941758,-4.332429,70
55.945899,-4.331124,76
55.943051,-4.326773,70
55.949907,-4.329235,54
55.943662,-4.322470,69
55.945857,-4.318101,64
55.945869,-4.307387,53
55.940791,-4.308382,57
55.937739,-4.301923,45
55.939588,-4.318335,77
55.938381,-4.322778,76
55.936472,-4.324873,65
55.933828,-4.322105,67
55.929991,-4.327799,42
55.930061,-4.319767,63
55.926026,-4.317877,60
55.922379,-4.324446,75
55.920299,-4.329891,79
55.925604,-4.328817,59
55.926094,-4.336610,64
55.930222,-4.335049,52
55.934966,-4.357319,44
55.931572,-4.357145,59
55.930954,-4.349006,53
55.927972,-4.350795,51
55.927803,-4.356820,59
55.923709,-4.356603,59
55.924409,-4.350563,73
55.923426,-4.346934,66
55.921261,-4.337455,80
55.918094,-4.342818,60
55.911460,-4.341954,70
55.908134,-4.346218,75
55.905858,-4.340192,45
55.908933,-4.340122,50
55.910356,-4.332383,49
55.907460,-4.327265,50
55.905128,-4.327525,53
55.906968,-4.323347,62
55.912785,-4.325615,69
55.917635,-4.327698,81
55.918428,-4.312798,67
55.913866,-4.314062,73
55.911555,-4.317909,66
55.910332,-4.312732,62
55.913977,-4.308116,62
55.918003,-4.309123,56
55.942992,-4.209961,40
55.937773,-4.220824,35
55.938454,-4.210936,40
55.918361,-4.219330,61
55.915222,-4.219935,60
55.916884,-4.224479,57
55.914980,-4.230867,63
55.914875,-4.238126,50
55.911077,-4.230482,67
55.912206,-4.224707,67
55.916724,-4.211891,60
55.911076,-4.214145,66
55.909013,-4.218412,75
55.906384,-4.231093,72
55.908021,-4.236467,63
55.905038,-4.235895,67
55.903233,-4.232368,71
55.897907,-4.231166,67
55.901022,-4.222946,70
55.902715,-4.222755,79
55.901585,-4.214148,66
55.899100,-4.216422,71
55.898799,-4.206631,71
55.901015,-4.196327,61
55.905359,-4.197629,60
55.904165,-4.202073,67
55.900503,-4.205864,68
55.904145,-4.214214,68
55.905125,-4.208687,77
55.906665,-4.203030,71
55.909631,-4.206015,70
55.911244,-4.198218,61
55.924588,-4.174068,56
55.923265,-4.171112,59
55.926792,-4.164747,61
55.930267,-4.158793,69
55.929459,-4.156667,71
55.926815,-4.151142,65
55.925438,-4.154331,63
55.917526,-4.151939,65
55.917972,-4.142890,57
55.922257,-4.146584,60
55.921686,-4.138070,57
55.926443,-4.145183,56
55.933650,-4.136904,77
55.933523,-4.145286,79
55.931242,-4.149818,76
55.932956,-4.159727,71
55.938582,-4.171970,74
55.937859,-4.161441,82
55.937963,-4.158581,85
55.942109,-4.151782,69
55.937755,-4.151524,75
55.941212,-4.145471,77
55.941489,-4.139882,73
55.939113,-4.136965,70
55.937369,-4.138086,71
55.939031,-4.127193,66
55.937885,-4.124328,66
55.934327,-4.120131,60
55.938766,-4.119653,38
55.950376,-4.088127,51
55.954927,-4.093193,36
55.946488,-4.121100,46
55.943110,-4.122597,55
55.944685,-4.127631,56
55.946104,-4.128222,58
55.943631,-4.131417,66
55.943831,-4.137001,64
55.957165,-4.167516,41
55.960338,-4.163384,51
55.961918,-4.169096,44
55.964329,-4.158736,59
55.964324,-4.164119,57
55.971839,-4.187440,59
55.972872,-4.196521,75
55.975254,-4.195021,69
55.973105,-4.204644,54
55.977956,-4.207260,54
55.918428,-3.036385,48
55.919625,-3.038225,57
55.935663,-3.018948,50
55.934163,-3.014587,55
55.935624,-3.014993,66
55.938419,-3.018140,59
55.939202,-3.008203,60
55.931527,-3.060808,56
55.934036,-3.064686,55
55.932778,-3.065804,51
55.935081,-3.070573,52
55.936646,-3.068407,51
55.937706,-3.066291,52
55.936754,-3.051634,64
55.939447,-3.063506,57
55.939378,-3.071476,59
55.935767,-3.076467,52
55.937830,-3.074827,55
55.945051,-3.073058,61
55.944772,-3.062739,70
55.941872,-3.060466,67
55.942564,-3.058323,76
55.944882,-3.058403,68
55.944613,-3.048820,72
55.946706,-3.047900,60
55.940512,-3.049238,76
55.938739,-3.041122,64
55.938244,-3.034913,50
55.940539,-3.037568,53
55.942743,-3.034136,68
55.944687,-3.031578,62
55.943595,-3.024616,63
55.942274,-3.019250,59
55.942033,-3.024415,62
55.951758,-2.987710,75
55.954449,-2.984928,83
55.953634,-2.990256,75
55.956420,-2.992426,75
55.956437,-2.984690,92
55.959908,-2.976497,78
55.962007,-2.978024,80
55.956022,-2.976944,90
55.956171,-2.966105,85
55.957622,-2.968992,85
55.958771,-2.964568,73
55.961986,-2.968108,71
55.962258,-2.972439,69
55.969493,-2.960653,79
55.970868,-2.957210,81
55.966798,-2.954819,61
55.968330,-2.949601,62
55.970947,-2.949345,74
55.969723,-2.944909,66
55.969263,-2.941597,63
55.966910,-2.921226,53
55.949695,-2.951947,53
55.947043,-2.953243,75
55.946913,-2.945666,67
55.944920,-2.945425,76
55.941685,-2.944290,80
55.939008,-2.941904,67
55.937353,-2.944473,75
55.940327,-2.950341,81
55.940554,-2.952380,87
55.942214,-2.959609,70
55.946448,-2.962756,67
55.940061,-2.957939,73
55.936567,-2.961246,65
55.936698,-2.956015,59
55.938046,-2.951341,63
55.934722,-2.957039,54
55.922759,-2.963273,58
55.912258,-2.944391,61
55.911999,-2.941905,71
55.908549,-2.947676,43
55.939536,-2.907480,62
55.942786,-2.905363,56
55.971748,-2.904966,53
55.974092,-2.903947,59
55.978527,-2.893250,65
56.006544,-2.859128,40
56.009350,-2.861308,51
55.908407,-2.895860,51
55.910703,-2.881499,41
55.898877,-2.839363,27
55.901829,-2.740507,29
55.920317,-2.746956,25
55.950499,-2.780141,34
55.956922,-2.805480,53
55.952903,-2.796204,66
55.958863,-2.792850,68
55.957397,-2.783371,77
55.960172,-2.772166,70
55.959383,-2.773224,68
55.956621,-2.783803,83
55.951547,-2.790395,63
55.953973,-2.774861,73
55.954589,-2.768339,67
55.952761,-2.763259,56
55.988422,-2.744279,28
56.034137,-2.827533,52
56.034503,-2.822438,54
56.036944,-2.825555,59
56.036806,-2.831410,56
56.048424,-2.781780,34
56.058562,-2.737553,57
56.055756,-2.737965,58
56.056254,-2.729882,69
56.058836,-2.718593,92
56.052168,-2.729451,43
56.053958,-2.719980,81
56.053490,-2.712392,77
56.056364,-2.707869,69
56.055071,-2.698260,59
56.025084,-2.651446,28
55.990842,-2.668263,43
55.989365,-2.663893,68
55.986346,-2.657109,48
55.975281,-2.599974,27
55.957559,-2.449021,26
55.989628,-2.517132,42
55.994656,-2.530553,45
55.999241,-2.527746,77
55.998896,-2.532840,71
56.001939,-2.529194,72
56.003087,-2.523389,82
56.003755,-2.514210,86
56.001334,-2.512911,94
55.996208,-2.507729,74
55.992606,-2.511737,64
55.997609,-2.516293,52
55.992053,-2.517244,63
55.779364,-4.438351,73
55.786968,-4.420116,91
55.784618,-4.420337,81
55.782877,-4.433387,59
55.784359,-4.430273,96
55.779648,-4.426711,85
55.778179,-4.434625,64
55.766082,-4.495951,37
55.804551,-4.398898,71
55.800551,-4.405816,50
55.810702,-4.405150,56
55.808807,-4.401904,60
55.807818,-4.396370,56
55.810510,-4.397971,60
55.798681,-4.392042,88
55.800691,-4.385751,77
55.798965,-4.380189,85
55.800650,-4.382749,73
55.806041,-4.385616,75
55.801540,-4.395680,78
55.799436,-4.399413,78
55.808341,-4.383826,69
55.808915,-4.381562,66
55.793782,-4.398076,56
55.795866,-4.395842,75
55.795885,-4.392062,76
55.793409,-4.389518,70
55.796631,-4.404042,67
55.797465,-4.377800,77
55.793464,-4.375099,70
55.792620,-4.385290,79
55.792104,-4.378973,70
55.794895,-4.383833,87
55.777797,-4.353240,52
55.782228,-4.339568,68
55.782648,-4.337344,68
55.781193,-4.344816,64
55.780204,-4.334008,66
55.781343,-4.325098,69
55.784592,-4.325339,58
55.770241,-4.339886,77
55.772331,-4.340585,68
55.773042,-4.346176,53
55.773711,-4.353519,47
55.779435,-4.350771,64
55.778899,-4.345412,62
55.776639,-4.346552,62
55.776222,-4.338283,63
55.772804,-4.328926,77
55.786608,-4.307053,67
55.778975,-4.310094,74
55.776259,-4.314924,78
55.772081,-4.313943,75
55.768468,-4.314383,71
55.764551,-4.329055,50
55.767611,-4.317887,75
55.771713,-4.324875,69
55.768227,-4.333308,75
55.766671,-4.336228,56
55.769332,-4.349413,38
55.736924,-4.271908,61
55.739748,-4.282953,47
55.742281,-4.280584,58
55.742317,-4.272811,67
55.746298,-4.271911,54
55.758904,-4.277921,57
55.763526,-4.285539,39
55.772360,-4.306243,72
55.776141,-4.307869,81
55.776675,-4.301395,71
55.777265,-4.296757,63
55.779630,-4.274028,70
55.782297,-4.271695,83
55.779024,-4.268395,62
55.778084,-4.258437,57
55.780305,-4.263270,64
55.784608,-4.291958,66
55.783478,-4.290392,59
55.785903,-4.284665,72
55.784243,-4.278268,81
55.781424,-4.283414,71
55.786473,-4.270439,89
55.786774,-4.277490,93
55.789280,-4.281417,78
55.791146,-4.294623,66
55.788976,-4.295357,63
55.790098,-4.290589,65
55.790237,-4.286051,72
55.793314,-4.282451,87
55.791681,-4.270183,73
55.791677,-4.273836,76
55.796613,-4.267870,69
55.794706,-4.267504,65
55.794584,-4.264832,55
55.799484,-4.274483,71
55.798802,-4.266657,66
55.801119,-4.268180,73
55.806592,-4.269695,76
55.807213,-4.274487,69
55.802452,-4.273874,69
55.804681,-4.279190,56
55.806128,-4.281126,63
55.800841,-4.288045,64
55.803192,-4.290162,61
55.807517,-4.291485,78
55.809830,-4.287950,77
55.810921,-4.282907,71
55.794080,-4.306904,63
55.794081,-4.294365,64
55.796444,-4.291504,74
55.800618,-4.294207,71
55.802378,-4.297151,77
55.806000,-4.297157,89
55.805720,-4.302534,80
55.808258,-4.311445,84
55.809912,-4.295137,83
55.802877,-4.317493,77
55.800518,-4.312965,82
55.799757,-4.310415,71
55.804184,-4.303449,74
55.804679,-4.310100,83
55.806545,-4.316993,86
55.878155,-3.346410,43
55.876776,-3.341024,46
55.880736,-3.336333,60
55.879690,-3.340789,63
55.880858,-3.342444,73
55.882691,-3.344090,68
55.887704,-3.348324,46
55.891526,-3.330676,55
55.899431,-3.314233,49
55.896394,-3.315858,74
55.895653,-3.326291,45
55.893093,-3.322030,73
55.898233,-3.310291,74
55.897064,-3.306077,70
55.901990,-3.302564,57
55.901330,-3.297808,54
55.910560,-3.293365,58
55.909709,-3.287961,60
55.909015,-3.283843,63
55.905136,-3.282723,62
55.903313,-3.286981,57
55.896886,-3.260269,51
55.900816,-3.259901,62
55.901612,-3.255912,56
55.903954,-3.268512,59
55.905615,-3.263368,60
55.908464,-3.267700,62
55.905774,-3.236196,59
55.908490,-3.240426,59
55.905545,-3.246474,61
55.911281,-3.261072,55
55.917281,-3.262179,56
55.910827,-3.274672,67
55.912528,-3.274344,66
55.912080,-3.282057,88
55.912722,-3.279038,73
55.914376,-3.278180,76
55.915000,-3.293289,69
55.918373,-3.297209,71
55.919387,-3.294731,77
55.920515,-3.292624,80
55.918828,-3.287240,75
55.916534,-3.284044,75
55.918824,-3.279879,67
55.918410,-3.275625,69
55.917168,-3.274880,66
55.921173,-3.273444,65
55.924689,-3.272327,75
55.922907,-3.277757,74
55.923000,-3.281809,75
55.920549,-3.285089,71
55.925550,-3.281125,70
55.925978,-3.276258,71
55.927276,-3.280190,71
55.929951,-3.280438,70
55.929220,-3.275516,76
55.929623,-3.269624,71
55.932591,-3.269369,65
55.932719,-3.262186,70
55.934383,-3.262880,64
55.936515,-3.256514,60
55.932305,-3.249911,68
55.931903,-3.256765,71
55.930811,-3.265117,61
55.928225,-3.268361,78
55.925156,-3.261811,73
55.921018,-3.265837,55
55.922168,-3.260562,63
55.923423,-3.255546,69
55.928715,-3.253892,62
55.928104,-3.248575,64
55.928420,-3.243127,83
55.933368,-3.243431,64
55.931519,-3.239690,81
55.931937,-3.237414,79
55.934785,-3.236545,79
55.935861,-3.242198,72
55.937664,-3.240687,79
55.937584,-3.235289,83
55.936536,-3.234071,89
55.936555,-3.232119,85
55.938281,-3.230269,90
55.941507,-3.224767,94
55.942331,-3.225994,84
55.943630,-3.223618,83
55.935292,-3.233519,80
55.934470,-3.231236,85
55.931710,-3.232285,75
55.933507,-3.229653,79
55.932455,-3.226978,72
55.935603,-3.226646,78
55.928251,-3.231326,66
55.925514,-3.234552,62
55.924336,-3.243572,62
55.922059,-3.239451,62
55.919984,-3.244729,64
55.914209,-3.246240,64
55.921949,-3.222629,56
55.922735,-3.220350,64
55.924867,-3.220129,62
55.924882,-3.210431,78
55.922051,-3.212327,72
55.920260,-3.216240,64
55.916573,-3.211036,61
55.915124,-3.219470,56
55.917069,-3.224475,48
55.915386,-3.229270,43
55.911412,-3.222329,53
55.910380,-3.229400,66
55.911253,-3.235474,79
55.908640,-3.233552,72
55.907034,-3.231485,63
55.905336,-3.227832,66
55.907056,-3.224832,69
55.909336,-3.225063,61
55.904990,-3.220160,67
55.903419,-3.224573,61
55.901444,-3.228925,56
55.901140,-3.219671,55
55.903485,-3.217873,64
55.900329,-3.213616,54
55.901877,-3.209650,61
55.907867,-3.212748,59
55.910337,-3.213721,65
55.908550,-3.203539,54
55.906521,-3.202484,53
55.907341,-3.198575,48
55.902796,-3.194676,37
55.900934,-3.196730,49
55.897862,-3.204919,49
55.898656,-3.149177,48
55.900649,-3.140680,52
55.904710,-3.130947,67
55.905860,-3.173192,47
55.904228,-3.170072,63
55.900645,-3.168860,53
55.899393,-3.159738,76
55.896259,-3.157614,64
55.900742,-3.154741,71
55.903976,-3.160611,74
55.905734,-3.159032,74
55.906902,-3.159931,73
55.905847,-3.146959,67
55.902610,-3.144304,69
55.907179,-3.142807,68
55.905245,-3.139200,69
55.904314,-3.135909,82
55.907186,-3.128508,88
55.908459,-3.134687,86
55.911697,-3.130414,71
55.914028,-3.133906,72
55.918222,-3.136093,62
55.917385,-3.139124,64
55.914355,-3.139323,74
55.910987,-3.138168,78
55.914221,-3.144135,77
55.911110,-3.144299,68
55.907807,-3.149768,62
55.911694,-3.153003,61
55.914074,-3.150258,77
55.911500,-3.161172,79
55.913902,-3.165644,73
55.914313,-3.171528,57
55.919390,-3.163041,68
55.918562,-3.161272,62
55.916312,-3.159716,70
55.920134,-3.156502,69
55.920661,-3.152070,61
55.922820,-3.151750,60
55.921848,-3.157738,65
55.922818,-3.166312,60
55.927010,-3.184699,65
55.929417,-3.182916,65
55.928712,-3.179565,58
55.929052,-3.176006,60
55.925536,-3.176252,53
55.927574,-3.171752,63
55.929980,-3.169120,64
55.930590,-3.159695,70
55.932698,-3.161055,72
55.934358,-3.160336,64
55.934165,-3.166429,74
55.933480,-3.169594,71
55.936444,-3.172517,72
55.938999,-3.176869,67
55.941949,-3.174781,73
55.940696,-3.177977,81
55.935038,-3.178669,70
55.933911,-3.179019,74
55.932063,-3.178675,66
55.933351,-3.182156,73
55.930014,-3.187144,76
55.927388,-3.191128,65
55.934337,-3.194495,84
55.937743,-3.183330,73
55.939235,-3.184144,75
55.938337,-3.186886,80
55.939228,-3.193269,93
55.938303,-3.192360,92
55.937129,-3.192980,92
55.935647,-3.196569,85
55.936761,-3.195642,91
55.937385,-3.198047,86
55.937848,-3.196669,90
55.938925,-3.197678,95
55.938380,-3.200175,91
55.935559,-3.200056,81
55.932103,-3.195995,76
55.924907,-3.200478,60
55.922178,-3.210395,77
55.924387,-3.205887,78
55.927868,-3.204619,78
55.929984,-3.206061,94
55.928529,-3.208737,97
55.926978,-3.210209,80
55.929005,-3.211472,77
55.932009,-3.217601,71
55.935608,-3.216177,79
55.934319,-3.212999,84
55.931710,-3.209668,87
55.935764,-3.207682,96
55.940425,-3.206002,85
55.939941,-3.209621,84
55.937730,-3.206942,97
55.935617,-3.208862,98
55.936472,-3.210585,92
55.937893,-3.212262,88
55.938272,-3.215748,87
55.937630,-3.218866,93
55.937166,-3.221300,82
55.937223,-3.224600,82
55.939562,-3.226115,93
55.938467,-3.222430,80
55.938976,-3.219116,93
55.939913,-3.217000,78
55.939734,-3.218804,95
55.942614,-3.222769,95
55.942685,-3.219249,93
55.944558,-3.219804,86
55.943624,-3.217021,92
55.944530,-3.216280,80
55.944273,-3.211293,71
55.945740,-3.210138,76
55.946651,-3.205235,73
55.945574,-3.200494,81
55.944988,-3.203470,90
55.943513,-3.201727,93
55.942667,-3.202789,91
55.942620,-3.204885,84
55.941442,-3.202159,94
55.942942,-3.198603,76
55.938264,-3.180512,73
55.939648,-3.179578,71
55.941250,-3.180219,76
55.941860,-3.182175,92
55.943588,-3.180963,92
55.942807,-3.184669,75
55.947612,-3.193287,78
55.947113,-3.196474,71
55.957558,-3.187715,70
55.950698,-3.188177,67
55.948253,-3.188247,73
55.949653,-3.185615,72
55.944771,-3.184105,89
55.944735,-3.182167,82
55.943551,-3.178208,82
55.947296,-3.181220,70
55.949588,-3.177430,62
55.952509,-3.179201,68
55.956764,-3.170201,71
55.954469,-3.168642,59
55.954758,-3.166649,66
55.958770,-3.170934,97
55.957387,-3.167064,80
55.956498,-3.161224,72
55.958601,-3.161206,74
55.958313,-3.151716,69
55.954541,-3.154390,62
55.954581,-3.149138,74
55.952878,-3.149632,69
55.951910,-3.147426,64
55.948680,-3.139244,69
55.945813,-3.141193,64
55.944925,-3.140078,55
55.935500,-3.140969,62
55.933260,-3.144201,64
55.931342,-3.143696,70
55.930781,-3.139294,68
55.931366,-3.137230,89
55.934272,-3.125022,77
55.931284,-3.125576,72
55.928862,-3.122208,69
55.932438,-3.121175,70
55.935810,-3.121913,65
55.935160,-3.116388,66
55.938887,-3.122515,70
55.941373,-3.111860,81
55.942297,-3.113023,84
55.941802,-3.107182,73
55.945717,-3.107502,68
55.938584,-3.108306,85
55.938313,-3.112477,86
55.934507,-3.111055,69
55.934284,-3.089728,61
55.939520,-3.097127,51
55.946922,-3.087248,62
55.943749,-3.095421,61
55.946185,-3.097347,68
55.949100,-3.097926,70
55.949019,-3.102984,73
55.951828,-3.107324,80
55.950934,-3.111846,90
55.952456,-3.114452,83
55.954055,-3.111535,85
55.955365,-3.114632,69
55.954018,-3.117556,79
55.957456,-3.119929,64
55.949556,-3.121142,80
55.944977,-3.120722,86
55.941270,-3.120294,78
55.944219,-3.130883,70
55.946938,-3.128368,79
55.950324,-3.130469,71
55.952827,-3.128940,68
55.952030,-3.132568,74
55.953507,-3.137079,90
55.948266,-3.134444,71
55.950507,-3.137904,72
55.953538,-3.144431,75
55.956134,-3.146414,73
55.956396,-3.131623,76
55.957944,-3.131443,77
55.960902,-3.132186,65
55.957906,-3.136488,81
55.956932,-3.143731,72
55.959595,-3.141374,72
55.961745,-3.144962,72
55.960734,-3.148408,71
55.959378,-3.148304,71
55.960320,-3.153297,81
55.961372,-3.156996,72
55.963093,-3.151665,81
55.964500,-3.151098,80
55.965249,-3.155606,93
55.963734,-3.158989,79
55.965329,-3.160511,80
55.966627,-3.161911,82
55.967617,-3.162742,85
55.968963,-3.161036,86
55.968411,-3.156646,79
55.968390,-3.151150,65
55.968289,-3.148503,64
55.979213,-3.180125,80
55.986327,-3.189735,53
55.984585,-3.192374,66
55.979895,-3.193335,85
55.979560,-3.189863,82
55.978461,-3.185519,84
55.975511,-3.184836,85
55.976711,-3.180594,84
55.977147,-3.178204,81
55.976220,-3.172759,72
55.977077,-3.167609,72
55.975699,-3.166029,77
55.974594,-3.163176,71
55.973377,-3.167433,89
55.974355,-3.168552,81
55.975393,-3.168984,81
55.973092,-3.170918,85
55.972484,-3.172518,95
55.974027,-3.173734,86
55.973976,-3.175255,93
55.973170,-3.178740,85
55.970663,-3.174113,92
55.968701,-3.176265,77
55.968535,-3.164452,92
55.969604,-3.169210,93
55.967426,-3.168648,85
55.966080,-3.170386,88
55.966665,-3.172134,89
55.965225,-3.173356,89
55.963865,-3.171809,84
55.962705,-3.163332,69
55.960886,-3.167618,74
55.960574,-3.170155,89
55.962308,-3.172050,81
55.963866,-3.175445,82
55.962421,-3.177147,79
55.962177,-3.179238,85
55.960879,-3.176812,84
55.959853,-3.172248,94
55.958337,-3.173948,97
55.956592,-3.174055,73
55.958761,-3.176524,93
55.958451,-3.181688,94
55.960238,-3.180909,94
55.964986,-3.181406,70
55.965315,-3.177139,81
55.967126,-3.177562,79
55.970295,-3.180591,85
55.969892,-3.184247,81
55.970591,-3.190069,68
55.972278,-3.189335,83
55.974191,-3.184715,93
55.975740,-3.187214,89
55.977444,-3.190263,87
55.974033,-3.193667,84
55.976731,-3.199023,84
55.979261,-3.199389,79
55.979744,-3.204180,74
55.978445,-3.208419,71
55.976166,-3.215398,73
55.971436,-3.214817,76
55.973509,-3.207816,77
55.974954,-3.205169,76
55.967476,-3.221839,60
55.970436,-3.208714,87
55.967070,-3.202889,75
55.971537,-3.198141,80
55.966963,-3.188884,68
55.965156,-3.191776,75
55.963676,-3.197994,87
55.962606,-3.193460,84
55.962457,-3.189371,80
55.964522,-3.186743,74
55.966411,-3.185567,66
55.962542,-3.182405,78
55.962465,-3.184758,77
55.959718,-3.185442,89
55.959489,-3.188735,83
55.957989,-3.190515,80
55.958701,-3.193068,80
55.956728,-3.197315,77
55.957196,-3.201926,85
55.957661,-3.206730,90
55.954138,-3.206780,76
55.960372,-3.194961,80
55.958749,-3.198323,84
55.960039,-3.201550,92
55.961981,-3.198599,98
55.961708,-3.204485,80
55.960029,-3.208085,69
55.959043,-3.206004,92
55.957978,-3.210103,92
55.955709,-3.213332,79
55.958278,-3.215238,84
55.959188,-3.215923,85
55.958851,-3.220045,60
55.957801,-3.221742,71
55.957801,-3.218090,75
55.954805,-3.218445,71
55.950433,-3.209916,70
55.951566,-3.217046,70
55.951484,-3.219942,65
55.948177,-3.218124,81
55.947220,-3.221297,77
55.947850,-3.231213,78
55.944708,-3.229960,75
55.944488,-3.234949,85
55.944259,-3.246085,79
55.943471,-3.251056,75
55.941207,-3.252824,72
55.940368,-3.254894,73
55.942491,-3.259894,76
55.946071,-3.252485,68
55.946918,-3.238965,80
55.950435,-3.242168,68
55.952798,-3.243045,67
55.953240,-3.237502,71
55.955668,-3.228354,64
55.957408,-3.228713,65
55.966547,-3.228570,57
55.966449,-3.233918,69
55.960416,-3.235168,61
55.957660,-3.238508,63
55.957516,-3.247473,81
55.959783,-3.253344,83
55.956966,-3.261694,70
55.959751,-3.263466,74
55.958830,-3.271813,69
55.962030,-3.269035,69
55.962474,-3.256395,83
55.965430,-3.257308,72
55.963978,-3.251670,74
55.962792,-3.246377,77
55.963833,-3.240275,67
55.966111,-3.245106,84
55.968374,-3.244346,90
55.971521,-3.249494,95
55.970983,-3.243997,83
55.972551,-3.242685,77
55.970465,-3.238340,84
55.972849,-3.235420,81
55.973947,-3.228901,67
55.971825,-3.227328,60
55.971987,-3.221853,66
55.974566,-3.224482,61
55.974135,-3.220879,75
55.976335,-3.217375,75
55.978100,-3.223376,72
55.976797,-3.228735,77
55.978245,-3.228653,73
55.979819,-3.227581,68
55.982408,-3.226493,61
55.977799,-3.233655,78
55.974752,-3.234728,78
55.975683,-3.238587,94
55.975206,-3.244902,78
55.974228,-3.247466,73
55.974418,-3.251799,91
55.976599,-3.252879,80
55.975393,-3.257519,74
55.973164,-3.261933,80
55.970525,-3.258146,87
55.968618,-3.258356,79
55.966346,-3.259997,72
55.969697,-3.261820,72
55.970516,-3.265131,68
55.967449,-3.266377,69
55.963730,-3.265358,81
55.964840,-3.271066,81
55.968431,-3.272193,66
55.970701,-3.269031,65
55.967437,-3.279642,66
55.975329,-3.296552,69
55.972634,-3.306733,66
55.969221,-3.304054,62
55.966579,-3.309172,56
55.960165,-3.316596,39
55.961881,-3.308965,56
55.961995,-3.295689,55
55.959667,-3.296621,70
55.958852,-3.288665,74
55.958359,-3.282578,69
55.953591,-3.285671,57
55.952677,-3.288892,57
55.953516,-3.292779,68
55.955931,-3.292187,67
55.958000,-3.303004,59
55.955003,-3.306058,56
55.954825,-3.301648,57
55.952592,-3.302854,56
55.951063,-3.308968,67
55.947420,-3.310206,62
55.949331,-3.304538,54
55.946481,-3.303001,65
55.942301,-3.306575,67
55.943701,-3.299962,80
55.947305,-3.298113,70
55.950816,-3.299191,63
55.947034,-3.292323,77
55.949052,-3.284944,56
55.953336,-3.280794,53
55.945531,-3.287357,75
55.946481,-3.276452,60
55.943821,-3.276445,66
55.942209,-3.272517,69
55.941732,-3.287231,96
55.939971,-3.286357,83
55.938160,-3.283383,78
55.939601,-3.274433,72
55.937514,-3.270282,55
55.935303,-3.270338,58
55.934655,-3.273118,71
55.936902,-3.281692,73
55.933412,-3.278536,75
55.931903,-3.283688,61
55.933895,-3.283914,67
55.934402,-3.286220,69
55.937023,-3.288148,73
55.937141,-3.293146,77
55.939689,-3.296946,69
55.935249,-3.297037,54
55.934052,-3.298982,51
55.936644,-3.305328,56
55.938972,-3.308641,64
55.942559,-3.316078,50
55.921163,-3.383458,68
55.922861,-3.377902,59
55.936685,-3.386365,55
55.939092,-3.409425,43
55.951282,-3.408171,39
55.954421,-3.404713,57
55.957667,-3.400570,41
55.957666,-3.412455,53
55.981176,-3.373180,46
55.987856,-3.385776,74
55.981908,-3.384890,69
55.981604,-3.390377,75
55.984096,-3.392518,86
55.986205,-3.391119,81
55.989292,-3.401025,82
55.990663,-3.407631,77
55.988157,-3.410682,71
55.985583,-3.407895,55
55.986545,-3.416554,58
55.990400,-3.416503,62
56.955202,-7.494531,48
56.999715,-7.499874,23
57.124088,-7.373575,23
57.161605,-7.338902,48
57.352951,-7.364921,16
57.429587,-7.338326,38
57.472285,-7.390488,47
57.584097,-7.442536,12
57.607353,-7.178145,22
57.776733,-6.914821,14
57.897888,-6.797202,26
58.088901,-6.517328,13
58.142677,-6.456562,22
58.225136,-6.862995,16
58.220837,-6.747768,18
58.283950,-6.759292,21
58.335713,-6.621812,20
58.398004,-6.476376,25
58.468000,-6.311911,32
58.489204,-6.242489,34
58.346099,-6.213686,25
58.276853,-6.301155,34
58.247661,-6.336502,33
58.237240,-6.394484,38
58.225193,-6.407669,44
58.221162,-6.389203,66
58.217275,-6.382996,72
58.210839,-6.385507,79
58.207516,-6.368893,62
58.213148,-6.374340,83
58.214667,-6.379862,65
58.219038,-6.382975,55
58.202616,-6.340965,37
58.217084,-6.235202,28
58.199031,-6.225044,21
58.242140,-6.166589,18
56.033093,-3.916454,60
56.029965,-3.919942,68
56.028698,-3.911807,74
56.023917,-3.919337,76
56.027532,-3.920913,62
56.022900,-3.929235,45
56.022180,-3.916058,83
56.021941,-3.911168,94
56.024745,-3.905369,84
56.018826,-3.902864,68
56.016954,-3.903012,66
56.011961,-3.916146,62
56.018134,-3.917366,67
56.014760,-3.919316,62
56.014773,-3.915017,68
56.016984,-3.912720,73
56.019223,-3.910328,78
56.000743,-3.911660,63
56.004294,-3.911018,64
56.008530,-3.913714,51
56.008266,-3.908151,70
55.984240,-3.926346,44
55.994429,-3.923599,58
55.990109,-3.940058,68
55.988573,-3.949665,61
55.990301,-3.957480,65
55.987593,-3.953126,52
56.004192,-3.898439,68
56.000953,-3.897542,60
56.003190,-3.892904,75
56.005350,-3.890315,70
56.009409,-3.882862,61
56.003125,-3.878900,62
55.994222,-3.876992,55
55.991193,-3.874697,38
55.992444,-3.888049,37
55.994362,-3.893114,46
55.991940,-3.893428,45
56.029798,-3.841357,51
56.034059,-3.831641,54
56.034185,-3.823140,55
56.035414,-3.827500,52
56.027845,-3.828859,68
56.028137,-3.835260,63
56.017458,-3.827583,53
56.019317,-3.831874,78
56.022296,-3.835240,71
56.025660,-3.833185,69
56.019079,-3.819445,59
56.028644,-3.818626,83
56.023405,-3.821685,88
56.021588,-3.819963,70
56.020309,-3.814047,62
56.028875,-3.800438,54
56.029519,-3.804946,69
56.027357,-3.810237,77
56.029072,-3.811553,73
56.026286,-3.802982,56
56.030602,-3.798448,57
56.034751,-3.799925,58
56.033437,-3.809205,57
56.035572,-3.804570,62
56.033741,-3.814853,57
56.024110,-3.788278,60
56.028200,-3.786317,68
56.025502,-3.792675,68
56.028730,-3.791878,61
56.027222,-3.777542,64
56.028880,-3.780314,60
56.029512,-3.786907,60
56.030786,-3.782697,61
56.019845,-3.744744,55
56.051945,-3.774199,38
56.065019,-3.768020,40
56.064279,-3.765689,50
56.069488,-3.770297,52
56.018650,-3.778111,56
56.020888,-3.778695,48
56.017220,-3.790591,77
56.019437,-3.787004,60
56.017642,-3.784418,66
56.014731,-3.785599,70
56.019032,-3.796307,76
56.010853,-3.788388,67
56.011725,-3.792102,71
56.013585,-3.793968,76
56.015494,-3.798004,75
56.014255,-3.801588,57
56.005904,-3.787645,76
56.006314,-3.778538,89
56.006221,-3.781902,81
56.009682,-3.783618,68
56.003014,-3.772452,78
56.007734,-3.777288,75
56.010672,-3.776734,64
56.008612,-3.772469,75
56.001733,-3.766524,72
56.004180,-3.761311,72
56.001488,-3.759809,64
55.998729,-3.770508,59
55.996455,-3.773001,67
55.994719,-3.784915,78
55.995958,-3.781317,78
56.000659,-3.781822,76
56.001897,-3.794356,73
55.995863,-3.789073,80
55.994827,-3.796641,68
55.995174,-3.807336,63
55.996552,-3.802799,72
56.001736,-3.821259,69
56.003859,-3.819851,75
56.004721,-3.810766,66
56.001139,-3.814816,85
56.004799,-3.804820,69
56.002307,-3.834228,59
56.005277,-3.829718,67
56.003416,-3.825540,72
56.001355,-3.825138,65
56.000250,-3.803741,73
55.998412,-3.815666,68
55.996625,-3.824738,65
55.996931,-3.831984,57
55.993731,-3.792293,68
55.988004,-3.793759,45
55.984669,-3.793781,42
55.985907,-3.800748,38
55.989921,-3.804606,38
55.986238,-3.767355,43
55.985841,-3.773076,42
55.986649,-3.776880,47
55.986176,-3.784104,50
55.971043,-3.773520,56
55.973096,-3.763182,52
55.973803,-3.764641,51
55.934659,-3.838344,60
55.934164,-3.834206,55
55.966805,-3.751937,56
55.955544,-3.713658,35
55.933670,-3.745093,45
55.973384,-3.652992,62
55.982811,-3.742322,47
55.979488,-3.727539,45
55.982603,-3.728383,65
55.985925,-3.748361,48
55.977339,-3.732107,48
55.984467,-3.721702,60
55.982452,-3.721869,79
55.979187,-3.722012,57
55.981796,-3.712191,62
55.976021,-3.714484,62
55.976185,-3.706574,50
55.973535,-3.708428,58
55.971390,-3.708895,45
55.973072,-3.697768,64
55.969528,-3.696026,53
55.988527,-3.697868,51
55.985878,-3.700942,46
55.984262,-3.705423,58
55.993157,-3.709407,65
55.988674,-3.709946,64
55.992093,-3.704486,55
55.991173,-3.734313,53
55.988753,-3.730069,66
55.987171,-3.737084,69
55.989360,-3.722016,63
55.996272,-3.748732,66
55.993403,-3.747577,66
55.990836,-3.741657,52
55.996773,-3.740577,55
56.001218,-3.724885,55
56.003701,-3.733656,60
56.005090,-3.730687,70
56.003642,-3.726966,64
56.006142,-3.726179,70
56.008745,-3.729583,66
56.006785,-3.732880,64
56.010776,-3.725070,66
56.013906,-3.722916,72
56.016466,-3.724297,72
56.017933,-3.720913,78
56.018809,-3.712208,73
56.017880,-3.705365,64
56.006216,-3.713127,77
56.008957,-3.713104,90
56.008501,-3.709731,78
56.011435,-3.708112,78
56.014813,-3.711342,80
56.015066,-3.713872,78
56.000175,-3.716500,49
56.002025,-3.720463,62
56.008708,-3.720038,73
56.005951,-3.720541,67
56.002938,-3.712324,67
56.003455,-3.617504,63
56.002197,-3.624988,46
56.005770,-3.627319,60
56.008139,-3.621420,73
56.006914,-3.612019,73
56.004604,-3.608635,70
56.009490,-3.608100,88
56.007257,-3.604319,73
56.006364,-3.601844,79
56.006168,-3.596126,72
56.009515,-3.624734,81
56.010009,-3.620665,81
56.016613,-3.605556,84
56.013514,-3.604850,82
56.015252,-3.612783,88
55.993299,-3.543314,35
56.011995,-3.596543,74
56.016066,-3.582562,62
56.015994,-3.593002,70
56.009849,-3.590857,61
56.010258,-3.583527,60
56.073466,-3.715757,48
56.070751,-3.719733,61
56.067785,-3.713336,58
56.067557,-3.718080,66
56.088619,-3.602636,46
56.086164,-3.562822,58
56.085352,-3.570873,62
56.086030,-3.577570,46
56.082921,-3.562000,52
56.115661,-3.577898,36
56.112437,-3.567876,40
56.112920,-3.545927,24
56.084232,-3.539233,50
56.086288,-3.507301,30
56.057048,-3.568678,45
56.059531,-3.582478,47
56.063341,-3.594407,63
56.061508,-3.601302,56
56.055519,-3.626379,36
56.048331,-3.529374,38
56.059559,-3.528276,61
56.062611,-3.534259,49
56.060171,-3.535431,54
56.033072,-3.474862,46
56.036638,-3.498079,39
56.064150,-3.494583,51
56.064513,-3.505311,52
56.058356,-3.496656,46
56.086322,-3.460439,56
56.079909,-3.484267,47
56.081471,-3.488119,42
56.080609,-3.473062,42
56.079480,-3.478883,43
56.080317,-3.465145,57
56.077098,-3.473635,60
56.072928,-3.472190,63
56.075252,-3.470222,61
56.077121,-3.464172,72
56.079732,-3.443945,69
56.076143,-3.446574,75
56.081591,-3.449350,62
56.078759,-3.452521,70
56.076836,-3.458650,74
56.076084,-3.454605,73
56.068634,-3.458533,75
56.067429,-3.457106,80
56.063763,-3.464645,65
56.058571,-3.450092,77
56.066320,-3.451266,82
56.063325,-3.450784,87
56.067553,-3.441916,69
56.063204,-3.441962,83
56.071401,-3.443280,67
56.071670,-3.434134,59
56.073750,-3.439143,67
56.075337,-3.430912,70
56.078613,-3.434295,63
56.082689,-3.421399,58
56.098394,-3.405050,59
56.088379,-3.436748,65
56.088033,-3.440961,68
56.084397,-3.432968,58
56.081442,-3.434433,64
56.082078,-3.437734,64
56.070753,-3.408365,67
56.068152,-3.411900,74
56.066510,-3.414057,79
56.073156,-3.411955,66
56.074543,-3.417982,67
56.065303,-3.437672,67
56.072516,-3.424703,63
56.069654,-3.432870,71
56.073680,-3.421179,61
56.062759,-3.435457,64
56.067909,-3.419762,77
56.067377,-3.426939,72
56.064320,-3.426360,71
56.066293,-3.431284,68
56.062968,-3.427482,65
56.061359,-3.425223,64
56.063163,-3.418351,73
56.061840,-3.420085,66
56.060815,-3.398109,55
56.059381,-3.396997,53
56.062900,-3.408415,64
56.059201,-3.406546,62
56.060547,-3.413742,61
56.063938,-3.412726,62
56.052757,-3.410567,45
56.055334,-3.395695,42
56.056595,-3.410498,56
56.059016,-3.425778,59
56.057127,-3.417374,57
56.050296,-3.423835,53
56.050413,-3.414447,51
56.057075,-3.411688,56
56.060701,-3.440809,74
56.058165,-3.440264,67
56.058156,-3.432540,63
56.041533,-3.434813,67
56.043937,-3.439044,58
56.040316,-3.438990,60
56.043365,-3.427979,79
56.038390,-3.417507,78
56.041730,-3.410694,64
56.041262,-3.416279,78
56.043758,-3.423450,72
56.038023,-3.409548,73
56.037372,-3.422445,77
56.038661,-3.424418,75
56.035035,-3.423338,62
56.034856,-3.410684,81
56.033461,-3.416395,68
56.027505,-3.427201,48
56.031500,-3.428247,61
56.031704,-3.433165,55
56.029559,-3.436022,50
56.035156,-3.400151,73
56.032134,-3.401197,82
56.028316,-3.404284,77
56.009089,-3.394524,55
56.012006,-3.397212,60
56.032811,-3.388174,78
56.030112,-3.384498,67
56.029932,-3.389354,75
56.033625,-3.392552,81
56.030794,-3.372535,61
56.035621,-3.369063,68
56.036759,-3.364561,72
56.039888,-3.367577,69
56.029346,-3.368568,59
56.034177,-3.353396,79
56.030351,-3.355654,67
56.029330,-3.360272,63
56.032837,-3.362481,75
56.034774,-3.360367,77
56.039008,-3.355283,86
56.038817,-3.348150,71
56.041975,-3.341983,64
56.043555,-3.342985,66
56.079321,-3.403230,64
56.080701,-3.378840,45
56.084945,-3.376951,83
56.082971,-3.366966,58
56.083079,-3.371887,67
56.097073,-3.369893,67
56.100332,-3.363594,69
56.101449,-3.359277,73
56.102731,-3.351396,72
56.110449,-3.356314,72
56.116565,-3.351656,65
56.113126,-3.345730,92
56.117654,-3.351501,69
56.120309,-3.352768,61
56.116739,-3.342317,77
56.136213,-3.393154,58
56.133639,-3.392771,63
56.131534,-3.390587,64
56.140032,-3.386758,64
56.138494,-3.373990,57
56.136349,-3.374573,67
56.133386,-3.376864,76
56.132706,-3.384612,79
56.135955,-3.383345,79
56.158856,-3.319474,71
56.156977,-3.323837,78
56.154615,-3.323675,73
56.149066,-3.323355,58
56.164744,-3.323476,60
56.163457,-3.326974,64
56.160991,-3.327405,65
56.162032,-3.332513,57
56.137787,-3.263508,62
56.139806,-3.260227,75
56.141888,-3.248064,73
56.140509,-3.252944,65
56.148621,-3.263654,91
56.149080,-3.260128,82
56.146571,-3.271731,59
56.151912,-3.265211,61
56.131722,-3.314296,69
56.132843,-3.309443,74
56.129234,-3.306602,84
56.124898,-3.307967,83
56.124645,-3.304693,65
56.122276,-3.309502,81
56.120031,-3.331993,68
56.122626,-3.316270,75
56.126482,-3.314488,87
56.128819,-3.314358,88
56.057493,-3.298281,50
56.051045,-3.308982,43
56.104564,-3.344755,67
56.103077,-3.257354,35
56.062772,-3.231245,76
56.059512,-3.232843,83
56.058985,-3.242381,64
56.062486,-3.242767,65
56.064899,-3.243985,50
56.066244,-3.221814,61
56.065825,-3.231454,69
56.065340,-3.237655,65
56.064321,-3.223665,66
56.065286,-3.179044,63
56.069884,-3.176405,78
56.071968,-3.173657,68
56.074352,-3.175240,58
56.104097,-3.160551,82
56.103141,-3.165715,78
56.100409,-3.165810,81
56.095922,-3.166108,64
56.090884,-3.162082,51
56.088126,-3.161999,41
56.115216,-3.159085,76
56.116065,-3.155781,73
56.108937,-3.161822,79
56.107112,-3.163793,83
56.120782,-3.164415,75
56.117213,-3.166527,76
56.118319,-3.163537,72
56.113494,-3.171207,73
56.115494,-3.178167,77
56.116472,-3.174498,75
56.120531,-3.173865,79
56.119959,-3.181038,81
56.107465,-3.339068,83
56.105664,-3.352624,79
56.107674,-3.352888,83
56.106590,-3.359153,73
56.107609,-3.181463,58
56.116198,-3.194625,51
56.115315,-3.187489,53
56.127852,-3.201035,73
56.127483,-3.205705,63
56.123887,-3.202263,63
56.121749,-3.193896,66
56.129699,-3.189461,72
56.125335,-3.188200,85
56.125642,-3.191829,71
56.128519,-3.194396,65
56.123016,-3.181775,82
56.125403,-3.180223,81
56.128145,-3.180018,81
56.128566,-3.176347,76
56.131554,-3.181490,76
56.124092,-3.171593,82
56.135127,-3.178027,72
56.137264,-3.173490,60
56.138316,-3.179090,70
56.141233,-3.175575,59
56.139521,-3.183649,59
56.132797,-3.190506,71
56.131564,-3.199076,71
56.135111,-3.190915,58
56.138237,-3.190996,57
56.133958,-3.183832,65
56.132999,-3.209450,63
56.130380,-3.154602,66
56.127447,-3.155029,76
56.124386,-3.165264,78
56.121705,-3.158974,70
56.122229,-3.163413,76
56.118311,-3.153838,72
56.122596,-3.143350,75
56.120558,-3.145123,78
56.125854,-3.137864,68
56.123907,-3.133673,68
56.134468,-3.136188,64
56.131590,-3.144325,74
56.127126,-3.145109,75
56.128453,-3.140515,76
56.131375,-3.139347,69
56.130909,-3.118578,57
56.129823,-3.120494,64
56.126749,-3.121595,72
56.130190,-3.130431,67
56.127845,-3.136347,67
56.157610,-3.072230,40
56.166279,-3.059927,54
56.159205,-3.065528,55
56.150744,-3.089842,43
56.173055,-3.241199,67
56.174018,-3.235657,65
56.164039,-3.150587,54
56.163807,-3.147473,79
56.168053,-3.143992,70
56.191064,-3.217415,63
56.192128,-3.211519,61
56.199370,-3.220660,72
56.201655,-3.219540,81
56.204242,-3.218671,63
56.201628,-3.212221,74
56.192754,-3.209073,67
56.199825,-3.197111,80
56.198265,-3.197691,86
56.197816,-3.202350,77
56.192426,-3.204051,67
56.193871,-3.198666,70
56.195310,-3.191055,80
56.195542,-3.181844,75
56.198894,-3.183656,78
56.190802,-3.186130,70
56.188728,-3.196185,53
56.189951,-3.201702,57
56.192663,-3.191586,83
56.193744,-3.187623,77
56.192501,-3.179495,68
56.193536,-3.176449,74
56.192870,-3.169902,75
56.192327,-3.164616,78
56.194581,-3.161880,78
56.178747,-3.162159,56
56.178683,-3.171806,56
56.175505,-3.169535,55
56.176079,-3.162046,60
56.174576,-3.155590,51
56.188088,-3.176814,62
56.183755,-3.155060,69
56.186164,-3.157872,68
56.185341,-3.161279,68
56.190029,-3.163499,71
56.184843,-3.167386,67
56.183487,-3.161658,69
56.191206,-3.153850,77
56.195038,-3.147664,65
56.192196,-3.144968,75
56.203684,-3.183578,58
56.208414,-3.186964,43
56.206971,-3.196833,51
56.212035,-3.195363,48
56.214678,-3.196074,49
56.202635,-3.173890,57
56.213333,-3.189292,54
56.212137,-3.182839,54
56.214202,-3.182064,54
56.209606,-3.175006,59
56.207458,-3.166525,61
56.206219,-3.171243,67
56.218651,-3.176282,56
56.215189,-3.174629,58
56.211930,-3.160131,64
56.214710,-3.158828,55
56.211476,-3.152943,37
56.202356,-3.150106,65
56.205241,-3.138328,68
56.202741,-3.132742,75
56.200442,-3.139379,63
56.216097,-3.108417,37
56.188699,-3.122709,66
56.185189,-3.130227,75
56.193412,-3.097143,44
56.195350,-3.061373,60
56.192511,-3.057185,65
56.196631,-3.053463,63
56.178914,-3.028766,76
56.176978,-3.030341,77
56.175931,-3.035242,73
56.171603,-3.032790,72
56.169907,-3.036884,63
56.175748,-3.039925,68
56.178669,-3.041969,71
56.192231,-3.031878,60
56.188965,-3.027053,77
56.188532,-3.031537,75
56.185195,-3.033027,79
56.187249,-3.042024,65
56.189705,-3.039513,63
56.184452,-3.013174,84
56.184870,-3.018018,78
56.186246,-3.026594,83
56.182325,-3.022720,77
56.189001,-3.007332,75
56.188724,-3.014801,73
56.186697,-3.013362,82
56.189794,-3.020179,71
56.198606,-2.991725,74
56.200834,-2.997359,75
56.197880,-3.000473,84
56.197033,-2.995149,89
56.196575,-3.028095,61
56.197900,-3.017799,71
56.199782,-3.006309,75
56.198920,-3.012830,78
56.200892,-3.001342,73
56.204377,-3.009218,58
56.206279,-3.007366,53
56.205047,-2.997468,58
56.221829,-2.926075,25
56.213521,-2.949399,42
56.215834,-2.944151,37
56.213883,-2.938476,31
56.206690,-3.043406,58
56.209264,-3.041767,62
56.207704,-3.048850,72
56.215571,-3.054498,52
56.212423,-3.049591,61
56.216175,-3.045808,53
56.247280,-3.006892,30
56.255975,-3.119108,42
56.262414,-3.117520,48
56.275281,-3.079977,33
56.277910,-3.129649,60
56.276237,-3.123915,67
56.248416,-3.151648,41
56.248748,-3.157532,63
56.245379,-3.157479,50
56.251422,-3.199431,47
56.251360,-3.210420,40
56.291952,-3.237004,51
56.291927,-3.233190,65
56.293835,-3.231022,37
56.278854,-3.230411,43
56.277581,-3.271070,50
56.351875,-3.164377,21
56.352062,-3.232364,74
56.351979,-3.238009,80
56.348990,-3.242135,56
56.294712,-3.059536,50
56.313305,-3.020543,68
56.317836,-3.022362,75
56.316196,-3.033861,39
56.296520,-3.064563,45
56.317549,-3.015725,79
56.323529,-3.015092,74
56.322214,-3.022139,72
56.320088,-3.018477,80
56.321229,-3.014012,79
56.317856,-3.006745,70
56.321604,-3.005469,67
56.316073,-3.000668,59
56.313286,-3.002001,58
56.293208,-2.968871,37
56.294417,-2.978564,42
56.343666,-2.949135,43
56.277431,-2.884847,22
56.197638,-2.818414,41
56.220834,-2.845565,39
56.190764,-2.826615,46
56.257793,-2.857824,30
56.215593,-2.724216,88
56.214475,-2.732579,85
56.204992,-2.770261,54
56.207314,-2.765278,56
56.223434,-2.691579,72
56.227130,-2.684565,59
56.221314,-2.707392,78
56.226557,-2.698683,78
56.224780,-2.695086,78
56.233760,-2.687910,61
56.259235,-2.631547,43
56.262559,-2.624402,46
56.300200,-2.658110,23
56.331423,-2.789919,67
56.334590,-2.784954,59
56.332031,-2.794557,73
56.329965,-2.797279,69
56.330242,-2.801748,76
56.339708,-2.796754,78
56.338226,-2.795252,80
56.340622,-2.791581,75
56.335441,-2.793916,74
56.334678,-2.800677,74
56.341025,-2.798675,70
56.330576,-2.831415,40
56.329908,-2.829315,55
56.328977,-2.822066,65
56.328577,-2.810430,74
56.330773,-2.807080,76
56.338103,-2.803143,75
56.352107,-2.923551,34
56.334962,-2.874340,36
56.334250,-2.823489,53
56.340980,-2.802879,60
56.377379,-2.889333,44
56.361145,-2.891723,49
56.384930,-2.877444,47
56.382018,-2.883951,69
56.380454,-2.877665,63
56.414610,-2.905615,39
56.401114,-3.010416,31
56.380740,-2.930867,40
56.376597,-2.931009,61
56.373570,-2.995633,19
56.449714,-2.880380,80
56.449297,-2.893414,65
56.447426,-2.882388,88
56.444034,-2.879389,72
56.444279,-2.875145,64
56.432470,-2.954801,60
56.435654,-2.944972,77
56.441148,-2.937323,81
56.444700,-2.935724,71
56.429354,-2.968554,61
56.423697,-2.978510,45
55.799105,-4.329236,65
55.809337,-4.329975,80
55.804956,-4.328309,78
55.800808,-4.331874,68
55.805171,-4.331178,93
55.796476,-4.330914,57
55.807997,-4.342774,70
55.809768,-4.338491,66
55.806728,-4.354666,58
55.809677,-4.345189,64
55.809049,-4.363409,67
55.808082,-4.353886,59
55.803552,-4.349639,59
55.801329,-4.346538,60
55.805105,-4.356324,57
55.805828,-4.361729,60
55.803403,-4.360705,48
55.820248,-4.347453,75
55.815340,-4.365769,64
55.815547,-4.349820,69
55.813313,-4.356181,73
55.814030,-4.365674,74
55.816002,-4.343430,61
55.817604,-4.348475,72
55.813519,-4.340727,60
55.814496,-4.344601,62
55.820126,-4.357104,61
55.817833,-4.354858,72
55.825495,-4.351793,77
55.821264,-4.350276,70
55.828422,-4.339227,70
55.827011,-4.342496,72
55.830520,-4.346060,69
55.829649,-4.346518,73
55.831628,-4.367062,63
55.823177,-4.366724,67
55.829453,-4.359584,65
55.827477,-4.360423,68
55.828450,-4.367827,53
55.822286,-4.362599,69
55.825027,-4.357432,64
55.834696,-4.341536,69
55.836264,-4.350734,66
55.835397,-4.345779,67
55.838692,-4.356790,63
55.833394,-4.358386,71
55.835037,-4.370655,60
55.832164,-4.359254,69
55.844106,-4.342470,77
55.842794,-4.340091,70
55.842215,-4.337005,63
55.840549,-4.341409,72
55.852302,-4.343442,74
55.849870,-4.346571,79
55.850338,-4.351712,87
55.847448,-4.339268,70
55.847064,-4.346194,82
55.842577,-4.346802,85
55.842669,-4.348533,83
55.840547,-4.366869,65
55.845081,-4.365755,80
55.845107,-4.351268,86
55.844421,-4.357983,86
55.847003,-4.355520,79
55.852910,-4.375946,62
55.855451,-4.374679,57
55.853393,-4.373307,58
55.853324,-4.367071,67
55.849931,-4.364964,78
55.849603,-4.371255,60
55.847402,-4.366088,78
55.853444,-4.359872,71
55.852904,-4.353832,72
55.850543,-4.356485,93
55.848766,-4.358710,89
55.860143,-4.344649,56
55.855540,-4.337677,67
55.854570,-4.332873,71
55.858615,-4.341393,60
55.858401,-4.335148,66
55.862088,-4.333148,76
55.862942,-4.330307,77
55.858138,-4.328165,86
55.860359,-4.322881,90
55.857768,-4.322071,92
55.860570,-4.316948,75
55.863142,-4.315439,90
55.864378,-4.317575,86
55.860827,-4.321390,78
55.864283,-4.327798,76
55.854485,-4.326924,76
55.848259,-4.322526,73
55.847440,-4.331136,79
55.849114,-4.328664,72
55.840330,-4.319290,62
55.837394,-4.329161,50
55.835228,-4.333408,60
55.838638,-4.324668,57
55.845711,-4.326592,72
55.842135,-4.325100,65
55.840880,-4.330632,65
55.859531,-4.302872,70
55.862592,-4.308790,73
55.856945,-4.304636,72
55.853474,-4.298487,78
55.852523,-4.298878,97
55.850761,-4.307545,88
55.852295,-4.305336,85
55.854169,-4.284851,76
55.855215,-4.280790,72
55.852522,-4.285441,78
55.851492,-4.291548,78
55.852619,-4.295673,90
55.845668,-4.282387,73
55.850907,-4.296402,97
55.847390,-4.303288,67
55.843312,-4.308414,53
55.844748,-4.273324,81
55.845432,-4.276655,78
55.843317,-4.282665,78
55.843308,-4.274390,98
55.841975,-4.291962,60
55.844782,-4.296185,69
55.843240,-4.273220,97
55.841437,-4.265240,75
55.841274,-4.271157,85
55.839580,-4.272383,78
55.839985,-4.275282,87
55.841506,-4.275163,83
55.836965,-4.259678,88
55.835322,-4.261052,94
55.835037,-4.257969,96
55.837689,-4.257947,98
55.838726,-4.262655,91
55.839600,-4.258601,90
55.836889,-4.262852,93
55.834721,-4.255619,91
55.837490,-4.255093,81
55.838694,-4.251681,81
55.833874,-4.254276,84
55.836221,-4.251745,80
55.823343,-4.268307,76
55.824582,-4.264979,80
55.825616,-4.266412,75
55.829230,-4.251197,83
55.832818,-4.261833,78
55.826837,-4.268415,77
55.834634,-4.264238,77
55.835962,-4.265369,86
55.837561,-4.266372,87
55.836556,-4.271648,76
55.834791,-4.270363,84
55.834804,-4.266739,80
55.835087,-4.276689,80
55.839004,-4.279202,78
55.838212,-4.302442,54
55.837483,-4.297687,58
55.837051,-4.280796,72
55.834167,-4.291854,64
55.832311,-4.286316,86
55.829407,-4.290265,88
55.831681,-4.282047,82
55.833301,-4.280928,84
55.833070,-4.278359,85
55.827027,-4.286309,85
55.828637,-4.276040,75
55.829494,-4.279300,88
55.828384,-4.280991,95
55.826373,-4.283780,83
55.824501,-4.280493,70
55.826467,-4.275802,67
55.826501,-4.271541,73
55.824490,-4.269955,77
55.827556,-4.279123,81
55.823995,-4.283576,81
55.825522,-4.290388,79
55.822291,-4.289655,82
55.827091,-4.294424,80
55.828223,-4.293021,90
55.821976,-4.300764,73
55.819259,-4.305201,69
55.813511,-4.322658,60
55.810883,-4.326189,79
55.814683,-4.315338,65
55.810841,-4.315062,69
55.808761,-4.320061,93
55.811567,-4.297947,71
55.814154,-4.307613,65
55.815871,-4.306166,61
55.812214,-4.301800,74
55.816808,-4.297378,62
55.818169,-4.290930,76
55.812866,-4.284170,78
55.817550,-4.286056,72
55.820265,-4.289839,82
55.816480,-4.294262,73
55.814852,-4.302483,73
55.817388,-4.269541,82
55.816922,-4.273393,81
55.821299,-4.279220,68
55.821354,-4.271879,67
55.813279,-4.279374,71
55.810644,-4.272644,77
55.814788,-4.271146,84
55.811619,-4.269030,92
55.811623,-4.262981,80
55.815179,-4.262629,82
55.809523,-4.251544,75
55.812465,-4.249431,76
55.814933,-4.256485,69
55.812723,-4.246589,85
55.789448,-4.237608,55
55.807165,-4.245327,78
55.799602,-4.249009,60
55.798404,-4.236383,61
55.799070,-4.241271,68
55.802443,-4.241609,80
55.799439,-4.236267,71
55.801955,-4.233331,72
55.802652,-4.235557,73
55.803184,-4.218578,68
55.799243,-4.230240,78
55.806934,-4.231877,80
55.808676,-4.224029,68
55.811637,-4.217846,68
55.807646,-4.214363,64
55.808988,-4.214727,63
55.806260,-4.218465,65
55.808604,-4.233457,89
55.806192,-4.239574,82
55.808622,-4.241358,92
55.810583,-4.241247,93
55.810494,-4.235783,89
55.812042,-4.229743,80
55.810269,-4.229387,76
55.816948,-4.237175,69
55.814745,-4.235756,78
55.817178,-4.234906,73
55.815260,-4.229209,84
55.817825,-4.230457,68
55.817972,-4.248057,79
55.820356,-4.240053,73
55.824059,-4.237105,80
55.820836,-4.235419,79
55.825366,-4.244763,79
55.823012,-4.243239,74
55.820663,-4.253257,75
55.820180,-4.260939,84
55.823365,-4.262226,81
55.822488,-4.257130,85
55.819099,-4.259616,79
55.818014,-4.263879,86
55.815424,-4.254215,71
55.825465,-4.258979,90
55.822921,-4.250657,82
55.825955,-4.256772,91
55.827676,-4.255530,93
55.826861,-4.259794,93
55.824709,-4.234923,80
55.826067,-4.230945,79
55.828216,-4.234852,83
55.829213,-4.232403,72
55.827031,-4.239702,76
55.832018,-4.240755,64
55.841216,-4.241524,56
55.844412,-4.244679,68
55.847179,-4.239791,76
55.850068,-4.244031,71
55.848483,-4.243668,78
55.847504,-4.248596,92
55.845248,-4.242699,77
55.845324,-4.246409,70
55.845962,-4.251813,76
55.854425,-4.268105,65
55.851448,-4.261413,66
55.840346,-4.259586,83
55.847381,-4.258222,71
55.851793,-4.255314,67
55.852844,-4.267118,67
55.854869,-4.229097,80
55.855083,-4.234606,70
55.855308,-4.242016,58
55.850831,-4.233179,71
55.854590,-4.243413,57
55.849305,-4.231127,82
55.848692,-4.227225,84
55.845986,-4.227773,88
55.846297,-4.223989,80
55.843111,-4.224287,71
55.846262,-4.220489,78
55.843220,-4.212233,76
55.851507,-4.193133,84
55.848150,-4.199925,78
55.849976,-4.197871,80
55.851884,-4.198714,83
55.848223,-4.218412,69
55.850214,-4.212631,65
55.853454,-4.227338,79
55.851820,-4.183645,79
55.850960,-4.189539,77
55.846692,-4.187958,77
55.845523,-4.183451,77
55.848557,-4.188749,93
55.842002,-4.168623,88
55.845487,-4.171293,77
55.843664,-4.175807,86
55.842215,-4.177404,80
55.840659,-4.179537,76
55.843768,-4.189183,73
55.843528,-4.190527,73
55.846215,-4.198570,75
55.840859,-4.163592,82
55.837488,-4.164666,74
55.829568,-4.161256,79
55.845253,-4.163117,86
55.846464,-4.159670,76
55.841139,-4.146629,70
55.830846,-4.151379,65
55.830596,-4.153872,76
55.832949,-4.157036,68
55.843997,-4.130558,46
55.845037,-4.139033,59
55.843858,-4.145278,65
55.848997,-4.142302,72
55.840336,-4.142145,64
55.844156,-4.124513,52
55.845634,-4.122693,61
55.847879,-4.126473,58
55.846857,-4.114836,67
55.847164,-4.130891,54
55.842313,-4.112050,52
55.849428,-4.104864,69
55.848375,-4.103369,63
55.839507,-4.115252,49
55.847949,-4.111940,70
55.853785,-4.113360,69
55.851526,-4.116672,67
55.854687,-4.118889,58
55.854280,-4.127398,52
55.851374,-4.132240,61
55.851273,-4.129215,61
55.851577,-4.122554,63
55.854778,-4.102581,65
55.854784,-4.106464,63
55.856539,-4.113653,52
55.858639,-4.114342,52
55.858111,-4.104263,62
55.869717,-4.097699,69
55.866655,-4.100186,69
55.864531,-4.105617,70
55.866494,-4.096438,58
55.868487,-4.096082,47
55.869005,-4.114091,83
55.870596,-4.102557,75
55.865397,-4.110666,73
55.873617,-4.125483,80
55.871512,-4.127174,85
55.876845,-4.144556,62
55.874660,-4.145634,66
55.880995,-4.111929,57
55.860891,-4.132266,65
55.863660,-4.127512,52
55.863481,-4.131114,63
55.861779,-4.124533,63
55.866294,-4.121743,76
55.856851,-4.128897,55
55.854279,-4.136218,61
55.859151,-4.137748,70
55.857511,-4.149817,68
55.858360,-4.141347,67
55.860687,-4.143984,54
55.860554,-4.141276,58
55.855490,-4.133792,65
55.851227,-4.149454,80
55.854946,-4.168481,76
55.858794,-4.169415,74
55.855240,-4.161979,82
55.860114,-4.160795,77
55.856240,-4.154157,91
55.849398,-4.153842,90
55.846685,-4.153772,71
55.850925,-4.161036,92
55.854333,-4.162983,93
55.850996,-4.166184,98
55.849996,-4.172471,90
55.848162,-4.168902,91
55.848454,-4.173759,78
55.851125,-4.175713,84
55.852247,-4.179834,88
55.853213,-4.174009,96
55.858298,-4.189777,73
55.855839,-4.188616,66
55.859300,-4.182994,72
55.860288,-4.178974,81
55.865170,-4.192017,81
55.865713,-4.185703,71
55.862952,-4.189351,77
55.863945,-4.183047,86
55.865457,-4.178864,76
55.864207,-4.174351,71
55.861249,-4.173387,82
55.861259,-4.158558,77
55.867403,-4.165388,54
55.863577,-4.170353,70
55.862994,-4.159517,54
55.867260,-4.173004,67
55.860578,-4.154317,74
55.867006,-4.157295,63
55.872471,-4.156239,60
55.877196,-4.157892,70
55.876771,-4.160058,76
55.872202,-4.160780,62
55.874920,-4.154936,64
55.870925,-4.148033,73
55.866292,-4.195613,81
55.871409,-4.192417,75
55.868076,-4.181728,72
55.868551,-4.185335,70
55.868489,-4.195369,74
55.874183,-4.163623,78
55.870191,-4.171361,65
55.875070,-4.190209,67
55.875848,-4.195481,63
55.878778,-4.188868,70
55.880929,-4.179588,62
55.882970,-4.193741,71
55.881567,-4.195308,70
55.883476,-4.198598,69
55.881858,-4.181446,61
55.887484,-4.167722,42
55.893086,-4.177199,51
55.897971,-4.194124,61
55.895463,-4.188608,57
55.894491,-4.194231,62
55.890916,-4.190127,68
55.892858,-4.183503,61
55.889892,-4.207693,73
55.888981,-4.214342,70
55.894659,-4.199950,79
55.896485,-4.203861,79
55.894754,-4.206210,73
55.884209,-4.205851,72
55.888398,-4.204314,74
55.886798,-4.209836,75
55.880941,-4.204642,71
55.879060,-4.219788,69
55.880927,-4.215945,70
55.881205,-4.219447,74
55.879467,-4.207692,56
55.880256,-4.209783,72
55.879862,-4.232081,83
55.892816,-4.229914,75
55.887377,-4.221606,73
55.883970,-4.222099,86
55.885168,-4.225925,80
55.883589,-4.218336,83
55.895544,-4.233605,66
55.887671,-4.236623,90
55.891526,-4.230224,73
55.889151,-4.232326,83
55.886070,-4.235683,88
55.872034,-4.239016,63
55.873931,-4.257685,64
55.879273,-4.242727,77
55.877552,-4.233611,74
55.880939,-4.236651,70
55.882823,-4.247632,78
55.876713,-4.225361,78
55.871355,-4.234869,72
55.872191,-4.236803,58
55.874810,-4.207268,67
55.873241,-4.214532,64
55.870977,-4.227926,73
55.867436,-4.229433,68
55.868051,-4.225217,69
55.867715,-4.222449,64
55.863957,-4.218063,97
55.863923,-4.227378,77
55.861881,-4.223026,82
55.861881,-4.217545,92
55.862169,-4.212511,95
55.864661,-4.214891,91
55.864156,-4.212960,92
55.863646,-4.207849,72
55.861206,-4.208094,69
55.861580,-4.204264,72
55.858003,-4.216781,90
55.852821,-4.212076,66
55.861172,-4.200965,68
55.861304,-4.194069,68
55.860626,-4.217346,90
55.859322,-4.214906,93
55.859345,-4.217624,96
55.860214,-4.220758,88
55.859903,-4.222562,90
55.860303,-4.225797,72
55.857385,-4.224128,82
55.855410,-4.218566,79
55.857845,-4.220079,97
55.859119,-4.240015,57
55.858114,-4.240932,53
55.864669,-4.241709,59
55.860702,-4.244405,56
55.865754,-4.242331,52
55.861447,-4.235051,65
55.858733,-4.243460,58
55.856518,-4.245170,60
55.860212,-4.249554,62
55.867314,-4.268042,76
55.865564,-4.268403,80
55.868444,-4.265726,85
55.867882,-4.261090,76
55.867825,-4.257363,61
55.866185,-4.261998,76
55.860424,-4.266425,68
55.858469,-4.262285,61
55.855610,-4.253490,56
55.862870,-4.256548,67
55.858099,-4.278930,71
55.861039,-4.273493,83
55.862711,-4.274949,77
55.863854,-4.280657,97
55.864692,-4.274729,84
55.864427,-4.273531,90
55.867265,-4.291518,72
55.863210,-4.284359,78
55.866883,-4.294660,71
55.864643,-4.281774,97
55.865301,-4.289389,77
55.866176,-4.288225,94
55.866405,-4.285618,92
55.868261,-4.277575,74
55.870429,-4.275065,78
55.872671,-4.280183,81
55.873165,-4.277287,75
55.870194,-4.274635,80
55.872121,-4.273965,82
55.870721,-4.272364,90
55.868756,-4.271738,88
55.871647,-4.262636,74
55.873608,-4.271782,94
55.873703,-4.269086,91
55.872217,-4.269255,93
55.875316,-4.266894,82
55.873602,-4.263852,81
55.874522,-4.264146,85
55.877650,-4.267557,79
55.878789,-4.274019,81
55.876754,-4.274204,89
55.877900,-4.275886,79
55.875126,-4.276203,84
55.880302,-4.261636,73
55.880442,-4.257951,80
55.882756,-4.255256,84
55.884022,-4.261661,69
55.882780,-4.264707,77
55.880842,-4.271853,73
55.889279,-4.277799,74
55.882881,-4.273859,68
55.881174,-4.283992,82
55.882642,-4.278977,66
55.885667,-4.280674,73
55.885502,-4.283718,83
55.885496,-4.287460,79
55.882690,-4.288030,74
55.885296,-4.252509,87
55.891976,-4.246978,69
55.890077,-4.250547,70
55.886734,-4.259372,78
55.890376,-4.268028,60
55.887964,-4.248122,68
55.890873,-4.280532,63
55.897748,-4.249792,69
55.892809,-4.254496,72
55.894340,-4.247403,55
55.894012,-4.267249,60
55.895847,-4.263277,62
55.895224,-4.243327,55
55.901604,-4.243344,74
55.899447,-4.249282,74
55.898271,-4.244271,74
55.899188,-4.242293,78
55.897985,-4.280373,52
55.903336,-4.287406,69
55.900826,-4.287099,63
55.905764,-4.283470,59
55.903129,-4.253351,58
55.907172,-4.289472,42
55.900055,-4.296651,71
55.903014,-4.305641,52
55.904353,-4.291690,67
55.902043,-4.294625,73
55.897243,-4.270924,56
55.894902,-4.280848,56
55.895628,-4.285337,65
55.896915,-4.290531,69
55.894789,-4.290342,70
55.894413,-4.295070,65
55.893226,-4.288363,59
55.895930,-4.294232,67
55.887217,-4.290568,75
55.889291,-4.288787,81
55.889651,-4.294069,81
55.888924,-4.293979,68
55.886750,-4.292971,75
55.892121,-4.309473,66
55.890195,-4.310606,62
55.887045,-4.306533,68
55.889600,-4.302047,73
55.885151,-4.299177,69
55.881653,-4.297851,72
55.879925,-4.278194,73
55.880823,-4.287904,71
55.877398,-4.283562,75
55.878825,-4.281248,71
55.880190,-4.281312,77
55.874867,-4.298824,87
55.876982,-4.289517,76
55.874006,-4.282835,94
55.875439,-4.285030,90
55.876307,-4.289573,81
55.875381,-4.289566,83
55.873089,-4.300669,86
55.870583,-4.298651,74
55.872968,-4.302804,91
55.871519,-4.299569,82
55.872423,-4.297833,71
55.871823,-4.304911,95
55.871080,-4.304771,94
55.870262,-4.309086,76
55.870539,-4.313962,93
55.869010,-4.319289,74
55.871811,-4.317043,94
55.871368,-4.321028,91
55.867837,-4.315719,69
55.872592,-4.314691,91
55.874766,-4.320464,76
55.873378,-4.317360,91
55.871578,-4.306990,97
55.874495,-4.303854,95
55.877023,-4.313276,88
55.879354,-4.311177,77
55.875366,-4.309149,88
55.876689,-4.303792,96
55.877868,-4.308498,96
55.879229,-4.307332,82
55.879015,-4.300988,88
55.879504,-4.297436,74
55.877381,-4.295616,78
55.875666,-4.294555,82
55.888264,-4.335263,71
55.887108,-4.344069,71
55.882420,-4.338254,71
55.884730,-4.328750,69
55.882462,-4.310322,62
55.887110,-4.318370,65
55.886732,-4.324600,77
55.873374,-4.323290,85
55.881296,-4.323092,63
55.880176,-4.324320,75
55.876336,-4.323004,77
55.877640,-4.318237,74
55.880673,-4.331801,70
55.878180,-4.329093,66
55.875201,-4.338795,87
55.872024,-4.333376,77
55.873576,-4.335851,89
55.875677,-4.344467,96
55.876753,-4.347458,93
55.883603,-4.357225,91
55.882490,-4.348731,75
55.879607,-4.350012,94
55.882276,-4.356585,88
55.879704,-4.342567,81
55.881625,-4.359632,88
55.882672,-4.358944,96
55.880250,-4.354448,94
55.884665,-4.362791,90
55.878853,-4.350894,89
55.886244,-4.366677,74
55.886257,-4.372530,75
55.886993,-4.376333,74
55.891885,-4.378952,74
55.889585,-4.383097,78
55.884634,-4.368609,78
55.898589,-4.378098,75
55.896551,-4.373783,87
55.892879,-4.375414,78
55.895734,-4.378851,73
55.897828,-4.367686,81
55.894484,-4.367211,77
55.890735,-4.370565,78
55.897418,-4.363278,70
55.887506,-4.352872,75
55.888499,-4.362992,81
55.886946,-4.359635,79
55.892154,-4.365021,83
55.900049,-4.360143,65
55.898004,-4.355220,67
55.893771,-4.349125,74
55.889065,-4.356885,74
55.891982,-4.357574,76
55.890168,-4.341518,75
55.892098,-4.346833,75
55.892451,-4.350005,72
55.889315,-4.350439,75
55.890202,-4.345871,72
55.895471,-4.303866,56
55.893770,-4.320719,71
55.888265,-4.315241,70
55.890972,-4.317529,67
55.891010,-4.325080,89
55.897235,-4.342280,85
55.896418,-4.337064,78
55.898923,-4.328193,67
55.894315,-4.326126,84
55.892628,-4.326952,79
55.896997,-4.327342,65
55.891088,-4.331402,89
55.893400,-4.338850,81
55.904048,-4.345603,62
55.902128,-4.351054,71
55.899020,-4.348595,76
55.900146,-4.334297,68
55.898899,-4.341277,81
55.901772,-4.340490,68
55.902254,-4.333096,61
55.902367,-4.363003,65
55.902521,-4.368084,70
55.903142,-4.359147,66
55.907194,-4.354017,75
55.907309,-4.358824,70
55.910557,-4.351581,70
55.910488,-4.356137,67
55.917624,-4.362252,77
55.910163,-4.361414,76
55.914924,-4.354950,80
55.912556,-4.353734,67
55.910896,-4.366739,84
55.917670,-4.379459,71
55.915732,-4.373707,74
55.912842,-4.370682,84
55.910504,-4.381020,82
55.912665,-4.381249,77
55.914603,-4.382824,75
55.908211,-4.382000,84
56.755226,-6.039138,7
56.740125,-5.791656,12
56.955845,-5.839635,19
57.005888,-5.821826,82
56.694384,-5.567448,7
56.844264,-5.205980,15
56.836027,-5.090335,61
56.837146,-5.100661,65
56.844043,-5.135069,50
56.844329,-5.106783,60
56.838369,-5.103911,66
56.841296,-5.100069,62
56.811708,-5.121205,42
56.815113,-5.110475,55
56.810414,-5.116493,45
56.809745,-5.113061,38
56.825373,-5.092605,64
56.822445,-5.085642,60
56.821716,-5.099056,64
56.815914,-5.103953,51
56.698385,-5.179435,35
56.674256,-5.243613,26
56.676381,-5.134029,73
56.715105,-4.966377,68
56.888052,-4.837143,18
56.892243,-4.916976,42
57.038256,-4.815901,16
57.068455,-4.119240,59
57.052522,-4.130467,21
57.079743,-4.051077,82
57.083625,-4.047810,76
57.127260,-3.932141,25
57.199026,-3.824537,74
57.196979,-3.829965,73
57.204789,-3.823630,59
57.200268,-3.816305,38
57.248690,-3.757989,33
57.280613,-3.812382,40
57.264215,-3.641132,26
57.293409,-3.666826,28
57.328726,-3.615936,66
57.328343,-3.612115,78
57.331458,-3.606753,84
57.336640,-3.539344,24
57.553323,-3.929685,32
57.588065,-3.842557,38
57.576085,-3.808654,61
57.573675,-3.806260,27
57.537465,-3.905474,17
57.502376,-3.758590,11
57.588363,-3.865124,68
57.585550,-3.868175,83
57.579248,-3.869641,85
57.581501,-3.856409,44
57.585277,-3.858057,59
57.586228,-3.878799,67
57.580920,-3.876886,79
57.583394,-3.886281,60
57.580236,-3.886000,60
57.577401,-3.887542,73
57.574133,-3.893410,69
57.577227,-3.895545,64
57.340984,-4.010274,12
57.479102,-4.084813,28
57.519617,-4.009409,24
57.540914,-4.072036,31
57.566385,-4.033405,63
57.493009,-4.141758,71
57.487087,-4.145516,88
57.489868,-4.145745,76
57.490701,-4.126839,75
57.496196,-4.117963,66
57.493220,-4.111683,56
57.478876,-4.150171,64
57.481627,-4.152702,64
57.484243,-4.138392,72
57.481012,-4.142357,64
57.488663,-4.132026,73
57.477539,-4.156898,41
57.474665,-4.151025,43
57.477647,-4.142643,48
57.476810,-4.138508,49
57.472948,-4.142635,40
57.471127,-4.159856,42
57.469485,-4.167563,44
57.465855,-4.167048,48
57.450594,-4.179246,33
57.453593,-4.177291,34
57.460818,-4.194860,56
57.459257,-4.191099,50
57.463227,-4.187068,62
57.466330,-4.188954,63
57.436859,-4.219699,28
57.445135,-4.215618,55
57.446461,-4.230098,48
57.445796,-4.240724,38
57.454982,-4.221248,60
57.453547,-4.229779,58
57.450491,-4.240428,51
57.451353,-4.231363,51
57.455232,-4.237084,48
57.451476,-4.244655,59
57.463376,-4.212988,77
57.460809,-4.221018,64
57.460298,-4.216853,66
57.456868,-4.216728,61
57.458854,-4.235538,54
57.461409,-4.206299,66
57.464536,-4.204721,75
57.465795,-4.210849,76
57.459270,-4.211422,58
57.458771,-4.206574,62
57.471147,-4.195063,70
57.466612,-4.199576,70
57.463013,-4.199343,72
57.484682,-4.221067,72
57.478939,-4.225722,77
57.478354,-4.213026,84
57.480004,-4.194710,55
57.477010,-4.201002,46
57.478844,-4.193740,48
57.469498,-4.213358,75
57.468859,-4.216471,73
57.472282,-4.225684,68
57.475712,-4.220722,87
57.476291,-4.214336,91
57.466845,-4.236359,66
57.468839,-4.232329,69
57.470873,-4.237756,67
57.472633,-4.247871,51
57.478015,-4.245383,64
57.474499,-4.243532,65
57.477021,-4.237148,75
57.479020,-4.233851,82
57.480008,-4.242486,76
57.482606,-4.237824,85
57.476038,-4.231217,78
57.485649,-4.234456,80
57.485581,-4.240358,80
57.491803,-4.242642,51
57.490035,-4.240498,66
57.480635,-4.262176,47
57.484562,-4.258631,61
57.480875,-4.257836,65
57.479800,-4.251097,68
57.484025,-4.253543,66
57.465110,-4.280009,39
57.467663,-4.259522,64
57.473348,-4.263693,54
57.477396,-4.259423,63
57.475557,-4.258259,66
57.417948,-4.669389,14
57.439162,-4.491489,38
57.423587,-4.477921,18
57.479092,-4.361453,20
57.455113,-4.434008,25
57.478996,-4.466443,85
57.484844,-4.460080,87
57.476778,-4.411079,41
57.482556,-4.493311,38
57.341666,-4.580827,21
57.245118,-4.439038,14
57.328422,-4.481192,52
57.344804,-4.465178,18
57.143015,-4.682329,35
57.223425,-5.451173,10
57.282783,-5.534868,26
57.331810,-5.666414,23
57.284022,-5.713352,79
57.237595,-5.891291,46
57.239641,-5.911938,30
57.326489,-6.410550,20
57.094658,-5.872151,19
57.332487,-6.109946,5
57.603485,-6.216840,14
57.414608,-6.194583,75
57.415084,-6.210220,72
57.417910,-6.199911,64
57.469233,-6.334895,15
57.591671,-6.363514,12
57.434883,-6.570021,15
57.444755,-6.688656,12
57.764147,-5.606160,14
57.732674,-5.704169,35
57.522767,-5.650543,8
57.401526,-5.490589,17
57.897305,-5.161664,83
57.890204,-5.133446,9
57.901456,-5.159210,72
58.010760,-5.331218,11
57.840794,-5.597340,32
57.587799,-4.497014,25
57.583289,-4.543349,57
57.568870,-4.577697,26
57.615343,-4.687843,13
57.732318,-4.289481,21
57.662679,-4.353695,27
57.663286,-4.336968,50
57.737152,-4.137950,20
57.529617,-4.464884,33
57.520749,-4.456520,65
57.519847,-4.461770,56
57.514002,-4.455548,64
57.551276,-4.429090,24
57.570675,-4.442190,47
57.574980,-4.439852,40
57.567469,-4.432811,45
57.562758,-4.434319,47
57.604934,-4.441475,51
57.603945,-4.436387,55
57.597419,-4.432770,61
57.594742,-4.436926,60
57.593135,-4.423782,66
57.603787,-4.427772,55
57.608758,-4.423500,38
57.588252,-4.116119,41
57.581129,-4.126160,52
57.579521,-4.136805,56
57.566590,-4.177364,46
57.589769,-4.186898,25
57.551626,-4.267362,37
57.512178,-4.277954,28
57.504129,-4.257871,57
57.598114,-4.340415,22
57.603695,-4.335518,31
57.547257,-4.333541,27
57.665937,-4.220338,13
57.679119,-4.037737,49
57.696899,-4.275984,58
57.696222,-4.267165,72
57.694232,-4.272897,62
57.701212,-4.226979,64
57.699275,-4.236443,67
57.694549,-4.244558,76
57.698681,-4.251728,68
57.699358,-4.265129,69
57.694598,-4.180109,64
57.692553,-4.185641,49
57.690034,-4.178006,70
57.694146,-4.177145,67
57.696622,-4.154841,63
57.688168,-4.168969,82
57.774733,-3.964473,29
57.741592,-4.073544,39
57.836842,-3.826207,25
57.795553,-3.941494,26
57.773181,-3.898271,17
57.754868,-3.915798,32
57.806748,-4.052070,73
57.806791,-4.063249,63
57.808328,-4.053843,77
57.811247,-4.059429,88
57.813896,-4.066163,67
57.883168,-4.449298,12
57.896177,-4.023134,36
57.882387,-4.022511,62
57.880940,-4.038840,75
57.876959,-4.133426,24
57.835891,-4.175637,22
57.893802,-4.344898,43
57.987918,-4.154741,19
58.023753,-4.400820,42
57.973063,-3.981017,75
58.013759,-3.851720,63
58.009058,-3.854981,65
58.017676,-3.875031,27
57.979172,-3.971157,59
58.116507,-3.650349,24
58.249416,-3.426450,21
58.384719,-3.142662,29
58.299954,-3.284716,46
58.441056,-3.119992,44
58.437615,-3.088846,86
58.435704,-3.081217,81
58.433753,-3.081380,70
58.433125,-3.089855,71
58.434954,-3.096539,74
58.438614,-3.091772,82
58.445087,-3.090019,87
58.446115,-3.089571,80
58.445172,-3.083169,74
58.443810,-3.078553,75
58.448282,-3.060323,49
58.472824,-3.308954,29
58.472955,-3.148028,32
58.535322,-3.125126,20
58.633325,-3.122834,31
58.629563,-3.312438,18
58.593312,-3.387590,71
58.594568,-3.393559,35
58.578063,-3.469777,38
58.512798,-3.489877,60
58.482519,-3.502109,23
58.573412,-3.561768,39
58.559150,-3.745713,23
58.594636,-3.519888,87
58.594465,-3.506976,68
58.591006,-3.511661,72
58.586804,-3.521406,63
58.596121,-3.530999,79
58.594248,-3.529179,84
58.589311,-3.534142,76
58.587560,-3.543132,67
58.593762,-3.538226,70
58.595599,-3.537085,73
58.601048,-3.544139,47
58.557511,-3.931121,15
58.511507,-4.220445,20
58.564370,-4.742190,15
58.153605,-5.246550,19
58.250853,-5.118684,4
58.455760,-5.041847,22
55.891044,-4.627063,80
55.894104,-4.634868,61
55.895408,-4.624750,77
55.900906,-4.628258,67
55.892434,-4.641104,40
55.888797,-4.635084,62
55.867259,-4.616633,40
55.940284,-4.764508,58
55.901617,-4.865786,41
55.904761,-4.869347,34
55.886173,-4.890813,55
55.889696,-4.890068,69
55.892582,-4.890810,66
55.907631,-4.872327,50
55.909318,-4.860498,47
55.912603,-4.856834,32
55.934470,-4.830885,43
55.946353,-4.855428,25
55.948647,-4.851849,34
55.952035,-4.838256,46
55.955155,-4.829240,66
55.951881,-4.830523,62
55.952067,-4.825121,68
55.954022,-4.817878,77
55.959514,-4.822988,84
55.959362,-4.819019,83
55.958958,-4.816234,93
55.956584,-4.806832,76
55.953745,-4.807572,76
55.951245,-4.809986,72
55.950513,-4.816053,68
55.945813,-4.811322,56
55.942890,-4.815723,65
55.943745,-4.820783,69
55.943726,-4.823168,72
55.944229,-4.827113,59
55.936046,-4.823730,58
55.937714,-4.816837,65
55.937636,-4.807655,48
55.941676,-4.809421,61
55.942558,-4.803462,56
55.943158,-4.798444,52
55.947341,-4.797865,54
55.949504,-4.795250,60
55.944169,-4.793071,66
55.944992,-4.784129,70
55.946356,-4.786597,72
55.957417,-4.795901,63
55.954117,-4.801895,66
55.960951,-4.792278,63
55.958804,-4.784256,62
55.959956,-4.779451,66
55.956066,-4.774974,73
55.952435,-4.778543,66
55.956475,-4.769155,71
55.953967,-4.771187,81
55.951081,-4.767200,96
55.949957,-4.765630,88
55.951851,-4.772141,85
55.950056,-4.770043,97
55.948402,-4.771222,82
55.948812,-4.774183,73
55.944149,-4.777277,76
55.941849,-4.791943,69
55.938960,-4.788917,55
55.940047,-4.781820,68
55.936902,-4.778968,55
55.940503,-4.770353,70
55.942488,-4.765994,85
55.943984,-4.758237,75
55.942699,-4.759411,80
55.944208,-4.763490,84
55.945307,-4.767781,86
55.946148,-4.769956,91
55.947049,-4.762652,92
55.950113,-4.759874,81
55.946320,-4.759861,84
55.944434,-4.754184,72
55.942483,-4.735242,59
55.941400,-4.735855,61
55.939916,-4.740747,56
55.936525,-4.744879,46
55.933003,-4.740787,41
55.931948,-4.732450,37
55.934704,-4.733813,49
55.935800,-4.739912,49
55.938747,-4.735123,59
55.940212,-4.730262,61
55.938213,-4.723907,65
55.938325,-4.722089,57
55.935676,-4.711383,58
55.938033,-4.704757,65
55.933295,-4.704395,64
55.932588,-4.700183,66
55.934893,-4.698357,80
55.934294,-4.688756,94
55.931873,-4.684794,79
55.930935,-4.689052,64
55.925810,-4.681284,67
55.923981,-4.678581,68
55.931518,-4.674682,73
55.930236,-4.665820,78
55.927761,-4.671365,83
55.928137,-4.662682,80
55.929917,-4.654382,61
55.926430,-4.647644,70
55.923714,-4.661081,79
55.922621,-4.665905,84
55.920783,-4.664002,76
55.918555,-4.659383,69
55.920836,-4.659091,80
55.923642,-4.652352,71
55.921685,-4.649289,66
55.922350,-4.646789,64
55.813886,-3.202786,31
55.814891,-3.091206,23
55.852341,-3.137045,39
55.848302,-3.141415,30
55.826224,-3.218268,71
55.824515,-3.224743,72
55.827597,-3.223834,86
55.831452,-3.218383,74
55.831949,-3.219979,75
55.830785,-3.232172,69
55.830191,-3.236735,63
55.830451,-3.243943,53
55.832698,-3.238523,56
55.833308,-3.228739,70
55.834149,-3.224599,76
55.838032,-3.214533,73
55.833130,-3.213231,74
55.833621,-3.208952,65
55.837135,-3.207991,61
55.841444,-3.215662,50
55.837234,-3.223450,66
55.839244,-3.226436,51
55.836825,-3.231070,55
55.835453,-3.234395,61
55.844081,-3.207999,52
55.849113,-3.208938,44
55.847175,-3.191053,35
55.857026,-3.173063,68
55.857529,-3.167375,66
55.858803,-3.164681,69
55.862635,-3.153771,46
55.870400,-3.182048,72
55.877060,-3.176272,48
55.881386,-3.162623,58
55.879962,-3.161142,75
55.877091,-3.161600,79
55.875804,-3.157007,76
55.878591,-3.155970,89
55.880316,-3.152169,87
55.883289,-3.155182,77
55.877098,-3.146464,73
55.870581,-3.127319,45
55.868348,-3.122876,41
55.870824,-3.124337,51
55.872595,-3.119259,58
55.869763,-3.115501,62
55.867009,-3.115023,53
55.869206,-3.109493,59
55.871779,-3.106210,70
55.873854,-3.112263,65
55.873328,-3.104768,73
55.875682,-3.108799,78
55.882651,-3.113234,61
55.877840,-3.104657,76
55.880936,-3.100013,69
55.876534,-3.099920,70
55.873703,-3.094934,53
55.872729,-3.092397,51
55.870547,-3.090114,53
55.865431,-3.099638,53
55.871141,-3.101190,58
55.869292,-3.096951,54
55.863987,-3.070789,34
55.868216,-3.071193,43
55.880851,-3.074035,46
55.878759,-3.095284,69
55.884695,-3.084548,68
55.886130,-3.087914,61
55.887629,-3.078827,64
55.890435,-3.080679,67
55.913584,-3.093530,49
55.910926,-3.105501,69
55.914451,-3.107185,81
55.913121,-3.111147,66
55.915802,-3.114791,60
55.896639,-3.064685,77
55.897595,-3.052829,53
55.892894,-3.054012,66
55.891860,-3.048804,58
55.891771,-3.046611,49
55.892447,-3.069383,79
55.895031,-3.065648,82
55.893505,-3.058187,66
55.890799,-3.053140,69
55.886001,-3.053170,58
55.889875,-3.047743,55
55.891252,-3.039002,46
55.875067,-3.005660,35
55.866296,-2.968921,58
55.844211,-3.013359,36
55.820073,-3.024638,45
55.880855,-3.049642,59
55.879395,-3.044919,67
55.876849,-3.047344,68
55.873572,-3.037506,68
55.873086,-3.032283,61
55.870473,-3.032102,57
55.871442,-3.039639,74
55.870442,-3.045237,71
55.868734,-3.039055,62
55.866321,-3.035395,53
55.870913,-3.057492,67
55.871861,-3.062168,63
55.868314,-3.058795,57
55.866240,-3.064779,63
55.864441,-3.060927,55
55.862536,-3.062984,62
55.853358,-3.060289,68
55.849283,-3.050387,74
55.848163,-3.057384,71
55.847022,-3.044736,72
55.845120,-3.045388,82
55.841757,-3.051046,74
55.842076,-3.042032,76
55.836742,-3.048037,71
57.253512,-3.379913,25
57.396276,-3.339780,17
57.464483,-3.234664,30
57.445425,-3.128768,66
57.447952,-3.125397,65
57.457171,-3.299871,19
57.525381,-3.206848,48
57.471036,-3.224131,74
57.528891,-3.202355,65
57.489164,-3.183683,45
57.476045,-3.061959,28
57.538296,-3.073808,20
57.559012,-2.945608,62
57.575707,-2.823076,18
57.526986,-2.740206,19
57.544774,-2.948012,79
57.536778,-2.948122,71
57.539512,-2.952503,82
57.539067,-2.957920,64
57.543336,-2.961089,71
57.685093,-2.816883,45
57.688518,-2.820717,84
57.692448,-2.819917,74
57.703169,-2.855882,65
57.698649,-2.898843,47
57.696292,-2.903197,57
57.702148,-2.860674,59
57.668800,-2.953978,47
57.684215,-2.937143,52
57.683168,-2.943874,58
57.675008,-2.952683,69
57.675313,-2.957536,80
57.672829,-2.955777,73
57.670151,-2.965363,72
57.676806,-2.969061,83
57.674025,-2.980304,71
57.670092,-2.980047,75
57.669322,-2.976305,72
57.662659,-3.015950,58
57.661050,-3.074767,30
57.664968,-3.112062,28
57.626044,-3.130346,36
57.624717,-3.118919,56
57.613775,-3.097542,71
57.608006,-3.094573,59
57.582883,-3.032407,29
57.610782,-3.196739,22
57.644536,-3.279705,53
57.592860,-3.308187,33
57.640954,-3.328310,31
57.634426,-3.406089,26
57.657715,-3.299928,37
57.649921,-3.195748,27
57.637176,-3.217187,49
57.635451,-3.209710,47
57.633573,-3.214488,56
57.653662,-3.297504,58
57.653131,-3.302797,56
57.649033,-3.306454,77
57.646739,-3.308466,71
57.644206,-3.295374,68
57.643563,-3.283557,59
57.640385,-3.286025,63
57.640631,-3.290992,67
57.641073,-3.299534,73
57.637467,-3.298183,82
57.635580,-3.303492,85
57.632916,-3.306512,74
57.635679,-3.310430,75
57.633772,-3.317530,64
57.636229,-3.317970,70
57.638594,-3.312578,72
57.644683,-3.313636,80
57.645234,-3.324529,89
57.643206,-3.331960,70
57.654439,-3.333377,64
57.648198,-3.321085,81
57.655191,-3.315507,81
57.657433,-3.308097,64
57.659150,-3.302812,57
57.661752,-3.306610,62
57.662055,-3.312034,66
57.663343,-3.316892,57
57.659996,-3.317340,66
57.658834,-3.323700,54
57.656044,-3.320767,80
57.723256,-3.283289,82
57.722919,-3.289926,83
57.719545,-3.288715,77
57.716270,-3.288262,77
57.714524,-3.285095,65
57.718079,-3.294085,75
57.717200,-3.298384,72
57.716557,-3.297153,72
57.713790,-3.303281,71
57.712283,-3.296043,78
57.711093,-3.299928,76
57.706866,-3.360327,35
57.707531,-3.428793,66
57.706084,-3.438319,63
57.702040,-3.457322,40
57.699204,-3.478769,54
57.701679,-3.490650,75
57.628526,-3.464491,25
57.642697,-3.550068,33
57.634200,-3.549957,44
57.636049,-3.568261,60
57.658398,-3.607860,39
57.609932,-3.620381,70
57.610371,-3.612734,85
57.611922,-3.609455,79
57.614331,-3.589489,49
57.612903,-3.594466,53
57.605923,-3.608604,68
57.606532,-3.615074,81
57.605412,-3.622607,74
57.605701,-3.631540,65
57.604773,-3.633155,56
57.602508,-3.625540,69
57.600494,-3.620781,63
57.602077,-3.617136,70
57.598813,-3.613109,50
57.592955,-3.562390,27
57.541513,-3.645193,13
57.597199,-3.628298,52
57.604941,-3.692695,21
55.518456,-5.307066,25
55.444869,-5.175463,20
55.490549,-5.096882,55
55.638285,-5.139484,43
55.529365,-5.135501,81
55.540986,-5.120857,63
55.575654,-5.151966,75
55.576783,-4.645895,48
55.613195,-4.590811,62
55.614361,-4.590046,64
55.643551,-4.580880,36
55.660751,-4.678290,24
55.603452,-4.657520,59
55.603937,-4.656282,50
55.613475,-4.652497,73
55.616302,-4.650210,65
55.607759,-4.626148,67
55.605742,-4.619202,66
55.608860,-4.620918,75
55.609049,-4.614627,69
55.608742,-4.611732,65
55.614527,-4.619026,56
55.613611,-4.625730,63
55.614134,-4.632784,63
55.613963,-4.637379,67
55.617373,-4.631779,57
55.615781,-4.628051,55
55.615813,-4.621112,50
55.620450,-4.636687,55
55.623843,-4.634389,58
55.625761,-4.640046,63
55.627190,-4.633406,63
55.629272,-4.638550,71
55.627508,-4.646169,54
55.631195,-4.650675,60
55.633140,-4.642576,68
55.633186,-4.635445,61
55.629794,-4.630594,64
55.628837,-4.627829,53
55.630444,-4.620390,42
55.635879,-4.624741,50
55.630857,-4.659217,49
55.633782,-4.661544,55
55.631157,-4.664035,60
55.628200,-4.665264,76
55.629122,-4.672048,72
55.628298,-4.670276,78
55.623959,-4.667677,75
55.625971,-4.662762,80
55.627165,-4.658696,72
55.624516,-4.653592,64
55.622919,-4.659282,71
55.621093,-4.656029,64
55.619174,-4.650420,67
55.621754,-4.664096,70
55.621459,-4.670176,69
55.616641,-4.669784,77
55.615071,-4.660561,73
55.611861,-4.660169,77
55.608476,-4.664592,67
55.608939,-4.668896,70
55.609594,-4.678023,59
55.630643,-4.740774,54
55.631454,-4.744676,60
55.633606,-4.749736,75
55.634151,-4.752698,75
55.640010,-4.775502,67
55.638668,-4.780397,75
55.635596,-4.779512,86
55.635814,-4.786503,86
55.634337,-4.792167,80
55.644177,-4.804136,65
55.641276,-4.813433,72
55.644576,-4.808695,82
55.648242,-4.803648,73
55.645947,-4.811225,64
55.652315,-4.816547,51
55.654800,-4.816375,50
55.656222,-4.814315,52
55.657225,-4.806263,55
55.654183,-4.806045,69
55.654287,-4.801092,62
55.650890,-4.803409,74
55.652224,-4.797749,62
55.651489,-4.790940,58
55.649339,-4.792981,57
55.646430,-4.793616,61
55.639932,-4.790833,70
55.638572,-4.793310,74
55.640444,-4.786101,79
55.644411,-4.781233,74
55.644147,-4.788081,67
55.648264,-4.785703,59
55.647979,-4.783617,63
55.649188,-4.779045,62
55.646258,-4.777041,66
55.643855,-4.764839,73
55.640569,-4.765465,92
55.641325,-4.760242,96
55.638109,-4.758570,79
55.639976,-4.752280,88
55.642830,-4.752878,75
55.646504,-4.749798,71
55.644587,-4.747073,79
55.649801,-4.744259,77
55.647551,-4.741145,70
55.651880,-4.724374,52
55.655307,-4.723452,48
55.654010,-4.720770,49
55.656583,-4.716592,47
55.657783,-4.712319,47
55.660064,-4.716070,42
55.661565,-4.712024,39
55.663545,-4.712734,36
55.651909,-4.711324,65
55.648035,-4.712121,57
55.650000,-4.716327,55
55.649064,-4.718440,58
55.656112,-4.687385,71
55.653460,-4.686584,71
55.647314,-4.689342,67
55.646832,-4.700244,71
55.649957,-4.702399,80
55.653057,-4.702899,83
55.658255,-4.704370,72
55.656268,-4.698303,82
55.659321,-4.695985,72
55.660943,-4.699865,68
55.699441,-4.683103,33
55.705235,-4.704131,61
55.708452,-4.714367,71
55.706822,-4.721003,79
55.710472,-4.726623,70
55.709162,-4.733823,63
55.705515,-4.730066,66
55.703813,-4.726970,66
55.668191,-4.759511,34
55.711117,-4.840889,27
55.753655,-4.853563,41
55.759973,-4.855189,45
55.686371,-4.859826,37
55.691257,-4.864989,48
55.693572,-4.859763,60
55.696995,-4.853265,62
55.693142,-4.848098,47
55.690127,-4.848261,50
55.784543,-4.860465,63
55.790642,-4.866433,78
55.790847,-4.860338,76
55.793039,-4.859637,74
55.795622,-4.855231,74
55.797088,-4.852498,74
55.798282,-4.856830,78
55.796470,-4.858963,86
55.796381,-4.863552,93
55.794475,-4.866667,84
55.752497,-4.933620,75
55.756399,-4.918483,56
55.799561,-4.867105,85
55.802489,-4.857968,72
55.807747,-4.858369,58
55.804290,-4.867484,70
55.807047,-4.875684,60
55.751972,-4.704720,33
55.864024,-4.884291,44
55.870829,-4.881982,64
55.868814,-4.885494,63
55.764003,-4.687761,48
55.762790,-4.690580,51
55.761128,-4.684391,52
55.755462,-4.689070,77
55.753031,-4.683516,77
55.752179,-4.689992,78
55.749375,-4.694452,79
55.746893,-4.691636,82
55.742887,-4.689480,82
55.744255,-4.682419,77
55.748133,-4.643244,68
55.744924,-4.639521,74
55.746354,-4.631491,80
55.752583,-4.640294,72
55.752091,-4.633073,87
55.756823,-4.632897,67
55.757913,-4.630676,68
55.751730,-4.626833,76
55.729712,-4.598832,31
55.756065,-3.911124,58
55.756513,-3.914078,64
55.754178,-3.915733,68
55.758792,-3.924677,54
55.762070,-3.928823,55
55.763857,-3.935208,48
55.765154,-3.941839,53
55.765179,-3.947069,53
55.767835,-3.946213,66
55.769590,-3.953411,62
55.768203,-3.954171,53
55.773761,-3.954418,53
55.769981,-3.960430,59
55.775739,-3.959444,52
55.772080,-3.966307,64
55.773832,-3.967464,69
55.778107,-3.967042,65
55.778539,-3.964241,64
55.777421,-3.970053,56
55.778982,-3.971360,65
55.780141,-3.981991,75
55.777510,-3.987933,64
55.777181,-3.994948,52
55.781756,-3.988787,69
55.779896,-3.974835,73
55.780414,-3.959344,67
55.779639,-3.952145,67
55.780373,-3.946106,68
55.778475,-3.935965,64
55.777394,-3.940679,73
55.777717,-3.947520,70
55.769326,-3.934889,69
55.772101,-3.926401,84
55.767370,-3.922071,81
55.764506,-3.917865,61
55.765522,-3.917246,60
55.765366,-3.903625,61
55.768363,-3.916636,54
55.771932,-3.921722,88
55.771765,-3.913981,79
55.769975,-3.912921,69
55.771860,-3.907896,63
55.773077,-3.907605,68
55.776686,-3.929753,76
55.777898,-3.920038,86
55.778584,-3.913503,88
55.775825,-3.908935,74
55.778265,-3.903999,72
55.781648,-3.910081,77
55.782008,-3.922744,72
55.784593,-3.922920,64
55.785154,-3.908881,72
55.788429,-3.907462,55
55.787760,-3.916377,69
55.791155,-3.913641,64
55.794009,-3.908118,49
55.783906,-3.897752,52
55.780428,-3.900118,63
55.777827,-3.895671,73
55.781878,-3.892343,64
55.783418,-3.880968,77
55.786749,-3.882946,64
55.788662,-3.884793,57
55.790832,-3.888614,51
55.791443,-3.879855,49
55.789702,-3.877889,59
55.786862,-3.874419,67
55.786825,-3.865598,59
55.789308,-3.867216,58
55.776915,-3.866655,54
55.799368,-3.837736,61
55.801012,-3.829310,58
55.812354,-3.837678,37
55.818165,-3.804560,84
55.822534,-3.806311,94
55.824964,-3.811500,78
55.825474,-3.800077,73
55.820910,-3.800617,88
55.818133,-3.778989,72
55.813628,-3.779182,68
55.813040,-3.774495,62
55.811591,-3.774030,53
55.827795,-3.801143,61
55.856484,-3.763614,76
55.860688,-3.761232,79
55.859783,-3.751557,91
55.861803,-3.752335,80
55.843235,-3.870264,60
55.843447,-3.875193,66
55.845911,-3.922816,46
55.808029,-3.917868,55
55.803321,-3.911461,52
55.801729,-3.919026,62
55.798850,-3.921565,56
55.799879,-3.941271,38
55.818032,-3.935583,66
55.813258,-3.937420,74
55.815803,-3.944681,74
55.811703,-3.949360,84
55.813785,-3.956902,71
55.815457,-3.959125,65
55.811606,-3.961708,70
55.805805,-3.950087,74
55.812925,-3.971350,62
55.814694,-3.974823,74
55.809385,-3.977475,67
55.813656,-3.981825,70
55.808410,-3.970484,64
55.809226,-3.968929,66
55.805575,-3.960080,73
55.804475,-3.964206,61
55.805189,-3.970130,56
55.801846,-3.968493,51
55.802742,-3.973676,58
55.795722,-3.984920,65
55.793793,-3.981360,69
55.786092,-3.990794,76
55.784157,-3.989245,89
55.783780,-3.991442,77
55.780637,-3.997979,59
55.782442,-4.007991,58
55.785003,-3.998586,75
55.787023,-4.010299,74
55.789972,-3.999749,84
55.793179,-4.000391,70
55.792702,-4.004865,79
55.789532,-4.012964,62
55.792753,-4.013848,72
55.793959,-4.007147,74
55.796502,-4.011537,65
55.798956,-4.013179,61
55.797767,-4.007837,67
55.799459,-4.005515,61
55.804174,-4.006762,61
55.802812,-4.003214,69
55.803607,-3.999649,71
55.797554,-3.995558,67
55.794400,-3.994376,72
55.797666,-3.987491,57
55.806425,-4.002139,67
55.819211,-3.991765,71
55.819632,-3.982369,68
55.819972,-3.980215,69
55.818404,-3.975458,76
55.817627,-3.970726,73
55.818284,-3.966114,70
55.821628,-3.966107,68
55.825131,-3.968424,66
55.818788,-4.003923,79
55.817213,-4.009604,72
55.815293,-4.004429,81
55.815375,-3.998321,78
55.811700,-4.003223,68
55.814608,-4.011720,70
55.812275,-4.011472,65
55.812270,-4.020569,51
55.809403,-4.016191,63
55.807795,-4.021645,52
55.806889,-4.029146,48
55.808126,-4.035897,48
55.810329,-4.032022,57
55.811167,-4.030231,61
55.812534,-4.033957,58
55.814618,-4.029676,66
55.816021,-4.021449,65
55.818788,-4.013293,87
55.815066,-4.034137,58
55.818311,-4.035711,61
55.826787,-4.010481,62
55.829402,-4.014368,64
55.830785,-4.022615,66
55.827772,-4.024949,78
55.825891,-4.021834,79
55.822322,-4.021920,74
55.824393,-4.026593,76
55.820470,-4.047492,67
55.822398,-4.053117,77
55.823559,-4.058350,71
55.826189,-4.063391,75
55.826390,-4.072805,57
55.829157,-4.071803,66
55.829159,-4.078605,64
55.827272,-4.060415,82
55.828066,-4.051659,75
55.833094,-4.055166,63
55.835816,-4.053058,54
55.834414,-4.061112,61
55.831331,-4.060086,69
55.829473,-4.062639,76
55.831500,-4.071416,62
55.833629,-4.072567,59
55.833004,-4.082914,69
55.832126,-4.084926,65
55.829882,-4.087888,61
55.834957,-4.090172,65
55.835126,-4.077582,64
55.858883,-4.071995,49
55.856157,-4.079647,66
55.852998,-4.079862,83
55.851945,-4.075748,70
55.850825,-4.062716,50
55.849032,-4.059761,54
55.847980,-4.051718,58
55.851489,-4.056345,55
55.853329,-4.056442,55
55.850311,-4.046138,63
55.847729,-4.045747,63
55.846052,-4.045547,52
55.844422,-4.039791,54
55.844565,-4.032786,61
55.846709,-4.035710,58
55.849269,-4.037457,57
55.850207,-4.032362,74
55.849934,-4.027076,72
55.852013,-4.019835,80
55.853553,-4.025667,83
55.852236,-4.033570,62
55.851773,-4.041438,57
55.853003,-4.043676,47
55.853402,-4.049384,65
55.856201,-4.044850,64
55.857385,-4.040614,68
55.861582,-4.049288,42
55.857234,-4.031323,65
55.859063,-4.036995,69
55.861825,-4.040624,63
55.863154,-4.035803,64
55.865192,-4.037029,58
55.867814,-4.039324,59
55.866856,-4.046162,58
55.870649,-4.047736,57
55.872717,-4.049811,60
55.872849,-4.054278,57
55.876131,-4.055810,52
55.876897,-4.054060,52
55.868576,-4.026961,68
55.870704,-4.022660,62
55.869425,-4.019589,70
55.866481,-4.018797,83
55.865380,-4.022879,79
55.867006,-4.033320,63
55.862088,-4.020902,66
55.861529,-4.014401,79
55.861509,-4.009590,84
55.857840,-4.016367,72
55.848307,-4.012886,53
55.847662,-4.020440,67
55.846892,-4.015352,58
55.843727,-4.019853,60
55.845080,-4.004684,38
55.846488,-4.001019,45
55.848583,-4.004290,42
55.854756,-4.004895,66
55.854533,-4.001465,60
55.847724,-3.997440,45
55.843717,-3.996788,42
55.851323,-3.963086,51
55.844974,-3.965609,74
55.842479,-3.971041,59
55.841965,-3.966655,65
55.843458,-3.956444,54
55.841004,-3.956481,58
55.837110,-3.951558,58
55.837227,-3.941902,38
55.839243,-3.947944,62
55.841440,-3.943150,37
55.843549,-3.948447,70
55.846237,-3.946137,59
55.861106,-3.944660,51
55.861450,-3.936543,60
55.863443,-3.945176,55
55.865389,-3.943164,63
55.864968,-3.951613,62
55.863278,-3.958975,61
55.861391,-3.956739,59
55.861932,-3.952627,62
55.860286,-3.946504,56
55.858203,-3.953750,60
55.855798,-3.958087,58
55.860619,-3.969052,76
55.862943,-3.968147,74
55.864988,-3.970680,79
55.862076,-3.971810,87
55.859220,-3.975069,74
55.851998,-3.978217,57
55.856735,-3.980391,58
55.861999,-3.977128,75
55.860206,-3.985793,69
55.858782,-3.984954,64
55.853846,-3.983392,55
55.853832,-3.990932,47
55.857665,-3.990122,51
55.859895,-3.994454,62
55.862379,-3.992584,68
55.862802,-4.006908,75
55.867546,-4.002550,48
55.866965,-3.994098,67
55.866198,-3.987074,79
55.868539,-3.989000,76
55.870751,-3.995027,59
55.871315,-3.987400,73
55.873491,-3.988966,61
55.875832,-3.983682,64
55.877936,-3.988666,60
55.877337,-3.978404,57
55.882427,-3.980406,41
55.878562,-3.973190,57
55.875819,-3.977271,61
55.870505,-3.980198,75
55.870748,-3.976822,72
55.874039,-3.974527,75
55.874083,-3.969478,65
55.867940,-3.968688,90
55.870108,-3.959527,80
55.868932,-3.954945,80
55.866379,-3.955024,81
55.869570,-3.947593,78
55.871803,-3.949575,67
55.880276,-3.933724,65
55.882041,-3.934084,68
55.883049,-3.926540,47
55.880912,-3.924100,65
55.887440,-3.889052,43
55.891264,-3.882922,48
55.891375,-3.889148,40
55.885767,-3.893832,35
55.913924,-3.940441,33
55.908090,-3.956420,38
55.882621,-3.973924,44
55.889422,-3.988006,48
55.885409,-4.000545,49
55.884854,-3.996503,48
55.926367,-4.017830,39
55.894727,-4.040592,49
55.892470,-4.055219,58
55.895284,-4.056791,65
55.888969,-4.080652,51
55.886325,-4.087130,42
55.887341,-4.091886,38
55.887785,-4.128864,37
55.888176,-4.134803,47
55.886072,-4.141627,43
55.888112,-4.156035,58
55.885839,-4.162609,66
55.890903,-4.141333,63
55.908020,-4.150277,60
55.892581,-4.148191,56
55.897596,-4.109728,59
55.896621,-4.091570,56
55.901162,-4.110338,74
55.904942,-4.111583,65
55.904347,-4.099105,67
55.912584,-4.090349,65
55.910251,-4.092256,66
55.910037,-4.086308,67
55.908963,-4.084475,64
55.915219,-4.083915,65
55.911431,-4.079343,57
55.913045,-4.079574,64
55.916548,-4.080769,55
55.919005,-4.079493,50
55.916083,-4.073159,44
55.927142,-4.041129,58
55.930174,-4.036582,67
55.934190,-4.039354,46
55.936136,-4.036927,52
55.939158,-4.035660,58
55.943549,-4.051616,43
55.945657,-4.047484,46
55.943747,-4.044020,45
55.949091,-4.036070,55
55.937238,-4.021854,74
55.933889,-4.024914,76
55.930634,-4.026665,69
55.931874,-4.020646,72
55.934057,-4.013043,67
55.935067,-4.017787,71
55.939108,-4.004195,65
55.933872,-4.003972,74
55.935183,-3.999061,72
55.938772,-3.993866,76
55.939774,-3.989706,64
55.943814,-3.982147,67
55.941468,-3.986062,66
55.941679,-3.991966,75
55.943477,-3.996318,71
55.941187,-4.002909,63
55.947348,-3.999224,66
55.949712,-3.991450,68
55.945209,-3.985950,87
55.947896,-3.982019,81
55.946201,-3.977897,63
55.947522,-3.976795,67
55.949973,-3.971843,70
55.952040,-3.975216,69
55.954529,-3.975823,70
55.957244,-3.969570,68
55.952460,-3.969215,70
55.952271,-3.960219,65
55.954351,-3.957714,69
55.958896,-3.950494,67
55.955454,-3.949904,59
55.957613,-3.945784,60
55.961298,-3.946898,65
55.961342,-3.951498,87
55.960719,-3.956754,82
55.964100,-3.948144,74
55.962722,-3.942067,65
55.967781,-3.947224,68
55.978901,-3.949851,56
55.962484,-3.977911,74
55.959895,-3.983034,55
55.953656,-3.982602,68
55.952195,-3.989623,62
55.961105,-3.988254,64
55.963953,-3.988833,49
55.959466,-3.993441,50
55.960603,-3.997072,54
55.961088,-4.002031,55
55.962411,-4.005785,51
55.959174,-4.019666,59
55.957742,-4.024237,53
55.953455,-4.021002,54
55.952294,-4.009009,57
55.952491,-4.002404,51
55.948552,-4.016358,57
55.947774,-4.018864,57
55.945869,-4.024899,62
55.948179,-4.027582,61
55.950228,-4.046092,50
55.958818,-4.041259,54
55.968141,-4.012090,33
55.988738,-4.005481,36
55.974871,-4.043258,65
55.975384,-4.047036,75
55.978091,-4.054984,82
55.979819,-4.054291,68
55.972427,-4.051927,71
55.971653,-4.056293,77
55.974277,-4.056336,87
55.975795,-4.071418,67
55.979391,-4.061673,88
55.983116,-4.062977,71
55.980823,-4.066830,85
55.981740,-4.073756,71
55.979193,-4.072417,81
55.973768,-4.092432,61
58.958128,-3.301799,64
58.962589,-3.299393,76
58.969952,-3.287009,56
59.017251,-3.265855,27
59.003670,-3.109286,45
58.938155,-3.127545,21
59.050253,-3.193469,30
59.101174,-3.301209,23
59.104073,-3.087804,23
58.912195,-2.902827,31
58.925745,-2.765497,19
58.959998,-2.863914,29
58.983541,-2.944274,49
58.984544,-2.994949,50
58.972733,-2.950970,71
58.975284,-2.956937,79
58.977213,-2.966854,75
58.979893,-2.968860,84
58.979450,-2.959627,86
58.978195,-2.950668,75
58.977069,-2.945088,63
58.981377,-2.952774,75
58.986242,-2.953239,74
58.798976,-3.206180,9
58.824669,-2.956904,22
58.845463,-2.914467,26
59.064512,-2.826081,20
59.232831,-2.599493,16
59.315901,-2.978654,20
56.165370,-3.578520,33
56.207765,-3.459945,50
56.157847,-3.413950,34
56.210322,-3.327158,34
56.222213,-3.348422,30
56.213843,-3.427331,79
56.212560,-3.430266,73
56.209917,-3.430409,77
56.202095,-3.423026,72
56.206692,-3.428016,83
56.187653,-3.548788,31
56.229167,-3.413641,51
56.223164,-3.423129,77
56.228748,-3.422014,56
56.243845,-3.883866,26
56.264995,-3.879965,36
56.260004,-3.783124,72
56.284744,-3.741950,43
56.328826,-3.831750,53
56.295662,-3.703825,92
56.297959,-3.696235,71
56.294596,-3.715913,86
56.292816,-3.709499,83
56.291348,-3.725268,70
56.383826,-3.779481,29
56.369536,-3.986099,61
56.372136,-3.980324,68
56.385090,-3.891970,24
56.377405,-3.999173,45
56.379401,-3.853968,59
56.377559,-3.841279,76
56.374754,-3.828059,67
56.371336,-3.848249,85
56.372222,-3.826708,62
56.368909,-3.836798,73
56.373138,-3.835819,88
56.371686,-3.840413,96
56.367680,-3.849384,80
56.318578,-3.663291,32
56.385512,-3.632161,20
56.411624,-3.495363,36
56.415311,-3.518055,53
56.420763,-3.514495,43
56.312052,-3.583986,36
56.313390,-3.586160,46
56.355790,-3.456098,30
56.276898,-3.398508,28
56.281136,-3.399583,18
56.348405,-3.404668,67
56.342928,-3.402671,60
56.339721,-3.407374,46
56.309812,-3.360560,17
56.334630,-3.310379,58
56.332636,-3.313707,51
56.381387,-3.440086,57
56.379111,-3.436486,59
56.386077,-3.446321,63
56.384718,-3.437993,64
56.382831,-3.431006,54
56.389072,-3.440603,80
56.397182,-3.447099,80
56.398485,-3.454763,76
56.393623,-3.451046,81
56.389778,-3.446380,76
56.389504,-3.451327,72
56.396320,-3.460837,71
56.390325,-3.480727,60
56.390501,-3.475015,63
56.388641,-3.463604,66
56.395931,-3.467222,69
56.395311,-3.473986,67
56.393932,-3.484204,64
56.396332,-3.481867,62
56.399646,-3.485706,62
56.400909,-3.481510,61
56.404297,-3.481447,62
56.411838,-3.471448,43
56.399990,-3.475706,66
56.405866,-3.474200,71
56.403517,-3.475292,69
56.402286,-3.475309,68
56.401019,-3.469994,67
56.401296,-3.463345,65
56.401432,-3.461697,65
56.404538,-3.465754,58
56.406240,-3.452434,62
56.404741,-3.456071,63
56.408565,-3.466298,53
56.406082,-3.468147,60
56.409725,-3.467007,50
56.410106,-3.459874,51
56.412927,-3.464488,52
56.414797,-3.468207,44
56.415638,-3.448642,64
56.415928,-3.452235,64
56.417792,-3.452647,58
56.413491,-3.452418,67
56.412588,-3.448137,61
56.408859,-3.440476,76
56.407465,-3.450633,73
56.403336,-3.444837,88
56.405924,-3.439409,76
56.401755,-3.439446,87
56.400059,-3.435331,82
56.398677,-3.438293,85
56.390706,-3.436842,62
56.393213,-3.431444,69
56.395517,-3.432600,74
56.396144,-3.428087,73
56.398514,-3.432988,78
56.395531,-3.436845,80
56.389212,-3.416780,40
56.396802,-3.409853,39
56.398963,-3.420464,51
56.406024,-3.414310,53
56.402765,-3.421935,55
56.424843,-3.406886,74
56.421943,-3.408222,69
56.421335,-3.400871,90
56.420556,-3.394990,62
56.417196,-3.396553,67
56.419104,-3.407452,72
56.415634,-3.402801,72
56.372929,-3.303128,42
56.376184,-3.305474,32
56.450846,-3.348579,33
56.473169,-3.407212,20
56.447169,-3.164193,32
56.443992,-3.167584,44
56.418036,-3.186467,28
56.395457,-3.207845,60
56.391524,-3.216808,52
56.455258,-3.063825,63
56.455729,-3.117497,40
56.455781,-3.128646,29
56.460555,-3.059072,72
56.544108,-3.270167,66
56.545556,-3.268215,80
56.520412,-3.299216,49
56.519520,-3.302875,30
56.585796,-3.158960,42
56.566973,-3.234578,53
56.611984,-3.234711,54
56.623811,-3.233500,82
56.624897,-3.228189,54
56.620147,-3.225183,79
56.575252,-3.336712,43
56.590342,-3.293717,26
56.745931,-3.526250,12
56.596343,-3.457181,18
56.750386,-3.807170,33
56.591152,-3.331052,75
56.595191,-3.334012,67
56.598420,-3.333670,56
56.595750,-3.326247,66
56.581619,-3.341137,68
56.584593,-3.336162,73
56.584840,-3.331579,65
56.586833,-3.342591,91
56.592525,-3.342940,91
56.589413,-3.339084,98
56.577603,-3.326881,52
56.495152,-3.504107,25
56.484308,-3.448855,57
56.480981,-3.448339,61
56.530286,-3.462545,32
56.551965,-3.452677,31
56.501379,-3.515856,46
56.500685,-3.519013,47
56.417989,-3.580590,67
56.415848,-3.581506,72
56.450042,-3.469210,47
56.452532,-3.465331,52
56.454018,-3.584991,22
56.558323,-3.573259,60
56.562539,-3.585867,44
56.655613,-3.667816,30
56.707887,-3.732435,70
56.703495,-3.725225,72
56.696829,-3.716689,46
56.651609,-3.780435,32
56.620561,-3.865860,89
56.618283,-3.860761,71
56.706383,-4.021234,13
56.603627,-4.140587,3
56.584891,-3.998637,16
55.794879,-4.632946,69
55.796033,-4.626865,63
55.799489,-4.622454,53
55.797300,-4.631083,60
55.792750,-4.634956,33
55.809470,-4.560495,41
55.811889,-4.557829,44
55.829504,-4.482959,50
55.816981,-4.431382,41
55.923300,-4.589882,40
55.911108,-4.461291,49
55.854691,-4.550863,41
55.846881,-4.534774,53
55.822271,-4.569862,25
55.839755,-4.551194,59
55.837175,-4.549475,55
55.833683,-4.544535,65
55.829181,-4.541846,64
55.822522,-4.535727,60
55.826290,-4.529091,63
55.825750,-4.518166,63
55.824806,-4.524332,62
55.819212,-4.527546,50
55.816434,-4.529760,44
55.827177,-4.532278,70
55.831869,-4.526115,79
55.836104,-4.517302,90
55.832586,-4.518816,89
55.834589,-4.510944,92
55.837461,-4.509851,91
55.835584,-4.502719,85
55.837670,-4.498269,64
55.836666,-4.491449,73
55.832499,-4.499726,79
55.827766,-4.501323,71
55.824522,-4.506990,70
55.827837,-4.506629,75
55.831361,-4.513227,71
55.827766,-4.495111,48
55.831574,-4.497000,70
55.831150,-4.488238,61
55.834021,-4.488485,70
55.837250,-4.479460,70
55.842446,-4.466932,64
55.844419,-4.462216,65
55.846664,-4.455585,83
55.844238,-4.456406,71
55.844707,-4.453640,65
55.847822,-4.452047,79
55.851503,-4.450889,78
55.848700,-4.444945,74
55.846103,-4.438121,82
55.843114,-4.438381,90
55.841575,-4.445297,84
55.840949,-4.452796,65
55.838664,-4.444331,60
55.836387,-4.448980,50
55.837378,-4.456069,53
55.835010,-4.461254,55
55.834244,-4.461813,55
55.833377,-4.456137,54
55.829910,-4.463695,56
55.827436,-4.469175,54
55.825864,-4.463279,60
55.823376,-4.469013,50
55.822483,-4.473204,39
55.819342,-4.474744,40
55.819918,-4.468938,46
55.820540,-4.459877,51
55.821510,-4.450423,55
55.827370,-4.455422,50
55.828642,-4.449339,52
55.832208,-4.452134,55
55.832540,-4.446278,53
55.834955,-4.444162,58
55.830410,-4.441290,58
55.819954,-4.445520,60
55.817682,-4.440477,55
55.817219,-4.436632,54
55.820954,-4.435477,63
55.823681,-4.437563,72
55.820151,-4.428323,68
55.824397,-4.423622,70
55.824020,-4.429506,82
55.826542,-4.429663,68
55.826169,-4.438070,71
55.830205,-4.428071,66
55.833693,-4.428017,61
55.838098,-4.436134,65
55.834869,-4.426286,82
55.835101,-4.420439,82
55.831703,-4.422735,84
55.833398,-4.413770,77
55.828846,-4.415835,72
55.827964,-4.411788,67
55.825914,-4.421417,61
55.828997,-4.403517,61
55.831220,-4.400173,57
55.828138,-4.399216,43
55.827041,-4.394614,51
55.832470,-4.386261,53
55.833728,-4.402420,66
55.836141,-4.407296,71
55.831741,-4.405714,61
55.837242,-4.419853,74
55.841545,-4.408540,72
55.843066,-4.405216,79
55.841562,-4.412279,72
55.844628,-4.414466,79
55.840946,-4.422575,82
55.837860,-4.423629,95
55.839679,-4.429860,74
55.842636,-4.426658,77
55.842930,-4.434535,78
55.845729,-4.432522,69
55.848111,-4.411471,84
55.844468,-4.412108,91
55.845433,-4.410091,93
55.845660,-4.407214,94
55.848441,-4.402896,92
55.851179,-4.406293,70
55.850921,-4.401068,66
55.847881,-4.376214,70
55.843270,-4.373409,73
55.846046,-4.384665,66
55.847574,-4.386484,68
55.844377,-4.394690,70
55.852659,-4.414229,85
55.854042,-4.406038,71
55.855181,-4.408458,72
55.856320,-4.410877,71
55.857698,-4.407958,67
55.858247,-4.402415,58
55.860012,-4.409572,65
55.851144,-4.423162,82
55.851084,-4.428479,81
55.851200,-4.430803,74
55.854748,-4.432750,80
55.857825,-4.430785,66
55.858865,-4.437242,56
55.863553,-4.413275,65
55.864579,-4.411341,62
55.867048,-4.404126,74
55.869448,-4.401828,73
55.874050,-4.397189,79
55.874393,-4.403572,53
55.878540,-4.403861,73
55.878646,-4.397488,72
55.877026,-4.396205,66
55.871255,-4.392588,78
55.867424,-4.399594,76
55.867219,-4.392612,71
55.865380,-4.390117,60
55.865161,-4.393540,64
55.864074,-4.403638,66
55.866711,-4.384062,49
55.868387,-4.378714,52
55.869080,-4.373082,47
55.872637,-4.378318,60
55.870539,-4.380828,60
55.875546,-4.382173,71
55.872908,-4.388933,79
55.875299,-4.389368,81
55.876096,-4.380240,66
55.879586,-4.384259,77
55.882238,-4.379593,67
55.879839,-4.389279,86
55.880834,-4.392682,72
55.882215,-4.388178,73
55.889685,-4.434441,59
55.890781,-4.441275,59
55.892130,-4.447133,67
55.894626,-4.435470,64
55.895507,-4.429079,48
55.895884,-4.426368,49
55.898506,-4.431043,63
55.898719,-4.437119,74
55.896048,-4.439014,61
55.899282,-4.443633,94
55.901803,-4.447919,80
55.897521,-4.451696,70
55.898063,-4.448883,67
55.895289,-4.444645,63
55.892856,-4.449498,65
55.892532,-4.453572,54
55.899490,-4.463834,57
55.900731,-4.472312,52
55.902393,-4.470114,59
55.907205,-4.468148,75
55.907208,-4.458580,80
55.908133,-4.460383,79
55.909686,-4.466337,78
55.911492,-4.513035,61
55.911799,-4.505438,63
55.910155,-4.498323,61
55.908034,-4.500122,66
55.906814,-4.494236,66
55.904269,-4.496536,76
55.844440,-4.502554,78
55.846283,-4.504302,80
55.847279,-4.499988,87
55.846780,-4.493997,77
55.848475,-4.492860,81
55.851465,-4.494314,73
55.851067,-4.498874,72
55.850075,-4.503907,81
55.847685,-4.508737,77
55.850499,-4.515294,63
55.850330,-4.511672,67
55.853978,-4.509511,59
55.857276,-4.526694,52
55.861519,-4.522255,46
55.860125,-4.529308,48
55.859615,-4.534869,45
55.865533,-4.532505,53
55.861120,-4.545978,50
55.865534,-4.550295,71
55.869917,-4.550023,71
55.852536,-4.572340,57
55.855311,-4.570734,65
55.859337,-4.575507,84
55.861530,-4.577634,80
55.857066,-4.585185,60
55.850663,-4.587092,40
55.849467,-4.570396,46
55.744444,-3.343489,26
55.751483,-3.355457,55
55.754980,-3.352902,53
55.733850,-3.212011,21
55.684484,-3.387703,21
55.610442,-3.409487,14
55.646155,-3.156675,23
55.657098,-3.198083,70
55.660235,-3.193379,66
55.653107,-3.192621,89
55.654428,-3.195395,85
55.652197,-3.188224,81
55.643174,-3.173460,49
55.643703,-3.182930,60
55.647468,-3.198695,55
55.647617,-3.196300,73
55.645413,-3.185444,63
55.637643,-3.107209,30
55.619603,-3.009999,27
55.623654,-3.012342,54
55.624001,-3.060644,63
55.619897,-3.054038,64
55.616824,-3.062403,72
55.619109,-3.065148,72
55.635084,-2.683333,31
55.638683,-2.679313,67
55.639953,-2.672186,60
55.734466,-2.908655,15
55.695313,-2.864346,53
55.620061,-2.878075,40
55.620165,-2.808069,65
55.618254,-2.810427,89
55.619576,-2.822316,67
55.625269,-2.830947,61
55.614471,-2.809063,92
55.617355,-2.817252,81
55.615586,-2.821137,72
55.615430,-2.814894,86
55.604563,-2.789241,57
55.610094,-2.801020,76
55.611254,-2.799535,88
55.612883,-2.794981,74
55.613047,-2.776298,59
55.610305,-2.776562,74
55.611124,-2.784865,68
55.606115,-2.734829,48
55.598656,-2.701093,69
55.591974,-2.728329,64
55.599204,-2.728923,84
55.602496,-2.773820,50
55.605598,-2.766310,50
55.603142,-2.763993,48
55.717242,-2.747293,62
55.685077,-2.722902,22
55.720309,-2.752621,69
55.771063,-2.804160,19
55.707025,-2.458204,70
55.705546,-2.299759,25
55.810418,-2.395645,12
55.729168,-2.522456,19
55.680753,-2.563888,27
55.773629,-2.340134,74
55.776497,-2.345945,77
55.779416,-2.343102,75
55.775770,-2.332421,67
55.841700,-2.125843,49
55.864322,-2.119589,36
55.886202,-2.157256,71
55.865603,-2.214551,19
55.930831,-2.364143,23
55.869121,-2.086046,67
55.872010,-2.091726,81
55.871772,-2.096487,82
55.871318,-2.103246,74
55.873384,-2.102868,67
55.776209,-2.308688,32
55.801212,-2.212570,81
55.799849,-2.210616,79
55.777998,-2.148723,28
55.795536,-2.116141,35
55.663268,-2.297592,34
55.652222,-2.259211,67
55.650260,-2.252397,95
55.655403,-2.254878,71
55.544497,-2.288057,40
55.518470,-2.364392,15
55.594172,-2.425548,68
55.590236,-2.438405,55
55.606633,-2.467730,30
55.603216,-2.405521,29
55.606026,-2.437565,69
55.609120,-2.428933,69
55.606450,-2.431983,74
55.603710,-2.434524,82
55.600710,-2.434094,82
55.598385,-2.430815,85
55.604146,-2.422815,69
55.473825,-2.515877,24
55.513074,-2.593174,34
55.563810,-2.467601,29
55.575996,-2.675217,69
55.577444,-2.678272,65
55.575945,-2.636073,26
55.571853,-2.640288,64
55.569573,-2.643232,66
55.471063,-2.547746,69
55.473802,-2.548100,74
55.481097,-2.548280,78
55.482938,-2.550664,90
55.476974,-2.556070,88
55.179276,-2.813552,84
55.358793,-2.887866,15
55.457377,-2.681964,74
55.444770,-2.736142,23
55.396399,-2.654200,15
55.435845,-2.765831,59
55.435112,-2.770906,63
55.435403,-2.776174,49
55.437643,-2.771493,58
55.421093,-2.786747,82
55.426944,-2.779516,81
55.423624,-2.780083,74
55.424418,-2.783922,85
55.429636,-2.767228,64
55.423877,-2.803566,49
55.417569,-2.799473,64
55.415865,-2.794778,65
55.419264,-2.793046,79
55.428914,-2.786223,78
55.430024,-2.786846,65
55.434768,-2.788347,54
55.434046,-2.784571,57
55.512449,-2.767127,24
55.566615,-2.708688,35
55.509344,-2.968317,12
55.550744,-2.964500,10
55.554675,-2.834100,74
55.546669,-2.839383,94
55.546056,-2.834441,73
55.550255,-2.835275,80
55.550307,-2.840887,72
55.548032,-2.847622,76
55.550239,-2.854501,55
59.891791,-1.311577,17
59.979913,-1.311113,24
60.001404,-1.233355,43
60.053365,-1.226675,20
60.128540,-1.209740,34
60.143566,-1.176500,53
60.146655,-1.169237,66
60.145766,-1.166360,70
60.150820,-1.151949,84
60.151496,-1.142620,84
60.149789,-1.134236,24
60.156331,-1.148871,83
60.153363,-1.159413,82
60.156801,-1.157794,77
60.161679,-1.166552,52
60.189952,-1.225288,28
60.104502,-1.330405,31
60.138786,-1.277677,71
60.196168,-1.283379,20
60.319000,-1.134905,14
60.243462,-1.302070,33
60.237057,-1.396885,17
60.232405,-1.567033,21
60.393223,-1.363049,63
60.446832,-1.200540,26
60.487721,-1.449164,21
60.598755,-1.076422,14
60.757858,-0.860030,11
60.344694,-1.019194,41
60.364779,-0.994732,10
55.100970,-5.005812,47
55.133545,-4.906377,9
55.207544,-4.717206,18
55.275832,-4.725034,45
55.323870,-4.819646,32
55.330569,-4.775213,29
55.325155,-4.638286,38
55.236613,-4.847350,62
55.236508,-4.852990,66
55.234510,-4.851148,61
55.232545,-4.851763,50
55.231128,-4.854697,50
55.235357,-4.856825,68
55.240104,-4.856426,83
55.242197,-4.857662,81
55.242391,-4.847040,71
55.245778,-4.850209,81
55.355959,-4.675157,91
55.352570,-4.682517,89
55.349074,-4.685372,73
55.352959,-4.691409,74
55.357142,-4.690447,65
55.356054,-4.685971,85
55.357308,-4.683310,72
55.340399,-4.607788,25
55.411934,-4.748415,30
55.391369,-4.644054,35
55.431610,-4.615255,42
55.426658,-4.620681,53
55.446986,-4.522166,54
55.444161,-4.519234,64
55.442318,-4.511385,43
55.445588,-4.496554,50
55.458644,-4.512960,32
55.444474,-4.643606,61
55.436230,-4.659844,39
55.435240,-4.652869,52
55.435222,-4.616205,52
55.432363,-4.641721,50
55.431730,-4.621017,60
55.430653,-4.654664,43
55.430902,-4.629419,66
55.448133,-4.610561,69
55.446120,-4.602094,64
55.445613,-4.612402,67
55.444238,-4.611979,67
55.440538,-4.606738,68
55.440200,-4.611618,51
55.438198,-4.608165,58
55.452055,-4.622998,76
55.450526,-4.615084,69
55.447639,-4.622737,70
55.447450,-4.626488,75
55.444419,-4.620293,71
55.443524,-4.622622,71
55.438635,-4.618850,59
55.458049,-4.596141,57
55.455393,-4.618665,82
55.453950,-4.602499,75
55.452538,-4.609270,70
55.452241,-4.599982,60
55.450842,-4.609965,70
55.449397,-4.602294,55
55.467357,-4.640391,64
55.463088,-4.635360,80
55.460075,-4.632944,92
55.460069,-4.625698,81
55.455984,-4.629681,84
55.452814,-4.634516,79
55.452569,-4.640478,82
55.474841,-4.625510,88
55.473897,-4.619228,86
55.469931,-4.624772,81
55.467129,-4.630962,83
55.466499,-4.623436,75
55.464858,-4.624514,76
55.461513,-4.621665,75
55.461574,-4.606181,53
55.464762,-4.598323,49
55.468027,-4.598190,60
55.471522,-4.595746,64
55.470096,-4.591332,57
55.472920,-4.587008,60
55.473502,-4.604896,68
55.473064,-4.595072,64
55.472010,-4.609972,79
55.471929,-4.600678,65
55.471801,-4.605844,74
55.469957,-4.616008,73
55.486512,-4.619037,80
55.481697,-4.621028,83
55.480229,-4.616530,70
55.477434,-4.624084,89
55.477645,-4.613399,66
55.475235,-4.620963,88
55.486482,-4.612481,71
55.485925,-4.601063,53
55.485166,-4.597483,44
55.484796,-4.614000,70
55.482689,-4.608700,61
55.479985,-4.609851,56
55.502755,-4.612308,88
55.497876,-4.611367,88
55.497446,-4.616343,66
55.497123,-4.613408,89
55.492457,-4.616772,74
55.490440,-4.612332,70
55.502127,-4.605093,95
55.499435,-4.604852,88
55.497127,-4.607739,74
55.496304,-4.599530,70
55.494440,-4.595877,61
55.492133,-4.599113,57
55.488350,-4.606241,61
55.517664,-4.600195,53
55.516285,-4.599946,49
55.503042,-4.599246,78
55.499212,-4.597204,79
55.474547,-4.522913,42
55.489061,-4.523889,41
55.491581,-4.532868,42
55.492580,-4.522800,48
55.510549,-4.484035,55
55.512540,-4.480692,72
55.515267,-4.488499,46
55.550783,-4.562855,55
55.553616,-4.561913,41
55.575693,-4.589228,42
55.578711,-4.593140,58
55.581874,-4.594888,42
55.578854,-4.598259,51
55.552198,-4.624628,56
55.548929,-4.637902,66
55.551323,-4.636493,71
55.553989,-4.638765,69
55.557488,-4.642790,69
55.559430,-4.640256,74
55.565650,-4.639849,55
55.564214,-4.644368,60
55.561061,-4.649263,49
55.564721,-4.655791,57
55.558145,-4.652302,73
55.554896,-4.656665,80
55.551534,-4.652538,63
55.550044,-4.649932,64
55.547547,-4.654822,77
55.544075,-4.633709,56
55.545105,-4.650963,69
55.544278,-4.658025,96
55.543507,-4.666597,95
55.542559,-4.673778,76
55.538119,-4.651460,70
55.535377,-4.650260,57
55.467050,-3.652126,17
55.477460,-3.788750,22
55.495357,-3.691098,25
55.630678,-3.670727,23
55.598814,-3.595666,39
55.601196,-3.560003,39
55.623080,-3.524822,81
55.624222,-3.530552,48
55.624522,-3.520860,73
55.640599,-3.629284,24
55.693266,-3.501240,24
55.689456,-3.666902,52
55.693812,-3.695296,34
55.695123,-3.693412,74
55.698480,-3.627969,51
55.699448,-3.621342,63
55.701072,-3.649845,33
55.741300,-3.689789,36
55.758574,-3.603827,26
55.762977,-3.696226,68
55.764626,-3.692616,80
55.768152,-3.684543,83
55.738062,-3.856770,48
55.745894,-3.880132,63
55.747897,-3.885487,73
55.750764,-3.881960,75
55.753306,-3.881445,70
55.753523,-3.875496,67
55.733084,-3.850195,58
55.735610,-3.846603,67
55.735802,-3.851725,57
55.739193,-3.846725,68
55.736787,-3.838822,77
55.740093,-3.839472,73
55.740540,-3.834268,65
55.741967,-3.828313,65
55.726244,-3.814791,34
55.729620,-3.817400,57
55.731089,-3.820765,66
55.731273,-3.829517,72
55.734939,-3.830772,77
55.726296,-3.825224,66
55.729107,-3.843350,60
55.729491,-3.832125,73
55.730212,-3.838625,70
55.700573,-3.870189,44
55.711407,-3.840749,40
55.728118,-3.810165,38
55.729513,-3.809449,48
55.674540,-3.778809,72
55.675583,-3.788032,70
55.678123,-3.785190,68
55.679790,-3.773751,63
55.675983,-3.768489,84
55.676247,-3.772636,74
55.678347,-3.768485,68
55.680542,-3.765212,65
55.666533,-3.774439,62
55.668335,-3.764153,56
55.671127,-3.773104,86
55.672806,-3.778825,85
55.674792,-3.763887,69
55.650632,-3.872605,43
55.673086,-3.800242,32
55.673258,-3.818458,46
55.678459,-3.763210,40
55.687214,-3.902083,31
55.551378,-3.844373,65
55.556786,-3.844547,64
55.593387,-3.886034,71
55.597349,-3.780361,62
55.606624,-3.887844,47
55.629947,-3.880117,70
55.632048,-3.880822,74
55.635404,-3.881125,71
55.638694,-3.888655,95
55.646628,-3.896363,81
55.676890,-3.925565,57
55.664371,-3.918685,67
55.665988,-3.914106,81
55.667148,-3.924402,72
55.667307,-3.921150,83
55.673973,-3.923004,65
55.709533,-3.902897,41
55.727609,-3.927441,36
55.727815,-3.932611,48
55.742402,-3.965385,78
55.745207,-3.980965,65
55.745392,-3.974506,71
55.749376,-3.981049,62
55.733567,-3.968795,77
55.736551,-3.977165,66
55.738870,-3.979942,75
55.739239,-3.967615,90
55.742851,-3.974377,80
55.730451,-3.961901,69
55.731711,-3.954463,67
55.732928,-3.959334,71
55.734556,-3.963143,80
55.736263,-3.956475,75
55.736708,-3.965720,88
55.723806,-3.968351,64
55.724787,-3.971601,58
55.727346,-3.976221,54
55.728880,-3.971919,70
55.731493,-3.970904,71
55.687790,-3.994826,68
55.688523,-3.990106,70
55.690020,-3.998599,65
55.692447,-3.987490,75
55.693623,-3.992561,80
55.697486,-3.979917,59
55.697645,-3.987276,84
55.701162,-3.973196,74
55.673196,-4.058967,65
55.673301,-4.062360,62
55.675269,-4.068730,87
55.675506,-4.077569,64
55.678644,-4.063675,85
55.680071,-4.075521,67
55.681626,-4.076001,59
55.680745,-4.055722,82
55.682515,-4.065390,76
55.685033,-4.062628,62
55.685578,-4.066554,66
55.625375,-3.905550,34
55.632130,-4.143077,20
55.663935,-4.040404,44
55.712794,-4.096041,39
55.701329,-4.028506,39
55.738195,-4.032778,42
55.761406,-4.034593,53
55.767128,-4.007952,50
55.750183,-4.048539,60
55.751582,-4.044374,61
55.752890,-4.051645,62
55.753364,-4.043703,58
55.755150,-4.036243,57
55.756851,-4.045320,76
55.758882,-4.039928,64
55.761263,-4.048069,76
55.762269,-4.043755,75
55.766034,-4.034085,63
55.767442,-4.039626,81
55.769225,-4.033502,72
55.769606,-4.041923,79
55.770577,-4.024518,66
55.773044,-4.034052,82
55.775397,-4.043900,79
55.778123,-4.039419,70
55.780298,-4.038847,68
55.765837,-4.043782,78
55.766318,-4.050470,72
55.768418,-4.048524,68
55.771069,-4.050162,65
55.771926,-4.041853,74
55.758304,-4.052504,68
55.762588,-4.058579,67
55.764202,-4.053962,69
55.756652,-4.056146,59
55.759430,-4.063066,57
55.760151,-4.057574,62
55.761169,-4.063333,60
55.756029,-4.072927,33
55.756327,-4.066966,45
55.757472,-4.063552,47
55.764019,-4.067565,61
55.764792,-4.071798,60
55.766873,-4.066185,58
55.769749,-4.094843,44
55.772023,-4.092191,41
55.764587,-4.089768,50
55.766335,-4.082592,64
55.766806,-4.078154,66
55.767525,-4.091392,53
55.768583,-4.074534,72
55.769529,-4.087673,54
55.771020,-4.079765,69
55.772459,-4.077626,74
55.773717,-4.088216,61
55.774598,-4.087147,67
55.777392,-4.089831,65
55.783275,-4.102155,64
55.783874,-4.099731,73
55.784726,-4.096651,77
55.786800,-4.094673,85
55.787620,-4.105595,72
55.788701,-4.097072,77
55.789069,-4.102882,73
55.790314,-4.097860,76
55.792430,-4.092359,83
55.793363,-4.100880,74
55.793360,-4.104692,66
55.794797,-4.103190,69
55.797804,-4.103416,67
55.800376,-4.102757,63
55.801536,-4.102198,56
55.802683,-4.105036,49
55.805099,-4.104065,47
55.810932,-4.106152,35
55.796256,-4.091432,81
55.797248,-4.087002,83
55.798318,-4.095403,70
55.800096,-4.089133,68
55.781446,-4.079204,75
55.783100,-4.076502,77
55.784453,-4.081007,69
55.785104,-4.071744,77
55.787788,-4.087868,71
55.787898,-4.081350,71
55.788573,-4.079185,75
55.773965,-4.069845,70
55.775963,-4.077127,73
55.777303,-4.074439,74
55.777515,-4.069300,76
55.779652,-4.073129,72
55.780471,-4.067192,95
55.783288,-4.069112,93
55.767491,-4.058790,65
55.769734,-4.060088,56
55.771564,-4.065095,68
55.774778,-4.058903,64
55.778835,-4.061892,90
55.779414,-4.053088,87
55.783890,-4.049831,79
55.785157,-4.062162,75
55.787161,-4.065952,68
55.789434,-4.065450,63
55.800446,-4.073261,58
55.800839,-4.063246,65
55.804020,-4.064898,64
55.804234,-4.071388,80
55.805134,-4.085142,44
55.808002,-4.061646,47
55.807962,-4.068841,64
55.810638,-4.075367,70
55.811243,-4.070388,54
55.815901,-4.090379,52
55.817738,-4.075330,76
55.819979,-4.083638,85
55.820149,-4.077852,83
55.821620,-4.089664,67
55.823057,-4.080163,73
55.826312,-4.093332,61
55.809337,-4.126780,55
55.810241,-4.132686,57
55.811465,-4.135179,54
55.812338,-4.126273,52
55.814602,-4.136708,53
55.814863,-4.142340,68
55.817566,-4.135242,42
55.823228,-4.144525,60
55.812939,-4.145985,89
55.815722,-4.150815,69
55.817857,-4.141755,64
55.818626,-4.162501,90
55.818955,-4.155016,71
55.820206,-4.146226,60
55.820738,-4.125407,54
55.821159,-4.139989,64
55.808202,-4.138814,63
55.810102,-4.142749,76
55.810961,-4.156841,65
55.812723,-4.152182,75
55.812947,-4.158866,75
55.815915,-4.162350,80
55.805823,-4.180126,49
55.807743,-4.177249,63
55.807720,-4.180056,55
55.808243,-4.167750,56
55.808487,-4.161060,52
55.809584,-4.161520,58
55.809901,-4.178199,63
55.813517,-4.169894,69
55.817805,-4.177971,72
55.819168,-4.175078,80
55.820481,-4.168925,89
55.822224,-4.166420,79
55.817118,-4.188324,73
55.819477,-4.183013,71
55.821713,-4.187688,70
55.821667,-4.191246,78
55.824183,-4.202323,80
55.824754,-4.197055,74
55.824994,-4.205738,87
55.826114,-4.207941,85
55.825441,-4.188249,73
55.826734,-4.204415,83
55.829269,-4.209908,80
55.833158,-4.206551,65
55.823543,-4.214436,85
55.824941,-4.213702,78
55.826936,-4.217168,79
55.827510,-4.213241,80
55.829838,-4.219217,66
55.823213,-4.219782,65
55.823586,-4.224545,73
55.827018,-4.226577,74
55.827824,-4.222232,75
55.829220,-4.227533,73
55.819266,-4.218392,66
55.819410,-4.227339,82
55.821418,-4.232052,81
55.823055,-4.230022,71
55.812207,-4.208621,61
55.814132,-4.211061,69
55.814909,-4.224273,79
55.815368,-4.218282,77
55.815636,-4.190811,69
55.817013,-4.195693,92
55.817197,-4.207515,83
55.819945,-4.199130,87
55.807646,-4.184728,67
55.808358,-4.190194,67
55.809596,-4.193328,66
55.811122,-4.188913,70
55.811046,-4.200208,63
55.813563,-4.196648,75
55.814887,-4.205549,73
55.803655,-4.192866,50
55.804603,-4.188579,57
55.805944,-4.186931,60
55.806658,-4.206871,62
55.809004,-4.208344,68
55.739904,-4.214506,58
55.742699,-4.171792,37
55.754891,-4.156183,58
55.772833,-4.101561,39
55.774726,-4.100738,41
55.779987,-4.145752,56
55.785313,-4.163860,42
55.773252,-4.138207,63
55.776083,-4.137182,66
55.777286,-4.139831,66
55.777580,-4.147693,72
55.779130,-4.141830,59
55.771633,-4.147031,68
55.772264,-4.152598,83
55.775042,-4.156626,87
55.775554,-4.151552,75
55.777767,-4.153970,74
55.768490,-4.162259,74
55.771343,-4.156454,92
55.771716,-4.161784,85
55.772867,-4.166344,68
55.774007,-4.174076,67
55.761944,-4.152237,67
55.764496,-4.145587,66
55.765230,-4.152434,74
55.765510,-4.155430,68
55.766595,-4.142721,62
55.767199,-4.157006,78
55.768237,-4.147530,69
55.756265,-4.150649,59
55.758118,-4.157700,62
55.758206,-4.159841,57
55.759933,-4.161291,55
55.760066,-4.155289,67
55.761127,-4.161883,65
55.762894,-4.156992,71
55.764859,-4.174013,80
55.768469,-4.172126,65
55.769953,-4.179653,64
55.771251,-4.176442,68
55.763730,-4.181410,72
55.763637,-4.190140,63
55.766303,-4.181267,70
55.766840,-4.193970,55
55.770368,-4.190677,47
55.771837,-4.190951,47
55.772157,-4.182088,43
55.774226,-4.191053,43
55.763999,-4.197557,56
55.765995,-4.199534,56
55.770523,-4.198625,48
55.773734,-4.217446,36
55.774384,-4.199831,43
55.775417,-4.211865,39
55.752239,-4.230170,60
55.755965,-4.232359,50
55.757439,-4.226450,48
55.757916,-4.237284,43
55.771183,-4.249524,32
55.752367,-4.224137,58
55.754792,-4.226204,62
55.758997,-4.215796,49
55.759714,-4.208951,76
55.761122,-4.210593,64
55.746209,-4.221731,65
55.748201,-4.217909,69
55.749669,-4.214773,65
55.750206,-4.222851,62
55.754254,-4.221679,63
55.736363,-4.206516,59
55.736818,-4.212213,55
55.739822,-4.197073,70
55.739686,-4.205158,83
55.742270,-4.212410,80
55.744325,-4.217067,74
55.745064,-4.211979,75
55.743410,-4.187397,56
55.743957,-4.196525,70
55.745385,-4.191061,62
55.748778,-4.188781,65
55.751767,-4.189475,66
55.744579,-4.201420,68
55.747135,-4.204734,77
55.747711,-4.209181,66
55.748080,-4.201187,73
55.748824,-4.197245,64
55.751312,-4.201385,65
55.752665,-4.193541,70
55.752985,-4.196762,68
55.752821,-4.207414,69
55.755132,-4.196819,77
55.755139,-4.203449,77
55.758092,-4.202165,76
55.758461,-4.196608,71
55.760666,-4.190914,67
55.761637,-4.203943,67
55.754084,-4.183533,86
55.756926,-4.178353,71
55.757136,-4.190286,75
55.757786,-4.184585,63
55.758236,-4.174968,69
55.742233,-4.176259,52
55.744722,-4.178341,51
55.748832,-4.180164,47
55.750773,-4.171620,63
55.751160,-4.168518,59
55.753814,-4.173446,70
56.072853,-4.472047,25
56.041896,-4.443349,26
56.042632,-4.379058,42
56.042323,-4.370802,59
56.037783,-4.365740,40
55.977909,-4.312165,31
55.986431,-4.312097,49
55.984496,-4.308390,64
56.068226,-4.450318,68
56.065310,-4.437810,33
56.069722,-4.339965,73
56.069411,-4.336427,90
56.070986,-4.332040,72
56.116233,-4.293435,68
56.055734,-4.224087,20
56.127925,-4.175267,26
56.125257,-4.172606,59
56.125581,-4.084518,35
56.112526,-3.971049,39
56.110393,-3.968978,59
56.106408,-3.965269,53
56.107544,-3.962754,58
56.110075,-3.959007,53
56.111929,-3.961128,49
56.075747,-3.922476,29
56.063953,-3.876060,61
56.064831,-3.871508,66
56.099086,-3.848266,38
56.080794,-3.867092,53
56.082520,-3.864106,55
56.085070,-3.865386,50
56.086074,-3.869742,50
56.103057,-3.867993,66
56.105792,-3.872532,69
56.106343,-3.877061,77
56.104509,-3.878901,79
56.091735,-3.906716,60
56.089298,-3.907447,75
56.085951,-3.907089,63
56.088548,-3.911782,76
56.089005,-3.915309,73
56.088729,-3.925004,65
56.091546,-3.925820,76
56.092204,-3.929148,81
56.095057,-3.924886,84
56.093954,-3.918368,85
56.100522,-3.914965,49
56.102223,-3.920034,57
56.103896,-3.926806,69
56.099479,-3.925364,72
56.097165,-3.929702,76
56.095384,-3.931526,72
56.100264,-3.934954,90
56.096200,-3.939074,65
56.101444,-3.941043,77
56.100139,-3.943485,66
56.100670,-3.946261,64
56.100338,-3.950795,48
56.104566,-3.941409,64
56.106557,-3.939917,65
56.107575,-3.950598,56
56.112044,-3.939646,63
56.115973,-3.944090,78
56.106585,-3.928404,63
56.110479,-3.929950,67
56.110892,-3.927655,62
56.118371,-3.937905,75
56.120460,-3.941598,75
56.121789,-3.940555,83
56.125114,-3.939982,76
56.125620,-3.939251,86
56.126975,-3.955859,61
56.130738,-3.952092,69
56.131134,-3.948073,69
56.129514,-3.940799,74
56.131674,-3.934873,69
56.134296,-3.939559,67
56.137692,-3.940164,63
56.137590,-3.947820,58
56.136230,-3.923933,63
56.134386,-3.932676,57
56.137542,-3.935457,51
56.144943,-3.943685,64
56.147525,-3.943493,71
56.150313,-3.945099,75
56.154167,-3.947435,89
56.153555,-3.933735,62
56.158127,-3.948763,50
56.153889,-3.954779,63
56.124583,-3.933166,76
56.121342,-3.934113,70
56.124042,-3.927508,71
56.130369,-3.908965,34
56.190393,-3.948417,57
56.194537,-3.950045,49
56.198356,-3.951190,51
56.202367,-3.953248,37
56.197279,-3.961871,36
56.192256,-3.961888,63
56.186017,-3.958653,64
56.185051,-3.969674,75
56.182056,-3.971518,66
56.183695,-3.975212,60
56.189051,-3.977469,66
56.192054,-3.975674,64
56.189779,-4.052962,86
56.190472,-4.059946,42
56.191235,-4.075539,51
56.173671,-4.147342,28
56.181251,-4.248634,22
56.144762,-4.379652,37
56.237466,-4.194966,83
56.240364,-4.197795,78
56.242083,-4.204704,31
56.244062,-4.212629,86
56.241386,-4.217558,66
56.178972,-4.383123,78
56.188405,-4.489985,10
56.356139,-4.334843,17
56.465751,-4.321066,29
56.410203,-4.655458,16
55.891979,-4.388474,72
55.899282,-4.398857,66
55.897107,-4.389141,66
55.895941,-4.383935,69
55.898438,-4.384040,50
55.899149,-4.387683,51
55.899123,-4.403342,60
55.899928,-4.396161,61
55.909329,-4.405830,70
55.907269,-4.420567,62
55.908879,-4.422363,70
55.910330,-4.426726,71
55.907918,-4.399390,69
55.905693,-4.392261,63
55.904129,-4.387173,61
55.902064,-4.382871,55
55.907254,-4.388709,69
55.910330,-4.395075,72
55.912145,-4.396947,71
55.910966,-4.405323,71
55.910475,-4.408797,70
55.910719,-4.414237,67
55.916340,-4.416827,61
55.917642,-4.413643,61
55.916458,-4.408977,60
55.914986,-4.402884,67
55.920677,-4.407830,58
55.921894,-4.414996,54
55.922129,-4.405311,58
55.924827,-4.406599,58
55.926818,-4.400847,44
55.927264,-4.397321,41
55.926977,-4.385729,46
55.931151,-4.388755,42
55.930164,-4.393321,46
55.929674,-4.399567,45
55.930064,-4.408588,41
55.927548,-4.413123,45
55.928195,-4.419087,44
55.925984,-4.420934,51
55.925381,-4.423713,44
55.927241,-4.428712,38
55.917485,-4.428054,60
55.913159,-4.421350,70
55.912178,-4.429178,83
55.912895,-4.432008,74
55.914192,-4.437322,63
55.916364,-4.434722,63
55.919387,-4.435951,58
55.921296,-4.441657,48
55.917135,-4.443924,64
55.917622,-4.449685,63
55.920062,-4.449455,57
55.922053,-4.447451,57
55.923512,-4.457644,76
55.926517,-4.465582,71
55.931160,-4.486339,56
55.937348,-4.522780,39
55.943017,-4.538684,57
55.941713,-4.542186,68
55.944668,-4.548802,72
55.947407,-4.542815,47
55.957645,-4.547573,66
55.957601,-4.555757,66
55.956202,-4.553486,68
55.954033,-4.549674,63
55.950806,-4.547091,58
55.949190,-4.554417,66
55.946457,-4.552700,65
55.938835,-4.544463,59
55.941975,-4.549089,73
55.940271,-4.554102,72
55.941986,-4.557194,84
55.944692,-4.567559,85
55.947316,-4.560685,81
55.948926,-4.557603,69
55.952138,-4.561740,69
55.943153,-4.577098,66
55.945876,-4.582292,69
55.945062,-4.587668,55
55.948025,-4.591646,52
55.948418,-4.599873,41
55.951196,-4.602815,37
55.950429,-4.596580,48
55.951094,-4.588023,58
55.966200,-4.582637,67
55.976020,-4.582795,70
55.981495,-4.584876,81
55.986855,-4.584336,86
55.980600,-4.571398,66
55.973485,-4.569082,54
55.971299,-4.570027,47
55.972027,-4.553182,40
55.974211,-4.556628,48
55.976253,-4.560434,55
55.976887,-4.563666,57
55.979710,-4.556735,55
55.982012,-4.559260,55
55.979951,-4.565872,68
55.981809,-4.565130,52
55.972381,-4.584444,78
55.987776,-4.579379,84
55.986784,-4.570526,63
55.990381,-4.567846,57
55.989430,-4.571215,60
55.994776,-4.577760,69
55.989738,-4.581834,84
55.994455,-4.592220,70
55.996270,-4.587964,71
55.998307,-4.592366,69
55.998809,-4.583915,76
56.001351,-4.585673,66
56.003146,-4.587076,59
56.001599,-4.576835,72
56.005730,-4.571833,62
55.998266,-4.572908,61
56.000719,-4.565180,58
56.003396,-4.561347,52
56.003932,-4.567976,60
56.009240,-4.576366,44
56.042173,-4.525960,36
55.824493,-3.713318,72
55.826349,-3.708514,85
55.826566,-3.698674,59
55.828535,-3.691432,65
55.829984,-3.701026,84
55.830942,-3.703894,90
55.832998,-3.700743,82
55.825100,-3.622241,35
55.841666,-3.624608,60
55.843169,-3.645369,58
55.844863,-3.636928,67
55.847759,-3.627290,72
55.843933,-3.615535,57
55.848615,-3.579534,79
55.850066,-3.572900,80
55.850233,-3.568945,73
55.851643,-3.563395,67
55.859151,-3.552369,69
55.861537,-3.554078,67
55.863990,-3.547752,57
55.866895,-3.522282,52
55.868795,-3.516156,61
55.871497,-3.530166,58
55.874343,-3.528200,66
55.874372,-3.523726,71
55.875466,-3.518814,70
55.883028,-3.534329,59
55.863417,-3.513630,46
55.863998,-3.504272,45
55.866773,-3.508119,41
55.870752,-3.512684,66
55.873025,-3.507515,72
55.876168,-3.500348,63
55.878967,-3.494045,59
55.877593,-3.508731,72
55.878972,-3.508432,75
55.881087,-3.508147,76
55.880376,-3.501565,67
55.881725,-3.497780,64
55.883356,-3.501856,72
55.885047,-3.503232,65
55.883142,-3.489170,64
55.884535,-3.484699,61
55.885337,-3.493427,66
55.887947,-3.490809,59
55.893587,-3.482198,68
55.889108,-3.428542,32
55.888496,-3.417743,49
55.890265,-3.416368,41
55.889906,-3.454842,51
55.887742,-3.456920,48
55.887390,-3.459353,53
55.887639,-3.465582,45
55.891146,-3.467697,60
55.893301,-3.463285,61
55.896438,-3.459437,55
55.906361,-3.493675,51
55.908194,-3.492898,44
55.917018,-3.504806,43
55.918467,-3.498718,38
55.895647,-3.487906,62
55.896281,-3.491960,71
55.897570,-3.501989,65
55.898523,-3.500459,67
55.899700,-3.493851,72
55.901197,-3.490437,69
55.890050,-3.520199,65
55.891079,-3.511077,66
55.891884,-3.506967,63
55.893612,-3.498686,63
55.895061,-3.509521,69
55.893594,-3.512630,66
55.885770,-3.553591,59
55.886325,-3.538744,67
55.888581,-3.537298,56
55.891008,-3.547979,61
55.891763,-3.543628,62
55.893566,-3.543924,56
55.892287,-3.533367,73
55.894829,-3.533403,60
55.896449,-3.527422,68
55.896075,-3.521346,78
55.899240,-3.529131,68
55.898762,-3.511775,74
55.899614,-3.517790,71
55.901473,-3.515704,71
55.903449,-3.517220,68
55.900490,-3.531947,65
55.902346,-3.538067,75
55.902734,-3.533635,64
55.904997,-3.525023,48
55.906415,-3.520792,59
55.909094,-3.524384,63
55.910882,-3.525110,59
55.903317,-3.567233,59
55.906539,-3.568963,55
55.905438,-3.555881,79
55.908274,-3.539021,78
55.912245,-3.537611,57
55.899736,-3.563330,68
55.899920,-3.555948,70
55.902206,-3.566308,64
55.903253,-3.560976,74
55.895243,-3.542023,58
55.898320,-3.538851,63
55.898197,-3.550041,55
55.899809,-3.544044,69
55.901055,-3.551419,89
55.903285,-3.552068,81
55.904678,-3.539103,78
55.904886,-3.545477,83
55.878497,-3.587637,69
55.877438,-3.589624,66
55.877547,-3.615780,70
55.873396,-3.610940,66
55.871598,-3.620519,74
55.872477,-3.628819,73
55.874254,-3.628302,72
55.875714,-3.617126,82
55.877019,-3.627874,78
55.877637,-3.623281,76
55.843404,-3.678487,68
55.860901,-3.673154,41
55.863827,-3.669477,55
55.865837,-3.658393,43
55.870181,-3.661471,57
55.868565,-3.672621,63
55.865188,-3.673770,76
55.864781,-3.678594,79
55.862959,-3.693568,72
55.862828,-3.701759,66
55.864234,-3.686416,91
55.865466,-3.696154,81
55.867218,-3.689614,78
55.868692,-3.683094,84
55.859715,-3.685022,58
55.858130,-3.687270,60
55.863790,-3.704917,75
55.862690,-3.741141,70
55.860829,-3.745612,81
55.897871,-3.696719,82
55.896862,-3.707358,79
55.897826,-3.711671,78
55.898790,-3.714065,57
55.899951,-3.704231,68
55.900121,-3.696497,90
55.901386,-3.707717,67
55.902768,-3.702659,72
55.904791,-3.699277,64
55.889421,-3.696270,54
55.890509,-3.700827,60
55.892663,-3.701689,71
55.893275,-3.699652,70
55.894848,-3.693740,60
55.895920,-3.690300,63
55.893312,-3.682527,54
55.896803,-3.684869,64
55.891378,-3.654204,65
55.887527,-3.645167,52
55.888060,-3.631454,61
55.890194,-3.625004,65
55.890595,-3.621870,66
55.897858,-3.607315,70
55.899251,-3.607325,72
55.900285,-3.601018,66
55.900295,-3.612006,75
55.901327,-3.616160,61
55.902199,-3.607975,64
55.895966,-3.628907,74
55.899879,-3.627183,61
55.899371,-3.635047,76
55.901852,-3.647132,74
55.904041,-3.643353,83
55.906625,-3.642263,68
55.904443,-3.638796,79
55.907922,-3.635343,65
55.906398,-3.629616,57
55.895546,-3.652974,72
55.897008,-3.654491,63
55.896169,-3.662084,49
55.899676,-3.658539,61
55.901730,-3.660162,56
55.902196,-3.652265,72
55.903495,-3.654543,59
55.908376,-3.658479,47
55.909036,-3.650828,60
55.884745,-3.769325,65
55.882216,-3.762047,64
55.886857,-3.754839,64
55.929584,-3.702539,40
55.934166,-3.656523,43
55.954488,-3.592797,35
55.969328,-3.622088,59
55.970406,-3.615996,68
55.972852,-3.615169,73
55.973927,-3.607137,82
55.970663,-3.604550,61
55.969000,-3.599802,54
55.974540,-3.595240,64
55.974767,-3.627379,64
55.975823,-3.619507,86
55.976298,-3.605200,94
55.977598,-3.614389,77
55.978451,-3.626044,66
55.979736,-3.624687,52
55.979292,-3.590515,69
55.979284,-3.583447,68
55.980497,-3.577871,69
55.980826,-3.571842,62
55.982820,-3.575418,52
55.963658,-3.535886,60
55.975678,-3.527436,36
55.982847,-3.459310,45
55.958296,-3.460228,72
55.956109,-3.465047,74
55.958047,-3.471351,55
55.932520,-3.487671,87
55.934509,-3.492630,70
55.936330,-3.489931,67
55.936605,-3.478318,61
55.935017,-3.496732,62
55.920717,-3.536315,64
55.926313,-3.510352,40
55.945364,-3.514025,30
55.927509,-3.499307,52
55.929824,-3.505495,57
55.931188,-3.510782,52
55.932511,-3.501069,60
55.935519,-3.503411,51
55.929315,-3.492638,55
55.929988,-3.486054,65
55.931463,-3.479931,69
55.931605,-3.475615,66
55.933228,-3.470650,78
55.933626,-3.465926,78
55.935133,-3.480360,76
55.935819,-3.471100,76
55.936445,-3.461518,67
55.935132,-3.460140,61
54.654991,-6.218438,19
54.633124,-6.318109,51
54.680691,-6.195538,50
54.706590,-6.237814,69
54.706242,-6.184441,64
54.645714,-6.099174,38
54.707816,-6.357185,49
54.605587,-6.244400,60
54.620893,-6.228205,64
54.772362,-6.355791,55
54.721748,-6.179296,61
54.714978,-6.204142,69
54.710369,-6.190508,65
54.710429,-6.210550,71
54.731823,-6.229562,67
54.756612,-6.122869,39
54.729162,-6.281683,61
54.754190,-6.309839,68
54.769370,-6.235128,20
54.729355,-6.207746,66
54.736434,-6.206266,62
54.722309,-6.202002,76
54.716853,-6.194198,70
54.703419,-6.102943,59
54.724153,-6.438798,47
54.488340,-5.793282,57
54.505761,-5.791373,60
54.582259,-5.742953,64
54.541492,-5.497879,56
54.520389,-5.518295,53
54.594256,-5.713629,72
54.607329,-5.738975,61
54.566478,-5.595179,45
54.575450,-5.530333,50
54.586770,-5.692665,81
54.549442,-5.740837,77
54.549987,-5.715847,64
54.554350,-5.740329,71
54.563200,-5.740104,60
54.560780,-5.775469,64
54.549999,-5.771886,66
54.642769,-5.545275,82
54.647798,-5.578381,57
54.634124,-5.551549,62
54.637043,-5.534788,74
54.599311,-5.699164,77
54.613398,-5.709480,61
54.582574,-5.666437,66
54.590010,-5.680277,79
54.592504,-5.674361,66
54.485259,-5.713333,25
54.470806,-5.673458,43
54.430748,-5.520591,42
54.485704,-5.519923,59
54.523484,-5.779029,50
54.521060,-5.716164,55
54.598062,-5.663087,69
54.605156,-5.631558,59
54.602269,-5.535431,63
54.615974,-5.565881,57
54.597606,-5.680245,75
54.604100,-5.670389,67
54.597632,-5.671032,71
54.379788,-5.512280,47
54.378944,-5.542434,60
54.464857,-5.452123,55
54.469274,-5.476987,50
54.567849,-5.710299,60
54.581819,-5.703730,66
54.601265,-5.688318,77
54.612739,-5.683715,70
54.361758,-6.664131,67
54.379862,-6.731997,42
54.348454,-6.667187,78
54.238986,-6.648963,42
54.429258,-6.654146,48
54.334827,-6.641967,62
54.338839,-6.631725,67
54.237258,-6.752628,31
54.339651,-6.663222,73
54.330271,-6.535721,46
54.351845,-6.509002,50
54.389232,-6.563121,44
54.249552,-6.704920,65
54.285128,-6.589434,44
54.311478,-6.805905,40
54.364844,-6.459796,58
54.430902,-6.568705,48
54.273539,-6.510987,57
54.314087,-6.704703,51
54.360698,-6.636544,65
54.299120,-6.421076,42
54.372589,-6.542956,60
54.373507,-6.552592,64
54.360258,-6.403616,61
54.348286,-6.640671,77
54.867569,-6.300770,66
54.853104,-6.370800,60
54.851518,-6.361191,57
54.849221,-6.299926,62
54.849998,-6.266490,74
54.859998,-6.254992,66
54.875635,-6.294607,67
54.885544,-6.235350,65
54.901346,-6.216187,61
54.864976,-6.270999,79
54.925392,-6.310670,47
54.884911,-6.355386,63
54.881974,-6.273887,71
54.924671,-6.397893,46
54.873590,-6.273298,81
54.870827,-6.326157,63
54.853446,-6.326436,63
54.979832,-6.227696,40
54.834774,-6.109674,35
54.812929,-6.392335,30
54.845697,-6.281364,74
54.803327,-6.211462,58
54.810387,-6.270591,54
54.858088,-6.267474,78
54.873976,-6.283353,79
54.860686,-6.434404,50
54.896480,-6.469000,54
54.915647,-6.128119,25
54.873793,-6.260541,67
55.061569,-6.266592,18
55.126924,-6.507025,56
55.072174,-6.497947,70
54.993388,-6.371198,52
55.088915,-6.472181,56
55.015372,-6.433583,35
55.061661,-6.501741,69
55.076480,-6.519398,78
55.001335,-6.488439,55
54.940185,-6.467274,51
55.047809,-6.384159,35
55.076371,-6.509441,71
55.071457,-6.531548,77
55.074448,-6.561742,59
55.102946,-6.378825,43
55.002276,-6.543109,32
54.348952,-6.256116,69
54.339519,-6.256000,65
54.307246,-6.011597,12
54.344723,-6.288984,67
54.311835,-6.217075,20
54.420642,-6.128831,70
54.409740,-6.156503,72
54.402877,-6.126483,58
54.351810,-6.287614,74
54.340505,-6.280612,71
54.374700,-6.366555,60
54.366238,-6.082202,34
54.290691,-6.130604,25
54.369049,-6.309332,54
54.303385,-6.322393,55
54.397781,-6.195679,42
54.237287,-6.162825,66
54.364659,-6.266353,66
54.350025,-6.266462,80
54.570660,-5.997727,91
54.572747,-5.991674,80
54.574715,-5.985696,92
54.615693,-5.963960,84
54.616795,-5.958990,85
54.614499,-5.955484,83
54.593375,-5.868448,89
54.597699,-5.871077,98
54.599863,-5.876798,77
54.598197,-5.911339,74
54.597642,-5.906017,89
54.597908,-5.900191,83
54.575986,-5.916878,88
54.576400,-5.924772,91
54.579813,-5.923807,94
54.627454,-5.971605,82
54.627721,-5.964137,80
54.632003,-5.963218,76
54.589241,-5.964071,79
54.593519,-5.962105,93
54.596464,-5.967070,82
54.653228,-5.942642,71
54.646608,-5.923978,77
54.652002,-5.932362,75
54.604728,-5.862670,74
54.610035,-5.862754,71
54.617762,-5.856115,71
54.578671,-5.962595,69
54.589163,-5.952118,74
54.594975,-5.889315,82
54.593721,-5.881092,87
54.591108,-5.886008,88
54.582800,-5.938816,86
54.581014,-5.929320,76
54.584164,-5.928964,84
54.586400,-5.933450,82
54.586654,-5.922667,77
54.633386,-5.924938,75
54.638919,-5.932566,75
54.640478,-5.925957,77
54.631085,-5.952943,70
54.636123,-5.941476,71
54.642304,-5.954043,66
54.584349,-5.855374,73
54.591916,-5.845628,85
54.592484,-5.827882,79
54.623164,-5.937124,88
54.628310,-5.940921,92
54.627505,-5.947538,72
54.618963,-5.950816,74
54.623308,-5.955827,97
54.621605,-5.964462,90
54.599246,-5.964705,79
54.598096,-5.955259,95
54.606050,-5.952494,75
54.610573,-5.951143,79
54.627420,-5.907376,69
54.618027,-5.929683,80
54.593485,-5.953221,84
54.596297,-5.946044,93
54.599776,-5.939306,82
54.583570,-5.975157,92
54.580006,-5.983735,90
54.585059,-5.987740,92
54.546143,-5.985893,68
54.556787,-5.991633,93
54.554809,-5.983694,82
54.627419,-5.933514,89
54.624884,-5.926873,85
54.630698,-5.930311,81
54.582618,-5.998031,86
54.576265,-5.996591,84
54.575467,-6.005305,90
54.617383,-6.000863,62
54.614297,-5.974099,83
54.596355,-6.023125,63
54.574933,-6.023272,78
54.572502,-6.014445,77
54.576348,-6.012463,88
54.607172,-5.990651,61
54.605508,-5.972585,81
54.601185,-5.977096,70
54.609372,-5.900197,66
54.599727,-5.887037,82
54.585697,-5.866216,70
54.590865,-5.861476,82
54.590549,-5.875813,78
54.564406,-5.997093,82
54.565498,-6.007166,83
54.569694,-6.010105,84
54.636275,-5.991535,62
54.624570,-5.976882,81
54.618222,-5.972416,78
54.563400,-5.964334,73
54.566846,-5.955600,76
54.572403,-5.953102,84
54.559224,-5.979887,79
54.564640,-5.988489,83
54.567465,-5.977712,79
54.606668,-5.931306,77
54.610422,-5.933542,97
54.612329,-5.932455,94
54.585909,-5.894334,87
54.582782,-5.886922,85
54.586280,-5.879919,78
54.582651,-5.912257,75
54.582048,-5.899458,94
54.584544,-5.905663,84
54.568867,-5.922264,73
54.572388,-5.912531,87
54.569226,-5.909877,88
54.595555,-5.927931,79
54.590749,-5.929326,81
54.588991,-5.942798,83
54.602552,-5.955779,75
54.604546,-5.942085,81
54.607085,-5.831684,62
54.598739,-5.843081,75
54.598582,-5.855966,79
54.563979,-5.938556,69
54.575852,-5.940204,79
54.573815,-5.937651,86
54.569991,-5.934882,70
54.621909,-5.873672,68
54.605915,-5.877581,89
54.603446,-5.881454,80
54.594121,-5.898970,82
54.590133,-5.896347,87
54.548100,-5.963767,65
54.558277,-5.970597,74
54.554789,-5.973890,76
54.592934,-6.000171,77
54.598035,-5.985603,69
54.590399,-5.988389,85
54.612213,-5.940020,80
54.616975,-5.945575,88
54.619999,-5.939612,95
54.591353,-5.972035,95
54.594860,-5.977059,78
54.594578,-5.983628,92
54.576910,-5.948765,93
54.579998,-5.946505,96
54.582360,-5.950000,83
54.584949,-5.947225,92
54.587412,-5.903357,85
54.592042,-5.909080,94
54.590128,-5.909449,96
54.604468,-5.963657,73
54.608618,-5.963267,79
54.611289,-5.961647,83
54.763826,-5.708134,60
54.728274,-5.791841,61
54.736225,-5.794173,62
54.724783,-5.784143,67
54.726912,-5.826987,62
54.729616,-5.819183,65
54.720463,-5.822276,69
54.752647,-5.780471,57
54.733489,-5.779750,64
54.696331,-5.871303,73
54.702956,-5.852673,65
54.714045,-5.812910,77
54.705982,-5.874665,63
54.725131,-5.805503,72
54.733652,-5.810709,68
54.723578,-5.816129,76
54.720749,-5.811528,83
54.728843,-5.798961,66
54.753269,-5.729960,61
54.744123,-5.860620,54
54.585292,-5.807761,64
54.571685,-5.814278,59
54.541362,-5.914171,60
54.552813,-5.924578,69
54.547921,-5.926572,72
54.548272,-5.889016,62
54.553900,-5.897475,71
54.597682,-5.781138,65
54.591312,-5.783978,75
54.534077,-5.888258,64
54.513271,-5.885913,74
54.522972,-5.904964,61
54.514864,-5.895333,73
54.574924,-5.900124,84
54.575233,-5.892665,90
54.603199,-5.807055,69
54.598357,-5.802571,75
54.586686,-5.793308,75
54.560805,-5.898550,75
54.585725,-5.840925,85
54.591985,-5.800122,86
54.568784,-5.884597,72
54.545111,-5.897524,66
54.551396,-5.903908,73
54.578292,-5.881956,78
54.574190,-5.868437,79
54.549588,-5.940915,69
54.518802,-5.860180,52
54.547945,-5.830815,59
54.559159,-5.916550,80
54.587743,-5.830632,81
54.571738,-5.852769,68
54.569744,-5.900554,90
55.027684,-6.617753,45
55.190352,-6.684923,66
55.149806,-6.661157,70
55.144726,-6.658598,68
55.142319,-6.819638,52
55.157944,-6.775565,59
55.132985,-6.664613,86
55.127316,-6.687186,74
55.137367,-6.650870,69
55.139853,-6.623837,55
55.170965,-6.692308,61
55.173214,-6.567749,51
54.953116,-6.704988,54
55.189699,-6.645197,63
55.192732,-6.652999,64
54.950609,-6.591499,58
55.114990,-6.637622,63
55.113469,-6.650951,65
55.107560,-6.743883,49
55.123946,-6.660422,80
55.182729,-6.716137,75
55.023495,-6.736307,30
55.201041,-6.634987,65
55.168862,-6.735405,72
55.176508,-6.711268,71
55.111695,-6.676365,65
55.120750,-6.687621,72
55.148424,-6.673683,67
55.136868,-6.686714,71
54.643825,-6.488306,37
54.643958,-6.657034,53
54.680777,-6.931358,13
54.634981,-6.756271,67
54.588079,-6.530133,38
54.634505,-6.730838,71
54.700753,-6.788509,16
54.677850,-6.673954,57
54.650775,-6.739049,75
54.638776,-6.831215,32
54.651798,-6.752684,71
54.591395,-6.904365,40
54.598324,-6.762269,53
54.595404,-6.672839,51
54.688856,-6.566678,28
54.643771,-6.754305,76
54.505088,-6.294232,54
54.541773,-6.358595,54
54.395528,-6.430952,60
54.420530,-6.443467,87
54.422517,-6.480470,68
54.445344,-6.465179,62
54.407216,-6.389440,58
54.418859,-6.353786,58
54.397232,-6.462227,62
54.413248,-6.458322,74
54.456416,-6.331893,76
54.429534,-6.451628,74
54.426952,-6.450304,71
54.462846,-6.338254,88
54.460694,-6.346595,83
54.470112,-6.381802,60
54.514432,-6.456375,36
54.409195,-6.303632,55
54.423640,-6.253052,47
54.442258,-6.354803,63
54.450373,-6.355437,68
54.454162,-6.377917,63
54.446213,-6.370510,70
54.472993,-6.326381,72
54.475328,-6.327982,70
54.426599,-6.432265,83
54.419818,-6.425663,72
54.430969,-6.394453,63
54.451414,-6.413920,59
54.428281,-6.419005,73
54.450885,-6.324813,73
54.448498,-6.313558,66
54.456849,-6.296252,67
54.467028,-6.271316,58
54.451137,-6.339143,69
54.465186,-6.318368,75
54.454587,-6.359390,70
54.418458,-6.451479,83
54.461961,-6.497479,47
54.497717,-6.546959,41
54.433170,-6.314319,58
54.433577,-6.293847,63
54.468803,-6.335016,78
54.474994,-6.341386,68
54.978014,-7.282478,67
54.987008,-7.285307,73
54.979378,-7.267397,64
55.020824,-7.301306,70
55.030221,-7.291913,63
54.875817,-7.121294,27
54.999349,-7.336487,89
54.990662,-7.334106,69
55.022457,-7.328896,72
55.024610,-7.318093,86
55.004133,-7.291754,75
54.985747,-7.306830,80
54.982504,-7.296107,73
54.916287,-7.170885,57
54.957743,-7.163295,24
54.996169,-7.350520,77
55.000403,-7.346066,78
54.991314,-7.347234,76
54.991142,-7.376973,55
55.018785,-7.352172,70
55.012974,-7.352355,67
55.055803,-7.262616,51
55.030620,-7.318688,72
55.033339,-7.312219,68
55.042893,-7.301501,60
55.043672,-7.277324,57
55.001608,-7.309289,85
54.995116,-7.307821,91
55.038416,-7.193140,58
55.014568,-7.163647,59
55.035297,-7.257836,59
55.005473,-7.246420,58
55.012203,-7.340609,68
55.008544,-7.335352,73
54.944426,-7.298353,53
54.960660,-7.309516,59
54.994392,-7.284846,81
54.999216,-7.281836,80
54.997403,-7.294056,73
54.992235,-7.295236,85
54.958147,-7.361087,61
54.968881,-7.343503,60
55.014288,-7.321212,86
55.015004,-7.306459,74
55.004590,-7.331243,89
55.027034,-7.311032,78
55.027094,-7.325589,76
55.029363,-7.330541,66
55.040193,-7.341213,62
55.029629,-7.339738,62
55.018990,-7.345006,72
55.019959,-7.338651,71
55.001495,-7.322815,87
55.008891,-7.319389,90
54.991610,-7.323381,87
54.987798,-7.315231,76
54.996386,-7.333315,91
54.259146,-5.620438,56
54.294720,-5.612796,43
54.331267,-5.695784,64
54.402023,-5.902255,77
54.412598,-5.922021,62
54.317957,-5.697071,68
54.405215,-5.887951,74
54.254538,-5.944059,76
54.292261,-5.944832,57
54.315899,-5.717406,67
54.315419,-5.725702,68
54.388436,-5.707707,55
54.367278,-5.746135,57
54.443568,-5.751512,41
54.427036,-5.686209,49
54.194492,-5.910108,66
54.210945,-5.900792,63
54.358661,-5.848416,56
54.371601,-5.820989,47
54.269057,-5.881859,55
54.356868,-5.915080,49
54.274153,-5.674386,46
54.262573,-5.757748,36
54.398127,-5.661716,61
54.435124,-5.873807,56
54.415312,-5.803081,53
54.236381,-5.875860,63
54.342877,-5.730062,67
54.349661,-5.699397,59
54.456727,-5.833927,72
54.472874,-5.838969,62
54.311285,-5.814505,34
54.217991,-5.898441,70
54.343276,-5.609491,24
54.218866,-6.005052,36
54.229051,-5.929372,57
54.543459,-6.904140,31
54.453572,-7.086738,26
54.429189,-6.940601,43
54.489185,-6.981892,43
54.500279,-6.783792,76
54.443526,-6.752287,45
54.403880,-6.844890,32
54.493237,-6.856998,55
54.403148,-7.172110,27
54.551391,-6.679316,63
54.527588,-6.700841,67
54.541425,-6.726119,58
54.497007,-6.743508,68
54.550222,-6.788353,52
54.524944,-6.759599,68
54.395248,-7.277451,50
54.490752,-6.636282,52
54.509138,-6.739863,62
54.470251,-6.687014,56
54.484730,-6.758279,65
54.517485,-6.782837,72
54.534077,-6.615739,49
54.413605,-7.581209,48
54.411643,-7.996206,9
54.530505,-7.853884,18
54.328551,-7.767323,29
54.335225,-7.332921,23
54.355115,-7.609552,66
54.342806,-7.606945,66
54.414556,-7.815470,30
54.178208,-7.546305,28
54.363103,-7.651229,72
54.240660,-7.401724,19
54.366489,-7.630651,67
54.244865,-7.731793,16
54.473467,-7.615559,59
54.532583,-7.605804,29
54.508858,-7.718953,51
54.325434,-7.564904,54
54.440182,-7.677338,38
54.254455,-7.448850,60
54.282237,-7.505555,44
54.169397,-7.347126,27
54.350687,-7.654720,66
54.249419,-7.239821,13
54.340611,-7.664977,64
54.391108,-7.457897,38
54.852791,-5.834812,76
54.791951,-5.780946,46
54.859586,-5.842570,66
54.866458,-5.817170,69
54.883673,-5.854173,59
54.991836,-6.020201,45
54.849064,-5.820615,78
54.859996,-5.837376,74
54.859685,-5.826821,74
54.905751,-5.952377,11
54.809345,-5.854326,53
54.851425,-5.805365,64
54.819197,-5.729401,35
54.850812,-5.853047,61
54.816997,-5.939324,42
54.857520,-5.817340,78
55.037866,-6.918023,63
55.069878,-6.874437,37
55.045732,-6.991270,57
55.040426,-6.949511,69
54.928795,-6.921639,68
55.039645,-6.933117,64
55.043864,-6.935654,69
54.887429,-6.991881,53
55.005427,-6.872545,54
55.004773,-7.046816,17
55.030472,-7.115510,53
55.043751,-7.042850,58
55.042361,-6.942933,72
55.126188,-6.937443,22
55.049789,-6.937418,70
55.052898,-6.948307,81
54.967374,-6.967220,33
54.912356,-6.854803,51
54.534755,-6.170620,29
54.535132,-6.247040,53
54.523098,-6.066767,71
54.533081,-6.059144,63
54.449998,-5.991910,39
54.475091,-5.941443,32
54.519861,-6.080008,66
54.526769,-6.076283,67
54.545649,-6.081999,58
54.505402,-6.035804,86
54.494799,-6.052438,60
54.579827,-6.048721,59
54.556531,-6.032988,72
54.560592,-6.026433,80
54.552798,-6.047857,61
54.552252,-6.033237,74
54.541950,-6.029476,66
54.426321,-6.000155,54
54.400442,-6.008270,52
54.530842,-5.970412,57
54.512456,-5.939959,51
54.551828,-6.007172,82
54.558017,-6.001953,74
54.585520,-6.230747,56
54.583201,-6.130280,39
54.524760,-6.033394,78
54.511632,-6.040428,80
54.516144,-6.028278,84
54.509624,-6.030891,76
54.510420,-6.001422,59
54.464673,-6.073905,68
54.447541,-6.088407,56
54.560290,-6.013767,78
54.557270,-6.019616,80
54.509247,-6.092988,65
54.516122,-6.072138,65
54.500268,-6.056190,70
54.505522,-6.050292,81
54.525938,-6.017734,67
54.535640,-6.005301,64
54.516816,-6.059889,77
54.505305,-6.156974,57
54.471858,-6.170315,52
54.530345,-6.037421,80
54.534878,-6.046164,67
54.480120,-6.109973,61
54.487172,-6.083756,48
54.471902,-6.219907,58
54.478132,-6.233966,65
54.506555,-6.066872,69
54.567641,-6.026108,68
54.567463,-6.018789,75
54.545023,-6.003863,72
54.510030,-6.057766,81
54.551094,-6.020871,73
54.550371,-6.025899,75
54.520233,-6.052489,79
54.521269,-6.045391,66
54.746594,-6.528557,44
54.822408,-6.499739,52
54.769049,-6.560053,60
54.780239,-6.535818,59
54.759996,-6.866569,52
54.759199,-6.613692,70
54.753656,-6.598737,81
54.843774,-6.594181,52
54.795165,-6.598698,48
54.736114,-6.676682,34
54.814798,-6.847045,24
54.841052,-6.751839,33
54.844046,-6.672183,70
54.866248,-6.696223,46
54.905007,-6.698388,22
54.791667,-6.719734,45
54.746039,-6.612863,71
54.749324,-6.603993,78
54.752556,-6.624229,74
54.892902,-6.597719,48
54.894110,-6.523500,49
55.208153,-6.251606,64
55.028381,-6.084374,48
55.195932,-6.267534,64
55.154197,-6.326293,31
55.188298,-6.507521,58
55.180106,-6.170359,46
55.197951,-6.444641,26
55.093172,-6.124264,39
55.211579,-6.328500,56
54.147554,-5.916062,50
54.111679,-5.901012,61
54.186186,-6.353161,72
54.202276,-6.394344,65
54.130477,-5.980536,40
54.131182,-6.206150,40
54.135067,-6.283596,48
54.162780,-6.432282,56
54.106133,-6.263287,73
54.111236,-6.258178,63
54.098488,-6.587462,33
54.065143,-6.626465,55
54.172786,-6.355068,72
54.177018,-6.348627,76
54.164697,-6.297180,58
54.187855,-6.301850,59
54.174610,-6.375375,64
54.190131,-6.377712,69
54.230624,-6.267989,23
54.231232,-6.330036,47
54.160277,-6.341981,67
54.166148,-6.349420,70
54.184155,-6.340180,76
54.193127,-6.349199,68
54.128974,-6.341059,55
54.107960,-6.410737,56
54.078996,-6.421344,41
54.064250,-5.992818,71
54.074991,-6.013541,64
54.049681,-6.016899,63
54.061245,-6.024755,65
54.096396,-6.068021,23
54.212255,-6.220414,49
54.183016,-6.205940,24
54.183208,-6.559668,26
54.099069,-6.152531,58
54.104091,-6.239851,67
54.103938,-6.247304,70
54.099965,-6.518732,37
54.132963,-6.482386,34
54.193227,-6.106260,50
54.164091,-6.327371,68
54.179594,-6.324460,70
54.173048,-6.327164,74
54.229123,-6.422703,41
54.184620,-6.325363,68
54.191632,-6.338014,69
54.661308,-5.906521,78
54.672217,-5.908628,81
54.751637,-6.017587,72
54.759582,-6.007164,71
54.750406,-6.000880,74
54.756690,-5.992675,69
54.687134,-5.938001,68
54.687690,-5.945450,75
54.678195,-5.972400,73
54.677933,-5.964241,84
54.734074,-5.928043,36
54.767921,-5.979016,57
54.719779,-5.998011,56
54.743150,-5.997361,63
54.680948,-5.959303,80
54.683114,-5.957194,76
54.687159,-5.958592,70
54.684486,-5.949309,75
54.678029,-5.931296,68
54.676935,-5.915577,80
54.657004,-5.967344,65
54.666543,-5.954982,74
54.669381,-5.916717,84
54.741914,-6.047949,60
54.776179,-6.045801,55
54.666209,-5.928000,77
54.669519,-5.944539,73
54.676394,-5.949337,70
54.672214,-5.953751,79
54.677572,-5.957880,77
54.691126,-5.932667,73
54.672358,-5.965430,82
54.692450,-5.917298,76
54.693748,-5.905255,65
54.689732,-5.896931,63
54.682266,-6.029525,57
54.684199,-5.990388,61
54.683067,-5.975296,64
54.685485,-5.914587,73
54.681510,-5.905820,72
54.692912,-5.947474,73
54.693722,-5.961164,70
54.678860,-5.896491,70
54.685553,-5.886135,72
54.654367,-5.920030,83
54.661092,-5.931624,75
54.661952,-5.913292,73
54.644852,-5.625326,62
54.642663,-5.635569,65
54.643646,-5.642349,69
54.664876,-5.648258,78
54.656434,-5.626630,69
54.654240,-5.617035,64
54.651039,-5.640503,69
54.648882,-5.636097,71
54.653887,-5.662637,76
54.645663,-5.656634,71
54.640795,-5.651508,69
54.655803,-5.642396,72
54.658489,-5.652640,79
54.658153,-5.682082,81
54.657247,-5.694274,66
54.658518,-5.634431,75
54.663212,-5.636237,73
54.636375,-5.707407,65
54.642145,-5.684036,65
54.647770,-5.690750,72
54.626142,-5.672879,61
54.635812,-5.649050,61
54.638142,-5.657765,67
54.641294,-5.762799,56
54.659951,-5.732115,58
54.640433,-5.801382,61
54.650285,-5.703669,67
54.666734,-5.605794,62
54.661733,-5.669668,80
54.665491,-5.661435,81
54.634930,-5.837224,77
54.628584,-5.815564,65
54.621690,-5.837011,64
54.629336,-5.845828,71
54.663791,-5.689772,71
54.650042,-5.680099,77
54.653443,-5.687418,73
54.656711,-5.711833,64
54.657409,-5.702369,76
54.649985,-5.673346,75
54.562063,-7.217408,43
54.603396,-7.277267,67
54.537253,-7.367217,20
54.589659,-7.310595,64
54.592572,-7.296151,72
54.507839,-7.495696,39
54.622669,-7.171442,36
54.592544,-7.542567,28
54.591500,-7.274176,67
54.627825,-7.389237,18
54.473909,-7.329320,53
54.685954,-7.279674,45
54.593124,-7.324091,67
54.603855,-7.326562,68
54.610647,-7.282407,63
54.612444,-7.263237,62
54.605406,-7.298488,79
54.611701,-7.305544,68
54.496678,-7.218800,21
54.711457,-7.097626,15
54.542657,-7.086596,15
54.609878,-7.320083,70
54.613653,-7.024728,29
54.455963,-7.476478,14
54.841687,-7.387469,54
54.818542,-7.463003,77
54.719966,-7.591404,65
54.669785,-7.579800,33
54.843459,-7.239540,21
54.820237,-7.454626,71
54.763336,-7.532308,53
54.683505,-7.755761,22
54.689717,-7.434330,51
54.835600,-7.457565,65
54.778709,-7.174438,6
54.781717,-7.479371,62
54.903859,-7.364110,31
54.811164,-7.476458,66
54.812219,-7.467020,68
54.769583,-7.430727,44
54.821024,-7.482059,60
54.824384,-7.473631,74
